ISO-10303-21;
HEADER;
FILE_DESCRIPTION((''),'2;1');
FILE_NAME('C-2-2823109-0','2024-04-08T07:54:16',('workeradm'),(
'TE Connectivity Ltd.'),'CREO PARAMETRIC BY PTC INC, 2021072',
'CREO PARAMETRIC BY PTC INC, 2021072','');
FILE_SCHEMA(('AUTOMOTIVE_DESIGN { 1 0 10303 214 1 1 1 1 }'));
ENDSEC;
DATA;
#3=DIRECTION('',(0.E0,1.E0,0.E0));
#4=VECTOR('',#3,2.5E-1);
#5=CARTESIAN_POINT('',(-2.E1,6.E-1,-1.5E-1));
#6=LINE('',#5,#4);
#7=DIRECTION('',(0.E0,0.E0,-1.E0));
#8=VECTOR('',#7,1.E0);
#9=CARTESIAN_POINT('',(-2.E1,6.E-1,-1.5E-1));
#10=LINE('',#9,#8);
#11=DIRECTION('',(0.E0,0.E0,-1.E0));
#12=VECTOR('',#11,2.E-1);
#13=CARTESIAN_POINT('',(-2.E1,6.E-1,-1.15E0));
#14=LINE('',#13,#12);
#15=DIRECTION('',(0.E0,-1.E0,0.E0));
#16=VECTOR('',#15,2.5E-1);
#17=CARTESIAN_POINT('',(-2.E1,8.5E-1,-1.35E0));
#18=LINE('',#17,#16);
#19=DIRECTION('',(0.E0,0.E0,-1.E0));
#20=VECTOR('',#19,1.2E0);
#21=CARTESIAN_POINT('',(-2.E1,8.5E-1,-1.5E-1));
#22=LINE('',#21,#20);
#23=DIRECTION('',(0.E0,-1.E0,0.E0));
#24=VECTOR('',#23,2.5E-1);
#25=CARTESIAN_POINT('',(-2.E1,-6.E-1,-1.35E0));
#26=LINE('',#25,#24);
#27=DIRECTION('',(0.E0,0.E0,1.E0));
#28=VECTOR('',#27,2.E-1);
#29=CARTESIAN_POINT('',(-2.E1,-6.E-1,-1.35E0));
#30=LINE('',#29,#28);
#31=DIRECTION('',(0.E0,0.E0,-1.E0));
#32=VECTOR('',#31,1.E0);
#33=CARTESIAN_POINT('',(-2.E1,-6.E-1,-1.5E-1));
#34=LINE('',#33,#32);
#35=DIRECTION('',(0.E0,1.E0,0.E0));
#36=VECTOR('',#35,2.5E-1);
#37=CARTESIAN_POINT('',(-2.E1,-8.5E-1,-1.5E-1));
#38=LINE('',#37,#36);
#39=DIRECTION('',(0.E0,0.E0,1.E0));
#40=VECTOR('',#39,1.2E0);
#41=CARTESIAN_POINT('',(-2.E1,-8.5E-1,-1.35E0));
#42=LINE('',#41,#40);
#43=DIRECTION('',(-5.773502691896E-1,-5.773502691896E-1,-5.773502691896E-1));
#44=VECTOR('',#43,2.598076211353E-1);
#45=CARTESIAN_POINT('',(-1.985E1,1.E0,0.E0));
#46=LINE('',#45,#44);
#47=DIRECTION('',(-6.396021490668E-1,4.264014327112E-1,-6.396021490668E-1));
#48=VECTOR('',#47,2.345207879912E-1);
#49=CARTESIAN_POINT('',(-1.985E1,5.E-1,0.E0));
#50=LINE('',#49,#48);
#51=DIRECTION('',(0.E0,0.E0,-1.E0));
#52=VECTOR('',#51,1.15E0);
#53=CARTESIAN_POINT('',(-1.985E1,5.E-1,0.E0));
#54=LINE('',#53,#52);
#55=DIRECTION('',(0.E0,0.E0,-1.E0));
#56=VECTOR('',#55,1.15E0);
#57=CARTESIAN_POINT('',(-1.985E1,-5.E-1,0.E0));
#58=LINE('',#57,#56);
#59=DIRECTION('',(0.E0,-1.E0,0.E0));
#60=VECTOR('',#59,2.E0);
#61=CARTESIAN_POINT('',(-1.63E1,1.E0,0.E0));
#62=LINE('',#61,#60);
#63=DIRECTION('',(0.E0,-1.E0,0.E0));
#64=VECTOR('',#63,2.E0);
#65=CARTESIAN_POINT('',(-1.77E1,1.E0,0.E0));
#66=LINE('',#65,#64);
#67=DIRECTION('',(1.E0,0.E0,0.E0));
#68=VECTOR('',#67,1.4E0);
#69=CARTESIAN_POINT('',(-1.77E1,1.E0,0.E0));
#70=LINE('',#69,#68);
#71=DIRECTION('',(0.E0,-1.E0,0.E0));
#72=VECTOR('',#71,2.E0);
#73=CARTESIAN_POINT('',(-1.43E1,1.E0,0.E0));
#74=LINE('',#73,#72);
#75=DIRECTION('',(0.E0,-1.E0,0.E0));
#76=VECTOR('',#75,2.E0);
#77=CARTESIAN_POINT('',(-1.57E1,1.E0,0.E0));
#78=LINE('',#77,#76);
#79=DIRECTION('',(1.E0,0.E0,0.E0));
#80=VECTOR('',#79,1.4E0);
#81=CARTESIAN_POINT('',(-1.57E1,1.E0,0.E0));
#82=LINE('',#81,#80);
#83=DIRECTION('',(0.E0,-1.E0,0.E0));
#84=VECTOR('',#83,2.E0);
#85=CARTESIAN_POINT('',(-1.23E1,1.E0,0.E0));
#86=LINE('',#85,#84);
#87=DIRECTION('',(0.E0,-1.E0,0.E0));
#88=VECTOR('',#87,2.E0);
#89=CARTESIAN_POINT('',(-1.37E1,1.E0,0.E0));
#90=LINE('',#89,#88);
#91=DIRECTION('',(1.E0,0.E0,0.E0));
#92=VECTOR('',#91,1.4E0);
#93=CARTESIAN_POINT('',(-1.37E1,1.E0,0.E0));
#94=LINE('',#93,#92);
#95=DIRECTION('',(0.E0,-1.E0,0.E0));
#96=VECTOR('',#95,2.E0);
#97=CARTESIAN_POINT('',(-1.03E1,1.E0,0.E0));
#98=LINE('',#97,#96);
#99=DIRECTION('',(0.E0,-1.E0,0.E0));
#100=VECTOR('',#99,2.E0);
#101=CARTESIAN_POINT('',(-1.17E1,1.E0,0.E0));
#102=LINE('',#101,#100);
#103=DIRECTION('',(1.E0,0.E0,0.E0));
#104=VECTOR('',#103,1.4E0);
#105=CARTESIAN_POINT('',(-1.17E1,1.E0,0.E0));
#106=LINE('',#105,#104);
#107=DIRECTION('',(0.E0,-1.E0,0.E0));
#108=VECTOR('',#107,2.E0);
#109=CARTESIAN_POINT('',(-8.3E0,1.E0,0.E0));
#110=LINE('',#109,#108);
#111=DIRECTION('',(0.E0,-1.E0,0.E0));
#112=VECTOR('',#111,2.E0);
#113=CARTESIAN_POINT('',(-9.7E0,1.E0,0.E0));
#114=LINE('',#113,#112);
#115=DIRECTION('',(1.E0,0.E0,0.E0));
#116=VECTOR('',#115,1.4E0);
#117=CARTESIAN_POINT('',(-9.7E0,1.E0,0.E0));
#118=LINE('',#117,#116);
#119=DIRECTION('',(0.E0,-1.E0,0.E0));
#120=VECTOR('',#119,2.E0);
#121=CARTESIAN_POINT('',(-6.3E0,1.E0,0.E0));
#122=LINE('',#121,#120);
#123=DIRECTION('',(0.E0,-1.E0,0.E0));
#124=VECTOR('',#123,2.E0);
#125=CARTESIAN_POINT('',(-7.7E0,1.E0,0.E0));
#126=LINE('',#125,#124);
#127=DIRECTION('',(1.E0,0.E0,0.E0));
#128=VECTOR('',#127,1.4E0);
#129=CARTESIAN_POINT('',(-7.7E0,1.E0,0.E0));
#130=LINE('',#129,#128);
#131=DIRECTION('',(0.E0,-1.E0,0.E0));
#132=VECTOR('',#131,2.E0);
#133=CARTESIAN_POINT('',(-4.3E0,1.E0,0.E0));
#134=LINE('',#133,#132);
#135=DIRECTION('',(0.E0,-1.E0,0.E0));
#136=VECTOR('',#135,2.E0);
#137=CARTESIAN_POINT('',(-5.7E0,1.E0,0.E0));
#138=LINE('',#137,#136);
#139=DIRECTION('',(1.E0,0.E0,0.E0));
#140=VECTOR('',#139,1.4E0);
#141=CARTESIAN_POINT('',(-5.7E0,1.E0,0.E0));
#142=LINE('',#141,#140);
#143=DIRECTION('',(0.E0,-1.E0,0.E0));
#144=VECTOR('',#143,2.E0);
#145=CARTESIAN_POINT('',(-2.3E0,1.E0,0.E0));
#146=LINE('',#145,#144);
#147=DIRECTION('',(0.E0,-1.E0,0.E0));
#148=VECTOR('',#147,2.E0);
#149=CARTESIAN_POINT('',(-3.7E0,1.E0,0.E0));
#150=LINE('',#149,#148);
#151=DIRECTION('',(1.E0,0.E0,0.E0));
#152=VECTOR('',#151,1.4E0);
#153=CARTESIAN_POINT('',(-3.7E0,1.E0,0.E0));
#154=LINE('',#153,#152);
#155=DIRECTION('',(0.E0,-1.E0,0.E0));
#156=VECTOR('',#155,2.E0);
#157=CARTESIAN_POINT('',(-3.E-1,1.E0,0.E0));
#158=LINE('',#157,#156);
#159=DIRECTION('',(0.E0,-1.E0,0.E0));
#160=VECTOR('',#159,2.E0);
#161=CARTESIAN_POINT('',(-1.7E0,1.E0,0.E0));
#162=LINE('',#161,#160);
#163=DIRECTION('',(1.E0,0.E0,0.E0));
#164=VECTOR('',#163,1.4E0);
#165=CARTESIAN_POINT('',(-1.7E0,1.E0,0.E0));
#166=LINE('',#165,#164);
#167=DIRECTION('',(0.E0,-1.E0,0.E0));
#168=VECTOR('',#167,2.E0);
#169=CARTESIAN_POINT('',(1.7E0,1.E0,0.E0));
#170=LINE('',#169,#168);
#171=DIRECTION('',(0.E0,-1.E0,0.E0));
#172=VECTOR('',#171,2.E0);
#173=CARTESIAN_POINT('',(3.E-1,1.E0,0.E0));
#174=LINE('',#173,#172);
#175=DIRECTION('',(1.E0,0.E0,0.E0));
#176=VECTOR('',#175,1.4E0);
#177=CARTESIAN_POINT('',(3.E-1,1.E0,0.E0));
#178=LINE('',#177,#176);
#179=DIRECTION('',(0.E0,-1.E0,0.E0));
#180=VECTOR('',#179,2.E0);
#181=CARTESIAN_POINT('',(3.7E0,1.E0,0.E0));
#182=LINE('',#181,#180);
#183=DIRECTION('',(0.E0,-1.E0,0.E0));
#184=VECTOR('',#183,2.E0);
#185=CARTESIAN_POINT('',(2.3E0,1.E0,0.E0));
#186=LINE('',#185,#184);
#187=DIRECTION('',(1.E0,0.E0,0.E0));
#188=VECTOR('',#187,1.4E0);
#189=CARTESIAN_POINT('',(2.3E0,1.E0,0.E0));
#190=LINE('',#189,#188);
#191=DIRECTION('',(0.E0,-1.E0,0.E0));
#192=VECTOR('',#191,2.E0);
#193=CARTESIAN_POINT('',(5.7E0,1.E0,0.E0));
#194=LINE('',#193,#192);
#195=DIRECTION('',(0.E0,-1.E0,0.E0));
#196=VECTOR('',#195,2.E0);
#197=CARTESIAN_POINT('',(4.3E0,1.E0,0.E0));
#198=LINE('',#197,#196);
#199=DIRECTION('',(1.E0,0.E0,0.E0));
#200=VECTOR('',#199,1.4E0);
#201=CARTESIAN_POINT('',(4.3E0,1.E0,0.E0));
#202=LINE('',#201,#200);
#203=DIRECTION('',(0.E0,-1.E0,0.E0));
#204=VECTOR('',#203,2.E0);
#205=CARTESIAN_POINT('',(7.7E0,1.E0,0.E0));
#206=LINE('',#205,#204);
#207=DIRECTION('',(0.E0,-1.E0,0.E0));
#208=VECTOR('',#207,2.E0);
#209=CARTESIAN_POINT('',(6.3E0,1.E0,0.E0));
#210=LINE('',#209,#208);
#211=DIRECTION('',(1.E0,0.E0,0.E0));
#212=VECTOR('',#211,1.4E0);
#213=CARTESIAN_POINT('',(6.3E0,1.E0,0.E0));
#214=LINE('',#213,#212);
#215=DIRECTION('',(0.E0,-1.E0,0.E0));
#216=VECTOR('',#215,2.E0);
#217=CARTESIAN_POINT('',(9.7E0,1.E0,0.E0));
#218=LINE('',#217,#216);
#219=DIRECTION('',(0.E0,-1.E0,0.E0));
#220=VECTOR('',#219,2.E0);
#221=CARTESIAN_POINT('',(8.3E0,1.E0,0.E0));
#222=LINE('',#221,#220);
#223=DIRECTION('',(1.E0,0.E0,0.E0));
#224=VECTOR('',#223,1.4E0);
#225=CARTESIAN_POINT('',(8.3E0,1.E0,0.E0));
#226=LINE('',#225,#224);
#227=DIRECTION('',(0.E0,-1.E0,0.E0));
#228=VECTOR('',#227,2.E0);
#229=CARTESIAN_POINT('',(1.17E1,1.E0,0.E0));
#230=LINE('',#229,#228);
#231=DIRECTION('',(0.E0,-1.E0,0.E0));
#232=VECTOR('',#231,2.E0);
#233=CARTESIAN_POINT('',(1.03E1,1.E0,0.E0));
#234=LINE('',#233,#232);
#235=DIRECTION('',(1.E0,0.E0,0.E0));
#236=VECTOR('',#235,1.4E0);
#237=CARTESIAN_POINT('',(1.03E1,1.E0,0.E0));
#238=LINE('',#237,#236);
#239=DIRECTION('',(0.E0,-1.E0,0.E0));
#240=VECTOR('',#239,2.E0);
#241=CARTESIAN_POINT('',(1.37E1,1.E0,0.E0));
#242=LINE('',#241,#240);
#243=DIRECTION('',(0.E0,-1.E0,0.E0));
#244=VECTOR('',#243,2.E0);
#245=CARTESIAN_POINT('',(1.23E1,1.E0,0.E0));
#246=LINE('',#245,#244);
#247=DIRECTION('',(1.E0,0.E0,0.E0));
#248=VECTOR('',#247,1.4E0);
#249=CARTESIAN_POINT('',(1.23E1,1.E0,0.E0));
#250=LINE('',#249,#248);
#251=DIRECTION('',(0.E0,-1.E0,0.E0));
#252=VECTOR('',#251,2.E0);
#253=CARTESIAN_POINT('',(1.57E1,1.E0,0.E0));
#254=LINE('',#253,#252);
#255=DIRECTION('',(0.E0,-1.E0,0.E0));
#256=VECTOR('',#255,2.E0);
#257=CARTESIAN_POINT('',(1.43E1,1.E0,0.E0));
#258=LINE('',#257,#256);
#259=DIRECTION('',(1.E0,0.E0,0.E0));
#260=VECTOR('',#259,1.4E0);
#261=CARTESIAN_POINT('',(1.43E1,1.E0,0.E0));
#262=LINE('',#261,#260);
#263=DIRECTION('',(0.E0,-1.E0,0.E0));
#264=VECTOR('',#263,2.E0);
#265=CARTESIAN_POINT('',(1.77E1,1.E0,0.E0));
#266=LINE('',#265,#264);
#267=DIRECTION('',(0.E0,-1.E0,0.E0));
#268=VECTOR('',#267,2.E0);
#269=CARTESIAN_POINT('',(1.63E1,1.E0,0.E0));
#270=LINE('',#269,#268);
#271=DIRECTION('',(1.E0,0.E0,0.E0));
#272=VECTOR('',#271,1.4E0);
#273=CARTESIAN_POINT('',(1.63E1,1.E0,0.E0));
#274=LINE('',#273,#272);
#275=DIRECTION('',(0.E0,-1.E0,0.E0));
#276=VECTOR('',#275,2.E0);
#277=CARTESIAN_POINT('',(1.97E1,1.E0,0.E0));
#278=LINE('',#277,#276);
#279=DIRECTION('',(0.E0,-1.E0,0.E0));
#280=VECTOR('',#279,2.E0);
#281=CARTESIAN_POINT('',(1.83E1,1.E0,0.E0));
#282=LINE('',#281,#280);
#283=DIRECTION('',(1.E0,0.E0,0.E0));
#284=VECTOR('',#283,1.4E0);
#285=CARTESIAN_POINT('',(1.83E1,1.E0,0.E0));
#286=LINE('',#285,#284);
#287=DIRECTION('',(0.E0,1.E0,0.E0));
#288=VECTOR('',#287,5.E-1);
#289=CARTESIAN_POINT('',(-1.985E1,5.E-1,0.E0));
#290=LINE('',#289,#288);
#291=DIRECTION('',(1.E0,0.E0,0.E0));
#292=VECTOR('',#291,1.55E0);
#293=CARTESIAN_POINT('',(-1.985E1,1.E0,0.E0));
#294=LINE('',#293,#292);
#295=DIRECTION('',(0.E0,-1.E0,0.E0));
#296=VECTOR('',#295,2.E0);
#297=CARTESIAN_POINT('',(-1.83E1,1.E0,0.E0));
#298=LINE('',#297,#296);
#299=DIRECTION('',(0.E0,1.E0,0.E0));
#300=VECTOR('',#299,5.E-1);
#301=CARTESIAN_POINT('',(-1.985E1,-1.E0,0.E0));
#302=LINE('',#301,#300);
#303=DIRECTION('',(0.E0,1.E0,0.E0));
#304=VECTOR('',#303,1.E0);
#305=CARTESIAN_POINT('',(-1.985E1,-5.E-1,0.E0));
#306=LINE('',#305,#304);
#307=DIRECTION('',(0.E0,1.E0,0.E0));
#308=VECTOR('',#307,5.E-1);
#309=CARTESIAN_POINT('',(-1.875E1,-2.5E-1,0.E0));
#310=LINE('',#309,#308);
#311=DIRECTION('',(-1.E0,0.E0,0.E0));
#312=VECTOR('',#311,5.E-1);
#313=CARTESIAN_POINT('',(-1.875E1,2.5E-1,0.E0));
#314=LINE('',#313,#312);
#315=DIRECTION('',(0.E0,1.E0,0.E0));
#316=VECTOR('',#315,5.E-1);
#317=CARTESIAN_POINT('',(-1.925E1,-2.5E-1,0.E0));
#318=LINE('',#317,#316);
#319=DIRECTION('',(-1.E0,0.E0,0.E0));
#320=VECTOR('',#319,5.E-1);
#321=CARTESIAN_POINT('',(-1.875E1,-2.5E-1,0.E0));
#322=LINE('',#321,#320);
#323=DIRECTION('',(0.E0,-1.E0,0.E0));
#324=VECTOR('',#323,5.E-1);
#325=CARTESIAN_POINT('',(-1.475E1,2.5E-1,0.E0));
#326=LINE('',#325,#324);
#327=DIRECTION('',(-1.E0,0.E0,0.E0));
#328=VECTOR('',#327,5.E-1);
#329=CARTESIAN_POINT('',(-1.475E1,2.5E-1,0.E0));
#330=LINE('',#329,#328);
#331=DIRECTION('',(0.E0,-1.E0,0.E0));
#332=VECTOR('',#331,5.E-1);
#333=CARTESIAN_POINT('',(-1.525E1,2.5E-1,0.E0));
#334=LINE('',#333,#332);
#335=DIRECTION('',(-1.E0,0.E0,0.E0));
#336=VECTOR('',#335,5.E-1);
#337=CARTESIAN_POINT('',(-1.475E1,-2.5E-1,0.E0));
#338=LINE('',#337,#336);
#339=DIRECTION('',(0.E0,-1.E0,0.E0));
#340=VECTOR('',#339,5.E-1);
#341=CARTESIAN_POINT('',(-1.075E1,2.5E-1,0.E0));
#342=LINE('',#341,#340);
#343=DIRECTION('',(-1.E0,0.E0,0.E0));
#344=VECTOR('',#343,5.E-1);
#345=CARTESIAN_POINT('',(-1.075E1,2.5E-1,0.E0));
#346=LINE('',#345,#344);
#347=DIRECTION('',(0.E0,-1.E0,0.E0));
#348=VECTOR('',#347,5.E-1);
#349=CARTESIAN_POINT('',(-1.125E1,2.5E-1,0.E0));
#350=LINE('',#349,#348);
#351=DIRECTION('',(-1.E0,0.E0,0.E0));
#352=VECTOR('',#351,5.E-1);
#353=CARTESIAN_POINT('',(-1.075E1,-2.5E-1,0.E0));
#354=LINE('',#353,#352);
#355=DIRECTION('',(0.E0,-1.E0,0.E0));
#356=VECTOR('',#355,5.E-1);
#357=CARTESIAN_POINT('',(-6.75E0,2.5E-1,0.E0));
#358=LINE('',#357,#356);
#359=DIRECTION('',(-1.E0,0.E0,0.E0));
#360=VECTOR('',#359,5.E-1);
#361=CARTESIAN_POINT('',(-6.75E0,2.5E-1,0.E0));
#362=LINE('',#361,#360);
#363=DIRECTION('',(0.E0,-1.E0,0.E0));
#364=VECTOR('',#363,5.E-1);
#365=CARTESIAN_POINT('',(-7.25E0,2.5E-1,0.E0));
#366=LINE('',#365,#364);
#367=DIRECTION('',(-1.E0,0.E0,0.E0));
#368=VECTOR('',#367,5.E-1);
#369=CARTESIAN_POINT('',(-6.75E0,-2.5E-1,0.E0));
#370=LINE('',#369,#368);
#371=DIRECTION('',(0.E0,-1.E0,0.E0));
#372=VECTOR('',#371,5.E-1);
#373=CARTESIAN_POINT('',(-2.75E0,2.5E-1,0.E0));
#374=LINE('',#373,#372);
#375=DIRECTION('',(-1.E0,0.E0,0.E0));
#376=VECTOR('',#375,5.E-1);
#377=CARTESIAN_POINT('',(-2.75E0,2.5E-1,0.E0));
#378=LINE('',#377,#376);
#379=DIRECTION('',(0.E0,-1.E0,0.E0));
#380=VECTOR('',#379,5.E-1);
#381=CARTESIAN_POINT('',(-3.25E0,2.5E-1,0.E0));
#382=LINE('',#381,#380);
#383=DIRECTION('',(-1.E0,0.E0,0.E0));
#384=VECTOR('',#383,5.E-1);
#385=CARTESIAN_POINT('',(-2.75E0,-2.5E-1,0.E0));
#386=LINE('',#385,#384);
#387=DIRECTION('',(0.E0,-1.E0,0.E0));
#388=VECTOR('',#387,5.E-1);
#389=CARTESIAN_POINT('',(1.25E0,2.5E-1,0.E0));
#390=LINE('',#389,#388);
#391=DIRECTION('',(-1.E0,0.E0,0.E0));
#392=VECTOR('',#391,5.E-1);
#393=CARTESIAN_POINT('',(1.25E0,2.5E-1,0.E0));
#394=LINE('',#393,#392);
#395=DIRECTION('',(0.E0,-1.E0,0.E0));
#396=VECTOR('',#395,5.E-1);
#397=CARTESIAN_POINT('',(7.5E-1,2.5E-1,0.E0));
#398=LINE('',#397,#396);
#399=DIRECTION('',(-1.E0,0.E0,0.E0));
#400=VECTOR('',#399,5.E-1);
#401=CARTESIAN_POINT('',(1.25E0,-2.5E-1,0.E0));
#402=LINE('',#401,#400);
#403=DIRECTION('',(0.E0,-1.E0,0.E0));
#404=VECTOR('',#403,5.E-1);
#405=CARTESIAN_POINT('',(5.25E0,2.5E-1,0.E0));
#406=LINE('',#405,#404);
#407=DIRECTION('',(-1.E0,0.E0,0.E0));
#408=VECTOR('',#407,5.E-1);
#409=CARTESIAN_POINT('',(5.25E0,2.5E-1,0.E0));
#410=LINE('',#409,#408);
#411=DIRECTION('',(0.E0,-1.E0,0.E0));
#412=VECTOR('',#411,5.E-1);
#413=CARTESIAN_POINT('',(4.75E0,2.5E-1,0.E0));
#414=LINE('',#413,#412);
#415=DIRECTION('',(-1.E0,0.E0,0.E0));
#416=VECTOR('',#415,5.E-1);
#417=CARTESIAN_POINT('',(5.25E0,-2.5E-1,0.E0));
#418=LINE('',#417,#416);
#419=DIRECTION('',(0.E0,-1.E0,0.E0));
#420=VECTOR('',#419,5.E-1);
#421=CARTESIAN_POINT('',(9.25E0,2.5E-1,0.E0));
#422=LINE('',#421,#420);
#423=DIRECTION('',(-1.E0,0.E0,0.E0));
#424=VECTOR('',#423,5.E-1);
#425=CARTESIAN_POINT('',(9.25E0,2.5E-1,0.E0));
#426=LINE('',#425,#424);
#427=DIRECTION('',(0.E0,-1.E0,0.E0));
#428=VECTOR('',#427,5.E-1);
#429=CARTESIAN_POINT('',(8.75E0,2.5E-1,0.E0));
#430=LINE('',#429,#428);
#431=DIRECTION('',(-1.E0,0.E0,0.E0));
#432=VECTOR('',#431,5.E-1);
#433=CARTESIAN_POINT('',(9.25E0,-2.5E-1,0.E0));
#434=LINE('',#433,#432);
#435=DIRECTION('',(0.E0,-1.E0,0.E0));
#436=VECTOR('',#435,5.E-1);
#437=CARTESIAN_POINT('',(1.325E1,2.5E-1,0.E0));
#438=LINE('',#437,#436);
#439=DIRECTION('',(-1.E0,0.E0,0.E0));
#440=VECTOR('',#439,5.E-1);
#441=CARTESIAN_POINT('',(1.325E1,2.5E-1,0.E0));
#442=LINE('',#441,#440);
#443=DIRECTION('',(0.E0,-1.E0,0.E0));
#444=VECTOR('',#443,5.E-1);
#445=CARTESIAN_POINT('',(1.275E1,2.5E-1,0.E0));
#446=LINE('',#445,#444);
#447=DIRECTION('',(-1.E0,0.E0,0.E0));
#448=VECTOR('',#447,5.E-1);
#449=CARTESIAN_POINT('',(1.325E1,-2.5E-1,0.E0));
#450=LINE('',#449,#448);
#451=DIRECTION('',(0.E0,-1.E0,0.E0));
#452=VECTOR('',#451,5.E-1);
#453=CARTESIAN_POINT('',(1.725E1,2.5E-1,0.E0));
#454=LINE('',#453,#452);
#455=DIRECTION('',(-1.E0,0.E0,0.E0));
#456=VECTOR('',#455,5.E-1);
#457=CARTESIAN_POINT('',(1.725E1,2.5E-1,0.E0));
#458=LINE('',#457,#456);
#459=DIRECTION('',(0.E0,-1.E0,0.E0));
#460=VECTOR('',#459,5.E-1);
#461=CARTESIAN_POINT('',(1.675E1,2.5E-1,0.E0));
#462=LINE('',#461,#460);
#463=DIRECTION('',(-1.E0,0.E0,0.E0));
#464=VECTOR('',#463,5.E-1);
#465=CARTESIAN_POINT('',(1.725E1,-2.5E-1,0.E0));
#466=LINE('',#465,#464);
#467=DIRECTION('',(0.E0,-1.E0,0.E0));
#468=VECTOR('',#467,5.E-1);
#469=CARTESIAN_POINT('',(-1.675E1,2.5E-1,0.E0));
#470=LINE('',#469,#468);
#471=DIRECTION('',(-1.E0,0.E0,0.E0));
#472=VECTOR('',#471,5.E-1);
#473=CARTESIAN_POINT('',(-1.675E1,2.5E-1,0.E0));
#474=LINE('',#473,#472);
#475=DIRECTION('',(0.E0,-1.E0,0.E0));
#476=VECTOR('',#475,5.E-1);
#477=CARTESIAN_POINT('',(-1.725E1,2.5E-1,0.E0));
#478=LINE('',#477,#476);
#479=DIRECTION('',(-1.E0,0.E0,0.E0));
#480=VECTOR('',#479,5.E-1);
#481=CARTESIAN_POINT('',(-1.675E1,-2.5E-1,0.E0));
#482=LINE('',#481,#480);
#483=DIRECTION('',(0.E0,1.E0,0.E0));
#484=VECTOR('',#483,5.E-1);
#485=CARTESIAN_POINT('',(-1.275E1,-2.5E-1,0.E0));
#486=LINE('',#485,#484);
#487=DIRECTION('',(-1.E0,0.E0,0.E0));
#488=VECTOR('',#487,5.E-1);
#489=CARTESIAN_POINT('',(-1.275E1,2.5E-1,0.E0));
#490=LINE('',#489,#488);
#491=DIRECTION('',(0.E0,1.E0,0.E0));
#492=VECTOR('',#491,5.E-1);
#493=CARTESIAN_POINT('',(-1.325E1,-2.5E-1,0.E0));
#494=LINE('',#493,#492);
#495=DIRECTION('',(-1.E0,0.E0,0.E0));
#496=VECTOR('',#495,5.E-1);
#497=CARTESIAN_POINT('',(-1.275E1,-2.5E-1,0.E0));
#498=LINE('',#497,#496);
#499=DIRECTION('',(0.E0,1.E0,0.E0));
#500=VECTOR('',#499,5.E-1);
#501=CARTESIAN_POINT('',(-8.75E0,-2.5E-1,0.E0));
#502=LINE('',#501,#500);
#503=DIRECTION('',(-1.E0,0.E0,0.E0));
#504=VECTOR('',#503,5.E-1);
#505=CARTESIAN_POINT('',(-8.75E0,2.5E-1,0.E0));
#506=LINE('',#505,#504);
#507=DIRECTION('',(0.E0,1.E0,0.E0));
#508=VECTOR('',#507,5.E-1);
#509=CARTESIAN_POINT('',(-9.25E0,-2.5E-1,0.E0));
#510=LINE('',#509,#508);
#511=DIRECTION('',(-1.E0,0.E0,0.E0));
#512=VECTOR('',#511,5.E-1);
#513=CARTESIAN_POINT('',(-8.75E0,-2.5E-1,0.E0));
#514=LINE('',#513,#512);
#515=DIRECTION('',(0.E0,1.E0,0.E0));
#516=VECTOR('',#515,5.E-1);
#517=CARTESIAN_POINT('',(-4.75E0,-2.5E-1,0.E0));
#518=LINE('',#517,#516);
#519=DIRECTION('',(-1.E0,0.E0,0.E0));
#520=VECTOR('',#519,5.E-1);
#521=CARTESIAN_POINT('',(-4.75E0,2.5E-1,0.E0));
#522=LINE('',#521,#520);
#523=DIRECTION('',(0.E0,1.E0,0.E0));
#524=VECTOR('',#523,5.E-1);
#525=CARTESIAN_POINT('',(-5.25E0,-2.5E-1,0.E0));
#526=LINE('',#525,#524);
#527=DIRECTION('',(-1.E0,0.E0,0.E0));
#528=VECTOR('',#527,5.E-1);
#529=CARTESIAN_POINT('',(-4.75E0,-2.5E-1,0.E0));
#530=LINE('',#529,#528);
#531=DIRECTION('',(0.E0,1.E0,0.E0));
#532=VECTOR('',#531,5.E-1);
#533=CARTESIAN_POINT('',(-7.5E-1,-2.5E-1,0.E0));
#534=LINE('',#533,#532);
#535=DIRECTION('',(-1.E0,0.E0,0.E0));
#536=VECTOR('',#535,5.E-1);
#537=CARTESIAN_POINT('',(-7.5E-1,2.5E-1,0.E0));
#538=LINE('',#537,#536);
#539=DIRECTION('',(0.E0,1.E0,0.E0));
#540=VECTOR('',#539,5.E-1);
#541=CARTESIAN_POINT('',(-1.25E0,-2.5E-1,0.E0));
#542=LINE('',#541,#540);
#543=DIRECTION('',(-1.E0,0.E0,0.E0));
#544=VECTOR('',#543,5.E-1);
#545=CARTESIAN_POINT('',(-7.5E-1,-2.5E-1,0.E0));
#546=LINE('',#545,#544);
#547=DIRECTION('',(0.E0,1.E0,0.E0));
#548=VECTOR('',#547,5.E-1);
#549=CARTESIAN_POINT('',(3.25E0,-2.5E-1,0.E0));
#550=LINE('',#549,#548);
#551=DIRECTION('',(-1.E0,0.E0,0.E0));
#552=VECTOR('',#551,5.E-1);
#553=CARTESIAN_POINT('',(3.25E0,2.5E-1,0.E0));
#554=LINE('',#553,#552);
#555=DIRECTION('',(0.E0,1.E0,0.E0));
#556=VECTOR('',#555,5.E-1);
#557=CARTESIAN_POINT('',(2.75E0,-2.5E-1,0.E0));
#558=LINE('',#557,#556);
#559=DIRECTION('',(-1.E0,0.E0,0.E0));
#560=VECTOR('',#559,5.E-1);
#561=CARTESIAN_POINT('',(3.25E0,-2.5E-1,0.E0));
#562=LINE('',#561,#560);
#563=DIRECTION('',(0.E0,1.E0,0.E0));
#564=VECTOR('',#563,5.E-1);
#565=CARTESIAN_POINT('',(7.25E0,-2.5E-1,0.E0));
#566=LINE('',#565,#564);
#567=DIRECTION('',(-1.E0,0.E0,0.E0));
#568=VECTOR('',#567,5.E-1);
#569=CARTESIAN_POINT('',(7.25E0,2.5E-1,0.E0));
#570=LINE('',#569,#568);
#571=DIRECTION('',(0.E0,1.E0,0.E0));
#572=VECTOR('',#571,5.E-1);
#573=CARTESIAN_POINT('',(6.75E0,-2.5E-1,0.E0));
#574=LINE('',#573,#572);
#575=DIRECTION('',(-1.E0,0.E0,0.E0));
#576=VECTOR('',#575,5.E-1);
#577=CARTESIAN_POINT('',(7.25E0,-2.5E-1,0.E0));
#578=LINE('',#577,#576);
#579=DIRECTION('',(0.E0,1.E0,0.E0));
#580=VECTOR('',#579,5.E-1);
#581=CARTESIAN_POINT('',(1.125E1,-2.5E-1,0.E0));
#582=LINE('',#581,#580);
#583=DIRECTION('',(-1.E0,0.E0,0.E0));
#584=VECTOR('',#583,5.E-1);
#585=CARTESIAN_POINT('',(1.125E1,2.5E-1,0.E0));
#586=LINE('',#585,#584);
#587=DIRECTION('',(0.E0,1.E0,0.E0));
#588=VECTOR('',#587,5.E-1);
#589=CARTESIAN_POINT('',(1.075E1,-2.5E-1,0.E0));
#590=LINE('',#589,#588);
#591=DIRECTION('',(-1.E0,0.E0,0.E0));
#592=VECTOR('',#591,5.E-1);
#593=CARTESIAN_POINT('',(1.125E1,-2.5E-1,0.E0));
#594=LINE('',#593,#592);
#595=DIRECTION('',(0.E0,1.E0,0.E0));
#596=VECTOR('',#595,5.E-1);
#597=CARTESIAN_POINT('',(1.525E1,-2.5E-1,0.E0));
#598=LINE('',#597,#596);
#599=DIRECTION('',(-1.E0,0.E0,0.E0));
#600=VECTOR('',#599,5.E-1);
#601=CARTESIAN_POINT('',(1.525E1,2.5E-1,0.E0));
#602=LINE('',#601,#600);
#603=DIRECTION('',(0.E0,1.E0,0.E0));
#604=VECTOR('',#603,5.E-1);
#605=CARTESIAN_POINT('',(1.475E1,-2.5E-1,0.E0));
#606=LINE('',#605,#604);
#607=DIRECTION('',(-1.E0,0.E0,0.E0));
#608=VECTOR('',#607,5.E-1);
#609=CARTESIAN_POINT('',(1.525E1,-2.5E-1,0.E0));
#610=LINE('',#609,#608);
#611=DIRECTION('',(0.E0,1.E0,0.E0));
#612=VECTOR('',#611,5.E-1);
#613=CARTESIAN_POINT('',(1.925E1,-2.5E-1,0.E0));
#614=LINE('',#613,#612);
#615=DIRECTION('',(-1.E0,0.E0,0.E0));
#616=VECTOR('',#615,5.E-1);
#617=CARTESIAN_POINT('',(1.925E1,2.5E-1,0.E0));
#618=LINE('',#617,#616);
#619=DIRECTION('',(0.E0,1.E0,0.E0));
#620=VECTOR('',#619,5.E-1);
#621=CARTESIAN_POINT('',(1.875E1,-2.5E-1,0.E0));
#622=LINE('',#621,#620);
#623=DIRECTION('',(-1.E0,0.E0,0.E0));
#624=VECTOR('',#623,5.E-1);
#625=CARTESIAN_POINT('',(1.925E1,-2.5E-1,0.E0));
#626=LINE('',#625,#624);
#627=DIRECTION('',(0.E0,-1.E0,0.E0));
#628=VECTOR('',#627,1.151449575543E0);
#629=CARTESIAN_POINT('',(-1.604543487266E1,5.757247877714E-1,
-4.242752122286E-1));
#630=LINE('',#629,#628);
#631=DIRECTION('',(0.E0,-1.E0,0.E0));
#632=VECTOR('',#631,1.151449575543E0);
#633=CARTESIAN_POINT('',(-1.595456512734E1,5.757247877714E-1,
-4.242752122286E-1));
#634=LINE('',#633,#632);
#635=DIRECTION('',(-3.905667329425E-1,-6.509445549041E-1,-6.509445549041E-1));
#636=VECTOR('',#635,6.517839484672E-1);
#637=CARTESIAN_POINT('',(-1.57E1,1.E0,0.E0));
#638=LINE('',#637,#636);
#639=DIRECTION('',(0.E0,1.E0,0.E0));
#640=VECTOR('',#639,4.E-1);
#641=CARTESIAN_POINT('',(1.97E1,6.E-1,-1.15E0));
#642=LINE('',#641,#640);
#643=DIRECTION('',(0.E0,-1.E0,0.E0));
#644=VECTOR('',#643,4.E-1);
#645=CARTESIAN_POINT('',(1.83E1,1.E0,-1.15E0));
#646=LINE('',#645,#644);
#647=DIRECTION('',(-5.144957554275E-1,-8.574929257125E-1,0.E0));
#648=VECTOR('',#647,4.947856705361E-1);
#649=CARTESIAN_POINT('',(1.83E1,1.E0,-1.15E0));
#650=LINE('',#649,#648);
#651=CARTESIAN_POINT('',(1.8E1,6.029857113691E-1,-1.15E0));
#652=DIRECTION('',(0.E0,0.E0,-1.E0));
#653=DIRECTION('',(8.574929257125E-1,-5.144957554275E-1,0.E0));
#654=AXIS2_PLACEMENT_3D('',#651,#652,#653);
#656=DIRECTION('',(-5.144957554275E-1,8.574929257125E-1,0.E0));
#657=VECTOR('',#656,4.947856705361E-1);
#658=CARTESIAN_POINT('',(1.795456512734E1,5.757247877714E-1,-1.15E0));
#659=LINE('',#658,#657);
#660=DIRECTION('',(0.E0,1.E0,0.E0));
#661=VECTOR('',#660,4.E-1);
#662=CARTESIAN_POINT('',(1.77E1,6.E-1,-1.15E0));
#663=LINE('',#662,#661);
#664=DIRECTION('',(0.E0,-1.E0,0.E0));
#665=VECTOR('',#664,4.E-1);
#666=CARTESIAN_POINT('',(1.63E1,1.E0,-1.15E0));
#667=LINE('',#666,#665);
#668=DIRECTION('',(-5.144957554275E-1,-8.574929257125E-1,0.E0));
#669=VECTOR('',#668,4.947856705361E-1);
#670=CARTESIAN_POINT('',(1.63E1,1.E0,-1.15E0));
#671=LINE('',#670,#669);
#672=CARTESIAN_POINT('',(1.6E1,6.029857113691E-1,-1.15E0));
#673=DIRECTION('',(0.E0,0.E0,-1.E0));
#674=DIRECTION('',(8.574929257125E-1,-5.144957554275E-1,0.E0));
#675=AXIS2_PLACEMENT_3D('',#672,#673,#674);
#677=DIRECTION('',(-5.144957554275E-1,8.574929257125E-1,0.E0));
#678=VECTOR('',#677,4.947856705361E-1);
#679=CARTESIAN_POINT('',(1.595456512734E1,5.757247877714E-1,-1.15E0));
#680=LINE('',#679,#678);
#681=DIRECTION('',(0.E0,1.E0,0.E0));
#682=VECTOR('',#681,4.E-1);
#683=CARTESIAN_POINT('',(1.57E1,6.E-1,-1.15E0));
#684=LINE('',#683,#682);
#685=DIRECTION('',(0.E0,-1.E0,0.E0));
#686=VECTOR('',#685,4.E-1);
#687=CARTESIAN_POINT('',(1.43E1,1.E0,-1.15E0));
#688=LINE('',#687,#686);
#689=DIRECTION('',(-5.144957554275E-1,-8.574929257125E-1,0.E0));
#690=VECTOR('',#689,4.947856705361E-1);
#691=CARTESIAN_POINT('',(1.43E1,1.E0,-1.15E0));
#692=LINE('',#691,#690);
#693=CARTESIAN_POINT('',(1.4E1,6.029857113691E-1,-1.15E0));
#694=DIRECTION('',(0.E0,0.E0,-1.E0));
#695=DIRECTION('',(8.574929257125E-1,-5.144957554275E-1,0.E0));
#696=AXIS2_PLACEMENT_3D('',#693,#694,#695);
#698=DIRECTION('',(-5.144957554275E-1,8.574929257125E-1,0.E0));
#699=VECTOR('',#698,4.947856705361E-1);
#700=CARTESIAN_POINT('',(1.395456512734E1,5.757247877714E-1,-1.15E0));
#701=LINE('',#700,#699);
#702=DIRECTION('',(0.E0,1.E0,0.E0));
#703=VECTOR('',#702,4.E-1);
#704=CARTESIAN_POINT('',(1.37E1,6.E-1,-1.15E0));
#705=LINE('',#704,#703);
#706=DIRECTION('',(0.E0,-1.E0,0.E0));
#707=VECTOR('',#706,4.E-1);
#708=CARTESIAN_POINT('',(1.23E1,1.E0,-1.15E0));
#709=LINE('',#708,#707);
#710=DIRECTION('',(-5.144957554275E-1,-8.574929257125E-1,0.E0));
#711=VECTOR('',#710,4.947856705361E-1);
#712=CARTESIAN_POINT('',(1.23E1,1.E0,-1.15E0));
#713=LINE('',#712,#711);
#714=CARTESIAN_POINT('',(1.2E1,6.029857113691E-1,-1.15E0));
#715=DIRECTION('',(0.E0,0.E0,-1.E0));
#716=DIRECTION('',(8.574929257125E-1,-5.144957554275E-1,0.E0));
#717=AXIS2_PLACEMENT_3D('',#714,#715,#716);
#719=DIRECTION('',(-5.144957554275E-1,8.574929257125E-1,0.E0));
#720=VECTOR('',#719,4.947856705361E-1);
#721=CARTESIAN_POINT('',(1.195456512734E1,5.757247877714E-1,-1.15E0));
#722=LINE('',#721,#720);
#723=DIRECTION('',(0.E0,1.E0,0.E0));
#724=VECTOR('',#723,4.E-1);
#725=CARTESIAN_POINT('',(1.17E1,6.E-1,-1.15E0));
#726=LINE('',#725,#724);
#727=DIRECTION('',(0.E0,-1.E0,0.E0));
#728=VECTOR('',#727,4.E-1);
#729=CARTESIAN_POINT('',(1.03E1,1.E0,-1.15E0));
#730=LINE('',#729,#728);
#731=DIRECTION('',(-5.144957554275E-1,-8.574929257125E-1,0.E0));
#732=VECTOR('',#731,4.947856705361E-1);
#733=CARTESIAN_POINT('',(1.03E1,1.E0,-1.15E0));
#734=LINE('',#733,#732);
#735=CARTESIAN_POINT('',(1.E1,6.029857113691E-1,-1.15E0));
#736=DIRECTION('',(0.E0,0.E0,-1.E0));
#737=DIRECTION('',(8.574929257128E-1,-5.144957554272E-1,0.E0));
#738=AXIS2_PLACEMENT_3D('',#735,#736,#737);
#740=DIRECTION('',(-5.144957554275E-1,8.574929257125E-1,0.E0));
#741=VECTOR('',#740,4.947856705361E-1);
#742=CARTESIAN_POINT('',(9.954565127337E0,5.757247877714E-1,-1.15E0));
#743=LINE('',#742,#741);
#744=DIRECTION('',(0.E0,1.E0,0.E0));
#745=VECTOR('',#744,4.E-1);
#746=CARTESIAN_POINT('',(9.7E0,6.E-1,-1.15E0));
#747=LINE('',#746,#745);
#748=DIRECTION('',(0.E0,-1.E0,0.E0));
#749=VECTOR('',#748,4.E-1);
#750=CARTESIAN_POINT('',(8.3E0,1.E0,-1.15E0));
#751=LINE('',#750,#749);
#752=DIRECTION('',(-5.144957554275E-1,-8.574929257125E-1,0.E0));
#753=VECTOR('',#752,4.947856705361E-1);
#754=CARTESIAN_POINT('',(8.3E0,1.E0,-1.15E0));
#755=LINE('',#754,#753);
#756=CARTESIAN_POINT('',(8.E0,6.029857113691E-1,-1.15E0));
#757=DIRECTION('',(0.E0,0.E0,-1.E0));
#758=DIRECTION('',(8.574929257128E-1,-5.144957554272E-1,0.E0));
#759=AXIS2_PLACEMENT_3D('',#756,#757,#758);
#761=DIRECTION('',(-5.144957554275E-1,8.574929257125E-1,0.E0));
#762=VECTOR('',#761,4.947856705361E-1);
#763=CARTESIAN_POINT('',(7.954565127337E0,5.757247877714E-1,-1.15E0));
#764=LINE('',#763,#762);
#765=DIRECTION('',(0.E0,1.E0,0.E0));
#766=VECTOR('',#765,4.E-1);
#767=CARTESIAN_POINT('',(7.7E0,6.E-1,-1.15E0));
#768=LINE('',#767,#766);
#769=DIRECTION('',(0.E0,-1.E0,0.E0));
#770=VECTOR('',#769,4.E-1);
#771=CARTESIAN_POINT('',(6.3E0,1.E0,-1.15E0));
#772=LINE('',#771,#770);
#773=DIRECTION('',(-5.144957554275E-1,-8.574929257125E-1,0.E0));
#774=VECTOR('',#773,4.947856705361E-1);
#775=CARTESIAN_POINT('',(6.3E0,1.E0,-1.15E0));
#776=LINE('',#775,#774);
#777=CARTESIAN_POINT('',(6.E0,6.029857113691E-1,-1.15E0));
#778=DIRECTION('',(0.E0,0.E0,-1.E0));
#779=DIRECTION('',(8.574929257128E-1,-5.144957554272E-1,0.E0));
#780=AXIS2_PLACEMENT_3D('',#777,#778,#779);
#782=DIRECTION('',(-5.144957554275E-1,8.574929257125E-1,0.E0));
#783=VECTOR('',#782,4.947856705361E-1);
#784=CARTESIAN_POINT('',(5.954565127337E0,5.757247877714E-1,-1.15E0));
#785=LINE('',#784,#783);
#786=DIRECTION('',(0.E0,1.E0,0.E0));
#787=VECTOR('',#786,4.E-1);
#788=CARTESIAN_POINT('',(5.7E0,6.E-1,-1.15E0));
#789=LINE('',#788,#787);
#790=DIRECTION('',(0.E0,-1.E0,0.E0));
#791=VECTOR('',#790,4.E-1);
#792=CARTESIAN_POINT('',(4.3E0,1.E0,-1.15E0));
#793=LINE('',#792,#791);
#794=DIRECTION('',(-5.144957554275E-1,-8.574929257125E-1,0.E0));
#795=VECTOR('',#794,4.947856705361E-1);
#796=CARTESIAN_POINT('',(4.3E0,1.E0,-1.15E0));
#797=LINE('',#796,#795);
#798=CARTESIAN_POINT('',(4.E0,6.029857113691E-1,-1.15E0));
#799=DIRECTION('',(0.E0,0.E0,-1.E0));
#800=DIRECTION('',(8.574929257128E-1,-5.144957554272E-1,0.E0));
#801=AXIS2_PLACEMENT_3D('',#798,#799,#800);
#803=DIRECTION('',(-5.144957554275E-1,8.574929257125E-1,0.E0));
#804=VECTOR('',#803,4.947856705361E-1);
#805=CARTESIAN_POINT('',(3.954565127337E0,5.757247877714E-1,-1.15E0));
#806=LINE('',#805,#804);
#807=DIRECTION('',(0.E0,1.E0,0.E0));
#808=VECTOR('',#807,4.E-1);
#809=CARTESIAN_POINT('',(3.7E0,6.E-1,-1.15E0));
#810=LINE('',#809,#808);
#811=DIRECTION('',(0.E0,-1.E0,0.E0));
#812=VECTOR('',#811,4.E-1);
#813=CARTESIAN_POINT('',(2.3E0,1.E0,-1.15E0));
#814=LINE('',#813,#812);
#815=DIRECTION('',(-5.144957554275E-1,-8.574929257125E-1,0.E0));
#816=VECTOR('',#815,4.947856705361E-1);
#817=CARTESIAN_POINT('',(2.3E0,1.E0,-1.15E0));
#818=LINE('',#817,#816);
#819=CARTESIAN_POINT('',(2.E0,6.029857113691E-1,-1.15E0));
#820=DIRECTION('',(0.E0,0.E0,-1.E0));
#821=DIRECTION('',(8.574929257128E-1,-5.144957554272E-1,0.E0));
#822=AXIS2_PLACEMENT_3D('',#819,#820,#821);
#824=DIRECTION('',(-5.144957554275E-1,8.574929257125E-1,0.E0));
#825=VECTOR('',#824,4.947856705361E-1);
#826=CARTESIAN_POINT('',(1.954565127337E0,5.757247877714E-1,-1.15E0));
#827=LINE('',#826,#825);
#828=DIRECTION('',(0.E0,1.E0,0.E0));
#829=VECTOR('',#828,4.E-1);
#830=CARTESIAN_POINT('',(1.7E0,6.E-1,-1.15E0));
#831=LINE('',#830,#829);
#832=DIRECTION('',(0.E0,-1.E0,0.E0));
#833=VECTOR('',#832,4.E-1);
#834=CARTESIAN_POINT('',(3.E-1,1.E0,-1.15E0));
#835=LINE('',#834,#833);
#836=DIRECTION('',(-5.144957554275E-1,-8.574929257125E-1,0.E0));
#837=VECTOR('',#836,4.947856705361E-1);
#838=CARTESIAN_POINT('',(3.E-1,1.E0,-1.15E0));
#839=LINE('',#838,#837);
#840=CARTESIAN_POINT('',(0.E0,6.029857113691E-1,-1.15E0));
#841=DIRECTION('',(0.E0,0.E0,-1.E0));
#842=DIRECTION('',(8.574929257126E-1,-5.144957554275E-1,0.E0));
#843=AXIS2_PLACEMENT_3D('',#840,#841,#842);
#845=DIRECTION('',(-5.144957554275E-1,8.574929257125E-1,0.E0));
#846=VECTOR('',#845,4.947856705361E-1);
#847=CARTESIAN_POINT('',(-4.543487266282E-2,5.757247877714E-1,-1.15E0));
#848=LINE('',#847,#846);
#849=DIRECTION('',(0.E0,1.E0,0.E0));
#850=VECTOR('',#849,4.E-1);
#851=CARTESIAN_POINT('',(-3.E-1,6.E-1,-1.15E0));
#852=LINE('',#851,#850);
#853=DIRECTION('',(0.E0,-1.E0,0.E0));
#854=VECTOR('',#853,4.E-1);
#855=CARTESIAN_POINT('',(-1.7E0,1.E0,-1.15E0));
#856=LINE('',#855,#854);
#857=DIRECTION('',(-5.144957554275E-1,-8.574929257125E-1,0.E0));
#858=VECTOR('',#857,4.947856705361E-1);
#859=CARTESIAN_POINT('',(-1.7E0,1.E0,-1.15E0));
#860=LINE('',#859,#858);
#861=CARTESIAN_POINT('',(-2.E0,6.029857113691E-1,-1.15E0));
#862=DIRECTION('',(0.E0,0.E0,-1.E0));
#863=DIRECTION('',(8.574929257128E-1,-5.144957554272E-1,0.E0));
#864=AXIS2_PLACEMENT_3D('',#861,#862,#863);
#866=DIRECTION('',(-5.144957554275E-1,8.574929257125E-1,0.E0));
#867=VECTOR('',#866,4.947856705361E-1);
#868=CARTESIAN_POINT('',(-2.045434872663E0,5.757247877714E-1,-1.15E0));
#869=LINE('',#868,#867);
#870=DIRECTION('',(0.E0,1.E0,0.E0));
#871=VECTOR('',#870,4.E-1);
#872=CARTESIAN_POINT('',(-2.3E0,6.E-1,-1.15E0));
#873=LINE('',#872,#871);
#874=DIRECTION('',(0.E0,-1.E0,0.E0));
#875=VECTOR('',#874,4.E-1);
#876=CARTESIAN_POINT('',(-3.7E0,1.E0,-1.15E0));
#877=LINE('',#876,#875);
#878=DIRECTION('',(-5.144957554275E-1,-8.574929257125E-1,0.E0));
#879=VECTOR('',#878,4.947856705361E-1);
#880=CARTESIAN_POINT('',(-3.7E0,1.E0,-1.15E0));
#881=LINE('',#880,#879);
#882=CARTESIAN_POINT('',(-4.E0,6.029857113691E-1,-1.15E0));
#883=DIRECTION('',(0.E0,0.E0,-1.E0));
#884=DIRECTION('',(8.574929257128E-1,-5.144957554272E-1,0.E0));
#885=AXIS2_PLACEMENT_3D('',#882,#883,#884);
#887=DIRECTION('',(-5.144957554275E-1,8.574929257125E-1,0.E0));
#888=VECTOR('',#887,4.947856705361E-1);
#889=CARTESIAN_POINT('',(-4.045434872663E0,5.757247877714E-1,-1.15E0));
#890=LINE('',#889,#888);
#891=DIRECTION('',(0.E0,1.E0,0.E0));
#892=VECTOR('',#891,4.E-1);
#893=CARTESIAN_POINT('',(-4.3E0,6.E-1,-1.15E0));
#894=LINE('',#893,#892);
#895=DIRECTION('',(0.E0,-1.E0,0.E0));
#896=VECTOR('',#895,4.E-1);
#897=CARTESIAN_POINT('',(-5.7E0,1.E0,-1.15E0));
#898=LINE('',#897,#896);
#899=DIRECTION('',(-5.144957554275E-1,-8.574929257125E-1,0.E0));
#900=VECTOR('',#899,4.947856705361E-1);
#901=CARTESIAN_POINT('',(-5.7E0,1.E0,-1.15E0));
#902=LINE('',#901,#900);
#903=CARTESIAN_POINT('',(-6.E0,6.029857113691E-1,-1.15E0));
#904=DIRECTION('',(0.E0,0.E0,-1.E0));
#905=DIRECTION('',(8.574929257127E-1,-5.144957554273E-1,0.E0));
#906=AXIS2_PLACEMENT_3D('',#903,#904,#905);
#908=DIRECTION('',(-5.144957554275E-1,8.574929257125E-1,0.E0));
#909=VECTOR('',#908,4.947856705361E-1);
#910=CARTESIAN_POINT('',(-6.045434872663E0,5.757247877714E-1,-1.15E0));
#911=LINE('',#910,#909);
#912=DIRECTION('',(0.E0,1.E0,0.E0));
#913=VECTOR('',#912,4.E-1);
#914=CARTESIAN_POINT('',(-6.3E0,6.E-1,-1.15E0));
#915=LINE('',#914,#913);
#916=DIRECTION('',(0.E0,-1.E0,0.E0));
#917=VECTOR('',#916,4.E-1);
#918=CARTESIAN_POINT('',(-7.7E0,1.E0,-1.15E0));
#919=LINE('',#918,#917);
#920=DIRECTION('',(-5.144957554275E-1,-8.574929257125E-1,0.E0));
#921=VECTOR('',#920,4.947856705361E-1);
#922=CARTESIAN_POINT('',(-7.7E0,1.E0,-1.15E0));
#923=LINE('',#922,#921);
#924=CARTESIAN_POINT('',(-8.E0,6.029857113691E-1,-1.15E0));
#925=DIRECTION('',(0.E0,0.E0,-1.E0));
#926=DIRECTION('',(8.574929257127E-1,-5.144957554273E-1,0.E0));
#927=AXIS2_PLACEMENT_3D('',#924,#925,#926);
#929=DIRECTION('',(-5.144957554275E-1,8.574929257125E-1,0.E0));
#930=VECTOR('',#929,4.947856705361E-1);
#931=CARTESIAN_POINT('',(-8.045434872663E0,5.757247877714E-1,-1.15E0));
#932=LINE('',#931,#930);
#933=DIRECTION('',(0.E0,1.E0,0.E0));
#934=VECTOR('',#933,4.E-1);
#935=CARTESIAN_POINT('',(-8.3E0,6.E-1,-1.15E0));
#936=LINE('',#935,#934);
#937=DIRECTION('',(0.E0,-1.E0,0.E0));
#938=VECTOR('',#937,4.E-1);
#939=CARTESIAN_POINT('',(-9.7E0,1.E0,-1.15E0));
#940=LINE('',#939,#938);
#941=DIRECTION('',(-5.144957554275E-1,-8.574929257125E-1,0.E0));
#942=VECTOR('',#941,4.947856705361E-1);
#943=CARTESIAN_POINT('',(-9.7E0,1.E0,-1.15E0));
#944=LINE('',#943,#942);
#945=CARTESIAN_POINT('',(-1.E1,6.029857113691E-1,-1.15E0));
#946=DIRECTION('',(0.E0,0.E0,-1.E0));
#947=DIRECTION('',(8.574929257127E-1,-5.144957554273E-1,0.E0));
#948=AXIS2_PLACEMENT_3D('',#945,#946,#947);
#950=DIRECTION('',(-5.144957554275E-1,8.574929257125E-1,0.E0));
#951=VECTOR('',#950,4.947856705361E-1);
#952=CARTESIAN_POINT('',(-1.004543487266E1,5.757247877714E-1,-1.15E0));
#953=LINE('',#952,#951);
#954=DIRECTION('',(0.E0,1.E0,0.E0));
#955=VECTOR('',#954,4.E-1);
#956=CARTESIAN_POINT('',(-1.03E1,6.E-1,-1.15E0));
#957=LINE('',#956,#955);
#958=DIRECTION('',(0.E0,-1.E0,0.E0));
#959=VECTOR('',#958,4.E-1);
#960=CARTESIAN_POINT('',(-1.17E1,1.E0,-1.15E0));
#961=LINE('',#960,#959);
#962=DIRECTION('',(-5.144957554275E-1,-8.574929257125E-1,0.E0));
#963=VECTOR('',#962,4.947856705361E-1);
#964=CARTESIAN_POINT('',(-1.17E1,1.E0,-1.15E0));
#965=LINE('',#964,#963);
#966=CARTESIAN_POINT('',(-1.2E1,6.029857113691E-1,-1.15E0));
#967=DIRECTION('',(0.E0,0.E0,-1.E0));
#968=DIRECTION('',(8.574929257127E-1,-5.144957554273E-1,0.E0));
#969=AXIS2_PLACEMENT_3D('',#966,#967,#968);
#971=DIRECTION('',(-5.144957554275E-1,8.574929257125E-1,0.E0));
#972=VECTOR('',#971,4.947856705361E-1);
#973=CARTESIAN_POINT('',(-1.204543487266E1,5.757247877714E-1,-1.15E0));
#974=LINE('',#973,#972);
#975=DIRECTION('',(0.E0,1.E0,0.E0));
#976=VECTOR('',#975,4.E-1);
#977=CARTESIAN_POINT('',(-1.23E1,6.E-1,-1.15E0));
#978=LINE('',#977,#976);
#979=DIRECTION('',(0.E0,-1.E0,0.E0));
#980=VECTOR('',#979,4.E-1);
#981=CARTESIAN_POINT('',(-1.37E1,1.E0,-1.15E0));
#982=LINE('',#981,#980);
#983=DIRECTION('',(-5.144957554275E-1,-8.574929257125E-1,0.E0));
#984=VECTOR('',#983,4.947856705361E-1);
#985=CARTESIAN_POINT('',(-1.37E1,1.E0,-1.15E0));
#986=LINE('',#985,#984);
#987=CARTESIAN_POINT('',(-1.4E1,6.029857113691E-1,-1.15E0));
#988=DIRECTION('',(0.E0,0.E0,-1.E0));
#989=DIRECTION('',(8.574929257126E-1,-5.144957554274E-1,0.E0));
#990=AXIS2_PLACEMENT_3D('',#987,#988,#989);
#992=DIRECTION('',(-5.144957554275E-1,8.574929257125E-1,0.E0));
#993=VECTOR('',#992,4.947856705361E-1);
#994=CARTESIAN_POINT('',(-1.404543487266E1,5.757247877714E-1,-1.15E0));
#995=LINE('',#994,#993);
#996=DIRECTION('',(0.E0,1.E0,0.E0));
#997=VECTOR('',#996,4.E-1);
#998=CARTESIAN_POINT('',(-1.43E1,6.E-1,-1.15E0));
#999=LINE('',#998,#997);
#1000=DIRECTION('',(0.E0,-1.E0,0.E0));
#1001=VECTOR('',#1000,4.E-1);
#1002=CARTESIAN_POINT('',(-1.57E1,1.E0,-1.15E0));
#1003=LINE('',#1002,#1001);
#1004=DIRECTION('',(-5.144957554275E-1,-8.574929257125E-1,0.E0));
#1005=VECTOR('',#1004,4.947856705361E-1);
#1006=CARTESIAN_POINT('',(-1.57E1,1.E0,-1.15E0));
#1007=LINE('',#1006,#1005);
#1008=CARTESIAN_POINT('',(-1.6E1,6.029857113691E-1,-1.15E0));
#1009=DIRECTION('',(0.E0,0.E0,-1.E0));
#1010=DIRECTION('',(8.574929257126E-1,-5.144957554274E-1,0.E0));
#1011=AXIS2_PLACEMENT_3D('',#1008,#1009,#1010);
#1013=DIRECTION('',(-5.144957554275E-1,8.574929257125E-1,0.E0));
#1014=VECTOR('',#1013,4.947856705361E-1);
#1015=CARTESIAN_POINT('',(-1.604543487266E1,5.757247877714E-1,-1.15E0));
#1016=LINE('',#1015,#1014);
#1017=DIRECTION('',(0.E0,1.E0,0.E0));
#1018=VECTOR('',#1017,4.E-1);
#1019=CARTESIAN_POINT('',(-1.63E1,6.E-1,-1.15E0));
#1020=LINE('',#1019,#1018);
#1021=DIRECTION('',(0.E0,-1.E0,0.E0));
#1022=VECTOR('',#1021,4.E-1);
#1023=CARTESIAN_POINT('',(-1.77E1,1.E0,-1.15E0));
#1024=LINE('',#1023,#1022);
#1025=DIRECTION('',(-5.144957554275E-1,-8.574929257125E-1,0.E0));
#1026=VECTOR('',#1025,4.947856705361E-1);
#1027=CARTESIAN_POINT('',(-1.77E1,1.E0,-1.15E0));
#1028=LINE('',#1027,#1026);
#1029=CARTESIAN_POINT('',(-1.8E1,6.029857113691E-1,-1.15E0));
#1030=DIRECTION('',(0.E0,0.E0,-1.E0));
#1031=DIRECTION('',(8.574929257126E-1,-5.144957554275E-1,0.E0));
#1032=AXIS2_PLACEMENT_3D('',#1029,#1030,#1031);
#1034=DIRECTION('',(-5.144957554275E-1,8.574929257125E-1,0.E0));
#1035=VECTOR('',#1034,4.947856705361E-1);
#1036=CARTESIAN_POINT('',(-1.804543487266E1,5.757247877714E-1,-1.15E0));
#1037=LINE('',#1036,#1035);
#1038=DIRECTION('',(0.E0,1.E0,0.E0));
#1039=VECTOR('',#1038,4.E-1);
#1040=CARTESIAN_POINT('',(-1.83E1,6.E-1,-1.15E0));
#1041=LINE('',#1040,#1039);
#1042=DIRECTION('',(-8.320502943378E-1,5.547001962252E-1,0.E0));
#1043=VECTOR('',#1042,1.802775637732E-1);
#1044=CARTESIAN_POINT('',(-1.985E1,5.E-1,-1.15E0));
#1045=LINE('',#1044,#1043);
#1046=DIRECTION('',(0.E0,1.E0,0.E0));
#1047=VECTOR('',#1046,1.E0);
#1048=CARTESIAN_POINT('',(-1.985E1,-5.E-1,-1.15E0));
#1049=LINE('',#1048,#1047);
#1050=DIRECTION('',(8.320502943379E-1,5.547001962252E-1,0.E0));
#1051=VECTOR('',#1050,1.802775637732E-1);
#1052=CARTESIAN_POINT('',(-2.E1,-6.E-1,-1.15E0));
#1053=LINE('',#1052,#1051);
#1054=DIRECTION('',(1.E0,0.E0,0.E0));
#1055=VECTOR('',#1054,1.7E0);
#1056=CARTESIAN_POINT('',(-2.E1,-6.E-1,-1.15E0));
#1057=LINE('',#1056,#1055);
#1058=DIRECTION('',(0.E0,1.E0,0.E0));
#1059=VECTOR('',#1058,4.E-1);
#1060=CARTESIAN_POINT('',(-1.83E1,-1.E0,-1.15E0));
#1061=LINE('',#1060,#1059);
#1062=DIRECTION('',(5.144957554275E-1,8.574929257125E-1,0.E0));
#1063=VECTOR('',#1062,4.947856705361E-1);
#1064=CARTESIAN_POINT('',(-1.83E1,-1.E0,-1.15E0));
#1065=LINE('',#1064,#1063);
#1066=CARTESIAN_POINT('',(-1.8E1,-6.029857113691E-1,-1.15E0));
#1067=DIRECTION('',(0.E0,0.E0,1.E0));
#1068=DIRECTION('',(8.574929257123E-1,5.144957554279E-1,0.E0));
#1069=AXIS2_PLACEMENT_3D('',#1066,#1067,#1068);
#1071=DIRECTION('',(5.144957554275E-1,-8.574929257125E-1,0.E0));
#1072=VECTOR('',#1071,4.947856705361E-1);
#1073=CARTESIAN_POINT('',(-1.795456512734E1,-5.757247877714E-1,-1.15E0));
#1074=LINE('',#1073,#1072);
#1075=DIRECTION('',(0.E0,-1.E0,0.E0));
#1076=VECTOR('',#1075,4.E-1);
#1077=CARTESIAN_POINT('',(-1.77E1,-6.E-1,-1.15E0));
#1078=LINE('',#1077,#1076);
#1079=DIRECTION('',(1.E0,0.E0,0.E0));
#1080=VECTOR('',#1079,1.4E0);
#1081=CARTESIAN_POINT('',(-1.77E1,-6.E-1,-1.15E0));
#1082=LINE('',#1081,#1080);
#1083=DIRECTION('',(0.E0,1.E0,0.E0));
#1084=VECTOR('',#1083,4.E-1);
#1085=CARTESIAN_POINT('',(-1.63E1,-1.E0,-1.15E0));
#1086=LINE('',#1085,#1084);
#1087=DIRECTION('',(5.144957554275E-1,8.574929257125E-1,0.E0));
#1088=VECTOR('',#1087,4.947856705361E-1);
#1089=CARTESIAN_POINT('',(-1.63E1,-1.E0,-1.15E0));
#1090=LINE('',#1089,#1088);
#1091=CARTESIAN_POINT('',(-1.6E1,-6.029857113691E-1,-1.15E0));
#1092=DIRECTION('',(0.E0,0.E0,-1.E0));
#1093=DIRECTION('',(-8.574929257125E-1,5.144957554276E-1,0.E0));
#1094=AXIS2_PLACEMENT_3D('',#1091,#1092,#1093);
#1096=DIRECTION('',(5.144957554275E-1,-8.574929257125E-1,0.E0));
#1097=VECTOR('',#1096,4.947856705361E-1);
#1098=CARTESIAN_POINT('',(-1.595456512734E1,-5.757247877714E-1,-1.15E0));
#1099=LINE('',#1098,#1097);
#1100=DIRECTION('',(0.E0,-1.E0,0.E0));
#1101=VECTOR('',#1100,4.E-1);
#1102=CARTESIAN_POINT('',(-1.57E1,-6.E-1,-1.15E0));
#1103=LINE('',#1102,#1101);
#1104=DIRECTION('',(1.E0,0.E0,0.E0));
#1105=VECTOR('',#1104,1.4E0);
#1106=CARTESIAN_POINT('',(-1.57E1,-6.E-1,-1.15E0));
#1107=LINE('',#1106,#1105);
#1108=DIRECTION('',(0.E0,1.E0,0.E0));
#1109=VECTOR('',#1108,4.E-1);
#1110=CARTESIAN_POINT('',(-1.43E1,-1.E0,-1.15E0));
#1111=LINE('',#1110,#1109);
#1112=DIRECTION('',(5.144957554275E-1,8.574929257125E-1,0.E0));
#1113=VECTOR('',#1112,4.947856705361E-1);
#1114=CARTESIAN_POINT('',(-1.43E1,-1.E0,-1.15E0));
#1115=LINE('',#1114,#1113);
#1116=CARTESIAN_POINT('',(-1.4E1,-6.029857113691E-1,-1.15E0));
#1117=DIRECTION('',(0.E0,0.E0,-1.E0));
#1118=DIRECTION('',(-8.574929257125E-1,5.144957554275E-1,0.E0));
#1119=AXIS2_PLACEMENT_3D('',#1116,#1117,#1118);
#1121=DIRECTION('',(5.144957554275E-1,-8.574929257125E-1,0.E0));
#1122=VECTOR('',#1121,4.947856705361E-1);
#1123=CARTESIAN_POINT('',(-1.395456512734E1,-5.757247877714E-1,-1.15E0));
#1124=LINE('',#1123,#1122);
#1125=DIRECTION('',(0.E0,-1.E0,0.E0));
#1126=VECTOR('',#1125,4.E-1);
#1127=CARTESIAN_POINT('',(-1.37E1,-6.E-1,-1.15E0));
#1128=LINE('',#1127,#1126);
#1129=DIRECTION('',(1.E0,0.E0,0.E0));
#1130=VECTOR('',#1129,1.4E0);
#1131=CARTESIAN_POINT('',(-1.37E1,-6.E-1,-1.15E0));
#1132=LINE('',#1131,#1130);
#1133=DIRECTION('',(0.E0,1.E0,0.E0));
#1134=VECTOR('',#1133,4.E-1);
#1135=CARTESIAN_POINT('',(-1.23E1,-1.E0,-1.15E0));
#1136=LINE('',#1135,#1134);
#1137=DIRECTION('',(5.144957554275E-1,8.574929257125E-1,0.E0));
#1138=VECTOR('',#1137,4.947856705361E-1);
#1139=CARTESIAN_POINT('',(-1.23E1,-1.E0,-1.15E0));
#1140=LINE('',#1139,#1138);
#1141=CARTESIAN_POINT('',(-1.2E1,-6.029857113691E-1,-1.15E0));
#1142=DIRECTION('',(0.E0,0.E0,-1.E0));
#1143=DIRECTION('',(-8.574929257126E-1,5.144957554274E-1,0.E0));
#1144=AXIS2_PLACEMENT_3D('',#1141,#1142,#1143);
#1146=DIRECTION('',(5.144957554275E-1,-8.574929257125E-1,0.E0));
#1147=VECTOR('',#1146,4.947856705361E-1);
#1148=CARTESIAN_POINT('',(-1.195456512734E1,-5.757247877714E-1,-1.15E0));
#1149=LINE('',#1148,#1147);
#1150=DIRECTION('',(0.E0,-1.E0,0.E0));
#1151=VECTOR('',#1150,4.E-1);
#1152=CARTESIAN_POINT('',(-1.17E1,-6.E-1,-1.15E0));
#1153=LINE('',#1152,#1151);
#1154=DIRECTION('',(1.E0,0.E0,0.E0));
#1155=VECTOR('',#1154,1.4E0);
#1156=CARTESIAN_POINT('',(-1.17E1,-6.E-1,-1.15E0));
#1157=LINE('',#1156,#1155);
#1158=DIRECTION('',(0.E0,1.E0,0.E0));
#1159=VECTOR('',#1158,4.E-1);
#1160=CARTESIAN_POINT('',(-1.03E1,-1.E0,-1.15E0));
#1161=LINE('',#1160,#1159);
#1162=DIRECTION('',(5.144957554275E-1,8.574929257125E-1,0.E0));
#1163=VECTOR('',#1162,4.947856705361E-1);
#1164=CARTESIAN_POINT('',(-1.03E1,-1.E0,-1.15E0));
#1165=LINE('',#1164,#1163);
#1166=CARTESIAN_POINT('',(-1.E1,-6.029857113691E-1,-1.15E0));
#1167=DIRECTION('',(0.E0,0.E0,-1.E0));
#1168=DIRECTION('',(-8.574929257125E-1,5.144957554275E-1,0.E0));
#1169=AXIS2_PLACEMENT_3D('',#1166,#1167,#1168);
#1171=DIRECTION('',(5.144957554275E-1,-8.574929257125E-1,0.E0));
#1172=VECTOR('',#1171,4.947856705361E-1);
#1173=CARTESIAN_POINT('',(-9.954565127337E0,-5.757247877714E-1,-1.15E0));
#1174=LINE('',#1173,#1172);
#1175=DIRECTION('',(0.E0,-1.E0,0.E0));
#1176=VECTOR('',#1175,4.E-1);
#1177=CARTESIAN_POINT('',(-9.7E0,-6.E-1,-1.15E0));
#1178=LINE('',#1177,#1176);
#1179=DIRECTION('',(1.E0,0.E0,0.E0));
#1180=VECTOR('',#1179,1.4E0);
#1181=CARTESIAN_POINT('',(-9.7E0,-6.E-1,-1.15E0));
#1182=LINE('',#1181,#1180);
#1183=DIRECTION('',(0.E0,1.E0,0.E0));
#1184=VECTOR('',#1183,4.E-1);
#1185=CARTESIAN_POINT('',(-8.3E0,-1.E0,-1.15E0));
#1186=LINE('',#1185,#1184);
#1187=DIRECTION('',(5.144957554275E-1,8.574929257125E-1,0.E0));
#1188=VECTOR('',#1187,4.947856705361E-1);
#1189=CARTESIAN_POINT('',(-8.3E0,-1.E0,-1.15E0));
#1190=LINE('',#1189,#1188);
#1191=CARTESIAN_POINT('',(-8.E0,-6.029857113691E-1,-1.15E0));
#1192=DIRECTION('',(0.E0,0.E0,-1.E0));
#1193=DIRECTION('',(-8.574929257125E-1,5.144957554275E-1,0.E0));
#1194=AXIS2_PLACEMENT_3D('',#1191,#1192,#1193);
#1196=DIRECTION('',(5.144957554275E-1,-8.574929257125E-1,0.E0));
#1197=VECTOR('',#1196,4.947856705361E-1);
#1198=CARTESIAN_POINT('',(-7.954565127337E0,-5.757247877714E-1,-1.15E0));
#1199=LINE('',#1198,#1197);
#1200=DIRECTION('',(0.E0,-1.E0,0.E0));
#1201=VECTOR('',#1200,4.E-1);
#1202=CARTESIAN_POINT('',(-7.7E0,-6.E-1,-1.15E0));
#1203=LINE('',#1202,#1201);
#1204=DIRECTION('',(1.E0,0.E0,0.E0));
#1205=VECTOR('',#1204,1.4E0);
#1206=CARTESIAN_POINT('',(-7.7E0,-6.E-1,-1.15E0));
#1207=LINE('',#1206,#1205);
#1208=DIRECTION('',(0.E0,1.E0,0.E0));
#1209=VECTOR('',#1208,4.E-1);
#1210=CARTESIAN_POINT('',(-6.3E0,-1.E0,-1.15E0));
#1211=LINE('',#1210,#1209);
#1212=DIRECTION('',(5.144957554275E-1,8.574929257125E-1,0.E0));
#1213=VECTOR('',#1212,4.947856705361E-1);
#1214=CARTESIAN_POINT('',(-6.3E0,-1.E0,-1.15E0));
#1215=LINE('',#1214,#1213);
#1216=CARTESIAN_POINT('',(-6.E0,-6.029857113691E-1,-1.15E0));
#1217=DIRECTION('',(0.E0,0.E0,-1.E0));
#1218=DIRECTION('',(-8.574929257127E-1,5.144957554273E-1,0.E0));
#1219=AXIS2_PLACEMENT_3D('',#1216,#1217,#1218);
#1221=DIRECTION('',(5.144957554275E-1,-8.574929257125E-1,0.E0));
#1222=VECTOR('',#1221,4.947856705361E-1);
#1223=CARTESIAN_POINT('',(-5.954565127337E0,-5.757247877714E-1,-1.15E0));
#1224=LINE('',#1223,#1222);
#1225=DIRECTION('',(0.E0,-1.E0,0.E0));
#1226=VECTOR('',#1225,4.E-1);
#1227=CARTESIAN_POINT('',(-5.7E0,-6.E-1,-1.15E0));
#1228=LINE('',#1227,#1226);
#1229=DIRECTION('',(1.E0,0.E0,0.E0));
#1230=VECTOR('',#1229,1.4E0);
#1231=CARTESIAN_POINT('',(-5.7E0,-6.E-1,-1.15E0));
#1232=LINE('',#1231,#1230);
#1233=DIRECTION('',(0.E0,1.E0,0.E0));
#1234=VECTOR('',#1233,4.E-1);
#1235=CARTESIAN_POINT('',(-4.3E0,-1.E0,-1.15E0));
#1236=LINE('',#1235,#1234);
#1237=DIRECTION('',(5.144957554275E-1,8.574929257125E-1,0.E0));
#1238=VECTOR('',#1237,4.947856705361E-1);
#1239=CARTESIAN_POINT('',(-4.3E0,-1.E0,-1.15E0));
#1240=LINE('',#1239,#1238);
#1241=CARTESIAN_POINT('',(-4.E0,-6.029857113691E-1,-1.15E0));
#1242=DIRECTION('',(0.E0,0.E0,-1.E0));
#1243=DIRECTION('',(-8.574929257127E-1,5.144957554273E-1,0.E0));
#1244=AXIS2_PLACEMENT_3D('',#1241,#1242,#1243);
#1246=DIRECTION('',(5.144957554275E-1,-8.574929257125E-1,0.E0));
#1247=VECTOR('',#1246,4.947856705361E-1);
#1248=CARTESIAN_POINT('',(-3.954565127337E0,-5.757247877714E-1,-1.15E0));
#1249=LINE('',#1248,#1247);
#1250=DIRECTION('',(0.E0,-1.E0,0.E0));
#1251=VECTOR('',#1250,4.E-1);
#1252=CARTESIAN_POINT('',(-3.7E0,-6.E-1,-1.15E0));
#1253=LINE('',#1252,#1251);
#1254=DIRECTION('',(1.E0,0.E0,0.E0));
#1255=VECTOR('',#1254,1.4E0);
#1256=CARTESIAN_POINT('',(-3.7E0,-6.E-1,-1.15E0));
#1257=LINE('',#1256,#1255);
#1258=DIRECTION('',(0.E0,1.E0,0.E0));
#1259=VECTOR('',#1258,4.E-1);
#1260=CARTESIAN_POINT('',(-2.3E0,-1.E0,-1.15E0));
#1261=LINE('',#1260,#1259);
#1262=DIRECTION('',(5.144957554275E-1,8.574929257125E-1,0.E0));
#1263=VECTOR('',#1262,4.947856705361E-1);
#1264=CARTESIAN_POINT('',(-2.3E0,-1.E0,-1.15E0));
#1265=LINE('',#1264,#1263);
#1266=CARTESIAN_POINT('',(-2.E0,-6.029857113691E-1,-1.15E0));
#1267=DIRECTION('',(0.E0,0.E0,-1.E0));
#1268=DIRECTION('',(-8.574929257128E-1,5.144957554272E-1,0.E0));
#1269=AXIS2_PLACEMENT_3D('',#1266,#1267,#1268);
#1271=DIRECTION('',(5.144957554275E-1,-8.574929257125E-1,0.E0));
#1272=VECTOR('',#1271,4.947856705361E-1);
#1273=CARTESIAN_POINT('',(-1.954565127337E0,-5.757247877714E-1,-1.15E0));
#1274=LINE('',#1273,#1272);
#1275=DIRECTION('',(0.E0,-1.E0,0.E0));
#1276=VECTOR('',#1275,4.E-1);
#1277=CARTESIAN_POINT('',(-1.7E0,-6.E-1,-1.15E0));
#1278=LINE('',#1277,#1276);
#1279=DIRECTION('',(1.E0,0.E0,0.E0));
#1280=VECTOR('',#1279,1.4E0);
#1281=CARTESIAN_POINT('',(-1.7E0,-6.E-1,-1.15E0));
#1282=LINE('',#1281,#1280);
#1283=DIRECTION('',(0.E0,1.E0,0.E0));
#1284=VECTOR('',#1283,4.E-1);
#1285=CARTESIAN_POINT('',(-3.E-1,-1.E0,-1.15E0));
#1286=LINE('',#1285,#1284);
#1287=DIRECTION('',(5.144957554275E-1,8.574929257125E-1,0.E0));
#1288=VECTOR('',#1287,4.947856705361E-1);
#1289=CARTESIAN_POINT('',(-3.E-1,-1.E0,-1.15E0));
#1290=LINE('',#1289,#1288);
#1291=CARTESIAN_POINT('',(0.E0,-6.029857113691E-1,-1.15E0));
#1292=DIRECTION('',(0.E0,0.E0,-1.E0));
#1293=DIRECTION('',(-8.574929257126E-1,5.144957554275E-1,0.E0));
#1294=AXIS2_PLACEMENT_3D('',#1291,#1292,#1293);
#1296=DIRECTION('',(5.144957554275E-1,-8.574929257125E-1,0.E0));
#1297=VECTOR('',#1296,4.947856705361E-1);
#1298=CARTESIAN_POINT('',(4.543487266282E-2,-5.757247877714E-1,-1.15E0));
#1299=LINE('',#1298,#1297);
#1300=DIRECTION('',(0.E0,-1.E0,0.E0));
#1301=VECTOR('',#1300,4.E-1);
#1302=CARTESIAN_POINT('',(3.E-1,-6.E-1,-1.15E0));
#1303=LINE('',#1302,#1301);
#1304=DIRECTION('',(1.E0,0.E0,0.E0));
#1305=VECTOR('',#1304,1.4E0);
#1306=CARTESIAN_POINT('',(3.E-1,-6.E-1,-1.15E0));
#1307=LINE('',#1306,#1305);
#1308=DIRECTION('',(0.E0,1.E0,0.E0));
#1309=VECTOR('',#1308,4.E-1);
#1310=CARTESIAN_POINT('',(1.7E0,-1.E0,-1.15E0));
#1311=LINE('',#1310,#1309);
#1312=DIRECTION('',(5.144957554275E-1,8.574929257125E-1,0.E0));
#1313=VECTOR('',#1312,4.947856705361E-1);
#1314=CARTESIAN_POINT('',(1.7E0,-1.E0,-1.15E0));
#1315=LINE('',#1314,#1313);
#1316=CARTESIAN_POINT('',(2.E0,-6.029857113691E-1,-1.15E0));
#1317=DIRECTION('',(0.E0,0.E0,-1.E0));
#1318=DIRECTION('',(-8.574929257128E-1,5.144957554272E-1,0.E0));
#1319=AXIS2_PLACEMENT_3D('',#1316,#1317,#1318);
#1321=DIRECTION('',(5.144957554275E-1,-8.574929257125E-1,0.E0));
#1322=VECTOR('',#1321,4.947856705361E-1);
#1323=CARTESIAN_POINT('',(2.045434872663E0,-5.757247877714E-1,-1.15E0));
#1324=LINE('',#1323,#1322);
#1325=DIRECTION('',(0.E0,-1.E0,0.E0));
#1326=VECTOR('',#1325,4.E-1);
#1327=CARTESIAN_POINT('',(2.3E0,-6.E-1,-1.15E0));
#1328=LINE('',#1327,#1326);
#1329=DIRECTION('',(1.E0,0.E0,0.E0));
#1330=VECTOR('',#1329,1.4E0);
#1331=CARTESIAN_POINT('',(2.3E0,-6.E-1,-1.15E0));
#1332=LINE('',#1331,#1330);
#1333=DIRECTION('',(0.E0,1.E0,0.E0));
#1334=VECTOR('',#1333,4.E-1);
#1335=CARTESIAN_POINT('',(3.7E0,-1.E0,-1.15E0));
#1336=LINE('',#1335,#1334);
#1337=DIRECTION('',(5.144957554275E-1,8.574929257125E-1,0.E0));
#1338=VECTOR('',#1337,4.947856705361E-1);
#1339=CARTESIAN_POINT('',(3.7E0,-1.E0,-1.15E0));
#1340=LINE('',#1339,#1338);
#1341=CARTESIAN_POINT('',(4.E0,-6.029857113691E-1,-1.15E0));
#1342=DIRECTION('',(0.E0,0.E0,-1.E0));
#1343=DIRECTION('',(-8.574929257128E-1,5.144957554272E-1,0.E0));
#1344=AXIS2_PLACEMENT_3D('',#1341,#1342,#1343);
#1346=DIRECTION('',(5.144957554275E-1,-8.574929257125E-1,0.E0));
#1347=VECTOR('',#1346,4.947856705361E-1);
#1348=CARTESIAN_POINT('',(4.045434872663E0,-5.757247877714E-1,-1.15E0));
#1349=LINE('',#1348,#1347);
#1350=DIRECTION('',(0.E0,-1.E0,0.E0));
#1351=VECTOR('',#1350,4.E-1);
#1352=CARTESIAN_POINT('',(4.3E0,-6.E-1,-1.15E0));
#1353=LINE('',#1352,#1351);
#1354=DIRECTION('',(1.E0,0.E0,0.E0));
#1355=VECTOR('',#1354,1.4E0);
#1356=CARTESIAN_POINT('',(4.3E0,-6.E-1,-1.15E0));
#1357=LINE('',#1356,#1355);
#1358=DIRECTION('',(0.E0,1.E0,0.E0));
#1359=VECTOR('',#1358,4.E-1);
#1360=CARTESIAN_POINT('',(5.7E0,-1.E0,-1.15E0));
#1361=LINE('',#1360,#1359);
#1362=DIRECTION('',(5.144957554275E-1,8.574929257125E-1,0.E0));
#1363=VECTOR('',#1362,4.947856705361E-1);
#1364=CARTESIAN_POINT('',(5.7E0,-1.E0,-1.15E0));
#1365=LINE('',#1364,#1363);
#1366=CARTESIAN_POINT('',(6.E0,-6.029857113691E-1,-1.15E0));
#1367=DIRECTION('',(0.E0,0.E0,-1.E0));
#1368=DIRECTION('',(-8.574929257128E-1,5.144957554272E-1,0.E0));
#1369=AXIS2_PLACEMENT_3D('',#1366,#1367,#1368);
#1371=DIRECTION('',(5.144957554275E-1,-8.574929257125E-1,0.E0));
#1372=VECTOR('',#1371,4.947856705361E-1);
#1373=CARTESIAN_POINT('',(6.045434872663E0,-5.757247877714E-1,-1.15E0));
#1374=LINE('',#1373,#1372);
#1375=DIRECTION('',(0.E0,-1.E0,0.E0));
#1376=VECTOR('',#1375,4.E-1);
#1377=CARTESIAN_POINT('',(6.3E0,-6.E-1,-1.15E0));
#1378=LINE('',#1377,#1376);
#1379=DIRECTION('',(1.E0,0.E0,0.E0));
#1380=VECTOR('',#1379,1.4E0);
#1381=CARTESIAN_POINT('',(6.3E0,-6.E-1,-1.15E0));
#1382=LINE('',#1381,#1380);
#1383=DIRECTION('',(0.E0,1.E0,0.E0));
#1384=VECTOR('',#1383,4.E-1);
#1385=CARTESIAN_POINT('',(7.7E0,-1.E0,-1.15E0));
#1386=LINE('',#1385,#1384);
#1387=DIRECTION('',(5.144957554275E-1,8.574929257125E-1,0.E0));
#1388=VECTOR('',#1387,4.947856705361E-1);
#1389=CARTESIAN_POINT('',(7.7E0,-1.E0,-1.15E0));
#1390=LINE('',#1389,#1388);
#1391=CARTESIAN_POINT('',(8.E0,-6.029857113691E-1,-1.15E0));
#1392=DIRECTION('',(0.E0,0.E0,-1.E0));
#1393=DIRECTION('',(-8.574929257128E-1,5.144957554272E-1,0.E0));
#1394=AXIS2_PLACEMENT_3D('',#1391,#1392,#1393);
#1396=DIRECTION('',(5.144957554275E-1,-8.574929257125E-1,0.E0));
#1397=VECTOR('',#1396,4.947856705361E-1);
#1398=CARTESIAN_POINT('',(8.045434872663E0,-5.757247877714E-1,-1.15E0));
#1399=LINE('',#1398,#1397);
#1400=DIRECTION('',(0.E0,-1.E0,0.E0));
#1401=VECTOR('',#1400,4.E-1);
#1402=CARTESIAN_POINT('',(8.3E0,-6.E-1,-1.15E0));
#1403=LINE('',#1402,#1401);
#1404=DIRECTION('',(1.E0,0.E0,0.E0));
#1405=VECTOR('',#1404,1.4E0);
#1406=CARTESIAN_POINT('',(8.3E0,-6.E-1,-1.15E0));
#1407=LINE('',#1406,#1405);
#1408=DIRECTION('',(0.E0,1.E0,0.E0));
#1409=VECTOR('',#1408,4.E-1);
#1410=CARTESIAN_POINT('',(9.7E0,-1.E0,-1.15E0));
#1411=LINE('',#1410,#1409);
#1412=DIRECTION('',(5.144957554275E-1,8.574929257125E-1,0.E0));
#1413=VECTOR('',#1412,4.947856705361E-1);
#1414=CARTESIAN_POINT('',(9.7E0,-1.E0,-1.15E0));
#1415=LINE('',#1414,#1413);
#1416=CARTESIAN_POINT('',(1.E1,-6.029857113691E-1,-1.15E0));
#1417=DIRECTION('',(0.E0,0.E0,-1.E0));
#1418=DIRECTION('',(-8.574929257125E-1,5.144957554275E-1,0.E0));
#1419=AXIS2_PLACEMENT_3D('',#1416,#1417,#1418);
#1421=DIRECTION('',(5.144957554275E-1,-8.574929257125E-1,0.E0));
#1422=VECTOR('',#1421,4.947856705361E-1);
#1423=CARTESIAN_POINT('',(1.004543487266E1,-5.757247877714E-1,-1.15E0));
#1424=LINE('',#1423,#1422);
#1425=DIRECTION('',(0.E0,-1.E0,0.E0));
#1426=VECTOR('',#1425,4.E-1);
#1427=CARTESIAN_POINT('',(1.03E1,-6.E-1,-1.15E0));
#1428=LINE('',#1427,#1426);
#1429=DIRECTION('',(1.E0,0.E0,0.E0));
#1430=VECTOR('',#1429,1.4E0);
#1431=CARTESIAN_POINT('',(1.03E1,-6.E-1,-1.15E0));
#1432=LINE('',#1431,#1430);
#1433=DIRECTION('',(0.E0,1.E0,0.E0));
#1434=VECTOR('',#1433,4.E-1);
#1435=CARTESIAN_POINT('',(1.17E1,-1.E0,-1.15E0));
#1436=LINE('',#1435,#1434);
#1437=DIRECTION('',(5.144957554275E-1,8.574929257125E-1,0.E0));
#1438=VECTOR('',#1437,4.947856705361E-1);
#1439=CARTESIAN_POINT('',(1.17E1,-1.E0,-1.15E0));
#1440=LINE('',#1439,#1438);
#1441=CARTESIAN_POINT('',(1.2E1,-6.029857113691E-1,-1.15E0));
#1442=DIRECTION('',(0.E0,0.E0,-1.E0));
#1443=DIRECTION('',(-8.574929257125E-1,5.144957554275E-1,0.E0));
#1444=AXIS2_PLACEMENT_3D('',#1441,#1442,#1443);
#1446=DIRECTION('',(5.144957554275E-1,-8.574929257125E-1,0.E0));
#1447=VECTOR('',#1446,4.947856705361E-1);
#1448=CARTESIAN_POINT('',(1.204543487266E1,-5.757247877714E-1,-1.15E0));
#1449=LINE('',#1448,#1447);
#1450=DIRECTION('',(0.E0,-1.E0,0.E0));
#1451=VECTOR('',#1450,4.E-1);
#1452=CARTESIAN_POINT('',(1.23E1,-6.E-1,-1.15E0));
#1453=LINE('',#1452,#1451);
#1454=DIRECTION('',(1.E0,0.E0,0.E0));
#1455=VECTOR('',#1454,1.4E0);
#1456=CARTESIAN_POINT('',(1.23E1,-6.E-1,-1.15E0));
#1457=LINE('',#1456,#1455);
#1458=DIRECTION('',(0.E0,1.E0,0.E0));
#1459=VECTOR('',#1458,4.E-1);
#1460=CARTESIAN_POINT('',(1.37E1,-1.E0,-1.15E0));
#1461=LINE('',#1460,#1459);
#1462=DIRECTION('',(5.144957554275E-1,8.574929257125E-1,0.E0));
#1463=VECTOR('',#1462,4.947856705361E-1);
#1464=CARTESIAN_POINT('',(1.37E1,-1.E0,-1.15E0));
#1465=LINE('',#1464,#1463);
#1466=CARTESIAN_POINT('',(1.4E1,-6.029857113691E-1,-1.15E0));
#1467=DIRECTION('',(0.E0,0.E0,-1.E0));
#1468=DIRECTION('',(-8.574929257125E-1,5.144957554275E-1,0.E0));
#1469=AXIS2_PLACEMENT_3D('',#1466,#1467,#1468);
#1471=DIRECTION('',(5.144957554275E-1,-8.574929257125E-1,0.E0));
#1472=VECTOR('',#1471,4.947856705361E-1);
#1473=CARTESIAN_POINT('',(1.404543487266E1,-5.757247877714E-1,-1.15E0));
#1474=LINE('',#1473,#1472);
#1475=DIRECTION('',(0.E0,-1.E0,0.E0));
#1476=VECTOR('',#1475,4.E-1);
#1477=CARTESIAN_POINT('',(1.43E1,-6.E-1,-1.15E0));
#1478=LINE('',#1477,#1476);
#1479=DIRECTION('',(1.E0,0.E0,0.E0));
#1480=VECTOR('',#1479,1.4E0);
#1481=CARTESIAN_POINT('',(1.43E1,-6.E-1,-1.15E0));
#1482=LINE('',#1481,#1480);
#1483=DIRECTION('',(0.E0,1.E0,0.E0));
#1484=VECTOR('',#1483,4.E-1);
#1485=CARTESIAN_POINT('',(1.57E1,-1.E0,-1.15E0));
#1486=LINE('',#1485,#1484);
#1487=DIRECTION('',(5.144957554275E-1,8.574929257125E-1,0.E0));
#1488=VECTOR('',#1487,4.947856705361E-1);
#1489=CARTESIAN_POINT('',(1.57E1,-1.E0,-1.15E0));
#1490=LINE('',#1489,#1488);
#1491=CARTESIAN_POINT('',(1.6E1,-6.029857113691E-1,-1.15E0));
#1492=DIRECTION('',(0.E0,0.E0,-1.E0));
#1493=DIRECTION('',(-8.574929257125E-1,5.144957554275E-1,0.E0));
#1494=AXIS2_PLACEMENT_3D('',#1491,#1492,#1493);
#1496=DIRECTION('',(5.144957554275E-1,-8.574929257125E-1,0.E0));
#1497=VECTOR('',#1496,4.947856705361E-1);
#1498=CARTESIAN_POINT('',(1.604543487266E1,-5.757247877714E-1,-1.15E0));
#1499=LINE('',#1498,#1497);
#1500=DIRECTION('',(0.E0,-1.E0,0.E0));
#1501=VECTOR('',#1500,4.E-1);
#1502=CARTESIAN_POINT('',(1.63E1,-6.E-1,-1.15E0));
#1503=LINE('',#1502,#1501);
#1504=DIRECTION('',(1.E0,0.E0,0.E0));
#1505=VECTOR('',#1504,1.4E0);
#1506=CARTESIAN_POINT('',(1.63E1,-6.E-1,-1.15E0));
#1507=LINE('',#1506,#1505);
#1508=DIRECTION('',(0.E0,1.E0,0.E0));
#1509=VECTOR('',#1508,4.E-1);
#1510=CARTESIAN_POINT('',(1.77E1,-1.E0,-1.15E0));
#1511=LINE('',#1510,#1509);
#1512=DIRECTION('',(5.144957554275E-1,8.574929257125E-1,0.E0));
#1513=VECTOR('',#1512,4.947856705361E-1);
#1514=CARTESIAN_POINT('',(1.77E1,-1.E0,-1.15E0));
#1515=LINE('',#1514,#1513);
#1516=CARTESIAN_POINT('',(1.8E1,-6.029857113691E-1,-1.15E0));
#1517=DIRECTION('',(0.E0,0.E0,-1.E0));
#1518=DIRECTION('',(-8.574929257125E-1,5.144957554276E-1,0.E0));
#1519=AXIS2_PLACEMENT_3D('',#1516,#1517,#1518);
#1521=DIRECTION('',(5.144957554275E-1,-8.574929257125E-1,0.E0));
#1522=VECTOR('',#1521,4.947856705361E-1);
#1523=CARTESIAN_POINT('',(1.804543487266E1,-5.757247877714E-1,-1.15E0));
#1524=LINE('',#1523,#1522);
#1525=DIRECTION('',(0.E0,-1.E0,0.E0));
#1526=VECTOR('',#1525,4.E-1);
#1527=CARTESIAN_POINT('',(1.83E1,-6.E-1,-1.15E0));
#1528=LINE('',#1527,#1526);
#1529=DIRECTION('',(1.E0,0.E0,0.E0));
#1530=VECTOR('',#1529,1.4E0);
#1531=CARTESIAN_POINT('',(1.83E1,-6.E-1,-1.15E0));
#1532=LINE('',#1531,#1530);
#1533=DIRECTION('',(0.E0,1.E0,0.E0));
#1534=VECTOR('',#1533,4.E-1);
#1535=CARTESIAN_POINT('',(1.97E1,-1.E0,-1.15E0));
#1536=LINE('',#1535,#1534);
#1537=DIRECTION('',(0.E0,1.E0,0.E0));
#1538=VECTOR('',#1537,5.E-1);
#1539=CARTESIAN_POINT('',(-1.875E1,-2.5E-1,-1.15E0));
#1540=LINE('',#1539,#1538);
#1541=DIRECTION('',(-1.E0,0.E0,0.E0));
#1542=VECTOR('',#1541,5.E-1);
#1543=CARTESIAN_POINT('',(-1.875E1,-2.5E-1,-1.15E0));
#1544=LINE('',#1543,#1542);
#1545=DIRECTION('',(0.E0,1.E0,0.E0));
#1546=VECTOR('',#1545,5.E-1);
#1547=CARTESIAN_POINT('',(-1.925E1,-2.5E-1,-1.15E0));
#1548=LINE('',#1547,#1546);
#1549=DIRECTION('',(-1.E0,0.E0,0.E0));
#1550=VECTOR('',#1549,5.E-1);
#1551=CARTESIAN_POINT('',(-1.875E1,2.5E-1,-1.15E0));
#1552=LINE('',#1551,#1550);
#1553=DIRECTION('',(0.E0,-1.E0,0.E0));
#1554=VECTOR('',#1553,5.E-1);
#1555=CARTESIAN_POINT('',(-1.475E1,2.5E-1,-1.15E0));
#1556=LINE('',#1555,#1554);
#1557=DIRECTION('',(-1.E0,0.E0,0.E0));
#1558=VECTOR('',#1557,5.E-1);
#1559=CARTESIAN_POINT('',(-1.475E1,-2.5E-1,-1.15E0));
#1560=LINE('',#1559,#1558);
#1561=DIRECTION('',(0.E0,-1.E0,0.E0));
#1562=VECTOR('',#1561,5.E-1);
#1563=CARTESIAN_POINT('',(-1.525E1,2.5E-1,-1.15E0));
#1564=LINE('',#1563,#1562);
#1565=DIRECTION('',(-1.E0,0.E0,0.E0));
#1566=VECTOR('',#1565,5.E-1);
#1567=CARTESIAN_POINT('',(-1.475E1,2.5E-1,-1.15E0));
#1568=LINE('',#1567,#1566);
#1569=DIRECTION('',(0.E0,-1.E0,0.E0));
#1570=VECTOR('',#1569,5.E-1);
#1571=CARTESIAN_POINT('',(-1.075E1,2.5E-1,-1.15E0));
#1572=LINE('',#1571,#1570);
#1573=DIRECTION('',(-1.E0,0.E0,0.E0));
#1574=VECTOR('',#1573,5.E-1);
#1575=CARTESIAN_POINT('',(-1.075E1,-2.5E-1,-1.15E0));
#1576=LINE('',#1575,#1574);
#1577=DIRECTION('',(0.E0,-1.E0,0.E0));
#1578=VECTOR('',#1577,5.E-1);
#1579=CARTESIAN_POINT('',(-1.125E1,2.5E-1,-1.15E0));
#1580=LINE('',#1579,#1578);
#1581=DIRECTION('',(-1.E0,0.E0,0.E0));
#1582=VECTOR('',#1581,5.E-1);
#1583=CARTESIAN_POINT('',(-1.075E1,2.5E-1,-1.15E0));
#1584=LINE('',#1583,#1582);
#1585=DIRECTION('',(0.E0,-1.E0,0.E0));
#1586=VECTOR('',#1585,5.E-1);
#1587=CARTESIAN_POINT('',(-6.75E0,2.5E-1,-1.15E0));
#1588=LINE('',#1587,#1586);
#1589=DIRECTION('',(-1.E0,0.E0,0.E0));
#1590=VECTOR('',#1589,5.E-1);
#1591=CARTESIAN_POINT('',(-6.75E0,-2.5E-1,-1.15E0));
#1592=LINE('',#1591,#1590);
#1593=DIRECTION('',(0.E0,-1.E0,0.E0));
#1594=VECTOR('',#1593,5.E-1);
#1595=CARTESIAN_POINT('',(-7.25E0,2.5E-1,-1.15E0));
#1596=LINE('',#1595,#1594);
#1597=DIRECTION('',(-1.E0,0.E0,0.E0));
#1598=VECTOR('',#1597,5.E-1);
#1599=CARTESIAN_POINT('',(-6.75E0,2.5E-1,-1.15E0));
#1600=LINE('',#1599,#1598);
#1601=DIRECTION('',(0.E0,-1.E0,0.E0));
#1602=VECTOR('',#1601,5.E-1);
#1603=CARTESIAN_POINT('',(-2.75E0,2.5E-1,-1.15E0));
#1604=LINE('',#1603,#1602);
#1605=DIRECTION('',(-1.E0,0.E0,0.E0));
#1606=VECTOR('',#1605,5.E-1);
#1607=CARTESIAN_POINT('',(-2.75E0,-2.5E-1,-1.15E0));
#1608=LINE('',#1607,#1606);
#1609=DIRECTION('',(0.E0,-1.E0,0.E0));
#1610=VECTOR('',#1609,5.E-1);
#1611=CARTESIAN_POINT('',(-3.25E0,2.5E-1,-1.15E0));
#1612=LINE('',#1611,#1610);
#1613=DIRECTION('',(-1.E0,0.E0,0.E0));
#1614=VECTOR('',#1613,5.E-1);
#1615=CARTESIAN_POINT('',(-2.75E0,2.5E-1,-1.15E0));
#1616=LINE('',#1615,#1614);
#1617=DIRECTION('',(0.E0,-1.E0,0.E0));
#1618=VECTOR('',#1617,5.E-1);
#1619=CARTESIAN_POINT('',(1.25E0,2.5E-1,-1.15E0));
#1620=LINE('',#1619,#1618);
#1621=DIRECTION('',(-1.E0,0.E0,0.E0));
#1622=VECTOR('',#1621,5.E-1);
#1623=CARTESIAN_POINT('',(1.25E0,-2.5E-1,-1.15E0));
#1624=LINE('',#1623,#1622);
#1625=DIRECTION('',(0.E0,-1.E0,0.E0));
#1626=VECTOR('',#1625,5.E-1);
#1627=CARTESIAN_POINT('',(7.5E-1,2.5E-1,-1.15E0));
#1628=LINE('',#1627,#1626);
#1629=DIRECTION('',(-1.E0,0.E0,0.E0));
#1630=VECTOR('',#1629,5.E-1);
#1631=CARTESIAN_POINT('',(1.25E0,2.5E-1,-1.15E0));
#1632=LINE('',#1631,#1630);
#1633=DIRECTION('',(0.E0,-1.E0,0.E0));
#1634=VECTOR('',#1633,5.E-1);
#1635=CARTESIAN_POINT('',(5.25E0,2.5E-1,-1.15E0));
#1636=LINE('',#1635,#1634);
#1637=DIRECTION('',(-1.E0,0.E0,0.E0));
#1638=VECTOR('',#1637,5.E-1);
#1639=CARTESIAN_POINT('',(5.25E0,-2.5E-1,-1.15E0));
#1640=LINE('',#1639,#1638);
#1641=DIRECTION('',(0.E0,-1.E0,0.E0));
#1642=VECTOR('',#1641,5.E-1);
#1643=CARTESIAN_POINT('',(4.75E0,2.5E-1,-1.15E0));
#1644=LINE('',#1643,#1642);
#1645=DIRECTION('',(-1.E0,0.E0,0.E0));
#1646=VECTOR('',#1645,5.E-1);
#1647=CARTESIAN_POINT('',(5.25E0,2.5E-1,-1.15E0));
#1648=LINE('',#1647,#1646);
#1649=DIRECTION('',(0.E0,-1.E0,0.E0));
#1650=VECTOR('',#1649,5.E-1);
#1651=CARTESIAN_POINT('',(9.25E0,2.5E-1,-1.15E0));
#1652=LINE('',#1651,#1650);
#1653=DIRECTION('',(-1.E0,0.E0,0.E0));
#1654=VECTOR('',#1653,5.E-1);
#1655=CARTESIAN_POINT('',(9.25E0,-2.5E-1,-1.15E0));
#1656=LINE('',#1655,#1654);
#1657=DIRECTION('',(0.E0,-1.E0,0.E0));
#1658=VECTOR('',#1657,5.E-1);
#1659=CARTESIAN_POINT('',(8.75E0,2.5E-1,-1.15E0));
#1660=LINE('',#1659,#1658);
#1661=DIRECTION('',(-1.E0,0.E0,0.E0));
#1662=VECTOR('',#1661,5.E-1);
#1663=CARTESIAN_POINT('',(9.25E0,2.5E-1,-1.15E0));
#1664=LINE('',#1663,#1662);
#1665=DIRECTION('',(0.E0,-1.E0,0.E0));
#1666=VECTOR('',#1665,5.E-1);
#1667=CARTESIAN_POINT('',(1.325E1,2.5E-1,-1.15E0));
#1668=LINE('',#1667,#1666);
#1669=DIRECTION('',(-1.E0,0.E0,0.E0));
#1670=VECTOR('',#1669,5.E-1);
#1671=CARTESIAN_POINT('',(1.325E1,-2.5E-1,-1.15E0));
#1672=LINE('',#1671,#1670);
#1673=DIRECTION('',(0.E0,-1.E0,0.E0));
#1674=VECTOR('',#1673,5.E-1);
#1675=CARTESIAN_POINT('',(1.275E1,2.5E-1,-1.15E0));
#1676=LINE('',#1675,#1674);
#1677=DIRECTION('',(-1.E0,0.E0,0.E0));
#1678=VECTOR('',#1677,5.E-1);
#1679=CARTESIAN_POINT('',(1.325E1,2.5E-1,-1.15E0));
#1680=LINE('',#1679,#1678);
#1681=DIRECTION('',(0.E0,-1.E0,0.E0));
#1682=VECTOR('',#1681,5.E-1);
#1683=CARTESIAN_POINT('',(1.725E1,2.5E-1,-1.15E0));
#1684=LINE('',#1683,#1682);
#1685=DIRECTION('',(-1.E0,0.E0,0.E0));
#1686=VECTOR('',#1685,5.E-1);
#1687=CARTESIAN_POINT('',(1.725E1,-2.5E-1,-1.15E0));
#1688=LINE('',#1687,#1686);
#1689=DIRECTION('',(0.E0,-1.E0,0.E0));
#1690=VECTOR('',#1689,5.E-1);
#1691=CARTESIAN_POINT('',(1.675E1,2.5E-1,-1.15E0));
#1692=LINE('',#1691,#1690);
#1693=DIRECTION('',(-1.E0,0.E0,0.E0));
#1694=VECTOR('',#1693,5.E-1);
#1695=CARTESIAN_POINT('',(1.725E1,2.5E-1,-1.15E0));
#1696=LINE('',#1695,#1694);
#1697=DIRECTION('',(0.E0,-1.E0,0.E0));
#1698=VECTOR('',#1697,5.E-1);
#1699=CARTESIAN_POINT('',(-1.675E1,2.5E-1,-1.15E0));
#1700=LINE('',#1699,#1698);
#1701=DIRECTION('',(-1.E0,0.E0,0.E0));
#1702=VECTOR('',#1701,5.E-1);
#1703=CARTESIAN_POINT('',(-1.675E1,-2.5E-1,-1.15E0));
#1704=LINE('',#1703,#1702);
#1705=DIRECTION('',(0.E0,-1.E0,0.E0));
#1706=VECTOR('',#1705,5.E-1);
#1707=CARTESIAN_POINT('',(-1.725E1,2.5E-1,-1.15E0));
#1708=LINE('',#1707,#1706);
#1709=DIRECTION('',(-1.E0,0.E0,0.E0));
#1710=VECTOR('',#1709,5.E-1);
#1711=CARTESIAN_POINT('',(-1.675E1,2.5E-1,-1.15E0));
#1712=LINE('',#1711,#1710);
#1713=DIRECTION('',(0.E0,1.E0,0.E0));
#1714=VECTOR('',#1713,5.E-1);
#1715=CARTESIAN_POINT('',(-1.275E1,-2.5E-1,-1.15E0));
#1716=LINE('',#1715,#1714);
#1717=DIRECTION('',(-1.E0,0.E0,0.E0));
#1718=VECTOR('',#1717,5.E-1);
#1719=CARTESIAN_POINT('',(-1.275E1,-2.5E-1,-1.15E0));
#1720=LINE('',#1719,#1718);
#1721=DIRECTION('',(0.E0,1.E0,0.E0));
#1722=VECTOR('',#1721,5.E-1);
#1723=CARTESIAN_POINT('',(-1.325E1,-2.5E-1,-1.15E0));
#1724=LINE('',#1723,#1722);
#1725=DIRECTION('',(-1.E0,0.E0,0.E0));
#1726=VECTOR('',#1725,5.E-1);
#1727=CARTESIAN_POINT('',(-1.275E1,2.5E-1,-1.15E0));
#1728=LINE('',#1727,#1726);
#1729=DIRECTION('',(0.E0,1.E0,0.E0));
#1730=VECTOR('',#1729,5.E-1);
#1731=CARTESIAN_POINT('',(-8.75E0,-2.5E-1,-1.15E0));
#1732=LINE('',#1731,#1730);
#1733=DIRECTION('',(-1.E0,0.E0,0.E0));
#1734=VECTOR('',#1733,5.E-1);
#1735=CARTESIAN_POINT('',(-8.75E0,-2.5E-1,-1.15E0));
#1736=LINE('',#1735,#1734);
#1737=DIRECTION('',(0.E0,1.E0,0.E0));
#1738=VECTOR('',#1737,5.E-1);
#1739=CARTESIAN_POINT('',(-9.25E0,-2.5E-1,-1.15E0));
#1740=LINE('',#1739,#1738);
#1741=DIRECTION('',(-1.E0,0.E0,0.E0));
#1742=VECTOR('',#1741,5.E-1);
#1743=CARTESIAN_POINT('',(-8.75E0,2.5E-1,-1.15E0));
#1744=LINE('',#1743,#1742);
#1745=DIRECTION('',(0.E0,1.E0,0.E0));
#1746=VECTOR('',#1745,5.E-1);
#1747=CARTESIAN_POINT('',(-4.75E0,-2.5E-1,-1.15E0));
#1748=LINE('',#1747,#1746);
#1749=DIRECTION('',(-1.E0,0.E0,0.E0));
#1750=VECTOR('',#1749,5.E-1);
#1751=CARTESIAN_POINT('',(-4.75E0,-2.5E-1,-1.15E0));
#1752=LINE('',#1751,#1750);
#1753=DIRECTION('',(0.E0,1.E0,0.E0));
#1754=VECTOR('',#1753,5.E-1);
#1755=CARTESIAN_POINT('',(-5.25E0,-2.5E-1,-1.15E0));
#1756=LINE('',#1755,#1754);
#1757=DIRECTION('',(-1.E0,0.E0,0.E0));
#1758=VECTOR('',#1757,5.E-1);
#1759=CARTESIAN_POINT('',(-4.75E0,2.5E-1,-1.15E0));
#1760=LINE('',#1759,#1758);
#1761=DIRECTION('',(0.E0,1.E0,0.E0));
#1762=VECTOR('',#1761,5.E-1);
#1763=CARTESIAN_POINT('',(-7.5E-1,-2.5E-1,-1.15E0));
#1764=LINE('',#1763,#1762);
#1765=DIRECTION('',(-1.E0,0.E0,0.E0));
#1766=VECTOR('',#1765,5.E-1);
#1767=CARTESIAN_POINT('',(-7.5E-1,-2.5E-1,-1.15E0));
#1768=LINE('',#1767,#1766);
#1769=DIRECTION('',(0.E0,1.E0,0.E0));
#1770=VECTOR('',#1769,5.E-1);
#1771=CARTESIAN_POINT('',(-1.25E0,-2.5E-1,-1.15E0));
#1772=LINE('',#1771,#1770);
#1773=DIRECTION('',(-1.E0,0.E0,0.E0));
#1774=VECTOR('',#1773,5.E-1);
#1775=CARTESIAN_POINT('',(-7.5E-1,2.5E-1,-1.15E0));
#1776=LINE('',#1775,#1774);
#1777=DIRECTION('',(0.E0,1.E0,0.E0));
#1778=VECTOR('',#1777,5.E-1);
#1779=CARTESIAN_POINT('',(3.25E0,-2.5E-1,-1.15E0));
#1780=LINE('',#1779,#1778);
#1781=DIRECTION('',(-1.E0,0.E0,0.E0));
#1782=VECTOR('',#1781,5.E-1);
#1783=CARTESIAN_POINT('',(3.25E0,-2.5E-1,-1.15E0));
#1784=LINE('',#1783,#1782);
#1785=DIRECTION('',(0.E0,1.E0,0.E0));
#1786=VECTOR('',#1785,5.E-1);
#1787=CARTESIAN_POINT('',(2.75E0,-2.5E-1,-1.15E0));
#1788=LINE('',#1787,#1786);
#1789=DIRECTION('',(-1.E0,0.E0,0.E0));
#1790=VECTOR('',#1789,5.E-1);
#1791=CARTESIAN_POINT('',(3.25E0,2.5E-1,-1.15E0));
#1792=LINE('',#1791,#1790);
#1793=DIRECTION('',(0.E0,1.E0,0.E0));
#1794=VECTOR('',#1793,5.E-1);
#1795=CARTESIAN_POINT('',(7.25E0,-2.5E-1,-1.15E0));
#1796=LINE('',#1795,#1794);
#1797=DIRECTION('',(-1.E0,0.E0,0.E0));
#1798=VECTOR('',#1797,5.E-1);
#1799=CARTESIAN_POINT('',(7.25E0,-2.5E-1,-1.15E0));
#1800=LINE('',#1799,#1798);
#1801=DIRECTION('',(0.E0,1.E0,0.E0));
#1802=VECTOR('',#1801,5.E-1);
#1803=CARTESIAN_POINT('',(6.75E0,-2.5E-1,-1.15E0));
#1804=LINE('',#1803,#1802);
#1805=DIRECTION('',(-1.E0,0.E0,0.E0));
#1806=VECTOR('',#1805,5.E-1);
#1807=CARTESIAN_POINT('',(7.25E0,2.5E-1,-1.15E0));
#1808=LINE('',#1807,#1806);
#1809=DIRECTION('',(0.E0,1.E0,0.E0));
#1810=VECTOR('',#1809,5.E-1);
#1811=CARTESIAN_POINT('',(1.125E1,-2.5E-1,-1.15E0));
#1812=LINE('',#1811,#1810);
#1813=DIRECTION('',(-1.E0,0.E0,0.E0));
#1814=VECTOR('',#1813,5.E-1);
#1815=CARTESIAN_POINT('',(1.125E1,-2.5E-1,-1.15E0));
#1816=LINE('',#1815,#1814);
#1817=DIRECTION('',(0.E0,1.E0,0.E0));
#1818=VECTOR('',#1817,5.E-1);
#1819=CARTESIAN_POINT('',(1.075E1,-2.5E-1,-1.15E0));
#1820=LINE('',#1819,#1818);
#1821=DIRECTION('',(-1.E0,0.E0,0.E0));
#1822=VECTOR('',#1821,5.E-1);
#1823=CARTESIAN_POINT('',(1.125E1,2.5E-1,-1.15E0));
#1824=LINE('',#1823,#1822);
#1825=DIRECTION('',(0.E0,1.E0,0.E0));
#1826=VECTOR('',#1825,5.E-1);
#1827=CARTESIAN_POINT('',(1.525E1,-2.5E-1,-1.15E0));
#1828=LINE('',#1827,#1826);
#1829=DIRECTION('',(-1.E0,0.E0,0.E0));
#1830=VECTOR('',#1829,5.E-1);
#1831=CARTESIAN_POINT('',(1.525E1,-2.5E-1,-1.15E0));
#1832=LINE('',#1831,#1830);
#1833=DIRECTION('',(0.E0,1.E0,0.E0));
#1834=VECTOR('',#1833,5.E-1);
#1835=CARTESIAN_POINT('',(1.475E1,-2.5E-1,-1.15E0));
#1836=LINE('',#1835,#1834);
#1837=DIRECTION('',(-1.E0,0.E0,0.E0));
#1838=VECTOR('',#1837,5.E-1);
#1839=CARTESIAN_POINT('',(1.525E1,2.5E-1,-1.15E0));
#1840=LINE('',#1839,#1838);
#1841=DIRECTION('',(0.E0,1.E0,0.E0));
#1842=VECTOR('',#1841,5.E-1);
#1843=CARTESIAN_POINT('',(1.925E1,-2.5E-1,-1.15E0));
#1844=LINE('',#1843,#1842);
#1845=DIRECTION('',(-1.E0,0.E0,0.E0));
#1846=VECTOR('',#1845,5.E-1);
#1847=CARTESIAN_POINT('',(1.925E1,-2.5E-1,-1.15E0));
#1848=LINE('',#1847,#1846);
#1849=DIRECTION('',(0.E0,1.E0,0.E0));
#1850=VECTOR('',#1849,5.E-1);
#1851=CARTESIAN_POINT('',(1.875E1,-2.5E-1,-1.15E0));
#1852=LINE('',#1851,#1850);
#1853=DIRECTION('',(-1.E0,0.E0,0.E0));
#1854=VECTOR('',#1853,5.E-1);
#1855=CARTESIAN_POINT('',(1.925E1,2.5E-1,-1.15E0));
#1856=LINE('',#1855,#1854);
#1857=DIRECTION('',(-5.144957554275E-1,-8.574929257125E-1,0.E0));
#1858=VECTOR('',#1857,5.830951894845E-1);
#1859=CARTESIAN_POINT('',(2.E1,-5.E-1,-1.15E0));
#1860=LINE('',#1859,#1858);
#1861=DIRECTION('',(0.E0,0.E0,-1.E0));
#1862=VECTOR('',#1861,6.5E-1);
#1863=CARTESIAN_POINT('',(2.E1,-5.E-1,-5.E-1));
#1864=LINE('',#1863,#1862);
#1865=DIRECTION('',(0.E0,-1.E0,0.E0));
#1866=VECTOR('',#1865,1.E0);
#1867=CARTESIAN_POINT('',(2.E1,5.E-1,-5.E-1));
#1868=LINE('',#1867,#1866);
#1869=DIRECTION('',(0.E0,0.E0,-1.E0));
#1870=VECTOR('',#1869,6.5E-1);
#1871=CARTESIAN_POINT('',(2.E1,5.E-1,-5.E-1));
#1872=LINE('',#1871,#1870);
#1873=DIRECTION('',(0.E0,1.E0,0.E0));
#1874=VECTOR('',#1873,1.E0);
#1875=CARTESIAN_POINT('',(2.E1,-5.E-1,-1.15E0));
#1876=LINE('',#1875,#1874);
#1877=DIRECTION('',(-3.905667329425E-1,-6.509445549041E-1,6.509445549041E-1));
#1878=VECTOR('',#1877,7.681145747869E-1);
#1879=CARTESIAN_POINT('',(2.E1,-5.E-1,-5.E-1));
#1880=LINE('',#1879,#1878);
#1881=DIRECTION('',(3.905667329425E-1,-6.509445549041E-1,-6.509445549041E-1));
#1882=VECTOR('',#1881,7.681145747869E-1);
#1883=CARTESIAN_POINT('',(1.97E1,1.E0,0.E0));
#1884=LINE('',#1883,#1882);
#1885=DIRECTION('',(5.144957554275E-1,-8.574929257125E-1,0.E0));
#1886=VECTOR('',#1885,5.830951894845E-1);
#1887=CARTESIAN_POINT('',(1.97E1,1.E0,-1.15E0));
#1888=LINE('',#1887,#1886);
#1889=DIRECTION('',(0.E0,0.E0,1.E0));
#1890=VECTOR('',#1889,1.15E0);
#1891=CARTESIAN_POINT('',(-1.63E1,1.E0,-1.15E0));
#1892=LINE('',#1891,#1890);
#1893=DIRECTION('',(0.E0,0.E0,1.E0));
#1894=VECTOR('',#1893,1.15E0);
#1895=CARTESIAN_POINT('',(-1.77E1,1.E0,-1.15E0));
#1896=LINE('',#1895,#1894);
#1897=DIRECTION('',(0.E0,0.E0,1.E0));
#1898=VECTOR('',#1897,3.5E-1);
#1899=CARTESIAN_POINT('',(-1.77E1,1.E0,-1.5E0));
#1900=LINE('',#1899,#1898);
#1901=DIRECTION('',(1.E0,0.E0,0.E0));
#1902=VECTOR('',#1901,1.4E0);
#1903=CARTESIAN_POINT('',(-1.77E1,1.E0,-1.5E0));
#1904=LINE('',#1903,#1902);
#1905=DIRECTION('',(-1.015061051086E-14,0.E0,1.E0));
#1906=VECTOR('',#1905,3.5E-1);
#1907=CARTESIAN_POINT('',(-1.63E1,1.E0,-1.5E0));
#1908=LINE('',#1907,#1906);
#1909=DIRECTION('',(0.E0,0.E0,1.E0));
#1910=VECTOR('',#1909,1.15E0);
#1911=CARTESIAN_POINT('',(-1.43E1,1.E0,-1.15E0));
#1912=LINE('',#1911,#1910);
#1913=DIRECTION('',(0.E0,0.E0,1.E0));
#1914=VECTOR('',#1913,1.15E0);
#1915=CARTESIAN_POINT('',(-1.57E1,1.E0,-1.15E0));
#1916=LINE('',#1915,#1914);
#1917=DIRECTION('',(0.E0,0.E0,1.E0));
#1918=VECTOR('',#1917,3.5E-1);
#1919=CARTESIAN_POINT('',(-1.57E1,1.E0,-1.5E0));
#1920=LINE('',#1919,#1918);
#1921=DIRECTION('',(1.E0,0.E0,0.E0));
#1922=VECTOR('',#1921,1.4E0);
#1923=CARTESIAN_POINT('',(-1.57E1,1.E0,-1.5E0));
#1924=LINE('',#1923,#1922);
#1925=DIRECTION('',(0.E0,0.E0,1.E0));
#1926=VECTOR('',#1925,3.5E-1);
#1927=CARTESIAN_POINT('',(-1.43E1,1.E0,-1.5E0));
#1928=LINE('',#1927,#1926);
#1929=DIRECTION('',(0.E0,0.E0,1.E0));
#1930=VECTOR('',#1929,1.15E0);
#1931=CARTESIAN_POINT('',(-1.23E1,1.E0,-1.15E0));
#1932=LINE('',#1931,#1930);
#1933=DIRECTION('',(0.E0,0.E0,1.E0));
#1934=VECTOR('',#1933,1.15E0);
#1935=CARTESIAN_POINT('',(-1.37E1,1.E0,-1.15E0));
#1936=LINE('',#1935,#1934);
#1937=DIRECTION('',(0.E0,0.E0,1.E0));
#1938=VECTOR('',#1937,3.5E-1);
#1939=CARTESIAN_POINT('',(-1.37E1,1.E0,-1.5E0));
#1940=LINE('',#1939,#1938);
#1941=DIRECTION('',(1.E0,0.E0,0.E0));
#1942=VECTOR('',#1941,1.4E0);
#1943=CARTESIAN_POINT('',(-1.37E1,1.E0,-1.5E0));
#1944=LINE('',#1943,#1942);
#1945=DIRECTION('',(0.E0,0.E0,1.E0));
#1946=VECTOR('',#1945,3.5E-1);
#1947=CARTESIAN_POINT('',(-1.23E1,1.E0,-1.5E0));
#1948=LINE('',#1947,#1946);
#1949=DIRECTION('',(0.E0,0.E0,1.E0));
#1950=VECTOR('',#1949,1.15E0);
#1951=CARTESIAN_POINT('',(-1.03E1,1.E0,-1.15E0));
#1952=LINE('',#1951,#1950);
#1953=DIRECTION('',(0.E0,0.E0,1.E0));
#1954=VECTOR('',#1953,1.15E0);
#1955=CARTESIAN_POINT('',(-1.17E1,1.E0,-1.15E0));
#1956=LINE('',#1955,#1954);
#1957=DIRECTION('',(0.E0,0.E0,1.E0));
#1958=VECTOR('',#1957,3.5E-1);
#1959=CARTESIAN_POINT('',(-1.17E1,1.E0,-1.5E0));
#1960=LINE('',#1959,#1958);
#1961=DIRECTION('',(1.E0,0.E0,0.E0));
#1962=VECTOR('',#1961,1.4E0);
#1963=CARTESIAN_POINT('',(-1.17E1,1.E0,-1.5E0));
#1964=LINE('',#1963,#1962);
#1965=DIRECTION('',(0.E0,0.E0,1.E0));
#1966=VECTOR('',#1965,3.5E-1);
#1967=CARTESIAN_POINT('',(-1.03E1,1.E0,-1.5E0));
#1968=LINE('',#1967,#1966);
#1969=DIRECTION('',(0.E0,0.E0,1.E0));
#1970=VECTOR('',#1969,1.15E0);
#1971=CARTESIAN_POINT('',(-8.3E0,1.E0,-1.15E0));
#1972=LINE('',#1971,#1970);
#1973=DIRECTION('',(0.E0,0.E0,1.E0));
#1974=VECTOR('',#1973,1.15E0);
#1975=CARTESIAN_POINT('',(-9.7E0,1.E0,-1.15E0));
#1976=LINE('',#1975,#1974);
#1977=DIRECTION('',(0.E0,0.E0,1.E0));
#1978=VECTOR('',#1977,3.5E-1);
#1979=CARTESIAN_POINT('',(-9.7E0,1.E0,-1.5E0));
#1980=LINE('',#1979,#1978);
#1981=DIRECTION('',(1.E0,0.E0,0.E0));
#1982=VECTOR('',#1981,1.4E0);
#1983=CARTESIAN_POINT('',(-9.7E0,1.E0,-1.5E0));
#1984=LINE('',#1983,#1982);
#1985=DIRECTION('',(0.E0,0.E0,1.E0));
#1986=VECTOR('',#1985,3.5E-1);
#1987=CARTESIAN_POINT('',(-8.3E0,1.E0,-1.5E0));
#1988=LINE('',#1987,#1986);
#1989=DIRECTION('',(0.E0,0.E0,1.E0));
#1990=VECTOR('',#1989,1.15E0);
#1991=CARTESIAN_POINT('',(-6.3E0,1.E0,-1.15E0));
#1992=LINE('',#1991,#1990);
#1993=DIRECTION('',(0.E0,0.E0,1.E0));
#1994=VECTOR('',#1993,1.15E0);
#1995=CARTESIAN_POINT('',(-7.7E0,1.E0,-1.15E0));
#1996=LINE('',#1995,#1994);
#1997=DIRECTION('',(0.E0,0.E0,1.E0));
#1998=VECTOR('',#1997,3.5E-1);
#1999=CARTESIAN_POINT('',(-7.7E0,1.E0,-1.5E0));
#2000=LINE('',#1999,#1998);
#2001=DIRECTION('',(1.E0,0.E0,0.E0));
#2002=VECTOR('',#2001,1.4E0);
#2003=CARTESIAN_POINT('',(-7.7E0,1.E0,-1.5E0));
#2004=LINE('',#2003,#2002);
#2005=DIRECTION('',(0.E0,0.E0,1.E0));
#2006=VECTOR('',#2005,3.5E-1);
#2007=CARTESIAN_POINT('',(-6.3E0,1.E0,-1.5E0));
#2008=LINE('',#2007,#2006);
#2009=DIRECTION('',(0.E0,0.E0,1.E0));
#2010=VECTOR('',#2009,1.15E0);
#2011=CARTESIAN_POINT('',(-4.3E0,1.E0,-1.15E0));
#2012=LINE('',#2011,#2010);
#2013=DIRECTION('',(0.E0,0.E0,1.E0));
#2014=VECTOR('',#2013,1.15E0);
#2015=CARTESIAN_POINT('',(-5.7E0,1.E0,-1.15E0));
#2016=LINE('',#2015,#2014);
#2017=DIRECTION('',(0.E0,0.E0,1.E0));
#2018=VECTOR('',#2017,3.5E-1);
#2019=CARTESIAN_POINT('',(-5.7E0,1.E0,-1.5E0));
#2020=LINE('',#2019,#2018);
#2021=DIRECTION('',(1.E0,0.E0,0.E0));
#2022=VECTOR('',#2021,1.4E0);
#2023=CARTESIAN_POINT('',(-5.7E0,1.E0,-1.5E0));
#2024=LINE('',#2023,#2022);
#2025=DIRECTION('',(0.E0,0.E0,1.E0));
#2026=VECTOR('',#2025,3.5E-1);
#2027=CARTESIAN_POINT('',(-4.3E0,1.E0,-1.5E0));
#2028=LINE('',#2027,#2026);
#2029=DIRECTION('',(0.E0,0.E0,1.E0));
#2030=VECTOR('',#2029,1.15E0);
#2031=CARTESIAN_POINT('',(-2.3E0,1.E0,-1.15E0));
#2032=LINE('',#2031,#2030);
#2033=DIRECTION('',(0.E0,0.E0,1.E0));
#2034=VECTOR('',#2033,1.15E0);
#2035=CARTESIAN_POINT('',(-3.7E0,1.E0,-1.15E0));
#2036=LINE('',#2035,#2034);
#2037=DIRECTION('',(0.E0,0.E0,1.E0));
#2038=VECTOR('',#2037,3.5E-1);
#2039=CARTESIAN_POINT('',(-3.7E0,1.E0,-1.5E0));
#2040=LINE('',#2039,#2038);
#2041=DIRECTION('',(1.E0,0.E0,0.E0));
#2042=VECTOR('',#2041,1.4E0);
#2043=CARTESIAN_POINT('',(-3.7E0,1.E0,-1.5E0));
#2044=LINE('',#2043,#2042);
#2045=DIRECTION('',(0.E0,0.E0,1.E0));
#2046=VECTOR('',#2045,3.5E-1);
#2047=CARTESIAN_POINT('',(-2.3E0,1.E0,-1.5E0));
#2048=LINE('',#2047,#2046);
#2049=DIRECTION('',(0.E0,0.E0,1.E0));
#2050=VECTOR('',#2049,1.15E0);
#2051=CARTESIAN_POINT('',(-3.E-1,1.E0,-1.15E0));
#2052=LINE('',#2051,#2050);
#2053=DIRECTION('',(0.E0,0.E0,1.E0));
#2054=VECTOR('',#2053,1.15E0);
#2055=CARTESIAN_POINT('',(-1.7E0,1.E0,-1.15E0));
#2056=LINE('',#2055,#2054);
#2057=DIRECTION('',(0.E0,0.E0,1.E0));
#2058=VECTOR('',#2057,3.5E-1);
#2059=CARTESIAN_POINT('',(-1.7E0,1.E0,-1.5E0));
#2060=LINE('',#2059,#2058);
#2061=DIRECTION('',(1.E0,0.E0,0.E0));
#2062=VECTOR('',#2061,1.4E0);
#2063=CARTESIAN_POINT('',(-1.7E0,1.E0,-1.5E0));
#2064=LINE('',#2063,#2062);
#2065=DIRECTION('',(0.E0,0.E0,1.E0));
#2066=VECTOR('',#2065,3.5E-1);
#2067=CARTESIAN_POINT('',(-3.E-1,1.E0,-1.5E0));
#2068=LINE('',#2067,#2066);
#2069=DIRECTION('',(0.E0,0.E0,1.E0));
#2070=VECTOR('',#2069,1.15E0);
#2071=CARTESIAN_POINT('',(1.7E0,1.E0,-1.15E0));
#2072=LINE('',#2071,#2070);
#2073=DIRECTION('',(0.E0,0.E0,1.E0));
#2074=VECTOR('',#2073,1.15E0);
#2075=CARTESIAN_POINT('',(3.E-1,1.E0,-1.15E0));
#2076=LINE('',#2075,#2074);
#2077=DIRECTION('',(0.E0,0.E0,1.E0));
#2078=VECTOR('',#2077,3.5E-1);
#2079=CARTESIAN_POINT('',(3.E-1,1.E0,-1.5E0));
#2080=LINE('',#2079,#2078);
#2081=DIRECTION('',(1.E0,0.E0,0.E0));
#2082=VECTOR('',#2081,1.4E0);
#2083=CARTESIAN_POINT('',(3.E-1,1.E0,-1.5E0));
#2084=LINE('',#2083,#2082);
#2085=DIRECTION('',(0.E0,0.E0,1.E0));
#2086=VECTOR('',#2085,3.5E-1);
#2087=CARTESIAN_POINT('',(1.7E0,1.E0,-1.5E0));
#2088=LINE('',#2087,#2086);
#2089=DIRECTION('',(0.E0,0.E0,1.E0));
#2090=VECTOR('',#2089,1.15E0);
#2091=CARTESIAN_POINT('',(3.7E0,1.E0,-1.15E0));
#2092=LINE('',#2091,#2090);
#2093=DIRECTION('',(0.E0,0.E0,1.E0));
#2094=VECTOR('',#2093,1.15E0);
#2095=CARTESIAN_POINT('',(2.3E0,1.E0,-1.15E0));
#2096=LINE('',#2095,#2094);
#2097=DIRECTION('',(0.E0,0.E0,1.E0));
#2098=VECTOR('',#2097,3.5E-1);
#2099=CARTESIAN_POINT('',(2.3E0,1.E0,-1.5E0));
#2100=LINE('',#2099,#2098);
#2101=DIRECTION('',(1.E0,0.E0,0.E0));
#2102=VECTOR('',#2101,1.4E0);
#2103=CARTESIAN_POINT('',(2.3E0,1.E0,-1.5E0));
#2104=LINE('',#2103,#2102);
#2105=DIRECTION('',(0.E0,0.E0,1.E0));
#2106=VECTOR('',#2105,3.5E-1);
#2107=CARTESIAN_POINT('',(3.7E0,1.E0,-1.5E0));
#2108=LINE('',#2107,#2106);
#2109=DIRECTION('',(0.E0,0.E0,1.E0));
#2110=VECTOR('',#2109,1.15E0);
#2111=CARTESIAN_POINT('',(5.7E0,1.E0,-1.15E0));
#2112=LINE('',#2111,#2110);
#2113=DIRECTION('',(0.E0,0.E0,1.E0));
#2114=VECTOR('',#2113,1.15E0);
#2115=CARTESIAN_POINT('',(4.3E0,1.E0,-1.15E0));
#2116=LINE('',#2115,#2114);
#2117=DIRECTION('',(0.E0,0.E0,1.E0));
#2118=VECTOR('',#2117,3.5E-1);
#2119=CARTESIAN_POINT('',(4.3E0,1.E0,-1.5E0));
#2120=LINE('',#2119,#2118);
#2121=DIRECTION('',(1.E0,0.E0,0.E0));
#2122=VECTOR('',#2121,1.4E0);
#2123=CARTESIAN_POINT('',(4.3E0,1.E0,-1.5E0));
#2124=LINE('',#2123,#2122);
#2125=DIRECTION('',(0.E0,0.E0,1.E0));
#2126=VECTOR('',#2125,3.5E-1);
#2127=CARTESIAN_POINT('',(5.7E0,1.E0,-1.5E0));
#2128=LINE('',#2127,#2126);
#2129=DIRECTION('',(0.E0,0.E0,1.E0));
#2130=VECTOR('',#2129,1.15E0);
#2131=CARTESIAN_POINT('',(7.7E0,1.E0,-1.15E0));
#2132=LINE('',#2131,#2130);
#2133=DIRECTION('',(0.E0,0.E0,1.E0));
#2134=VECTOR('',#2133,1.15E0);
#2135=CARTESIAN_POINT('',(6.3E0,1.E0,-1.15E0));
#2136=LINE('',#2135,#2134);
#2137=DIRECTION('',(0.E0,0.E0,1.E0));
#2138=VECTOR('',#2137,3.5E-1);
#2139=CARTESIAN_POINT('',(6.3E0,1.E0,-1.5E0));
#2140=LINE('',#2139,#2138);
#2141=DIRECTION('',(1.E0,0.E0,0.E0));
#2142=VECTOR('',#2141,1.4E0);
#2143=CARTESIAN_POINT('',(6.3E0,1.E0,-1.5E0));
#2144=LINE('',#2143,#2142);
#2145=DIRECTION('',(0.E0,0.E0,1.E0));
#2146=VECTOR('',#2145,3.5E-1);
#2147=CARTESIAN_POINT('',(7.7E0,1.E0,-1.5E0));
#2148=LINE('',#2147,#2146);
#2149=DIRECTION('',(0.E0,0.E0,1.E0));
#2150=VECTOR('',#2149,1.15E0);
#2151=CARTESIAN_POINT('',(9.7E0,1.E0,-1.15E0));
#2152=LINE('',#2151,#2150);
#2153=DIRECTION('',(0.E0,0.E0,1.E0));
#2154=VECTOR('',#2153,1.15E0);
#2155=CARTESIAN_POINT('',(8.3E0,1.E0,-1.15E0));
#2156=LINE('',#2155,#2154);
#2157=DIRECTION('',(0.E0,0.E0,1.E0));
#2158=VECTOR('',#2157,3.5E-1);
#2159=CARTESIAN_POINT('',(8.3E0,1.E0,-1.5E0));
#2160=LINE('',#2159,#2158);
#2161=DIRECTION('',(1.E0,0.E0,0.E0));
#2162=VECTOR('',#2161,1.4E0);
#2163=CARTESIAN_POINT('',(8.3E0,1.E0,-1.5E0));
#2164=LINE('',#2163,#2162);
#2165=DIRECTION('',(0.E0,0.E0,1.E0));
#2166=VECTOR('',#2165,3.5E-1);
#2167=CARTESIAN_POINT('',(9.7E0,1.E0,-1.5E0));
#2168=LINE('',#2167,#2166);
#2169=DIRECTION('',(0.E0,0.E0,1.E0));
#2170=VECTOR('',#2169,1.15E0);
#2171=CARTESIAN_POINT('',(1.17E1,1.E0,-1.15E0));
#2172=LINE('',#2171,#2170);
#2173=DIRECTION('',(0.E0,0.E0,1.E0));
#2174=VECTOR('',#2173,1.15E0);
#2175=CARTESIAN_POINT('',(1.03E1,1.E0,-1.15E0));
#2176=LINE('',#2175,#2174);
#2177=DIRECTION('',(0.E0,0.E0,1.E0));
#2178=VECTOR('',#2177,3.5E-1);
#2179=CARTESIAN_POINT('',(1.03E1,1.E0,-1.5E0));
#2180=LINE('',#2179,#2178);
#2181=DIRECTION('',(1.E0,0.E0,0.E0));
#2182=VECTOR('',#2181,1.4E0);
#2183=CARTESIAN_POINT('',(1.03E1,1.E0,-1.5E0));
#2184=LINE('',#2183,#2182);
#2185=DIRECTION('',(0.E0,0.E0,1.E0));
#2186=VECTOR('',#2185,3.5E-1);
#2187=CARTESIAN_POINT('',(1.17E1,1.E0,-1.5E0));
#2188=LINE('',#2187,#2186);
#2189=DIRECTION('',(0.E0,0.E0,1.E0));
#2190=VECTOR('',#2189,1.15E0);
#2191=CARTESIAN_POINT('',(1.37E1,1.E0,-1.15E0));
#2192=LINE('',#2191,#2190);
#2193=DIRECTION('',(0.E0,0.E0,1.E0));
#2194=VECTOR('',#2193,1.15E0);
#2195=CARTESIAN_POINT('',(1.23E1,1.E0,-1.15E0));
#2196=LINE('',#2195,#2194);
#2197=DIRECTION('',(0.E0,0.E0,1.E0));
#2198=VECTOR('',#2197,3.5E-1);
#2199=CARTESIAN_POINT('',(1.23E1,1.E0,-1.5E0));
#2200=LINE('',#2199,#2198);
#2201=DIRECTION('',(1.E0,0.E0,0.E0));
#2202=VECTOR('',#2201,1.4E0);
#2203=CARTESIAN_POINT('',(1.23E1,1.E0,-1.5E0));
#2204=LINE('',#2203,#2202);
#2205=DIRECTION('',(0.E0,0.E0,1.E0));
#2206=VECTOR('',#2205,3.5E-1);
#2207=CARTESIAN_POINT('',(1.37E1,1.E0,-1.5E0));
#2208=LINE('',#2207,#2206);
#2209=DIRECTION('',(0.E0,0.E0,1.E0));
#2210=VECTOR('',#2209,1.15E0);
#2211=CARTESIAN_POINT('',(1.57E1,1.E0,-1.15E0));
#2212=LINE('',#2211,#2210);
#2213=DIRECTION('',(0.E0,0.E0,1.E0));
#2214=VECTOR('',#2213,1.15E0);
#2215=CARTESIAN_POINT('',(1.43E1,1.E0,-1.15E0));
#2216=LINE('',#2215,#2214);
#2217=DIRECTION('',(0.E0,0.E0,1.E0));
#2218=VECTOR('',#2217,3.5E-1);
#2219=CARTESIAN_POINT('',(1.43E1,1.E0,-1.5E0));
#2220=LINE('',#2219,#2218);
#2221=DIRECTION('',(1.E0,0.E0,0.E0));
#2222=VECTOR('',#2221,1.4E0);
#2223=CARTESIAN_POINT('',(1.43E1,1.E0,-1.5E0));
#2224=LINE('',#2223,#2222);
#2225=DIRECTION('',(0.E0,0.E0,1.E0));
#2226=VECTOR('',#2225,3.5E-1);
#2227=CARTESIAN_POINT('',(1.57E1,1.E0,-1.5E0));
#2228=LINE('',#2227,#2226);
#2229=DIRECTION('',(0.E0,0.E0,1.E0));
#2230=VECTOR('',#2229,1.15E0);
#2231=CARTESIAN_POINT('',(1.77E1,1.E0,-1.15E0));
#2232=LINE('',#2231,#2230);
#2233=DIRECTION('',(0.E0,0.E0,1.E0));
#2234=VECTOR('',#2233,1.15E0);
#2235=CARTESIAN_POINT('',(1.63E1,1.E0,-1.15E0));
#2236=LINE('',#2235,#2234);
#2237=DIRECTION('',(0.E0,0.E0,1.E0));
#2238=VECTOR('',#2237,3.5E-1);
#2239=CARTESIAN_POINT('',(1.63E1,1.E0,-1.5E0));
#2240=LINE('',#2239,#2238);
#2241=DIRECTION('',(1.E0,0.E0,0.E0));
#2242=VECTOR('',#2241,1.4E0);
#2243=CARTESIAN_POINT('',(1.63E1,1.E0,-1.5E0));
#2244=LINE('',#2243,#2242);
#2245=DIRECTION('',(0.E0,0.E0,1.E0));
#2246=VECTOR('',#2245,3.5E-1);
#2247=CARTESIAN_POINT('',(1.77E1,1.E0,-1.5E0));
#2248=LINE('',#2247,#2246);
#2249=DIRECTION('',(0.E0,0.E0,1.E0));
#2250=VECTOR('',#2249,1.15E0);
#2251=CARTESIAN_POINT('',(1.97E1,1.E0,-1.15E0));
#2252=LINE('',#2251,#2250);
#2253=DIRECTION('',(0.E0,0.E0,1.E0));
#2254=VECTOR('',#2253,1.15E0);
#2255=CARTESIAN_POINT('',(1.83E1,1.E0,-1.15E0));
#2256=LINE('',#2255,#2254);
#2257=DIRECTION('',(0.E0,0.E0,1.E0));
#2258=VECTOR('',#2257,3.5E-1);
#2259=CARTESIAN_POINT('',(1.83E1,1.E0,-1.5E0));
#2260=LINE('',#2259,#2258);
#2261=DIRECTION('',(1.E0,0.E0,0.E0));
#2262=VECTOR('',#2261,1.4E0);
#2263=CARTESIAN_POINT('',(1.83E1,1.E0,-1.5E0));
#2264=LINE('',#2263,#2262);
#2265=DIRECTION('',(0.E0,0.E0,1.E0));
#2266=VECTOR('',#2265,3.5E-1);
#2267=CARTESIAN_POINT('',(1.97E1,1.E0,-1.5E0));
#2268=LINE('',#2267,#2266);
#2269=DIRECTION('',(0.E0,0.E0,-1.E0));
#2270=VECTOR('',#2269,1.5E0);
#2271=CARTESIAN_POINT('',(-1.985E1,1.E0,0.E0));
#2272=LINE('',#2271,#2270);
#2273=DIRECTION('',(1.E0,0.E0,0.E0));
#2274=VECTOR('',#2273,1.55E0);
#2275=CARTESIAN_POINT('',(-1.985E1,1.E0,-1.5E0));
#2276=LINE('',#2275,#2274);
#2277=DIRECTION('',(-1.015061051086E-14,0.E0,1.E0));
#2278=VECTOR('',#2277,3.5E-1);
#2279=CARTESIAN_POINT('',(-1.83E1,1.E0,-1.5E0));
#2280=LINE('',#2279,#2278);
#2281=DIRECTION('',(0.E0,0.E0,1.E0));
#2282=VECTOR('',#2281,1.15E0);
#2283=CARTESIAN_POINT('',(-1.83E1,1.E0,-1.15E0));
#2284=LINE('',#2283,#2282);
#2285=DIRECTION('',(0.E0,0.E0,1.E0));
#2286=VECTOR('',#2285,7.257247877714E-1);
#2287=CARTESIAN_POINT('',(-1.604543487266E1,5.757247877714E-1,-1.15E0));
#2288=LINE('',#2287,#2286);
#2289=DIRECTION('',(-3.905667329425E-1,6.509445549041E-1,6.509445549041E-1));
#2290=VECTOR('',#2289,6.517839484672E-1);
#2291=CARTESIAN_POINT('',(-1.604543487266E1,5.757247877714E-1,
-4.242752122286E-1));
#2292=LINE('',#2291,#2290);
#2293=DIRECTION('',(0.E0,0.E0,1.E0));
#2294=VECTOR('',#2293,7.257247877714E-1);
#2295=CARTESIAN_POINT('',(-1.595456512734E1,5.757247877714E-1,-1.15E0));
#2296=LINE('',#2295,#2294);
#2297=CARTESIAN_POINT('',(-1.604543487266E1,5.757247877714E-1,
-4.242752122286E-1));
#2298=CARTESIAN_POINT('',(-1.604314979096E1,5.719163182728E-1,
-4.280836817272E-1));
#2299=CARTESIAN_POINT('',(-1.603775510848E1,5.650689669336E-1,
-4.349310330664E-1));
#2300=CARTESIAN_POINT('',(-1.602767983740E1,5.572474222934E-1,
-4.427525777066E-1));
#2301=CARTESIAN_POINT('',(-1.601679592889E1,5.522765607563E-1,
-4.477234392437E-1));
#2302=CARTESIAN_POINT('',(-1.600542370962E1,5.498787391685E-1,
-4.501212608315E-1));
#2303=CARTESIAN_POINT('',(-1.599430046888E1,5.499041290072E-1,
-4.500958709928E-1));
#2304=CARTESIAN_POINT('',(-1.598289756687E1,5.523797292432E-1,
-4.476202707568E-1));
#2305=CARTESIAN_POINT('',(-1.597210442398E1,5.573857679171E-1,
-4.426142320829E-1));
#2306=CARTESIAN_POINT('',(-1.596212615347E1,5.652005514401E-1,
-4.347994485599E-1));
#2307=CARTESIAN_POINT('',(-1.595681724100E1,5.719712650005E-1,
-4.280287349995E-1));
#2308=CARTESIAN_POINT('',(-1.595456512734E1,5.757247877714E-1,
-4.242752122286E-1));
#2310=DIRECTION('',(-3.905667329425E-1,-6.509445549041E-1,-6.509445549041E-1));
#2311=VECTOR('',#2310,6.517839484672E-1);
#2312=CARTESIAN_POINT('',(-1.77E1,1.E0,0.E0));
#2313=LINE('',#2312,#2311);
#2314=DIRECTION('',(0.E0,-1.193253935651E-14,1.E0));
#2315=VECTOR('',#2314,7.257247877714E-1);
#2316=CARTESIAN_POINT('',(-1.795456512734E1,-5.757247877714E-1,-1.15E0));
#2317=LINE('',#2316,#2315);
#2318=DIRECTION('',(-3.905667329425E-1,6.509445549041E-1,-6.509445549041E-1));
#2319=VECTOR('',#2318,6.517839484672E-1);
#2320=CARTESIAN_POINT('',(-1.77E1,-1.E0,0.E0));
#2321=LINE('',#2320,#2319);
#2322=CARTESIAN_POINT('',(-1.795456512734E1,-5.757247877714E-1,
-4.242752122286E-1));
#2323=CARTESIAN_POINT('',(-1.795680211571E1,-5.719964738219E-1,
-4.280035261781E-1));
#2324=CARTESIAN_POINT('',(-1.796207166428E1,-5.652605753829E-1,
-4.347394246171E-1));
#2325=CARTESIAN_POINT('',(-1.797201173433E1,-5.574455515824E-1,
-4.425544484176E-1));
#2326=CARTESIAN_POINT('',(-1.798276242946E1,-5.524260536410E-1,
-4.475739463590E-1));
#2327=CARTESIAN_POINT('',(-1.799417889836E1,-5.499158085700E-1,
-4.500841914300E-1));
#2328=CARTESIAN_POINT('',(-1.800530073282E1,-5.498677903348E-1,
-4.501322096652E-1));
#2329=CARTESIAN_POINT('',(-1.801665480446E1,-5.522313356213E-1,
-4.477686643787E-1));
#2330=CARTESIAN_POINT('',(-1.802756831561E1,-5.571748375094E-1,
-4.428251624906E-1));
#2331=CARTESIAN_POINT('',(-1.803772314692E1,-5.650286971092E-1,
-4.349713028908E-1));
#2332=CARTESIAN_POINT('',(-1.804314071201E1,-5.719011866883E-1,
-4.280988133117E-1));
#2333=CARTESIAN_POINT('',(-1.804543487266E1,-5.757247877714E-1,
-4.242752122286E-1));
#2335=DIRECTION('',(0.E0,0.E0,1.E0));
#2336=VECTOR('',#2335,7.257247877714E-1);
#2337=CARTESIAN_POINT('',(-1.804543487266E1,-5.757247877714E-1,-1.15E0));
#2338=LINE('',#2337,#2336);
#2339=DIRECTION('',(0.E0,-1.E0,0.E0));
#2340=VECTOR('',#2339,1.151449575543E0);
#2341=CARTESIAN_POINT('',(-1.795456512734E1,5.757247877714E-1,
-4.242752122286E-1));
#2342=LINE('',#2341,#2340);
#2343=DIRECTION('',(0.E0,-1.E0,0.E0));
#2344=VECTOR('',#2343,1.151449575543E0);
#2345=CARTESIAN_POINT('',(-1.804543487266E1,5.757247877714E-1,
-4.242752122286E-1));
#2346=LINE('',#2345,#2344);
#2347=DIRECTION('',(0.E0,0.E0,1.E0));
#2348=VECTOR('',#2347,7.257247877714E-1);
#2349=CARTESIAN_POINT('',(-1.804543487266E1,5.757247877714E-1,-1.15E0));
#2350=LINE('',#2349,#2348);
#2351=DIRECTION('',(-3.905667329425E-1,6.509445549041E-1,6.509445549041E-1));
#2352=VECTOR('',#2351,6.517839484672E-1);
#2353=CARTESIAN_POINT('',(-1.804543487266E1,5.757247877714E-1,
-4.242752122286E-1));
#2354=LINE('',#2353,#2352);
#2355=CARTESIAN_POINT('',(-1.804543487266E1,5.757247877714E-1,
-4.242752122286E-1));
#2356=CARTESIAN_POINT('',(-1.804314979096E1,5.719163182728E-1,
-4.280836817272E-1));
#2357=CARTESIAN_POINT('',(-1.803775510848E1,5.650689669336E-1,
-4.349310330664E-1));
#2358=CARTESIAN_POINT('',(-1.802767983740E1,5.572474222934E-1,
-4.427525777065E-1));
#2359=CARTESIAN_POINT('',(-1.801679592889E1,5.522765607563E-1,
-4.477234392437E-1));
#2360=CARTESIAN_POINT('',(-1.800542370962E1,5.498787391685E-1,
-4.501212608315E-1));
#2361=CARTESIAN_POINT('',(-1.799430046888E1,5.499041290072E-1,
-4.500958709928E-1));
#2362=CARTESIAN_POINT('',(-1.798289756687E1,5.523797292432E-1,
-4.476202707568E-1));
#2363=CARTESIAN_POINT('',(-1.797210442398E1,5.573857679171E-1,
-4.426142320829E-1));
#2364=CARTESIAN_POINT('',(-1.796212615347E1,5.652005514401E-1,
-4.347994485599E-1));
#2365=CARTESIAN_POINT('',(-1.795681724100E1,5.719712650005E-1,
-4.280287349995E-1));
#2366=CARTESIAN_POINT('',(-1.795456512734E1,5.757247877714E-1,
-4.242752122286E-1));
#2368=DIRECTION('',(0.E0,0.E0,1.E0));
#2369=VECTOR('',#2368,7.257247877714E-1);
#2370=CARTESIAN_POINT('',(-1.795456512734E1,5.757247877714E-1,-1.15E0));
#2371=LINE('',#2370,#2369);
#2372=DIRECTION('',(-3.905667329425E-1,-6.509445549041E-1,6.509445549041E-1));
#2373=VECTOR('',#2372,6.517839484672E-1);
#2374=CARTESIAN_POINT('',(-1.804543487266E1,-5.757247877714E-1,
-4.242752122286E-1));
#2375=LINE('',#2374,#2373);
#2376=DIRECTION('',(0.E0,0.E0,1.E0));
#2377=VECTOR('',#2376,3.5E-1);
#2378=CARTESIAN_POINT('',(-1.77E1,-1.E0,-1.5E0));
#2379=LINE('',#2378,#2377);
#2380=DIRECTION('',(0.E0,0.E0,-1.E0));
#2381=VECTOR('',#2380,1.15E0);
#2382=CARTESIAN_POINT('',(-1.77E1,-1.E0,0.E0));
#2383=LINE('',#2382,#2381);
#2384=DIRECTION('',(1.E0,0.E0,0.E0));
#2385=VECTOR('',#2384,1.4E0);
#2386=CARTESIAN_POINT('',(-1.77E1,-1.E0,0.E0));
#2387=LINE('',#2386,#2385);
#2388=DIRECTION('',(0.E0,0.E0,-1.E0));
#2389=VECTOR('',#2388,1.15E0);
#2390=CARTESIAN_POINT('',(-1.63E1,-1.E0,0.E0));
#2391=LINE('',#2390,#2389);
#2392=DIRECTION('',(-1.015061051086E-14,0.E0,1.E0));
#2393=VECTOR('',#2392,3.5E-1);
#2394=CARTESIAN_POINT('',(-1.63E1,-1.E0,-1.5E0));
#2395=LINE('',#2394,#2393);
#2396=DIRECTION('',(0.E0,0.E0,1.E0));
#2397=VECTOR('',#2396,3.5E-1);
#2398=CARTESIAN_POINT('',(-1.57E1,-1.E0,-1.5E0));
#2399=LINE('',#2398,#2397);
#2400=DIRECTION('',(0.E0,0.E0,-1.E0));
#2401=VECTOR('',#2400,1.15E0);
#2402=CARTESIAN_POINT('',(-1.57E1,-1.E0,0.E0));
#2403=LINE('',#2402,#2401);
#2404=DIRECTION('',(1.E0,0.E0,0.E0));
#2405=VECTOR('',#2404,1.4E0);
#2406=CARTESIAN_POINT('',(-1.57E1,-1.E0,0.E0));
#2407=LINE('',#2406,#2405);
#2408=DIRECTION('',(0.E0,0.E0,-1.E0));
#2409=VECTOR('',#2408,1.15E0);
#2410=CARTESIAN_POINT('',(-1.43E1,-1.E0,0.E0));
#2411=LINE('',#2410,#2409);
#2412=DIRECTION('',(0.E0,0.E0,1.E0));
#2413=VECTOR('',#2412,3.5E-1);
#2414=CARTESIAN_POINT('',(-1.43E1,-1.E0,-1.5E0));
#2415=LINE('',#2414,#2413);
#2416=DIRECTION('',(0.E0,0.E0,1.E0));
#2417=VECTOR('',#2416,3.5E-1);
#2418=CARTESIAN_POINT('',(-1.37E1,-1.E0,-1.5E0));
#2419=LINE('',#2418,#2417);
#2420=DIRECTION('',(0.E0,0.E0,-1.E0));
#2421=VECTOR('',#2420,1.15E0);
#2422=CARTESIAN_POINT('',(-1.37E1,-1.E0,0.E0));
#2423=LINE('',#2422,#2421);
#2424=DIRECTION('',(1.E0,0.E0,0.E0));
#2425=VECTOR('',#2424,1.4E0);
#2426=CARTESIAN_POINT('',(-1.37E1,-1.E0,0.E0));
#2427=LINE('',#2426,#2425);
#2428=DIRECTION('',(0.E0,0.E0,-1.E0));
#2429=VECTOR('',#2428,1.15E0);
#2430=CARTESIAN_POINT('',(-1.23E1,-1.E0,0.E0));
#2431=LINE('',#2430,#2429);
#2432=DIRECTION('',(0.E0,0.E0,1.E0));
#2433=VECTOR('',#2432,3.5E-1);
#2434=CARTESIAN_POINT('',(-1.23E1,-1.E0,-1.5E0));
#2435=LINE('',#2434,#2433);
#2436=DIRECTION('',(0.E0,0.E0,1.E0));
#2437=VECTOR('',#2436,3.5E-1);
#2438=CARTESIAN_POINT('',(-1.17E1,-1.E0,-1.5E0));
#2439=LINE('',#2438,#2437);
#2440=DIRECTION('',(0.E0,0.E0,-1.E0));
#2441=VECTOR('',#2440,1.15E0);
#2442=CARTESIAN_POINT('',(-1.17E1,-1.E0,0.E0));
#2443=LINE('',#2442,#2441);
#2444=DIRECTION('',(1.E0,0.E0,0.E0));
#2445=VECTOR('',#2444,1.4E0);
#2446=CARTESIAN_POINT('',(-1.17E1,-1.E0,0.E0));
#2447=LINE('',#2446,#2445);
#2448=DIRECTION('',(0.E0,0.E0,-1.E0));
#2449=VECTOR('',#2448,1.15E0);
#2450=CARTESIAN_POINT('',(-1.03E1,-1.E0,0.E0));
#2451=LINE('',#2450,#2449);
#2452=DIRECTION('',(0.E0,0.E0,1.E0));
#2453=VECTOR('',#2452,3.5E-1);
#2454=CARTESIAN_POINT('',(-1.03E1,-1.E0,-1.5E0));
#2455=LINE('',#2454,#2453);
#2456=DIRECTION('',(0.E0,0.E0,1.E0));
#2457=VECTOR('',#2456,3.5E-1);
#2458=CARTESIAN_POINT('',(-9.7E0,-1.E0,-1.5E0));
#2459=LINE('',#2458,#2457);
#2460=DIRECTION('',(0.E0,0.E0,-1.E0));
#2461=VECTOR('',#2460,1.15E0);
#2462=CARTESIAN_POINT('',(-9.7E0,-1.E0,0.E0));
#2463=LINE('',#2462,#2461);
#2464=DIRECTION('',(1.E0,0.E0,0.E0));
#2465=VECTOR('',#2464,1.4E0);
#2466=CARTESIAN_POINT('',(-9.7E0,-1.E0,0.E0));
#2467=LINE('',#2466,#2465);
#2468=DIRECTION('',(0.E0,0.E0,-1.E0));
#2469=VECTOR('',#2468,1.15E0);
#2470=CARTESIAN_POINT('',(-8.3E0,-1.E0,0.E0));
#2471=LINE('',#2470,#2469);
#2472=DIRECTION('',(0.E0,0.E0,1.E0));
#2473=VECTOR('',#2472,3.5E-1);
#2474=CARTESIAN_POINT('',(-8.3E0,-1.E0,-1.5E0));
#2475=LINE('',#2474,#2473);
#2476=DIRECTION('',(0.E0,0.E0,1.E0));
#2477=VECTOR('',#2476,3.5E-1);
#2478=CARTESIAN_POINT('',(-7.7E0,-1.E0,-1.5E0));
#2479=LINE('',#2478,#2477);
#2480=DIRECTION('',(0.E0,0.E0,-1.E0));
#2481=VECTOR('',#2480,1.15E0);
#2482=CARTESIAN_POINT('',(-7.7E0,-1.E0,0.E0));
#2483=LINE('',#2482,#2481);
#2484=DIRECTION('',(1.E0,0.E0,0.E0));
#2485=VECTOR('',#2484,1.4E0);
#2486=CARTESIAN_POINT('',(-7.7E0,-1.E0,0.E0));
#2487=LINE('',#2486,#2485);
#2488=DIRECTION('',(0.E0,0.E0,-1.E0));
#2489=VECTOR('',#2488,1.15E0);
#2490=CARTESIAN_POINT('',(-6.3E0,-1.E0,0.E0));
#2491=LINE('',#2490,#2489);
#2492=DIRECTION('',(0.E0,0.E0,1.E0));
#2493=VECTOR('',#2492,3.5E-1);
#2494=CARTESIAN_POINT('',(-6.3E0,-1.E0,-1.5E0));
#2495=LINE('',#2494,#2493);
#2496=DIRECTION('',(0.E0,0.E0,1.E0));
#2497=VECTOR('',#2496,3.5E-1);
#2498=CARTESIAN_POINT('',(-5.7E0,-1.E0,-1.5E0));
#2499=LINE('',#2498,#2497);
#2500=DIRECTION('',(0.E0,0.E0,-1.E0));
#2501=VECTOR('',#2500,1.15E0);
#2502=CARTESIAN_POINT('',(-5.7E0,-1.E0,0.E0));
#2503=LINE('',#2502,#2501);
#2504=DIRECTION('',(1.E0,0.E0,0.E0));
#2505=VECTOR('',#2504,1.4E0);
#2506=CARTESIAN_POINT('',(-5.7E0,-1.E0,0.E0));
#2507=LINE('',#2506,#2505);
#2508=DIRECTION('',(0.E0,0.E0,-1.E0));
#2509=VECTOR('',#2508,1.15E0);
#2510=CARTESIAN_POINT('',(-4.3E0,-1.E0,0.E0));
#2511=LINE('',#2510,#2509);
#2512=DIRECTION('',(0.E0,0.E0,1.E0));
#2513=VECTOR('',#2512,3.5E-1);
#2514=CARTESIAN_POINT('',(-4.3E0,-1.E0,-1.5E0));
#2515=LINE('',#2514,#2513);
#2516=DIRECTION('',(0.E0,0.E0,1.E0));
#2517=VECTOR('',#2516,3.5E-1);
#2518=CARTESIAN_POINT('',(-3.7E0,-1.E0,-1.5E0));
#2519=LINE('',#2518,#2517);
#2520=DIRECTION('',(0.E0,0.E0,-1.E0));
#2521=VECTOR('',#2520,1.15E0);
#2522=CARTESIAN_POINT('',(-3.7E0,-1.E0,0.E0));
#2523=LINE('',#2522,#2521);
#2524=DIRECTION('',(1.E0,0.E0,0.E0));
#2525=VECTOR('',#2524,1.4E0);
#2526=CARTESIAN_POINT('',(-3.7E0,-1.E0,0.E0));
#2527=LINE('',#2526,#2525);
#2528=DIRECTION('',(0.E0,0.E0,-1.E0));
#2529=VECTOR('',#2528,1.15E0);
#2530=CARTESIAN_POINT('',(-2.3E0,-1.E0,0.E0));
#2531=LINE('',#2530,#2529);
#2532=DIRECTION('',(0.E0,0.E0,1.E0));
#2533=VECTOR('',#2532,3.5E-1);
#2534=CARTESIAN_POINT('',(-2.3E0,-1.E0,-1.5E0));
#2535=LINE('',#2534,#2533);
#2536=DIRECTION('',(0.E0,0.E0,1.E0));
#2537=VECTOR('',#2536,3.5E-1);
#2538=CARTESIAN_POINT('',(-1.7E0,-1.E0,-1.5E0));
#2539=LINE('',#2538,#2537);
#2540=DIRECTION('',(0.E0,0.E0,-1.E0));
#2541=VECTOR('',#2540,1.15E0);
#2542=CARTESIAN_POINT('',(-1.7E0,-1.E0,0.E0));
#2543=LINE('',#2542,#2541);
#2544=DIRECTION('',(1.E0,0.E0,0.E0));
#2545=VECTOR('',#2544,1.4E0);
#2546=CARTESIAN_POINT('',(-1.7E0,-1.E0,0.E0));
#2547=LINE('',#2546,#2545);
#2548=DIRECTION('',(0.E0,0.E0,-1.E0));
#2549=VECTOR('',#2548,1.15E0);
#2550=CARTESIAN_POINT('',(-3.E-1,-1.E0,0.E0));
#2551=LINE('',#2550,#2549);
#2552=DIRECTION('',(0.E0,0.E0,1.E0));
#2553=VECTOR('',#2552,3.5E-1);
#2554=CARTESIAN_POINT('',(-3.E-1,-1.E0,-1.5E0));
#2555=LINE('',#2554,#2553);
#2556=DIRECTION('',(0.E0,0.E0,1.E0));
#2557=VECTOR('',#2556,3.5E-1);
#2558=CARTESIAN_POINT('',(3.E-1,-1.E0,-1.5E0));
#2559=LINE('',#2558,#2557);
#2560=DIRECTION('',(0.E0,0.E0,-1.E0));
#2561=VECTOR('',#2560,1.15E0);
#2562=CARTESIAN_POINT('',(3.E-1,-1.E0,0.E0));
#2563=LINE('',#2562,#2561);
#2564=DIRECTION('',(1.E0,0.E0,0.E0));
#2565=VECTOR('',#2564,1.4E0);
#2566=CARTESIAN_POINT('',(3.E-1,-1.E0,0.E0));
#2567=LINE('',#2566,#2565);
#2568=DIRECTION('',(0.E0,0.E0,-1.E0));
#2569=VECTOR('',#2568,1.15E0);
#2570=CARTESIAN_POINT('',(1.7E0,-1.E0,0.E0));
#2571=LINE('',#2570,#2569);
#2572=DIRECTION('',(0.E0,0.E0,1.E0));
#2573=VECTOR('',#2572,3.5E-1);
#2574=CARTESIAN_POINT('',(1.7E0,-1.E0,-1.5E0));
#2575=LINE('',#2574,#2573);
#2576=DIRECTION('',(0.E0,0.E0,1.E0));
#2577=VECTOR('',#2576,3.5E-1);
#2578=CARTESIAN_POINT('',(2.3E0,-1.E0,-1.5E0));
#2579=LINE('',#2578,#2577);
#2580=DIRECTION('',(0.E0,0.E0,-1.E0));
#2581=VECTOR('',#2580,1.15E0);
#2582=CARTESIAN_POINT('',(2.3E0,-1.E0,0.E0));
#2583=LINE('',#2582,#2581);
#2584=DIRECTION('',(1.E0,0.E0,0.E0));
#2585=VECTOR('',#2584,1.4E0);
#2586=CARTESIAN_POINT('',(2.3E0,-1.E0,0.E0));
#2587=LINE('',#2586,#2585);
#2588=DIRECTION('',(0.E0,0.E0,-1.E0));
#2589=VECTOR('',#2588,1.15E0);
#2590=CARTESIAN_POINT('',(3.7E0,-1.E0,0.E0));
#2591=LINE('',#2590,#2589);
#2592=DIRECTION('',(0.E0,0.E0,1.E0));
#2593=VECTOR('',#2592,3.5E-1);
#2594=CARTESIAN_POINT('',(3.7E0,-1.E0,-1.5E0));
#2595=LINE('',#2594,#2593);
#2596=DIRECTION('',(0.E0,0.E0,1.E0));
#2597=VECTOR('',#2596,3.5E-1);
#2598=CARTESIAN_POINT('',(4.3E0,-1.E0,-1.5E0));
#2599=LINE('',#2598,#2597);
#2600=DIRECTION('',(0.E0,0.E0,-1.E0));
#2601=VECTOR('',#2600,1.15E0);
#2602=CARTESIAN_POINT('',(4.3E0,-1.E0,0.E0));
#2603=LINE('',#2602,#2601);
#2604=DIRECTION('',(1.E0,0.E0,0.E0));
#2605=VECTOR('',#2604,1.4E0);
#2606=CARTESIAN_POINT('',(4.3E0,-1.E0,0.E0));
#2607=LINE('',#2606,#2605);
#2608=DIRECTION('',(0.E0,0.E0,-1.E0));
#2609=VECTOR('',#2608,1.15E0);
#2610=CARTESIAN_POINT('',(5.7E0,-1.E0,0.E0));
#2611=LINE('',#2610,#2609);
#2612=DIRECTION('',(0.E0,0.E0,1.E0));
#2613=VECTOR('',#2612,3.5E-1);
#2614=CARTESIAN_POINT('',(5.7E0,-1.E0,-1.5E0));
#2615=LINE('',#2614,#2613);
#2616=DIRECTION('',(0.E0,0.E0,1.E0));
#2617=VECTOR('',#2616,3.5E-1);
#2618=CARTESIAN_POINT('',(6.3E0,-1.E0,-1.5E0));
#2619=LINE('',#2618,#2617);
#2620=DIRECTION('',(0.E0,0.E0,-1.E0));
#2621=VECTOR('',#2620,1.15E0);
#2622=CARTESIAN_POINT('',(6.3E0,-1.E0,0.E0));
#2623=LINE('',#2622,#2621);
#2624=DIRECTION('',(1.E0,0.E0,0.E0));
#2625=VECTOR('',#2624,1.4E0);
#2626=CARTESIAN_POINT('',(6.3E0,-1.E0,0.E0));
#2627=LINE('',#2626,#2625);
#2628=DIRECTION('',(0.E0,0.E0,-1.E0));
#2629=VECTOR('',#2628,1.15E0);
#2630=CARTESIAN_POINT('',(7.7E0,-1.E0,0.E0));
#2631=LINE('',#2630,#2629);
#2632=DIRECTION('',(0.E0,0.E0,1.E0));
#2633=VECTOR('',#2632,3.5E-1);
#2634=CARTESIAN_POINT('',(7.7E0,-1.E0,-1.5E0));
#2635=LINE('',#2634,#2633);
#2636=DIRECTION('',(0.E0,0.E0,1.E0));
#2637=VECTOR('',#2636,3.5E-1);
#2638=CARTESIAN_POINT('',(8.3E0,-1.E0,-1.5E0));
#2639=LINE('',#2638,#2637);
#2640=DIRECTION('',(0.E0,0.E0,-1.E0));
#2641=VECTOR('',#2640,1.15E0);
#2642=CARTESIAN_POINT('',(8.3E0,-1.E0,0.E0));
#2643=LINE('',#2642,#2641);
#2644=DIRECTION('',(1.E0,0.E0,0.E0));
#2645=VECTOR('',#2644,1.4E0);
#2646=CARTESIAN_POINT('',(8.3E0,-1.E0,0.E0));
#2647=LINE('',#2646,#2645);
#2648=DIRECTION('',(0.E0,0.E0,-1.E0));
#2649=VECTOR('',#2648,1.15E0);
#2650=CARTESIAN_POINT('',(9.7E0,-1.E0,0.E0));
#2651=LINE('',#2650,#2649);
#2652=DIRECTION('',(0.E0,0.E0,1.E0));
#2653=VECTOR('',#2652,3.5E-1);
#2654=CARTESIAN_POINT('',(9.7E0,-1.E0,-1.5E0));
#2655=LINE('',#2654,#2653);
#2656=DIRECTION('',(0.E0,0.E0,1.E0));
#2657=VECTOR('',#2656,3.5E-1);
#2658=CARTESIAN_POINT('',(1.03E1,-1.E0,-1.5E0));
#2659=LINE('',#2658,#2657);
#2660=DIRECTION('',(0.E0,0.E0,-1.E0));
#2661=VECTOR('',#2660,1.15E0);
#2662=CARTESIAN_POINT('',(1.03E1,-1.E0,0.E0));
#2663=LINE('',#2662,#2661);
#2664=DIRECTION('',(1.E0,0.E0,0.E0));
#2665=VECTOR('',#2664,1.4E0);
#2666=CARTESIAN_POINT('',(1.03E1,-1.E0,0.E0));
#2667=LINE('',#2666,#2665);
#2668=DIRECTION('',(0.E0,0.E0,-1.E0));
#2669=VECTOR('',#2668,1.15E0);
#2670=CARTESIAN_POINT('',(1.17E1,-1.E0,0.E0));
#2671=LINE('',#2670,#2669);
#2672=DIRECTION('',(0.E0,0.E0,1.E0));
#2673=VECTOR('',#2672,3.5E-1);
#2674=CARTESIAN_POINT('',(1.17E1,-1.E0,-1.5E0));
#2675=LINE('',#2674,#2673);
#2676=DIRECTION('',(0.E0,0.E0,1.E0));
#2677=VECTOR('',#2676,3.5E-1);
#2678=CARTESIAN_POINT('',(1.23E1,-1.E0,-1.5E0));
#2679=LINE('',#2678,#2677);
#2680=DIRECTION('',(0.E0,0.E0,-1.E0));
#2681=VECTOR('',#2680,1.15E0);
#2682=CARTESIAN_POINT('',(1.23E1,-1.E0,0.E0));
#2683=LINE('',#2682,#2681);
#2684=DIRECTION('',(1.E0,0.E0,0.E0));
#2685=VECTOR('',#2684,1.4E0);
#2686=CARTESIAN_POINT('',(1.23E1,-1.E0,0.E0));
#2687=LINE('',#2686,#2685);
#2688=DIRECTION('',(0.E0,0.E0,-1.E0));
#2689=VECTOR('',#2688,1.15E0);
#2690=CARTESIAN_POINT('',(1.37E1,-1.E0,0.E0));
#2691=LINE('',#2690,#2689);
#2692=DIRECTION('',(0.E0,0.E0,1.E0));
#2693=VECTOR('',#2692,3.5E-1);
#2694=CARTESIAN_POINT('',(1.37E1,-1.E0,-1.5E0));
#2695=LINE('',#2694,#2693);
#2696=DIRECTION('',(0.E0,0.E0,1.E0));
#2697=VECTOR('',#2696,3.5E-1);
#2698=CARTESIAN_POINT('',(1.43E1,-1.E0,-1.5E0));
#2699=LINE('',#2698,#2697);
#2700=DIRECTION('',(0.E0,0.E0,-1.E0));
#2701=VECTOR('',#2700,1.15E0);
#2702=CARTESIAN_POINT('',(1.43E1,-1.E0,0.E0));
#2703=LINE('',#2702,#2701);
#2704=DIRECTION('',(1.E0,0.E0,0.E0));
#2705=VECTOR('',#2704,1.4E0);
#2706=CARTESIAN_POINT('',(1.43E1,-1.E0,0.E0));
#2707=LINE('',#2706,#2705);
#2708=DIRECTION('',(0.E0,0.E0,-1.E0));
#2709=VECTOR('',#2708,1.15E0);
#2710=CARTESIAN_POINT('',(1.57E1,-1.E0,0.E0));
#2711=LINE('',#2710,#2709);
#2712=DIRECTION('',(0.E0,0.E0,1.E0));
#2713=VECTOR('',#2712,3.5E-1);
#2714=CARTESIAN_POINT('',(1.57E1,-1.E0,-1.5E0));
#2715=LINE('',#2714,#2713);
#2716=DIRECTION('',(0.E0,0.E0,1.E0));
#2717=VECTOR('',#2716,3.5E-1);
#2718=CARTESIAN_POINT('',(1.63E1,-1.E0,-1.5E0));
#2719=LINE('',#2718,#2717);
#2720=DIRECTION('',(0.E0,0.E0,-1.E0));
#2721=VECTOR('',#2720,1.15E0);
#2722=CARTESIAN_POINT('',(1.63E1,-1.E0,0.E0));
#2723=LINE('',#2722,#2721);
#2724=DIRECTION('',(1.E0,0.E0,0.E0));
#2725=VECTOR('',#2724,1.4E0);
#2726=CARTESIAN_POINT('',(1.63E1,-1.E0,0.E0));
#2727=LINE('',#2726,#2725);
#2728=DIRECTION('',(0.E0,0.E0,-1.E0));
#2729=VECTOR('',#2728,1.15E0);
#2730=CARTESIAN_POINT('',(1.77E1,-1.E0,0.E0));
#2731=LINE('',#2730,#2729);
#2732=DIRECTION('',(0.E0,0.E0,1.E0));
#2733=VECTOR('',#2732,3.5E-1);
#2734=CARTESIAN_POINT('',(1.77E1,-1.E0,-1.5E0));
#2735=LINE('',#2734,#2733);
#2736=DIRECTION('',(0.E0,0.E0,1.E0));
#2737=VECTOR('',#2736,3.5E-1);
#2738=CARTESIAN_POINT('',(1.83E1,-1.E0,-1.5E0));
#2739=LINE('',#2738,#2737);
#2740=DIRECTION('',(0.E0,0.E0,-1.E0));
#2741=VECTOR('',#2740,1.15E0);
#2742=CARTESIAN_POINT('',(1.83E1,-1.E0,0.E0));
#2743=LINE('',#2742,#2741);
#2744=DIRECTION('',(1.E0,0.E0,0.E0));
#2745=VECTOR('',#2744,1.4E0);
#2746=CARTESIAN_POINT('',(1.83E1,-1.E0,0.E0));
#2747=LINE('',#2746,#2745);
#2748=DIRECTION('',(0.E0,0.E0,-1.E0));
#2749=VECTOR('',#2748,1.15E0);
#2750=CARTESIAN_POINT('',(1.97E1,-1.E0,0.E0));
#2751=LINE('',#2750,#2749);
#2752=DIRECTION('',(0.E0,0.E0,1.E0));
#2753=VECTOR('',#2752,3.5E-1);
#2754=CARTESIAN_POINT('',(1.97E1,-1.E0,-1.5E0));
#2755=LINE('',#2754,#2753);
#2756=DIRECTION('',(0.E0,0.E0,1.E0));
#2757=VECTOR('',#2756,1.5E0);
#2758=CARTESIAN_POINT('',(-1.985E1,-1.E0,-1.5E0));
#2759=LINE('',#2758,#2757);
#2760=DIRECTION('',(1.E0,0.E0,0.E0));
#2761=VECTOR('',#2760,1.55E0);
#2762=CARTESIAN_POINT('',(-1.985E1,-1.E0,0.E0));
#2763=LINE('',#2762,#2761);
#2764=DIRECTION('',(0.E0,0.E0,-1.E0));
#2765=VECTOR('',#2764,1.15E0);
#2766=CARTESIAN_POINT('',(-1.83E1,-1.E0,0.E0));
#2767=LINE('',#2766,#2765);
#2768=DIRECTION('',(-1.015061051086E-14,0.E0,1.E0));
#2769=VECTOR('',#2768,3.5E-1);
#2770=CARTESIAN_POINT('',(-1.83E1,-1.E0,-1.5E0));
#2771=LINE('',#2770,#2769);
#2772=DIRECTION('',(0.E0,1.E0,0.E0));
#2773=VECTOR('',#2772,4.E-1);
#2774=CARTESIAN_POINT('',(-1.63E1,-1.E0,-1.5E0));
#2775=LINE('',#2774,#2773);
#2776=DIRECTION('',(0.E0,1.E0,0.E0));
#2777=VECTOR('',#2776,4.E-1);
#2778=CARTESIAN_POINT('',(-1.77E1,-1.E0,-1.5E0));
#2779=LINE('',#2778,#2777);
#2780=DIRECTION('',(1.E0,0.E0,0.E0));
#2781=VECTOR('',#2780,1.4E0);
#2782=CARTESIAN_POINT('',(-1.77E1,-1.E0,-1.5E0));
#2783=LINE('',#2782,#2781);
#2784=DIRECTION('',(0.E0,1.E0,0.E0));
#2785=VECTOR('',#2784,4.E-1);
#2786=CARTESIAN_POINT('',(-1.43E1,-1.E0,-1.5E0));
#2787=LINE('',#2786,#2785);
#2788=DIRECTION('',(0.E0,1.E0,0.E0));
#2789=VECTOR('',#2788,4.E-1);
#2790=CARTESIAN_POINT('',(-1.57E1,-1.E0,-1.5E0));
#2791=LINE('',#2790,#2789);
#2792=DIRECTION('',(1.E0,0.E0,0.E0));
#2793=VECTOR('',#2792,1.4E0);
#2794=CARTESIAN_POINT('',(-1.57E1,-1.E0,-1.5E0));
#2795=LINE('',#2794,#2793);
#2796=DIRECTION('',(0.E0,1.E0,0.E0));
#2797=VECTOR('',#2796,4.E-1);
#2798=CARTESIAN_POINT('',(-1.23E1,-1.E0,-1.5E0));
#2799=LINE('',#2798,#2797);
#2800=DIRECTION('',(0.E0,1.E0,0.E0));
#2801=VECTOR('',#2800,4.E-1);
#2802=CARTESIAN_POINT('',(-1.37E1,-1.E0,-1.5E0));
#2803=LINE('',#2802,#2801);
#2804=DIRECTION('',(1.E0,0.E0,0.E0));
#2805=VECTOR('',#2804,1.4E0);
#2806=CARTESIAN_POINT('',(-1.37E1,-1.E0,-1.5E0));
#2807=LINE('',#2806,#2805);
#2808=DIRECTION('',(0.E0,1.E0,0.E0));
#2809=VECTOR('',#2808,4.E-1);
#2810=CARTESIAN_POINT('',(-1.03E1,-1.E0,-1.5E0));
#2811=LINE('',#2810,#2809);
#2812=DIRECTION('',(0.E0,1.E0,0.E0));
#2813=VECTOR('',#2812,4.E-1);
#2814=CARTESIAN_POINT('',(-1.17E1,-1.E0,-1.5E0));
#2815=LINE('',#2814,#2813);
#2816=DIRECTION('',(1.E0,0.E0,0.E0));
#2817=VECTOR('',#2816,1.4E0);
#2818=CARTESIAN_POINT('',(-1.17E1,-1.E0,-1.5E0));
#2819=LINE('',#2818,#2817);
#2820=DIRECTION('',(0.E0,1.E0,0.E0));
#2821=VECTOR('',#2820,4.E-1);
#2822=CARTESIAN_POINT('',(-8.3E0,-1.E0,-1.5E0));
#2823=LINE('',#2822,#2821);
#2824=DIRECTION('',(0.E0,1.E0,0.E0));
#2825=VECTOR('',#2824,4.E-1);
#2826=CARTESIAN_POINT('',(-9.7E0,-1.E0,-1.5E0));
#2827=LINE('',#2826,#2825);
#2828=DIRECTION('',(1.E0,0.E0,0.E0));
#2829=VECTOR('',#2828,1.4E0);
#2830=CARTESIAN_POINT('',(-9.7E0,-1.E0,-1.5E0));
#2831=LINE('',#2830,#2829);
#2832=DIRECTION('',(0.E0,1.E0,0.E0));
#2833=VECTOR('',#2832,4.E-1);
#2834=CARTESIAN_POINT('',(-6.3E0,-1.E0,-1.5E0));
#2835=LINE('',#2834,#2833);
#2836=DIRECTION('',(0.E0,1.E0,0.E0));
#2837=VECTOR('',#2836,4.E-1);
#2838=CARTESIAN_POINT('',(-7.7E0,-1.E0,-1.5E0));
#2839=LINE('',#2838,#2837);
#2840=DIRECTION('',(1.E0,0.E0,0.E0));
#2841=VECTOR('',#2840,1.4E0);
#2842=CARTESIAN_POINT('',(-7.7E0,-1.E0,-1.5E0));
#2843=LINE('',#2842,#2841);
#2844=DIRECTION('',(0.E0,1.E0,0.E0));
#2845=VECTOR('',#2844,4.E-1);
#2846=CARTESIAN_POINT('',(-4.3E0,-1.E0,-1.5E0));
#2847=LINE('',#2846,#2845);
#2848=DIRECTION('',(0.E0,1.E0,0.E0));
#2849=VECTOR('',#2848,4.E-1);
#2850=CARTESIAN_POINT('',(-5.7E0,-1.E0,-1.5E0));
#2851=LINE('',#2850,#2849);
#2852=DIRECTION('',(1.E0,0.E0,0.E0));
#2853=VECTOR('',#2852,1.4E0);
#2854=CARTESIAN_POINT('',(-5.7E0,-1.E0,-1.5E0));
#2855=LINE('',#2854,#2853);
#2856=DIRECTION('',(0.E0,1.E0,0.E0));
#2857=VECTOR('',#2856,4.E-1);
#2858=CARTESIAN_POINT('',(-2.3E0,-1.E0,-1.5E0));
#2859=LINE('',#2858,#2857);
#2860=DIRECTION('',(0.E0,1.E0,0.E0));
#2861=VECTOR('',#2860,4.E-1);
#2862=CARTESIAN_POINT('',(-3.7E0,-1.E0,-1.5E0));
#2863=LINE('',#2862,#2861);
#2864=DIRECTION('',(1.E0,0.E0,0.E0));
#2865=VECTOR('',#2864,1.4E0);
#2866=CARTESIAN_POINT('',(-3.7E0,-1.E0,-1.5E0));
#2867=LINE('',#2866,#2865);
#2868=DIRECTION('',(0.E0,1.E0,0.E0));
#2869=VECTOR('',#2868,4.E-1);
#2870=CARTESIAN_POINT('',(-3.E-1,-1.E0,-1.5E0));
#2871=LINE('',#2870,#2869);
#2872=DIRECTION('',(0.E0,1.E0,0.E0));
#2873=VECTOR('',#2872,4.E-1);
#2874=CARTESIAN_POINT('',(-1.7E0,-1.E0,-1.5E0));
#2875=LINE('',#2874,#2873);
#2876=DIRECTION('',(1.E0,0.E0,0.E0));
#2877=VECTOR('',#2876,1.4E0);
#2878=CARTESIAN_POINT('',(-1.7E0,-1.E0,-1.5E0));
#2879=LINE('',#2878,#2877);
#2880=DIRECTION('',(0.E0,1.E0,0.E0));
#2881=VECTOR('',#2880,4.E-1);
#2882=CARTESIAN_POINT('',(1.7E0,-1.E0,-1.5E0));
#2883=LINE('',#2882,#2881);
#2884=DIRECTION('',(0.E0,1.E0,0.E0));
#2885=VECTOR('',#2884,4.E-1);
#2886=CARTESIAN_POINT('',(3.E-1,-1.E0,-1.5E0));
#2887=LINE('',#2886,#2885);
#2888=DIRECTION('',(1.E0,0.E0,0.E0));
#2889=VECTOR('',#2888,1.4E0);
#2890=CARTESIAN_POINT('',(3.E-1,-1.E0,-1.5E0));
#2891=LINE('',#2890,#2889);
#2892=DIRECTION('',(0.E0,1.E0,0.E0));
#2893=VECTOR('',#2892,4.E-1);
#2894=CARTESIAN_POINT('',(3.7E0,-1.E0,-1.5E0));
#2895=LINE('',#2894,#2893);
#2896=DIRECTION('',(0.E0,1.E0,0.E0));
#2897=VECTOR('',#2896,4.E-1);
#2898=CARTESIAN_POINT('',(2.3E0,-1.E0,-1.5E0));
#2899=LINE('',#2898,#2897);
#2900=DIRECTION('',(1.E0,0.E0,0.E0));
#2901=VECTOR('',#2900,1.4E0);
#2902=CARTESIAN_POINT('',(2.3E0,-1.E0,-1.5E0));
#2903=LINE('',#2902,#2901);
#2904=DIRECTION('',(0.E0,1.E0,0.E0));
#2905=VECTOR('',#2904,4.E-1);
#2906=CARTESIAN_POINT('',(5.7E0,-1.E0,-1.5E0));
#2907=LINE('',#2906,#2905);
#2908=DIRECTION('',(0.E0,1.E0,0.E0));
#2909=VECTOR('',#2908,4.E-1);
#2910=CARTESIAN_POINT('',(4.3E0,-1.E0,-1.5E0));
#2911=LINE('',#2910,#2909);
#2912=DIRECTION('',(1.E0,0.E0,0.E0));
#2913=VECTOR('',#2912,1.4E0);
#2914=CARTESIAN_POINT('',(4.3E0,-1.E0,-1.5E0));
#2915=LINE('',#2914,#2913);
#2916=DIRECTION('',(0.E0,1.E0,0.E0));
#2917=VECTOR('',#2916,4.E-1);
#2918=CARTESIAN_POINT('',(7.7E0,-1.E0,-1.5E0));
#2919=LINE('',#2918,#2917);
#2920=DIRECTION('',(0.E0,1.E0,0.E0));
#2921=VECTOR('',#2920,4.E-1);
#2922=CARTESIAN_POINT('',(6.3E0,-1.E0,-1.5E0));
#2923=LINE('',#2922,#2921);
#2924=DIRECTION('',(1.E0,0.E0,0.E0));
#2925=VECTOR('',#2924,1.4E0);
#2926=CARTESIAN_POINT('',(6.3E0,-1.E0,-1.5E0));
#2927=LINE('',#2926,#2925);
#2928=DIRECTION('',(0.E0,1.E0,0.E0));
#2929=VECTOR('',#2928,4.E-1);
#2930=CARTESIAN_POINT('',(9.7E0,-1.E0,-1.5E0));
#2931=LINE('',#2930,#2929);
#2932=DIRECTION('',(0.E0,1.E0,0.E0));
#2933=VECTOR('',#2932,4.E-1);
#2934=CARTESIAN_POINT('',(8.3E0,-1.E0,-1.5E0));
#2935=LINE('',#2934,#2933);
#2936=DIRECTION('',(1.E0,0.E0,0.E0));
#2937=VECTOR('',#2936,1.4E0);
#2938=CARTESIAN_POINT('',(8.3E0,-1.E0,-1.5E0));
#2939=LINE('',#2938,#2937);
#2940=DIRECTION('',(0.E0,1.E0,0.E0));
#2941=VECTOR('',#2940,4.E-1);
#2942=CARTESIAN_POINT('',(1.17E1,-1.E0,-1.5E0));
#2943=LINE('',#2942,#2941);
#2944=DIRECTION('',(0.E0,1.E0,0.E0));
#2945=VECTOR('',#2944,4.E-1);
#2946=CARTESIAN_POINT('',(1.03E1,-1.E0,-1.5E0));
#2947=LINE('',#2946,#2945);
#2948=DIRECTION('',(1.E0,0.E0,0.E0));
#2949=VECTOR('',#2948,1.4E0);
#2950=CARTESIAN_POINT('',(1.03E1,-1.E0,-1.5E0));
#2951=LINE('',#2950,#2949);
#2952=DIRECTION('',(0.E0,1.E0,0.E0));
#2953=VECTOR('',#2952,4.E-1);
#2954=CARTESIAN_POINT('',(1.37E1,-1.E0,-1.5E0));
#2955=LINE('',#2954,#2953);
#2956=DIRECTION('',(0.E0,1.E0,0.E0));
#2957=VECTOR('',#2956,4.E-1);
#2958=CARTESIAN_POINT('',(1.23E1,-1.E0,-1.5E0));
#2959=LINE('',#2958,#2957);
#2960=DIRECTION('',(1.E0,0.E0,0.E0));
#2961=VECTOR('',#2960,1.4E0);
#2962=CARTESIAN_POINT('',(1.23E1,-1.E0,-1.5E0));
#2963=LINE('',#2962,#2961);
#2964=DIRECTION('',(0.E0,1.E0,0.E0));
#2965=VECTOR('',#2964,4.E-1);
#2966=CARTESIAN_POINT('',(1.57E1,-1.E0,-1.5E0));
#2967=LINE('',#2966,#2965);
#2968=DIRECTION('',(0.E0,1.E0,0.E0));
#2969=VECTOR('',#2968,4.E-1);
#2970=CARTESIAN_POINT('',(1.43E1,-1.E0,-1.5E0));
#2971=LINE('',#2970,#2969);
#2972=DIRECTION('',(1.E0,0.E0,0.E0));
#2973=VECTOR('',#2972,1.4E0);
#2974=CARTESIAN_POINT('',(1.43E1,-1.E0,-1.5E0));
#2975=LINE('',#2974,#2973);
#2976=DIRECTION('',(0.E0,1.E0,0.E0));
#2977=VECTOR('',#2976,4.E-1);
#2978=CARTESIAN_POINT('',(1.77E1,-1.E0,-1.5E0));
#2979=LINE('',#2978,#2977);
#2980=DIRECTION('',(0.E0,1.E0,0.E0));
#2981=VECTOR('',#2980,4.E-1);
#2982=CARTESIAN_POINT('',(1.63E1,-1.E0,-1.5E0));
#2983=LINE('',#2982,#2981);
#2984=DIRECTION('',(1.E0,0.E0,0.E0));
#2985=VECTOR('',#2984,1.4E0);
#2986=CARTESIAN_POINT('',(1.63E1,-1.E0,-1.5E0));
#2987=LINE('',#2986,#2985);
#2988=DIRECTION('',(0.E0,1.E0,0.E0));
#2989=VECTOR('',#2988,4.E-1);
#2990=CARTESIAN_POINT('',(1.97E1,-1.E0,-1.5E0));
#2991=LINE('',#2990,#2989);
#2992=DIRECTION('',(0.E0,1.E0,0.E0));
#2993=VECTOR('',#2992,4.E-1);
#2994=CARTESIAN_POINT('',(1.83E1,-1.E0,-1.5E0));
#2995=LINE('',#2994,#2993);
#2996=DIRECTION('',(1.E0,0.E0,0.E0));
#2997=VECTOR('',#2996,1.4E0);
#2998=CARTESIAN_POINT('',(1.83E1,-1.E0,-1.5E0));
#2999=LINE('',#2998,#2997);
#3000=DIRECTION('',(0.E0,-1.E0,0.E0));
#3001=VECTOR('',#3000,4.E-1);
#3002=CARTESIAN_POINT('',(-1.985E1,-6.E-1,-1.5E0));
#3003=LINE('',#3002,#3001);
#3004=DIRECTION('',(1.E0,0.E0,0.E0));
#3005=VECTOR('',#3004,1.55E0);
#3006=CARTESIAN_POINT('',(-1.985E1,-1.E0,-1.5E0));
#3007=LINE('',#3006,#3005);
#3008=DIRECTION('',(0.E0,1.E0,0.E0));
#3009=VECTOR('',#3008,4.E-1);
#3010=CARTESIAN_POINT('',(-1.83E1,-1.E0,-1.5E0));
#3011=LINE('',#3010,#3009);
#3012=DIRECTION('',(0.E0,0.E0,1.E0));
#3013=VECTOR('',#3012,3.5E-1);
#3014=CARTESIAN_POINT('',(-1.63E1,-6.E-1,-1.5E0));
#3015=LINE('',#3014,#3013);
#3016=DIRECTION('',(0.E0,0.E0,1.E0));
#3017=VECTOR('',#3016,3.5E-1);
#3018=CARTESIAN_POINT('',(-1.77E1,-6.E-1,-1.5E0));
#3019=LINE('',#3018,#3017);
#3020=DIRECTION('',(1.E0,0.E0,0.E0));
#3021=VECTOR('',#3020,1.4E0);
#3022=CARTESIAN_POINT('',(-1.77E1,-6.E-1,-1.5E0));
#3023=LINE('',#3022,#3021);
#3024=DIRECTION('',(0.E0,0.E0,1.E0));
#3025=VECTOR('',#3024,3.5E-1);
#3026=CARTESIAN_POINT('',(-1.43E1,-6.E-1,-1.5E0));
#3027=LINE('',#3026,#3025);
#3028=DIRECTION('',(0.E0,0.E0,1.E0));
#3029=VECTOR('',#3028,3.5E-1);
#3030=CARTESIAN_POINT('',(-1.57E1,-6.E-1,-1.5E0));
#3031=LINE('',#3030,#3029);
#3032=DIRECTION('',(1.E0,0.E0,0.E0));
#3033=VECTOR('',#3032,1.4E0);
#3034=CARTESIAN_POINT('',(-1.57E1,-6.E-1,-1.5E0));
#3035=LINE('',#3034,#3033);
#3036=DIRECTION('',(0.E0,0.E0,1.E0));
#3037=VECTOR('',#3036,3.5E-1);
#3038=CARTESIAN_POINT('',(-1.23E1,-6.E-1,-1.5E0));
#3039=LINE('',#3038,#3037);
#3040=DIRECTION('',(0.E0,0.E0,1.E0));
#3041=VECTOR('',#3040,3.5E-1);
#3042=CARTESIAN_POINT('',(-1.37E1,-6.E-1,-1.5E0));
#3043=LINE('',#3042,#3041);
#3044=DIRECTION('',(1.E0,0.E0,0.E0));
#3045=VECTOR('',#3044,1.4E0);
#3046=CARTESIAN_POINT('',(-1.37E1,-6.E-1,-1.5E0));
#3047=LINE('',#3046,#3045);
#3048=DIRECTION('',(0.E0,0.E0,1.E0));
#3049=VECTOR('',#3048,3.5E-1);
#3050=CARTESIAN_POINT('',(-1.03E1,-6.E-1,-1.5E0));
#3051=LINE('',#3050,#3049);
#3052=DIRECTION('',(0.E0,0.E0,1.E0));
#3053=VECTOR('',#3052,3.5E-1);
#3054=CARTESIAN_POINT('',(-1.17E1,-6.E-1,-1.5E0));
#3055=LINE('',#3054,#3053);
#3056=DIRECTION('',(1.E0,0.E0,0.E0));
#3057=VECTOR('',#3056,1.4E0);
#3058=CARTESIAN_POINT('',(-1.17E1,-6.E-1,-1.5E0));
#3059=LINE('',#3058,#3057);
#3060=DIRECTION('',(0.E0,0.E0,1.E0));
#3061=VECTOR('',#3060,3.5E-1);
#3062=CARTESIAN_POINT('',(-8.3E0,-6.E-1,-1.5E0));
#3063=LINE('',#3062,#3061);
#3064=DIRECTION('',(0.E0,0.E0,1.E0));
#3065=VECTOR('',#3064,3.5E-1);
#3066=CARTESIAN_POINT('',(-9.7E0,-6.E-1,-1.5E0));
#3067=LINE('',#3066,#3065);
#3068=DIRECTION('',(1.E0,0.E0,0.E0));
#3069=VECTOR('',#3068,1.4E0);
#3070=CARTESIAN_POINT('',(-9.7E0,-6.E-1,-1.5E0));
#3071=LINE('',#3070,#3069);
#3072=DIRECTION('',(0.E0,0.E0,1.E0));
#3073=VECTOR('',#3072,3.5E-1);
#3074=CARTESIAN_POINT('',(-6.3E0,-6.E-1,-1.5E0));
#3075=LINE('',#3074,#3073);
#3076=DIRECTION('',(0.E0,0.E0,1.E0));
#3077=VECTOR('',#3076,3.5E-1);
#3078=CARTESIAN_POINT('',(-7.7E0,-6.E-1,-1.5E0));
#3079=LINE('',#3078,#3077);
#3080=DIRECTION('',(1.E0,0.E0,0.E0));
#3081=VECTOR('',#3080,1.4E0);
#3082=CARTESIAN_POINT('',(-7.7E0,-6.E-1,-1.5E0));
#3083=LINE('',#3082,#3081);
#3084=DIRECTION('',(0.E0,0.E0,1.E0));
#3085=VECTOR('',#3084,3.5E-1);
#3086=CARTESIAN_POINT('',(-4.3E0,-6.E-1,-1.5E0));
#3087=LINE('',#3086,#3085);
#3088=DIRECTION('',(0.E0,0.E0,1.E0));
#3089=VECTOR('',#3088,3.5E-1);
#3090=CARTESIAN_POINT('',(-5.7E0,-6.E-1,-1.5E0));
#3091=LINE('',#3090,#3089);
#3092=DIRECTION('',(1.E0,0.E0,0.E0));
#3093=VECTOR('',#3092,1.4E0);
#3094=CARTESIAN_POINT('',(-5.7E0,-6.E-1,-1.5E0));
#3095=LINE('',#3094,#3093);
#3096=DIRECTION('',(0.E0,0.E0,1.E0));
#3097=VECTOR('',#3096,3.5E-1);
#3098=CARTESIAN_POINT('',(-2.3E0,-6.E-1,-1.5E0));
#3099=LINE('',#3098,#3097);
#3100=DIRECTION('',(0.E0,0.E0,1.E0));
#3101=VECTOR('',#3100,3.5E-1);
#3102=CARTESIAN_POINT('',(-3.7E0,-6.E-1,-1.5E0));
#3103=LINE('',#3102,#3101);
#3104=DIRECTION('',(1.E0,0.E0,0.E0));
#3105=VECTOR('',#3104,1.4E0);
#3106=CARTESIAN_POINT('',(-3.7E0,-6.E-1,-1.5E0));
#3107=LINE('',#3106,#3105);
#3108=DIRECTION('',(0.E0,0.E0,1.E0));
#3109=VECTOR('',#3108,3.5E-1);
#3110=CARTESIAN_POINT('',(-3.E-1,-6.E-1,-1.5E0));
#3111=LINE('',#3110,#3109);
#3112=DIRECTION('',(0.E0,0.E0,1.E0));
#3113=VECTOR('',#3112,3.5E-1);
#3114=CARTESIAN_POINT('',(-1.7E0,-6.E-1,-1.5E0));
#3115=LINE('',#3114,#3113);
#3116=DIRECTION('',(1.E0,0.E0,0.E0));
#3117=VECTOR('',#3116,1.4E0);
#3118=CARTESIAN_POINT('',(-1.7E0,-6.E-1,-1.5E0));
#3119=LINE('',#3118,#3117);
#3120=DIRECTION('',(0.E0,0.E0,1.E0));
#3121=VECTOR('',#3120,3.5E-1);
#3122=CARTESIAN_POINT('',(1.7E0,-6.E-1,-1.5E0));
#3123=LINE('',#3122,#3121);
#3124=DIRECTION('',(0.E0,0.E0,1.E0));
#3125=VECTOR('',#3124,3.5E-1);
#3126=CARTESIAN_POINT('',(3.E-1,-6.E-1,-1.5E0));
#3127=LINE('',#3126,#3125);
#3128=DIRECTION('',(1.E0,0.E0,0.E0));
#3129=VECTOR('',#3128,1.4E0);
#3130=CARTESIAN_POINT('',(3.E-1,-6.E-1,-1.5E0));
#3131=LINE('',#3130,#3129);
#3132=DIRECTION('',(0.E0,0.E0,1.E0));
#3133=VECTOR('',#3132,3.5E-1);
#3134=CARTESIAN_POINT('',(3.7E0,-6.E-1,-1.5E0));
#3135=LINE('',#3134,#3133);
#3136=DIRECTION('',(0.E0,0.E0,1.E0));
#3137=VECTOR('',#3136,3.5E-1);
#3138=CARTESIAN_POINT('',(2.3E0,-6.E-1,-1.5E0));
#3139=LINE('',#3138,#3137);
#3140=DIRECTION('',(1.E0,0.E0,0.E0));
#3141=VECTOR('',#3140,1.4E0);
#3142=CARTESIAN_POINT('',(2.3E0,-6.E-1,-1.5E0));
#3143=LINE('',#3142,#3141);
#3144=DIRECTION('',(0.E0,0.E0,1.E0));
#3145=VECTOR('',#3144,3.5E-1);
#3146=CARTESIAN_POINT('',(5.7E0,-6.E-1,-1.5E0));
#3147=LINE('',#3146,#3145);
#3148=DIRECTION('',(0.E0,0.E0,1.E0));
#3149=VECTOR('',#3148,3.5E-1);
#3150=CARTESIAN_POINT('',(4.3E0,-6.E-1,-1.5E0));
#3151=LINE('',#3150,#3149);
#3152=DIRECTION('',(1.E0,0.E0,0.E0));
#3153=VECTOR('',#3152,1.4E0);
#3154=CARTESIAN_POINT('',(4.3E0,-6.E-1,-1.5E0));
#3155=LINE('',#3154,#3153);
#3156=DIRECTION('',(0.E0,0.E0,1.E0));
#3157=VECTOR('',#3156,3.5E-1);
#3158=CARTESIAN_POINT('',(7.7E0,-6.E-1,-1.5E0));
#3159=LINE('',#3158,#3157);
#3160=DIRECTION('',(0.E0,0.E0,1.E0));
#3161=VECTOR('',#3160,3.5E-1);
#3162=CARTESIAN_POINT('',(6.3E0,-6.E-1,-1.5E0));
#3163=LINE('',#3162,#3161);
#3164=DIRECTION('',(1.E0,0.E0,0.E0));
#3165=VECTOR('',#3164,1.4E0);
#3166=CARTESIAN_POINT('',(6.3E0,-6.E-1,-1.5E0));
#3167=LINE('',#3166,#3165);
#3168=DIRECTION('',(0.E0,0.E0,1.E0));
#3169=VECTOR('',#3168,3.5E-1);
#3170=CARTESIAN_POINT('',(9.7E0,-6.E-1,-1.5E0));
#3171=LINE('',#3170,#3169);
#3172=DIRECTION('',(0.E0,0.E0,1.E0));
#3173=VECTOR('',#3172,3.5E-1);
#3174=CARTESIAN_POINT('',(8.3E0,-6.E-1,-1.5E0));
#3175=LINE('',#3174,#3173);
#3176=DIRECTION('',(1.E0,0.E0,0.E0));
#3177=VECTOR('',#3176,1.4E0);
#3178=CARTESIAN_POINT('',(8.3E0,-6.E-1,-1.5E0));
#3179=LINE('',#3178,#3177);
#3180=DIRECTION('',(0.E0,0.E0,1.E0));
#3181=VECTOR('',#3180,3.5E-1);
#3182=CARTESIAN_POINT('',(1.17E1,-6.E-1,-1.5E0));
#3183=LINE('',#3182,#3181);
#3184=DIRECTION('',(0.E0,0.E0,1.E0));
#3185=VECTOR('',#3184,3.5E-1);
#3186=CARTESIAN_POINT('',(1.03E1,-6.E-1,-1.5E0));
#3187=LINE('',#3186,#3185);
#3188=DIRECTION('',(1.E0,0.E0,0.E0));
#3189=VECTOR('',#3188,1.4E0);
#3190=CARTESIAN_POINT('',(1.03E1,-6.E-1,-1.5E0));
#3191=LINE('',#3190,#3189);
#3192=DIRECTION('',(0.E0,0.E0,1.E0));
#3193=VECTOR('',#3192,3.5E-1);
#3194=CARTESIAN_POINT('',(1.37E1,-6.E-1,-1.5E0));
#3195=LINE('',#3194,#3193);
#3196=DIRECTION('',(0.E0,0.E0,1.E0));
#3197=VECTOR('',#3196,3.5E-1);
#3198=CARTESIAN_POINT('',(1.23E1,-6.E-1,-1.5E0));
#3199=LINE('',#3198,#3197);
#3200=DIRECTION('',(1.E0,0.E0,0.E0));
#3201=VECTOR('',#3200,1.4E0);
#3202=CARTESIAN_POINT('',(1.23E1,-6.E-1,-1.5E0));
#3203=LINE('',#3202,#3201);
#3204=DIRECTION('',(0.E0,0.E0,1.E0));
#3205=VECTOR('',#3204,3.5E-1);
#3206=CARTESIAN_POINT('',(1.57E1,-6.E-1,-1.5E0));
#3207=LINE('',#3206,#3205);
#3208=DIRECTION('',(0.E0,0.E0,1.E0));
#3209=VECTOR('',#3208,3.5E-1);
#3210=CARTESIAN_POINT('',(1.43E1,-6.E-1,-1.5E0));
#3211=LINE('',#3210,#3209);
#3212=DIRECTION('',(1.E0,0.E0,0.E0));
#3213=VECTOR('',#3212,1.4E0);
#3214=CARTESIAN_POINT('',(1.43E1,-6.E-1,-1.5E0));
#3215=LINE('',#3214,#3213);
#3216=DIRECTION('',(0.E0,0.E0,1.E0));
#3217=VECTOR('',#3216,3.5E-1);
#3218=CARTESIAN_POINT('',(1.77E1,-6.E-1,-1.5E0));
#3219=LINE('',#3218,#3217);
#3220=DIRECTION('',(0.E0,0.E0,1.E0));
#3221=VECTOR('',#3220,3.5E-1);
#3222=CARTESIAN_POINT('',(1.63E1,-6.E-1,-1.5E0));
#3223=LINE('',#3222,#3221);
#3224=DIRECTION('',(1.E0,0.E0,0.E0));
#3225=VECTOR('',#3224,1.4E0);
#3226=CARTESIAN_POINT('',(1.63E1,-6.E-1,-1.5E0));
#3227=LINE('',#3226,#3225);
#3228=DIRECTION('',(0.E0,0.E0,1.E0));
#3229=VECTOR('',#3228,3.5E-1);
#3230=CARTESIAN_POINT('',(1.97E1,-6.E-1,-1.5E0));
#3231=LINE('',#3230,#3229);
#3232=DIRECTION('',(0.E0,0.E0,1.E0));
#3233=VECTOR('',#3232,3.5E-1);
#3234=CARTESIAN_POINT('',(1.83E1,-6.E-1,-1.5E0));
#3235=LINE('',#3234,#3233);
#3236=DIRECTION('',(1.E0,0.E0,0.E0));
#3237=VECTOR('',#3236,1.4E0);
#3238=CARTESIAN_POINT('',(1.83E1,-6.E-1,-1.5E0));
#3239=LINE('',#3238,#3237);
#3240=DIRECTION('',(-7.071067811866E-1,0.E0,7.071067811865E-1));
#3241=VECTOR('',#3240,2.121320343560E-1);
#3242=CARTESIAN_POINT('',(-1.985E1,-6.E-1,-1.5E0));
#3243=LINE('',#3242,#3241);
#3244=DIRECTION('',(1.E0,0.E0,0.E0));
#3245=VECTOR('',#3244,1.55E0);
#3246=CARTESIAN_POINT('',(-1.985E1,-6.E-1,-1.5E0));
#3247=LINE('',#3246,#3245);
#3248=DIRECTION('',(0.E0,0.E0,1.E0));
#3249=VECTOR('',#3248,3.5E-1);
#3250=CARTESIAN_POINT('',(-1.83E1,-6.E-1,-1.5E0));
#3251=LINE('',#3250,#3249);
#3252=DIRECTION('',(-5.773502691896E-1,5.773502691896E-1,5.773502691896E-1));
#3253=VECTOR('',#3252,2.598076211353E-1);
#3254=CARTESIAN_POINT('',(-1.985E1,-1.E0,-1.5E0));
#3255=LINE('',#3254,#3253);
#3256=DIRECTION('',(-5.773502691896E-1,5.773502691896E-1,-5.773502691896E-1));
#3257=VECTOR('',#3256,2.598076211353E-1);
#3258=CARTESIAN_POINT('',(-1.985E1,-1.E0,0.E0));
#3259=LINE('',#3258,#3257);
#3260=DIRECTION('',(6.396021490668E-1,4.264014327112E-1,6.396021490668E-1));
#3261=VECTOR('',#3260,2.345207879912E-1);
#3262=CARTESIAN_POINT('',(-2.E1,-6.E-1,-1.5E-1));
#3263=LINE('',#3262,#3261);
#3264=DIRECTION('',(3.905667329425E-1,6.509445549041E-1,-6.509445549041E-1));
#3265=VECTOR('',#3264,6.517839484672E-1);
#3266=CARTESIAN_POINT('',(-1.63E1,-1.E0,0.E0));
#3267=LINE('',#3266,#3265);
#3268=DIRECTION('',(0.E0,0.E0,1.E0));
#3269=VECTOR('',#3268,7.257247877714E-1);
#3270=CARTESIAN_POINT('',(-1.604543487266E1,-5.757247877714E-1,-1.15E0));
#3271=LINE('',#3270,#3269);
#3272=CARTESIAN_POINT('',(-1.595456512734E1,-5.757247877714E-1,
-4.242752122286E-1));
#3273=CARTESIAN_POINT('',(-1.595680211571E1,-5.719964738219E-1,
-4.280035261781E-1));
#3274=CARTESIAN_POINT('',(-1.596207166428E1,-5.652605753829E-1,
-4.347394246171E-1));
#3275=CARTESIAN_POINT('',(-1.597201173433E1,-5.574455515824E-1,
-4.425544484176E-1));
#3276=CARTESIAN_POINT('',(-1.598276242946E1,-5.524260536410E-1,
-4.475739463590E-1));
#3277=CARTESIAN_POINT('',(-1.599417889836E1,-5.499158085700E-1,
-4.500841914300E-1));
#3278=CARTESIAN_POINT('',(-1.600530073282E1,-5.498677903348E-1,
-4.501322096652E-1));
#3279=CARTESIAN_POINT('',(-1.601665480446E1,-5.522313356213E-1,
-4.477686643787E-1));
#3280=CARTESIAN_POINT('',(-1.602756831561E1,-5.571748375094E-1,
-4.428251624906E-1));
#3281=CARTESIAN_POINT('',(-1.603772314692E1,-5.650286971092E-1,
-4.349713028908E-1));
#3282=CARTESIAN_POINT('',(-1.604314071201E1,-5.719011866883E-1,
-4.280988133117E-1));
#3283=CARTESIAN_POINT('',(-1.604543487266E1,-5.757247877714E-1,
-4.242752122286E-1));
#3285=DIRECTION('',(0.E0,0.E0,1.E0));
#3286=VECTOR('',#3285,7.257247877714E-1);
#3287=CARTESIAN_POINT('',(-1.595456512734E1,-5.757247877714E-1,-1.15E0));
#3288=LINE('',#3287,#3286);
#3289=DIRECTION('',(3.905667329425E-1,-6.509445549041E-1,6.509445549041E-1));
#3290=VECTOR('',#3289,6.517839484672E-1);
#3291=CARTESIAN_POINT('',(-1.595456512734E1,-5.757247877714E-1,
-4.242752122286E-1));
#3292=LINE('',#3291,#3290);
#3293=DIRECTION('',(3.905667329425E-1,6.509445549041E-1,-6.509445549041E-1));
#3294=VECTOR('',#3293,6.517839484672E-1);
#3295=CARTESIAN_POINT('',(-1.43E1,-1.E0,0.E0));
#3296=LINE('',#3295,#3294);
#3297=DIRECTION('',(0.E0,-1.E0,0.E0));
#3298=VECTOR('',#3297,1.151449575543E0);
#3299=CARTESIAN_POINT('',(-1.404543487266E1,5.757247877714E-1,
-4.242752122286E-1));
#3300=LINE('',#3299,#3298);
#3301=DIRECTION('',(0.E0,-1.E0,0.E0));
#3302=VECTOR('',#3301,1.151449575543E0);
#3303=CARTESIAN_POINT('',(-1.395456512734E1,5.757247877714E-1,
-4.242752122286E-1));
#3304=LINE('',#3303,#3302);
#3305=DIRECTION('',(-3.905667329425E-1,-6.509445549041E-1,-6.509445549041E-1));
#3306=VECTOR('',#3305,6.517839484672E-1);
#3307=CARTESIAN_POINT('',(-1.37E1,1.E0,0.E0));
#3308=LINE('',#3307,#3306);
#3309=DIRECTION('',(0.E0,0.E0,1.E0));
#3310=VECTOR('',#3309,7.257247877714E-1);
#3311=CARTESIAN_POINT('',(-1.395456512734E1,5.757247877714E-1,-1.15E0));
#3312=LINE('',#3311,#3310);
#3313=CARTESIAN_POINT('',(-1.404543487266E1,5.757247877714E-1,
-4.242752122286E-1));
#3314=CARTESIAN_POINT('',(-1.404314979096E1,5.719163182728E-1,
-4.280836817272E-1));
#3315=CARTESIAN_POINT('',(-1.403775510848E1,5.650689669336E-1,
-4.349310330664E-1));
#3316=CARTESIAN_POINT('',(-1.402767983740E1,5.572474222934E-1,
-4.427525777066E-1));
#3317=CARTESIAN_POINT('',(-1.401679592889E1,5.522765607563E-1,
-4.477234392437E-1));
#3318=CARTESIAN_POINT('',(-1.400542370962E1,5.498787391685E-1,
-4.501212608315E-1));
#3319=CARTESIAN_POINT('',(-1.399430046888E1,5.499041290072E-1,
-4.500958709928E-1));
#3320=CARTESIAN_POINT('',(-1.398289756687E1,5.523797292432E-1,
-4.476202707568E-1));
#3321=CARTESIAN_POINT('',(-1.397210442398E1,5.573857679171E-1,
-4.426142320829E-1));
#3322=CARTESIAN_POINT('',(-1.396212615347E1,5.652005514401E-1,
-4.347994485599E-1));
#3323=CARTESIAN_POINT('',(-1.395681724100E1,5.719712650005E-1,
-4.280287349995E-1));
#3324=CARTESIAN_POINT('',(-1.395456512734E1,5.757247877714E-1,
-4.242752122286E-1));
#3326=DIRECTION('',(0.E0,0.E0,1.E0));
#3327=VECTOR('',#3326,7.257247877714E-1);
#3328=CARTESIAN_POINT('',(-1.404543487266E1,5.757247877714E-1,-1.15E0));
#3329=LINE('',#3328,#3327);
#3330=DIRECTION('',(-3.905667329425E-1,6.509445549041E-1,6.509445549041E-1));
#3331=VECTOR('',#3330,6.517839484672E-1);
#3332=CARTESIAN_POINT('',(-1.404543487266E1,5.757247877714E-1,
-4.242752122286E-1));
#3333=LINE('',#3332,#3331);
#3334=DIRECTION('',(0.E0,0.E0,1.E0));
#3335=VECTOR('',#3334,7.257247877714E-1);
#3336=CARTESIAN_POINT('',(-1.395456512734E1,-5.757247877714E-1,-1.15E0));
#3337=LINE('',#3336,#3335);
#3338=DIRECTION('',(3.905667329425E-1,-6.509445549041E-1,6.509445549041E-1));
#3339=VECTOR('',#3338,6.517839484672E-1);
#3340=CARTESIAN_POINT('',(-1.395456512734E1,-5.757247877714E-1,
-4.242752122286E-1));
#3341=LINE('',#3340,#3339);
#3342=DIRECTION('',(0.E0,0.E0,1.E0));
#3343=VECTOR('',#3342,7.257247877714E-1);
#3344=CARTESIAN_POINT('',(-1.404543487266E1,-5.757247877714E-1,-1.15E0));
#3345=LINE('',#3344,#3343);
#3346=CARTESIAN_POINT('',(-1.395456512734E1,-5.757247877714E-1,
-4.242752122286E-1));
#3347=CARTESIAN_POINT('',(-1.395680211571E1,-5.719964738219E-1,
-4.280035261781E-1));
#3348=CARTESIAN_POINT('',(-1.396207166428E1,-5.652605753829E-1,
-4.347394246171E-1));
#3349=CARTESIAN_POINT('',(-1.397201173433E1,-5.574455515824E-1,
-4.425544484176E-1));
#3350=CARTESIAN_POINT('',(-1.398276242946E1,-5.524260536410E-1,
-4.475739463590E-1));
#3351=CARTESIAN_POINT('',(-1.399417889836E1,-5.499158085700E-1,
-4.500841914300E-1));
#3352=CARTESIAN_POINT('',(-1.400530073282E1,-5.498677903348E-1,
-4.501322096652E-1));
#3353=CARTESIAN_POINT('',(-1.401665480446E1,-5.522313356213E-1,
-4.477686643787E-1));
#3354=CARTESIAN_POINT('',(-1.402756831561E1,-5.571748375094E-1,
-4.428251624906E-1));
#3355=CARTESIAN_POINT('',(-1.403772314692E1,-5.650286971092E-1,
-4.349713028908E-1));
#3356=CARTESIAN_POINT('',(-1.404314071201E1,-5.719011866883E-1,
-4.280988133117E-1));
#3357=CARTESIAN_POINT('',(-1.404543487266E1,-5.757247877714E-1,
-4.242752122286E-1));
#3359=DIRECTION('',(3.905667329425E-1,6.509445549041E-1,-6.509445549041E-1));
#3360=VECTOR('',#3359,6.517839484672E-1);
#3361=CARTESIAN_POINT('',(-1.23E1,-1.E0,0.E0));
#3362=LINE('',#3361,#3360);
#3363=DIRECTION('',(0.E0,-1.E0,0.E0));
#3364=VECTOR('',#3363,1.151449575543E0);
#3365=CARTESIAN_POINT('',(-1.204543487266E1,5.757247877714E-1,
-4.242752122286E-1));
#3366=LINE('',#3365,#3364);
#3367=DIRECTION('',(0.E0,-1.E0,0.E0));
#3368=VECTOR('',#3367,1.151449575543E0);
#3369=CARTESIAN_POINT('',(-1.195456512734E1,5.757247877714E-1,
-4.242752122286E-1));
#3370=LINE('',#3369,#3368);
#3371=DIRECTION('',(-3.905667329425E-1,-6.509445549041E-1,-6.509445549041E-1));
#3372=VECTOR('',#3371,6.517839484672E-1);
#3373=CARTESIAN_POINT('',(-1.17E1,1.E0,0.E0));
#3374=LINE('',#3373,#3372);
#3375=DIRECTION('',(0.E0,0.E0,1.E0));
#3376=VECTOR('',#3375,7.257247877714E-1);
#3377=CARTESIAN_POINT('',(-1.195456512734E1,5.757247877714E-1,-1.15E0));
#3378=LINE('',#3377,#3376);
#3379=CARTESIAN_POINT('',(-1.204543487266E1,5.757247877714E-1,
-4.242752122286E-1));
#3380=CARTESIAN_POINT('',(-1.204314979096E1,5.719163182728E-1,
-4.280836817272E-1));
#3381=CARTESIAN_POINT('',(-1.203775510848E1,5.650689669336E-1,
-4.349310330664E-1));
#3382=CARTESIAN_POINT('',(-1.202767983740E1,5.572474222934E-1,
-4.427525777066E-1));
#3383=CARTESIAN_POINT('',(-1.201679592889E1,5.522765607563E-1,
-4.477234392437E-1));
#3384=CARTESIAN_POINT('',(-1.200542370962E1,5.498787391685E-1,
-4.501212608315E-1));
#3385=CARTESIAN_POINT('',(-1.199430046888E1,5.499041290072E-1,
-4.500958709928E-1));
#3386=CARTESIAN_POINT('',(-1.198289756687E1,5.523797292432E-1,
-4.476202707568E-1));
#3387=CARTESIAN_POINT('',(-1.197210442398E1,5.573857679171E-1,
-4.426142320829E-1));
#3388=CARTESIAN_POINT('',(-1.196212615347E1,5.652005514401E-1,
-4.347994485599E-1));
#3389=CARTESIAN_POINT('',(-1.195681724100E1,5.719712650005E-1,
-4.280287349995E-1));
#3390=CARTESIAN_POINT('',(-1.195456512734E1,5.757247877714E-1,
-4.242752122286E-1));
#3392=DIRECTION('',(0.E0,0.E0,1.E0));
#3393=VECTOR('',#3392,7.257247877714E-1);
#3394=CARTESIAN_POINT('',(-1.204543487266E1,5.757247877714E-1,-1.15E0));
#3395=LINE('',#3394,#3393);
#3396=DIRECTION('',(-3.905667329425E-1,6.509445549041E-1,6.509445549041E-1));
#3397=VECTOR('',#3396,6.517839484672E-1);
#3398=CARTESIAN_POINT('',(-1.204543487266E1,5.757247877714E-1,
-4.242752122286E-1));
#3399=LINE('',#3398,#3397);
#3400=DIRECTION('',(0.E0,0.E0,1.E0));
#3401=VECTOR('',#3400,7.257247877714E-1);
#3402=CARTESIAN_POINT('',(-1.195456512734E1,-5.757247877714E-1,-1.15E0));
#3403=LINE('',#3402,#3401);
#3404=DIRECTION('',(3.905667329425E-1,-6.509445549041E-1,6.509445549041E-1));
#3405=VECTOR('',#3404,6.517839484672E-1);
#3406=CARTESIAN_POINT('',(-1.195456512734E1,-5.757247877714E-1,
-4.242752122286E-1));
#3407=LINE('',#3406,#3405);
#3408=DIRECTION('',(0.E0,0.E0,1.E0));
#3409=VECTOR('',#3408,7.257247877714E-1);
#3410=CARTESIAN_POINT('',(-1.204543487266E1,-5.757247877714E-1,-1.15E0));
#3411=LINE('',#3410,#3409);
#3412=CARTESIAN_POINT('',(-1.195456512734E1,-5.757247877714E-1,
-4.242752122286E-1));
#3413=CARTESIAN_POINT('',(-1.195680211571E1,-5.719964738219E-1,
-4.280035261781E-1));
#3414=CARTESIAN_POINT('',(-1.196207166428E1,-5.652605753829E-1,
-4.347394246171E-1));
#3415=CARTESIAN_POINT('',(-1.197201173433E1,-5.574455515824E-1,
-4.425544484176E-1));
#3416=CARTESIAN_POINT('',(-1.198276242946E1,-5.524260536410E-1,
-4.475739463590E-1));
#3417=CARTESIAN_POINT('',(-1.199417889836E1,-5.499158085700E-1,
-4.500841914300E-1));
#3418=CARTESIAN_POINT('',(-1.200530073282E1,-5.498677903348E-1,
-4.501322096652E-1));
#3419=CARTESIAN_POINT('',(-1.201665480446E1,-5.522313356213E-1,
-4.477686643787E-1));
#3420=CARTESIAN_POINT('',(-1.202756831561E1,-5.571748375094E-1,
-4.428251624906E-1));
#3421=CARTESIAN_POINT('',(-1.203772314692E1,-5.650286971092E-1,
-4.349713028908E-1));
#3422=CARTESIAN_POINT('',(-1.204314071201E1,-5.719011866883E-1,
-4.280988133117E-1));
#3423=CARTESIAN_POINT('',(-1.204543487266E1,-5.757247877714E-1,
-4.242752122286E-1));
#3425=DIRECTION('',(3.905667329425E-1,6.509445549041E-1,-6.509445549041E-1));
#3426=VECTOR('',#3425,6.517839484672E-1);
#3427=CARTESIAN_POINT('',(-1.03E1,-1.E0,0.E0));
#3428=LINE('',#3427,#3426);
#3429=DIRECTION('',(0.E0,-1.E0,0.E0));
#3430=VECTOR('',#3429,1.151449575543E0);
#3431=CARTESIAN_POINT('',(-1.004543487266E1,5.757247877714E-1,
-4.242752122286E-1));
#3432=LINE('',#3431,#3430);
#3433=DIRECTION('',(0.E0,-1.E0,0.E0));
#3434=VECTOR('',#3433,1.151449575543E0);
#3435=CARTESIAN_POINT('',(-9.954565127337E0,5.757247877714E-1,
-4.242752122286E-1));
#3436=LINE('',#3435,#3434);
#3437=DIRECTION('',(-3.905667329425E-1,-6.509445549041E-1,-6.509445549041E-1));
#3438=VECTOR('',#3437,6.517839484672E-1);
#3439=CARTESIAN_POINT('',(-9.7E0,1.E0,0.E0));
#3440=LINE('',#3439,#3438);
#3441=DIRECTION('',(0.E0,0.E0,1.E0));
#3442=VECTOR('',#3441,7.257247877714E-1);
#3443=CARTESIAN_POINT('',(-9.954565127337E0,5.757247877714E-1,-1.15E0));
#3444=LINE('',#3443,#3442);
#3445=CARTESIAN_POINT('',(-1.004543487266E1,5.757247877714E-1,
-4.242752122286E-1));
#3446=CARTESIAN_POINT('',(-1.004314979096E1,5.719163182728E-1,
-4.280836817272E-1));
#3447=CARTESIAN_POINT('',(-1.003775510848E1,5.650689669336E-1,
-4.349310330664E-1));
#3448=CARTESIAN_POINT('',(-1.002767983740E1,5.572474222934E-1,
-4.427525777066E-1));
#3449=CARTESIAN_POINT('',(-1.001679592889E1,5.522765607563E-1,
-4.477234392437E-1));
#3450=CARTESIAN_POINT('',(-1.000542370962E1,5.498787391685E-1,
-4.501212608315E-1));
#3451=CARTESIAN_POINT('',(-9.994300468884E0,5.499041290072E-1,
-4.500958709928E-1));
#3452=CARTESIAN_POINT('',(-9.982897566869E0,5.523797292432E-1,
-4.476202707568E-1));
#3453=CARTESIAN_POINT('',(-9.972104423977E0,5.573857679171E-1,
-4.426142320829E-1));
#3454=CARTESIAN_POINT('',(-9.962126153472E0,5.652005514401E-1,
-4.347994485599E-1));
#3455=CARTESIAN_POINT('',(-9.956817241E0,5.719712650005E-1,-4.280287349995E-1));
#3456=CARTESIAN_POINT('',(-9.954565127337E0,5.757247877714E-1,
-4.242752122286E-1));
#3458=DIRECTION('',(0.E0,0.E0,1.E0));
#3459=VECTOR('',#3458,7.257247877714E-1);
#3460=CARTESIAN_POINT('',(-1.004543487266E1,5.757247877714E-1,-1.15E0));
#3461=LINE('',#3460,#3459);
#3462=DIRECTION('',(-3.905667329425E-1,6.509445549041E-1,6.509445549041E-1));
#3463=VECTOR('',#3462,6.517839484672E-1);
#3464=CARTESIAN_POINT('',(-1.004543487266E1,5.757247877714E-1,
-4.242752122286E-1));
#3465=LINE('',#3464,#3463);
#3466=DIRECTION('',(0.E0,0.E0,1.E0));
#3467=VECTOR('',#3466,7.257247877714E-1);
#3468=CARTESIAN_POINT('',(-9.954565127337E0,-5.757247877714E-1,-1.15E0));
#3469=LINE('',#3468,#3467);
#3470=DIRECTION('',(3.905667329425E-1,-6.509445549041E-1,6.509445549041E-1));
#3471=VECTOR('',#3470,6.517839484672E-1);
#3472=CARTESIAN_POINT('',(-9.954565127337E0,-5.757247877714E-1,
-4.242752122286E-1));
#3473=LINE('',#3472,#3471);
#3474=DIRECTION('',(0.E0,0.E0,1.E0));
#3475=VECTOR('',#3474,7.257247877714E-1);
#3476=CARTESIAN_POINT('',(-1.004543487266E1,-5.757247877714E-1,-1.15E0));
#3477=LINE('',#3476,#3475);
#3478=CARTESIAN_POINT('',(-9.954565127337E0,-5.757247877714E-1,
-4.242752122286E-1));
#3479=CARTESIAN_POINT('',(-9.956802115707E0,-5.719964738219E-1,
-4.280035261781E-1));
#3480=CARTESIAN_POINT('',(-9.962071664281E0,-5.652605753829E-1,
-4.347394246171E-1));
#3481=CARTESIAN_POINT('',(-9.972011734329E0,-5.574455515824E-1,
-4.425544484176E-1));
#3482=CARTESIAN_POINT('',(-9.982762429465E0,-5.524260536410E-1,
-4.475739463590E-1));
#3483=CARTESIAN_POINT('',(-9.994178898362E0,-5.499158085700E-1,
-4.500841914300E-1));
#3484=CARTESIAN_POINT('',(-1.000530073282E1,-5.498677903348E-1,
-4.501322096652E-1));
#3485=CARTESIAN_POINT('',(-1.001665480446E1,-5.522313356213E-1,
-4.477686643787E-1));
#3486=CARTESIAN_POINT('',(-1.002756831561E1,-5.571748375094E-1,
-4.428251624906E-1));
#3487=CARTESIAN_POINT('',(-1.003772314692E1,-5.650286971092E-1,
-4.349713028908E-1));
#3488=CARTESIAN_POINT('',(-1.004314071201E1,-5.719011866883E-1,
-4.280988133117E-1));
#3489=CARTESIAN_POINT('',(-1.004543487266E1,-5.757247877714E-1,
-4.242752122286E-1));
#3491=DIRECTION('',(3.905667329425E-1,6.509445549041E-1,-6.509445549041E-1));
#3492=VECTOR('',#3491,6.517839484672E-1);
#3493=CARTESIAN_POINT('',(-8.3E0,-1.E0,0.E0));
#3494=LINE('',#3493,#3492);
#3495=DIRECTION('',(0.E0,-1.E0,0.E0));
#3496=VECTOR('',#3495,1.151449575543E0);
#3497=CARTESIAN_POINT('',(-8.045434872663E0,5.757247877714E-1,
-4.242752122286E-1));
#3498=LINE('',#3497,#3496);
#3499=DIRECTION('',(0.E0,-1.E0,0.E0));
#3500=VECTOR('',#3499,1.151449575543E0);
#3501=CARTESIAN_POINT('',(-7.954565127337E0,5.757247877714E-1,
-4.242752122286E-1));
#3502=LINE('',#3501,#3500);
#3503=DIRECTION('',(-3.905667329425E-1,-6.509445549041E-1,-6.509445549041E-1));
#3504=VECTOR('',#3503,6.517839484672E-1);
#3505=CARTESIAN_POINT('',(-7.7E0,1.E0,0.E0));
#3506=LINE('',#3505,#3504);
#3507=DIRECTION('',(0.E0,0.E0,1.E0));
#3508=VECTOR('',#3507,7.257247877714E-1);
#3509=CARTESIAN_POINT('',(-7.954565127337E0,5.757247877714E-1,-1.15E0));
#3510=LINE('',#3509,#3508);
#3511=CARTESIAN_POINT('',(-8.045434872663E0,5.757247877714E-1,
-4.242752122286E-1));
#3512=CARTESIAN_POINT('',(-8.043149790964E0,5.719163182728E-1,
-4.280836817272E-1));
#3513=CARTESIAN_POINT('',(-8.037755108478E0,5.650689669336E-1,
-4.349310330664E-1));
#3514=CARTESIAN_POINT('',(-8.027679837396E0,5.572474222934E-1,
-4.427525777066E-1));
#3515=CARTESIAN_POINT('',(-8.016795928886E0,5.522765607563E-1,
-4.477234392437E-1));
#3516=CARTESIAN_POINT('',(-8.005423709625E0,5.498787391685E-1,
-4.501212608315E-1));
#3517=CARTESIAN_POINT('',(-7.994300468884E0,5.499041290072E-1,
-4.500958709928E-1));
#3518=CARTESIAN_POINT('',(-7.982897566869E0,5.523797292432E-1,
-4.476202707568E-1));
#3519=CARTESIAN_POINT('',(-7.972104423977E0,5.573857679171E-1,
-4.426142320829E-1));
#3520=CARTESIAN_POINT('',(-7.962126153472E0,5.652005514401E-1,
-4.347994485599E-1));
#3521=CARTESIAN_POINT('',(-7.956817241E0,5.719712650005E-1,-4.280287349995E-1));
#3522=CARTESIAN_POINT('',(-7.954565127337E0,5.757247877714E-1,
-4.242752122286E-1));
#3524=DIRECTION('',(0.E0,0.E0,1.E0));
#3525=VECTOR('',#3524,7.257247877714E-1);
#3526=CARTESIAN_POINT('',(-8.045434872663E0,5.757247877714E-1,-1.15E0));
#3527=LINE('',#3526,#3525);
#3528=DIRECTION('',(-3.905667329425E-1,6.509445549041E-1,6.509445549041E-1));
#3529=VECTOR('',#3528,6.517839484672E-1);
#3530=CARTESIAN_POINT('',(-8.045434872663E0,5.757247877714E-1,
-4.242752122286E-1));
#3531=LINE('',#3530,#3529);
#3532=DIRECTION('',(0.E0,0.E0,1.E0));
#3533=VECTOR('',#3532,7.257247877714E-1);
#3534=CARTESIAN_POINT('',(-7.954565127337E0,-5.757247877714E-1,-1.15E0));
#3535=LINE('',#3534,#3533);
#3536=DIRECTION('',(3.905667329425E-1,-6.509445549041E-1,6.509445549041E-1));
#3537=VECTOR('',#3536,6.517839484672E-1);
#3538=CARTESIAN_POINT('',(-7.954565127337E0,-5.757247877714E-1,
-4.242752122286E-1));
#3539=LINE('',#3538,#3537);
#3540=DIRECTION('',(0.E0,0.E0,1.E0));
#3541=VECTOR('',#3540,7.257247877714E-1);
#3542=CARTESIAN_POINT('',(-8.045434872663E0,-5.757247877714E-1,-1.15E0));
#3543=LINE('',#3542,#3541);
#3544=CARTESIAN_POINT('',(-7.954565127337E0,-5.757247877714E-1,
-4.242752122286E-1));
#3545=CARTESIAN_POINT('',(-7.956802115707E0,-5.719964738219E-1,
-4.280035261781E-1));
#3546=CARTESIAN_POINT('',(-7.962071664281E0,-5.652605753829E-1,
-4.347394246171E-1));
#3547=CARTESIAN_POINT('',(-7.972011734329E0,-5.574455515824E-1,
-4.425544484176E-1));
#3548=CARTESIAN_POINT('',(-7.982762429465E0,-5.524260536410E-1,
-4.475739463590E-1));
#3549=CARTESIAN_POINT('',(-7.994178898362E0,-5.499158085700E-1,
-4.500841914300E-1));
#3550=CARTESIAN_POINT('',(-8.005300732818E0,-5.498677903348E-1,
-4.501322096652E-1));
#3551=CARTESIAN_POINT('',(-8.016654804463E0,-5.522313356213E-1,
-4.477686643787E-1));
#3552=CARTESIAN_POINT('',(-8.027568315611E0,-5.571748375094E-1,
-4.428251624906E-1));
#3553=CARTESIAN_POINT('',(-8.037723146923E0,-5.650286971092E-1,
-4.349713028908E-1));
#3554=CARTESIAN_POINT('',(-8.043140712013E0,-5.719011866883E-1,
-4.280988133117E-1));
#3555=CARTESIAN_POINT('',(-8.045434872663E0,-5.757247877714E-1,
-4.242752122286E-1));
#3557=DIRECTION('',(3.905667329425E-1,6.509445549041E-1,-6.509445549041E-1));
#3558=VECTOR('',#3557,6.517839484672E-1);
#3559=CARTESIAN_POINT('',(-6.3E0,-1.E0,0.E0));
#3560=LINE('',#3559,#3558);
#3561=DIRECTION('',(0.E0,-1.E0,0.E0));
#3562=VECTOR('',#3561,1.151449575543E0);
#3563=CARTESIAN_POINT('',(-6.045434872663E0,5.757247877714E-1,
-4.242752122286E-1));
#3564=LINE('',#3563,#3562);
#3565=DIRECTION('',(0.E0,-1.E0,0.E0));
#3566=VECTOR('',#3565,1.151449575543E0);
#3567=CARTESIAN_POINT('',(-5.954565127337E0,5.757247877714E-1,
-4.242752122286E-1));
#3568=LINE('',#3567,#3566);
#3569=DIRECTION('',(-3.905667329425E-1,-6.509445549041E-1,-6.509445549041E-1));
#3570=VECTOR('',#3569,6.517839484672E-1);
#3571=CARTESIAN_POINT('',(-5.7E0,1.E0,0.E0));
#3572=LINE('',#3571,#3570);
#3573=DIRECTION('',(0.E0,0.E0,1.E0));
#3574=VECTOR('',#3573,7.257247877714E-1);
#3575=CARTESIAN_POINT('',(-5.954565127337E0,5.757247877714E-1,-1.15E0));
#3576=LINE('',#3575,#3574);
#3577=CARTESIAN_POINT('',(-6.045434872663E0,5.757247877714E-1,
-4.242752122286E-1));
#3578=CARTESIAN_POINT('',(-6.043149790964E0,5.719163182728E-1,
-4.280836817272E-1));
#3579=CARTESIAN_POINT('',(-6.037755108478E0,5.650689669336E-1,
-4.349310330664E-1));
#3580=CARTESIAN_POINT('',(-6.027679837396E0,5.572474222934E-1,
-4.427525777066E-1));
#3581=CARTESIAN_POINT('',(-6.016795928886E0,5.522765607563E-1,
-4.477234392437E-1));
#3582=CARTESIAN_POINT('',(-6.005423709625E0,5.498787391685E-1,
-4.501212608315E-1));
#3583=CARTESIAN_POINT('',(-5.994300468883E0,5.499041290072E-1,
-4.500958709928E-1));
#3584=CARTESIAN_POINT('',(-5.982897566869E0,5.523797292432E-1,
-4.476202707568E-1));
#3585=CARTESIAN_POINT('',(-5.972104423977E0,5.573857679171E-1,
-4.426142320829E-1));
#3586=CARTESIAN_POINT('',(-5.962126153472E0,5.652005514401E-1,
-4.347994485599E-1));
#3587=CARTESIAN_POINT('',(-5.956817241E0,5.719712650005E-1,-4.280287349995E-1));
#3588=CARTESIAN_POINT('',(-5.954565127337E0,5.757247877714E-1,
-4.242752122286E-1));
#3590=DIRECTION('',(0.E0,0.E0,1.E0));
#3591=VECTOR('',#3590,7.257247877714E-1);
#3592=CARTESIAN_POINT('',(-6.045434872663E0,5.757247877714E-1,-1.15E0));
#3593=LINE('',#3592,#3591);
#3594=DIRECTION('',(-3.905667329425E-1,6.509445549041E-1,6.509445549041E-1));
#3595=VECTOR('',#3594,6.517839484672E-1);
#3596=CARTESIAN_POINT('',(-6.045434872663E0,5.757247877714E-1,
-4.242752122286E-1));
#3597=LINE('',#3596,#3595);
#3598=DIRECTION('',(0.E0,0.E0,1.E0));
#3599=VECTOR('',#3598,7.257247877714E-1);
#3600=CARTESIAN_POINT('',(-5.954565127337E0,-5.757247877714E-1,-1.15E0));
#3601=LINE('',#3600,#3599);
#3602=DIRECTION('',(3.905667329425E-1,-6.509445549041E-1,6.509445549041E-1));
#3603=VECTOR('',#3602,6.517839484672E-1);
#3604=CARTESIAN_POINT('',(-5.954565127337E0,-5.757247877714E-1,
-4.242752122286E-1));
#3605=LINE('',#3604,#3603);
#3606=DIRECTION('',(0.E0,0.E0,1.E0));
#3607=VECTOR('',#3606,7.257247877714E-1);
#3608=CARTESIAN_POINT('',(-6.045434872663E0,-5.757247877714E-1,-1.15E0));
#3609=LINE('',#3608,#3607);
#3610=CARTESIAN_POINT('',(-5.954565127337E0,-5.757247877714E-1,
-4.242752122286E-1));
#3611=CARTESIAN_POINT('',(-5.956802115707E0,-5.719964738219E-1,
-4.280035261781E-1));
#3612=CARTESIAN_POINT('',(-5.962071664281E0,-5.652605753829E-1,
-4.347394246171E-1));
#3613=CARTESIAN_POINT('',(-5.972011734329E0,-5.574455515824E-1,
-4.425544484176E-1));
#3614=CARTESIAN_POINT('',(-5.982762429465E0,-5.524260536410E-1,
-4.475739463590E-1));
#3615=CARTESIAN_POINT('',(-5.994178898362E0,-5.499158085700E-1,
-4.500841914300E-1));
#3616=CARTESIAN_POINT('',(-6.005300732818E0,-5.498677903348E-1,
-4.501322096652E-1));
#3617=CARTESIAN_POINT('',(-6.016654804463E0,-5.522313356213E-1,
-4.477686643787E-1));
#3618=CARTESIAN_POINT('',(-6.027568315611E0,-5.571748375094E-1,
-4.428251624906E-1));
#3619=CARTESIAN_POINT('',(-6.037723146923E0,-5.650286971092E-1,
-4.349713028908E-1));
#3620=CARTESIAN_POINT('',(-6.043140712013E0,-5.719011866883E-1,
-4.280988133117E-1));
#3621=CARTESIAN_POINT('',(-6.045434872663E0,-5.757247877714E-1,
-4.242752122286E-1));
#3623=DIRECTION('',(3.905667329425E-1,6.509445549041E-1,-6.509445549041E-1));
#3624=VECTOR('',#3623,6.517839484672E-1);
#3625=CARTESIAN_POINT('',(-4.3E0,-1.E0,0.E0));
#3626=LINE('',#3625,#3624);
#3627=DIRECTION('',(0.E0,-1.E0,0.E0));
#3628=VECTOR('',#3627,1.151449575543E0);
#3629=CARTESIAN_POINT('',(-4.045434872663E0,5.757247877714E-1,
-4.242752122286E-1));
#3630=LINE('',#3629,#3628);
#3631=DIRECTION('',(0.E0,-1.E0,0.E0));
#3632=VECTOR('',#3631,1.151449575543E0);
#3633=CARTESIAN_POINT('',(-3.954565127337E0,5.757247877714E-1,
-4.242752122286E-1));
#3634=LINE('',#3633,#3632);
#3635=DIRECTION('',(-3.905667329425E-1,-6.509445549041E-1,-6.509445549041E-1));
#3636=VECTOR('',#3635,6.517839484672E-1);
#3637=CARTESIAN_POINT('',(-3.7E0,1.E0,0.E0));
#3638=LINE('',#3637,#3636);
#3639=DIRECTION('',(0.E0,0.E0,1.E0));
#3640=VECTOR('',#3639,7.257247877714E-1);
#3641=CARTESIAN_POINT('',(-3.954565127337E0,5.757247877714E-1,-1.15E0));
#3642=LINE('',#3641,#3640);
#3643=CARTESIAN_POINT('',(-4.045434872663E0,5.757247877714E-1,
-4.242752122286E-1));
#3644=CARTESIAN_POINT('',(-4.043149790964E0,5.719163182728E-1,
-4.280836817272E-1));
#3645=CARTESIAN_POINT('',(-4.037755108478E0,5.650689669336E-1,
-4.349310330664E-1));
#3646=CARTESIAN_POINT('',(-4.027679837396E0,5.572474222934E-1,
-4.427525777066E-1));
#3647=CARTESIAN_POINT('',(-4.016795928886E0,5.522765607563E-1,
-4.477234392437E-1));
#3648=CARTESIAN_POINT('',(-4.005423709625E0,5.498787391685E-1,
-4.501212608315E-1));
#3649=CARTESIAN_POINT('',(-3.994300468884E0,5.499041290072E-1,
-4.500958709928E-1));
#3650=CARTESIAN_POINT('',(-3.982897566869E0,5.523797292432E-1,
-4.476202707568E-1));
#3651=CARTESIAN_POINT('',(-3.972104423977E0,5.573857679171E-1,
-4.426142320829E-1));
#3652=CARTESIAN_POINT('',(-3.962126153472E0,5.652005514401E-1,
-4.347994485599E-1));
#3653=CARTESIAN_POINT('',(-3.956817241E0,5.719712650005E-1,-4.280287349995E-1));
#3654=CARTESIAN_POINT('',(-3.954565127337E0,5.757247877714E-1,
-4.242752122286E-1));
#3656=DIRECTION('',(0.E0,0.E0,1.E0));
#3657=VECTOR('',#3656,7.257247877714E-1);
#3658=CARTESIAN_POINT('',(-4.045434872663E0,5.757247877714E-1,-1.15E0));
#3659=LINE('',#3658,#3657);
#3660=DIRECTION('',(-3.905667329425E-1,6.509445549041E-1,6.509445549041E-1));
#3661=VECTOR('',#3660,6.517839484672E-1);
#3662=CARTESIAN_POINT('',(-4.045434872663E0,5.757247877714E-1,
-4.242752122286E-1));
#3663=LINE('',#3662,#3661);
#3664=DIRECTION('',(0.E0,0.E0,1.E0));
#3665=VECTOR('',#3664,7.257247877714E-1);
#3666=CARTESIAN_POINT('',(-3.954565127337E0,-5.757247877714E-1,-1.15E0));
#3667=LINE('',#3666,#3665);
#3668=DIRECTION('',(3.905667329425E-1,-6.509445549041E-1,6.509445549041E-1));
#3669=VECTOR('',#3668,6.517839484672E-1);
#3670=CARTESIAN_POINT('',(-3.954565127337E0,-5.757247877714E-1,
-4.242752122286E-1));
#3671=LINE('',#3670,#3669);
#3672=DIRECTION('',(0.E0,0.E0,1.E0));
#3673=VECTOR('',#3672,7.257247877714E-1);
#3674=CARTESIAN_POINT('',(-4.045434872663E0,-5.757247877714E-1,-1.15E0));
#3675=LINE('',#3674,#3673);
#3676=CARTESIAN_POINT('',(-3.954565127337E0,-5.757247877714E-1,
-4.242752122286E-1));
#3677=CARTESIAN_POINT('',(-3.956802115707E0,-5.719964738219E-1,
-4.280035261781E-1));
#3678=CARTESIAN_POINT('',(-3.962071664281E0,-5.652605753829E-1,
-4.347394246171E-1));
#3679=CARTESIAN_POINT('',(-3.972011734329E0,-5.574455515824E-1,
-4.425544484176E-1));
#3680=CARTESIAN_POINT('',(-3.982762429465E0,-5.524260536410E-1,
-4.475739463590E-1));
#3681=CARTESIAN_POINT('',(-3.994178898362E0,-5.499158085700E-1,
-4.500841914300E-1));
#3682=CARTESIAN_POINT('',(-4.005300732818E0,-5.498677903348E-1,
-4.501322096652E-1));
#3683=CARTESIAN_POINT('',(-4.016654804463E0,-5.522313356213E-1,
-4.477686643787E-1));
#3684=CARTESIAN_POINT('',(-4.027568315611E0,-5.571748375094E-1,
-4.428251624906E-1));
#3685=CARTESIAN_POINT('',(-4.037723146923E0,-5.650286971092E-1,
-4.349713028908E-1));
#3686=CARTESIAN_POINT('',(-4.043140712013E0,-5.719011866883E-1,
-4.280988133117E-1));
#3687=CARTESIAN_POINT('',(-4.045434872663E0,-5.757247877714E-1,
-4.242752122286E-1));
#3689=DIRECTION('',(3.905667329425E-1,6.509445549041E-1,-6.509445549041E-1));
#3690=VECTOR('',#3689,6.517839484672E-1);
#3691=CARTESIAN_POINT('',(-2.3E0,-1.E0,0.E0));
#3692=LINE('',#3691,#3690);
#3693=DIRECTION('',(0.E0,-1.E0,0.E0));
#3694=VECTOR('',#3693,1.151449575543E0);
#3695=CARTESIAN_POINT('',(-2.045434872663E0,5.757247877714E-1,
-4.242752122286E-1));
#3696=LINE('',#3695,#3694);
#3697=DIRECTION('',(0.E0,-1.E0,0.E0));
#3698=VECTOR('',#3697,1.151449575543E0);
#3699=CARTESIAN_POINT('',(-1.954565127337E0,5.757247877714E-1,
-4.242752122286E-1));
#3700=LINE('',#3699,#3698);
#3701=DIRECTION('',(-3.905667329425E-1,-6.509445549041E-1,-6.509445549041E-1));
#3702=VECTOR('',#3701,6.517839484672E-1);
#3703=CARTESIAN_POINT('',(-1.7E0,1.E0,0.E0));
#3704=LINE('',#3703,#3702);
#3705=DIRECTION('',(0.E0,0.E0,1.E0));
#3706=VECTOR('',#3705,7.257247877714E-1);
#3707=CARTESIAN_POINT('',(-1.954565127337E0,5.757247877714E-1,-1.15E0));
#3708=LINE('',#3707,#3706);
#3709=CARTESIAN_POINT('',(-2.045434872663E0,5.757247877714E-1,
-4.242752122286E-1));
#3710=CARTESIAN_POINT('',(-2.043149790964E0,5.719163182728E-1,
-4.280836817272E-1));
#3711=CARTESIAN_POINT('',(-2.037755108478E0,5.650689669336E-1,
-4.349310330664E-1));
#3712=CARTESIAN_POINT('',(-2.027679837396E0,5.572474222934E-1,
-4.427525777066E-1));
#3713=CARTESIAN_POINT('',(-2.016795928886E0,5.522765607563E-1,
-4.477234392437E-1));
#3714=CARTESIAN_POINT('',(-2.005423709625E0,5.498787391685E-1,
-4.501212608315E-1));
#3715=CARTESIAN_POINT('',(-1.994300468884E0,5.499041290072E-1,
-4.500958709928E-1));
#3716=CARTESIAN_POINT('',(-1.982897566869E0,5.523797292432E-1,
-4.476202707568E-1));
#3717=CARTESIAN_POINT('',(-1.972104423977E0,5.573857679171E-1,
-4.426142320829E-1));
#3718=CARTESIAN_POINT('',(-1.962126153472E0,5.652005514401E-1,
-4.347994485599E-1));
#3719=CARTESIAN_POINT('',(-1.956817241E0,5.719712650005E-1,-4.280287349995E-1));
#3720=CARTESIAN_POINT('',(-1.954565127337E0,5.757247877714E-1,
-4.242752122286E-1));
#3722=DIRECTION('',(0.E0,0.E0,1.E0));
#3723=VECTOR('',#3722,7.257247877714E-1);
#3724=CARTESIAN_POINT('',(-2.045434872663E0,5.757247877714E-1,-1.15E0));
#3725=LINE('',#3724,#3723);
#3726=DIRECTION('',(-3.905667329425E-1,6.509445549041E-1,6.509445549041E-1));
#3727=VECTOR('',#3726,6.517839484672E-1);
#3728=CARTESIAN_POINT('',(-2.045434872663E0,5.757247877714E-1,
-4.242752122286E-1));
#3729=LINE('',#3728,#3727);
#3730=DIRECTION('',(0.E0,0.E0,1.E0));
#3731=VECTOR('',#3730,7.257247877714E-1);
#3732=CARTESIAN_POINT('',(-1.954565127337E0,-5.757247877714E-1,-1.15E0));
#3733=LINE('',#3732,#3731);
#3734=DIRECTION('',(3.905667329425E-1,-6.509445549041E-1,6.509445549041E-1));
#3735=VECTOR('',#3734,6.517839484672E-1);
#3736=CARTESIAN_POINT('',(-1.954565127337E0,-5.757247877714E-1,
-4.242752122286E-1));
#3737=LINE('',#3736,#3735);
#3738=DIRECTION('',(0.E0,1.024974534469E-14,1.E0));
#3739=VECTOR('',#3738,7.257247877714E-1);
#3740=CARTESIAN_POINT('',(-2.045434872663E0,-5.757247877714E-1,-1.15E0));
#3741=LINE('',#3740,#3739);
#3742=CARTESIAN_POINT('',(-1.954565127337E0,-5.757247877714E-1,
-4.242752122286E-1));
#3743=CARTESIAN_POINT('',(-1.956802115707E0,-5.719964738219E-1,
-4.280035261781E-1));
#3744=CARTESIAN_POINT('',(-1.962071664281E0,-5.652605753829E-1,
-4.347394246171E-1));
#3745=CARTESIAN_POINT('',(-1.972011734329E0,-5.574455515824E-1,
-4.425544484176E-1));
#3746=CARTESIAN_POINT('',(-1.982762429465E0,-5.524260536410E-1,
-4.475739463590E-1));
#3747=CARTESIAN_POINT('',(-1.994178898362E0,-5.499158085700E-1,
-4.500841914300E-1));
#3748=CARTESIAN_POINT('',(-2.005300732818E0,-5.498677903348E-1,
-4.501322096652E-1));
#3749=CARTESIAN_POINT('',(-2.016654804463E0,-5.522313356213E-1,
-4.477686643787E-1));
#3750=CARTESIAN_POINT('',(-2.027568315611E0,-5.571748375094E-1,
-4.428251624906E-1));
#3751=CARTESIAN_POINT('',(-2.037723146923E0,-5.650286971092E-1,
-4.349713028908E-1));
#3752=CARTESIAN_POINT('',(-2.043140712013E0,-5.719011866883E-1,
-4.280988133117E-1));
#3753=CARTESIAN_POINT('',(-2.045434872663E0,-5.757247877714E-1,
-4.242752122286E-1));
#3755=DIRECTION('',(3.905667329425E-1,6.509445549041E-1,-6.509445549041E-1));
#3756=VECTOR('',#3755,6.517839484672E-1);
#3757=CARTESIAN_POINT('',(-3.E-1,-1.E0,0.E0));
#3758=LINE('',#3757,#3756);
#3759=DIRECTION('',(0.E0,-1.E0,0.E0));
#3760=VECTOR('',#3759,1.151449575543E0);
#3761=CARTESIAN_POINT('',(-4.543487266283E-2,5.757247877714E-1,
-4.242752122286E-1));
#3762=LINE('',#3761,#3760);
#3763=DIRECTION('',(0.E0,-1.E0,0.E0));
#3764=VECTOR('',#3763,1.151449575543E0);
#3765=CARTESIAN_POINT('',(4.543487266283E-2,5.757247877714E-1,
-4.242752122286E-1));
#3766=LINE('',#3765,#3764);
#3767=DIRECTION('',(-3.905667329425E-1,-6.509445549041E-1,-6.509445549041E-1));
#3768=VECTOR('',#3767,6.517839484672E-1);
#3769=CARTESIAN_POINT('',(3.E-1,1.E0,0.E0));
#3770=LINE('',#3769,#3768);
#3771=DIRECTION('',(0.E0,0.E0,1.E0));
#3772=VECTOR('',#3771,7.257247877714E-1);
#3773=CARTESIAN_POINT('',(4.543487266283E-2,5.757247877714E-1,-1.15E0));
#3774=LINE('',#3773,#3772);
#3775=CARTESIAN_POINT('',(-4.543487266283E-2,5.757247877714E-1,
-4.242752122286E-1));
#3776=CARTESIAN_POINT('',(-4.314979096370E-2,5.719163182728E-1,
-4.280836817272E-1));
#3777=CARTESIAN_POINT('',(-3.775510847796E-2,5.650689669336E-1,
-4.349310330664E-1));
#3778=CARTESIAN_POINT('',(-2.767983739596E-2,5.572474222934E-1,
-4.427525777066E-1));
#3779=CARTESIAN_POINT('',(-1.679592888558E-2,5.522765607563E-1,
-4.477234392437E-1));
#3780=CARTESIAN_POINT('',(-5.423709624592E-3,5.498787391685E-1,
-4.501212608315E-1));
#3781=CARTESIAN_POINT('',(5.699531116497E-3,5.499041290072E-1,
-4.500958709928E-1));
#3782=CARTESIAN_POINT('',(1.710243313091E-2,5.523797292432E-1,
-4.476202707568E-1));
#3783=CARTESIAN_POINT('',(2.789557602262E-2,5.573857679171E-1,
-4.426142320829E-1));
#3784=CARTESIAN_POINT('',(3.787384652782E-2,5.652005514401E-1,
-4.347994485599E-1));
#3785=CARTESIAN_POINT('',(4.318275900029E-2,5.719712650005E-1,
-4.280287349995E-1));
#3786=CARTESIAN_POINT('',(4.543487266283E-2,5.757247877714E-1,
-4.242752122286E-1));
#3788=DIRECTION('',(0.E0,0.E0,1.E0));
#3789=VECTOR('',#3788,7.257247877714E-1);
#3790=CARTESIAN_POINT('',(-4.543487266282E-2,5.757247877714E-1,-1.15E0));
#3791=LINE('',#3790,#3789);
#3792=DIRECTION('',(-3.905667329425E-1,6.509445549041E-1,6.509445549041E-1));
#3793=VECTOR('',#3792,6.517839484672E-1);
#3794=CARTESIAN_POINT('',(-4.543487266283E-2,5.757247877714E-1,
-4.242752122286E-1));
#3795=LINE('',#3794,#3793);
#3796=DIRECTION('',(0.E0,-1.101465171370E-14,1.E0));
#3797=VECTOR('',#3796,7.257247877714E-1);
#3798=CARTESIAN_POINT('',(4.543487266282E-2,-5.757247877714E-1,-1.15E0));
#3799=LINE('',#3798,#3797);
#3800=DIRECTION('',(3.905667329425E-1,-6.509445549041E-1,6.509445549041E-1));
#3801=VECTOR('',#3800,6.517839484672E-1);
#3802=CARTESIAN_POINT('',(4.543487266283E-2,-5.757247877714E-1,
-4.242752122286E-1));
#3803=LINE('',#3802,#3801);
#3804=DIRECTION('',(0.E0,0.E0,1.E0));
#3805=VECTOR('',#3804,7.257247877714E-1);
#3806=CARTESIAN_POINT('',(-4.543487266283E-2,-5.757247877714E-1,-1.15E0));
#3807=LINE('',#3806,#3805);
#3808=CARTESIAN_POINT('',(4.543487266283E-2,-5.757247877714E-1,
-4.242752122286E-1));
#3809=CARTESIAN_POINT('',(4.319788429314E-2,-5.719964738219E-1,
-4.280035261781E-1));
#3810=CARTESIAN_POINT('',(3.792833571920E-2,-5.652605753829E-1,
-4.347394246171E-1));
#3811=CARTESIAN_POINT('',(2.798826567099E-2,-5.574455515824E-1,
-4.425544484176E-1));
#3812=CARTESIAN_POINT('',(1.723757053511E-2,-5.524260536410E-1,
-4.475739463590E-1));
#3813=CARTESIAN_POINT('',(5.821101637605E-3,-5.499158085700E-1,
-4.500841914300E-1));
#3814=CARTESIAN_POINT('',(-5.300732817571E-3,-5.498677903348E-1,
-4.501322096652E-1));
#3815=CARTESIAN_POINT('',(-1.665480446343E-2,-5.522313356213E-1,
-4.477686643787E-1));
#3816=CARTESIAN_POINT('',(-2.756831561137E-2,-5.571748375094E-1,
-4.428251624906E-1));
#3817=CARTESIAN_POINT('',(-3.772314692295E-2,-5.650286971092E-1,
-4.349713028908E-1));
#3818=CARTESIAN_POINT('',(-4.314071201295E-2,-5.719011866883E-1,
-4.280988133117E-1));
#3819=CARTESIAN_POINT('',(-4.543487266283E-2,-5.757247877714E-1,
-4.242752122286E-1));
#3821=DIRECTION('',(3.905667329425E-1,6.509445549041E-1,-6.509445549041E-1));
#3822=VECTOR('',#3821,6.517839484672E-1);
#3823=CARTESIAN_POINT('',(1.7E0,-1.E0,0.E0));
#3824=LINE('',#3823,#3822);
#3825=DIRECTION('',(0.E0,-1.E0,0.E0));
#3826=VECTOR('',#3825,1.151449575543E0);
#3827=CARTESIAN_POINT('',(1.954565127337E0,5.757247877714E-1,
-4.242752122286E-1));
#3828=LINE('',#3827,#3826);
#3829=DIRECTION('',(0.E0,-1.E0,0.E0));
#3830=VECTOR('',#3829,1.151449575543E0);
#3831=CARTESIAN_POINT('',(2.045434872663E0,5.757247877714E-1,
-4.242752122286E-1));
#3832=LINE('',#3831,#3830);
#3833=DIRECTION('',(-3.905667329425E-1,-6.509445549041E-1,-6.509445549041E-1));
#3834=VECTOR('',#3833,6.517839484672E-1);
#3835=CARTESIAN_POINT('',(2.3E0,1.E0,0.E0));
#3836=LINE('',#3835,#3834);
#3837=DIRECTION('',(0.E0,0.E0,1.E0));
#3838=VECTOR('',#3837,7.257247877714E-1);
#3839=CARTESIAN_POINT('',(2.045434872663E0,5.757247877714E-1,-1.15E0));
#3840=LINE('',#3839,#3838);
#3841=CARTESIAN_POINT('',(1.954565127337E0,5.757247877714E-1,
-4.242752122286E-1));
#3842=CARTESIAN_POINT('',(1.956850209036E0,5.719163182728E-1,
-4.280836817272E-1));
#3843=CARTESIAN_POINT('',(1.962244891522E0,5.650689669336E-1,
-4.349310330664E-1));
#3844=CARTESIAN_POINT('',(1.972320162604E0,5.572474222934E-1,
-4.427525777066E-1));
#3845=CARTESIAN_POINT('',(1.983204071114E0,5.522765607563E-1,
-4.477234392437E-1));
#3846=CARTESIAN_POINT('',(1.994576290375E0,5.498787391685E-1,
-4.501212608315E-1));
#3847=CARTESIAN_POINT('',(2.005699531116E0,5.499041290072E-1,
-4.500958709928E-1));
#3848=CARTESIAN_POINT('',(2.017102433131E0,5.523797292432E-1,
-4.476202707568E-1));
#3849=CARTESIAN_POINT('',(2.027895576023E0,5.573857679171E-1,
-4.426142320829E-1));
#3850=CARTESIAN_POINT('',(2.037873846528E0,5.652005514401E-1,
-4.347994485599E-1));
#3851=CARTESIAN_POINT('',(2.043182759E0,5.719712650005E-1,-4.280287349995E-1));
#3852=CARTESIAN_POINT('',(2.045434872663E0,5.757247877714E-1,
-4.242752122286E-1));
#3854=DIRECTION('',(0.E0,0.E0,1.E0));
#3855=VECTOR('',#3854,7.257247877714E-1);
#3856=CARTESIAN_POINT('',(1.954565127337E0,5.757247877714E-1,-1.15E0));
#3857=LINE('',#3856,#3855);
#3858=DIRECTION('',(-3.905667329425E-1,6.509445549041E-1,6.509445549041E-1));
#3859=VECTOR('',#3858,6.517839484672E-1);
#3860=CARTESIAN_POINT('',(1.954565127337E0,5.757247877714E-1,
-4.242752122286E-1));
#3861=LINE('',#3860,#3859);
#3862=DIRECTION('',(0.E0,0.E0,1.E0));
#3863=VECTOR('',#3862,7.257247877714E-1);
#3864=CARTESIAN_POINT('',(2.045434872663E0,-5.757247877714E-1,-1.15E0));
#3865=LINE('',#3864,#3863);
#3866=DIRECTION('',(3.905667329425E-1,-6.509445549041E-1,6.509445549041E-1));
#3867=VECTOR('',#3866,6.517839484672E-1);
#3868=CARTESIAN_POINT('',(2.045434872663E0,-5.757247877714E-1,
-4.242752122286E-1));
#3869=LINE('',#3868,#3867);
#3870=DIRECTION('',(0.E0,1.055570789230E-14,1.E0));
#3871=VECTOR('',#3870,7.257247877714E-1);
#3872=CARTESIAN_POINT('',(1.954565127337E0,-5.757247877714E-1,-1.15E0));
#3873=LINE('',#3872,#3871);
#3874=CARTESIAN_POINT('',(2.045434872663E0,-5.757247877714E-1,
-4.242752122286E-1));
#3875=CARTESIAN_POINT('',(2.043197884293E0,-5.719964738219E-1,
-4.280035261781E-1));
#3876=CARTESIAN_POINT('',(2.037928335719E0,-5.652605753829E-1,
-4.347394246171E-1));
#3877=CARTESIAN_POINT('',(2.027988265671E0,-5.574455515824E-1,
-4.425544484176E-1));
#3878=CARTESIAN_POINT('',(2.017237570535E0,-5.524260536410E-1,
-4.475739463590E-1));
#3879=CARTESIAN_POINT('',(2.005821101638E0,-5.499158085700E-1,
-4.500841914300E-1));
#3880=CARTESIAN_POINT('',(1.994699267182E0,-5.498677903348E-1,
-4.501322096652E-1));
#3881=CARTESIAN_POINT('',(1.983345195537E0,-5.522313356213E-1,
-4.477686643787E-1));
#3882=CARTESIAN_POINT('',(1.972431684389E0,-5.571748375094E-1,
-4.428251624906E-1));
#3883=CARTESIAN_POINT('',(1.962276853077E0,-5.650286971092E-1,
-4.349713028908E-1));
#3884=CARTESIAN_POINT('',(1.956859287987E0,-5.719011866883E-1,
-4.280988133117E-1));
#3885=CARTESIAN_POINT('',(1.954565127337E0,-5.757247877714E-1,
-4.242752122286E-1));
#3887=DIRECTION('',(3.905667329425E-1,6.509445549041E-1,-6.509445549041E-1));
#3888=VECTOR('',#3887,6.517839484672E-1);
#3889=CARTESIAN_POINT('',(3.7E0,-1.E0,0.E0));
#3890=LINE('',#3889,#3888);
#3891=DIRECTION('',(0.E0,-1.E0,0.E0));
#3892=VECTOR('',#3891,1.151449575543E0);
#3893=CARTESIAN_POINT('',(3.954565127337E0,5.757247877714E-1,
-4.242752122286E-1));
#3894=LINE('',#3893,#3892);
#3895=DIRECTION('',(0.E0,-1.E0,0.E0));
#3896=VECTOR('',#3895,1.151449575543E0);
#3897=CARTESIAN_POINT('',(4.045434872663E0,5.757247877714E-1,
-4.242752122286E-1));
#3898=LINE('',#3897,#3896);
#3899=DIRECTION('',(-3.905667329425E-1,-6.509445549041E-1,-6.509445549041E-1));
#3900=VECTOR('',#3899,6.517839484672E-1);
#3901=CARTESIAN_POINT('',(4.3E0,1.E0,0.E0));
#3902=LINE('',#3901,#3900);
#3903=DIRECTION('',(0.E0,0.E0,1.E0));
#3904=VECTOR('',#3903,7.257247877714E-1);
#3905=CARTESIAN_POINT('',(4.045434872663E0,5.757247877714E-1,-1.15E0));
#3906=LINE('',#3905,#3904);
#3907=CARTESIAN_POINT('',(3.954565127337E0,5.757247877714E-1,
-4.242752122286E-1));
#3908=CARTESIAN_POINT('',(3.956850209036E0,5.719163182728E-1,
-4.280836817272E-1));
#3909=CARTESIAN_POINT('',(3.962244891522E0,5.650689669336E-1,
-4.349310330664E-1));
#3910=CARTESIAN_POINT('',(3.972320162604E0,5.572474222934E-1,
-4.427525777066E-1));
#3911=CARTESIAN_POINT('',(3.983204071114E0,5.522765607563E-1,
-4.477234392437E-1));
#3912=CARTESIAN_POINT('',(3.994576290375E0,5.498787391685E-1,
-4.501212608315E-1));
#3913=CARTESIAN_POINT('',(4.005699531117E0,5.499041290072E-1,
-4.500958709928E-1));
#3914=CARTESIAN_POINT('',(4.017102433131E0,5.523797292432E-1,
-4.476202707568E-1));
#3915=CARTESIAN_POINT('',(4.027895576023E0,5.573857679171E-1,
-4.426142320829E-1));
#3916=CARTESIAN_POINT('',(4.037873846528E0,5.652005514401E-1,
-4.347994485599E-1));
#3917=CARTESIAN_POINT('',(4.043182759E0,5.719712650005E-1,-4.280287349995E-1));
#3918=CARTESIAN_POINT('',(4.045434872663E0,5.757247877714E-1,
-4.242752122286E-1));
#3920=DIRECTION('',(0.E0,0.E0,1.E0));
#3921=VECTOR('',#3920,7.257247877714E-1);
#3922=CARTESIAN_POINT('',(3.954565127337E0,5.757247877714E-1,-1.15E0));
#3923=LINE('',#3922,#3921);
#3924=DIRECTION('',(-3.905667329425E-1,6.509445549041E-1,6.509445549041E-1));
#3925=VECTOR('',#3924,6.517839484672E-1);
#3926=CARTESIAN_POINT('',(3.954565127337E0,5.757247877714E-1,
-4.242752122286E-1));
#3927=LINE('',#3926,#3925);
#3928=DIRECTION('',(0.E0,0.E0,1.E0));
#3929=VECTOR('',#3928,7.257247877714E-1);
#3930=CARTESIAN_POINT('',(4.045434872663E0,-5.757247877714E-1,-1.15E0));
#3931=LINE('',#3930,#3929);
#3932=DIRECTION('',(3.905667329425E-1,-6.509445549041E-1,6.509445549041E-1));
#3933=VECTOR('',#3932,6.517839484672E-1);
#3934=CARTESIAN_POINT('',(4.045434872663E0,-5.757247877714E-1,
-4.242752122286E-1));
#3935=LINE('',#3934,#3933);
#3936=DIRECTION('',(0.E0,1.055570789230E-14,1.E0));
#3937=VECTOR('',#3936,7.257247877714E-1);
#3938=CARTESIAN_POINT('',(3.954565127337E0,-5.757247877714E-1,-1.15E0));
#3939=LINE('',#3938,#3937);
#3940=CARTESIAN_POINT('',(4.045434872663E0,-5.757247877714E-1,
-4.242752122286E-1));
#3941=CARTESIAN_POINT('',(4.043197884293E0,-5.719964738219E-1,
-4.280035261781E-1));
#3942=CARTESIAN_POINT('',(4.037928335719E0,-5.652605753829E-1,
-4.347394246171E-1));
#3943=CARTESIAN_POINT('',(4.027988265671E0,-5.574455515824E-1,
-4.425544484176E-1));
#3944=CARTESIAN_POINT('',(4.017237570535E0,-5.524260536410E-1,
-4.475739463590E-1));
#3945=CARTESIAN_POINT('',(4.005821101638E0,-5.499158085700E-1,
-4.500841914300E-1));
#3946=CARTESIAN_POINT('',(3.994699267182E0,-5.498677903348E-1,
-4.501322096652E-1));
#3947=CARTESIAN_POINT('',(3.983345195537E0,-5.522313356213E-1,
-4.477686643787E-1));
#3948=CARTESIAN_POINT('',(3.972431684389E0,-5.571748375094E-1,
-4.428251624906E-1));
#3949=CARTESIAN_POINT('',(3.962276853077E0,-5.650286971092E-1,
-4.349713028908E-1));
#3950=CARTESIAN_POINT('',(3.956859287987E0,-5.719011866883E-1,
-4.280988133117E-1));
#3951=CARTESIAN_POINT('',(3.954565127337E0,-5.757247877714E-1,
-4.242752122286E-1));
#3953=DIRECTION('',(3.905667329425E-1,6.509445549041E-1,-6.509445549041E-1));
#3954=VECTOR('',#3953,6.517839484672E-1);
#3955=CARTESIAN_POINT('',(5.7E0,-1.E0,0.E0));
#3956=LINE('',#3955,#3954);
#3957=DIRECTION('',(0.E0,-1.E0,0.E0));
#3958=VECTOR('',#3957,1.151449575543E0);
#3959=CARTESIAN_POINT('',(5.954565127337E0,5.757247877714E-1,
-4.242752122286E-1));
#3960=LINE('',#3959,#3958);
#3961=DIRECTION('',(0.E0,-1.E0,0.E0));
#3962=VECTOR('',#3961,1.151449575543E0);
#3963=CARTESIAN_POINT('',(6.045434872663E0,5.757247877714E-1,
-4.242752122286E-1));
#3964=LINE('',#3963,#3962);
#3965=DIRECTION('',(-3.905667329425E-1,-6.509445549041E-1,-6.509445549041E-1));
#3966=VECTOR('',#3965,6.517839484672E-1);
#3967=CARTESIAN_POINT('',(6.3E0,1.E0,0.E0));
#3968=LINE('',#3967,#3966);
#3969=DIRECTION('',(0.E0,0.E0,1.E0));
#3970=VECTOR('',#3969,7.257247877714E-1);
#3971=CARTESIAN_POINT('',(6.045434872663E0,5.757247877714E-1,-1.15E0));
#3972=LINE('',#3971,#3970);
#3973=CARTESIAN_POINT('',(5.954565127337E0,5.757247877714E-1,
-4.242752122286E-1));
#3974=CARTESIAN_POINT('',(5.956850209036E0,5.719163182728E-1,
-4.280836817272E-1));
#3975=CARTESIAN_POINT('',(5.962244891522E0,5.650689669336E-1,
-4.349310330664E-1));
#3976=CARTESIAN_POINT('',(5.972320162604E0,5.572474222934E-1,
-4.427525777066E-1));
#3977=CARTESIAN_POINT('',(5.983204071114E0,5.522765607563E-1,
-4.477234392437E-1));
#3978=CARTESIAN_POINT('',(5.994576290375E0,5.498787391685E-1,
-4.501212608315E-1));
#3979=CARTESIAN_POINT('',(6.005699531116E0,5.499041290072E-1,
-4.500958709928E-1));
#3980=CARTESIAN_POINT('',(6.017102433131E0,5.523797292432E-1,
-4.476202707568E-1));
#3981=CARTESIAN_POINT('',(6.027895576023E0,5.573857679171E-1,
-4.426142320829E-1));
#3982=CARTESIAN_POINT('',(6.037873846528E0,5.652005514401E-1,
-4.347994485599E-1));
#3983=CARTESIAN_POINT('',(6.043182759E0,5.719712650005E-1,-4.280287349995E-1));
#3984=CARTESIAN_POINT('',(6.045434872663E0,5.757247877714E-1,
-4.242752122286E-1));
#3986=DIRECTION('',(0.E0,0.E0,1.E0));
#3987=VECTOR('',#3986,7.257247877714E-1);
#3988=CARTESIAN_POINT('',(5.954565127337E0,5.757247877714E-1,-1.15E0));
#3989=LINE('',#3988,#3987);
#3990=DIRECTION('',(-3.905667329425E-1,6.509445549041E-1,6.509445549041E-1));
#3991=VECTOR('',#3990,6.517839484672E-1);
#3992=CARTESIAN_POINT('',(5.954565127337E0,5.757247877714E-1,
-4.242752122286E-1));
#3993=LINE('',#3992,#3991);
#3994=DIRECTION('',(0.E0,0.E0,1.E0));
#3995=VECTOR('',#3994,7.257247877714E-1);
#3996=CARTESIAN_POINT('',(6.045434872663E0,-5.757247877714E-1,-1.15E0));
#3997=LINE('',#3996,#3995);
#3998=DIRECTION('',(3.905667329425E-1,-6.509445549041E-1,6.509445549041E-1));
#3999=VECTOR('',#3998,6.517839484672E-1);
#4000=CARTESIAN_POINT('',(6.045434872663E0,-5.757247877714E-1,
-4.242752122286E-1));
#4001=LINE('',#4000,#3999);
#4002=DIRECTION('',(0.E0,1.055570789230E-14,1.E0));
#4003=VECTOR('',#4002,7.257247877714E-1);
#4004=CARTESIAN_POINT('',(5.954565127337E0,-5.757247877714E-1,-1.15E0));
#4005=LINE('',#4004,#4003);
#4006=CARTESIAN_POINT('',(6.045434872663E0,-5.757247877714E-1,
-4.242752122286E-1));
#4007=CARTESIAN_POINT('',(6.043197884293E0,-5.719964738219E-1,
-4.280035261781E-1));
#4008=CARTESIAN_POINT('',(6.037928335719E0,-5.652605753829E-1,
-4.347394246171E-1));
#4009=CARTESIAN_POINT('',(6.027988265671E0,-5.574455515824E-1,
-4.425544484176E-1));
#4010=CARTESIAN_POINT('',(6.017237570535E0,-5.524260536410E-1,
-4.475739463590E-1));
#4011=CARTESIAN_POINT('',(6.005821101638E0,-5.499158085700E-1,
-4.500841914300E-1));
#4012=CARTESIAN_POINT('',(5.994699267182E0,-5.498677903348E-1,
-4.501322096652E-1));
#4013=CARTESIAN_POINT('',(5.983345195537E0,-5.522313356213E-1,
-4.477686643787E-1));
#4014=CARTESIAN_POINT('',(5.972431684389E0,-5.571748375094E-1,
-4.428251624906E-1));
#4015=CARTESIAN_POINT('',(5.962276853077E0,-5.650286971092E-1,
-4.349713028908E-1));
#4016=CARTESIAN_POINT('',(5.956859287987E0,-5.719011866883E-1,
-4.280988133117E-1));
#4017=CARTESIAN_POINT('',(5.954565127337E0,-5.757247877714E-1,
-4.242752122286E-1));
#4019=DIRECTION('',(3.905667329425E-1,6.509445549041E-1,-6.509445549041E-1));
#4020=VECTOR('',#4019,6.517839484672E-1);
#4021=CARTESIAN_POINT('',(7.7E0,-1.E0,0.E0));
#4022=LINE('',#4021,#4020);
#4023=DIRECTION('',(0.E0,-1.E0,0.E0));
#4024=VECTOR('',#4023,1.151449575543E0);
#4025=CARTESIAN_POINT('',(7.954565127337E0,5.757247877714E-1,
-4.242752122286E-1));
#4026=LINE('',#4025,#4024);
#4027=DIRECTION('',(0.E0,-1.E0,0.E0));
#4028=VECTOR('',#4027,1.151449575543E0);
#4029=CARTESIAN_POINT('',(8.045434872663E0,5.757247877714E-1,
-4.242752122286E-1));
#4030=LINE('',#4029,#4028);
#4031=DIRECTION('',(-3.905667329425E-1,-6.509445549041E-1,-6.509445549041E-1));
#4032=VECTOR('',#4031,6.517839484672E-1);
#4033=CARTESIAN_POINT('',(8.3E0,1.E0,0.E0));
#4034=LINE('',#4033,#4032);
#4035=DIRECTION('',(0.E0,0.E0,1.E0));
#4036=VECTOR('',#4035,7.257247877714E-1);
#4037=CARTESIAN_POINT('',(8.045434872663E0,5.757247877714E-1,-1.15E0));
#4038=LINE('',#4037,#4036);
#4039=CARTESIAN_POINT('',(7.954565127337E0,5.757247877714E-1,
-4.242752122286E-1));
#4040=CARTESIAN_POINT('',(7.956850209036E0,5.719163182728E-1,
-4.280836817272E-1));
#4041=CARTESIAN_POINT('',(7.962244891522E0,5.650689669336E-1,
-4.349310330664E-1));
#4042=CARTESIAN_POINT('',(7.972320162604E0,5.572474222934E-1,
-4.427525777066E-1));
#4043=CARTESIAN_POINT('',(7.983204071114E0,5.522765607563E-1,
-4.477234392437E-1));
#4044=CARTESIAN_POINT('',(7.994576290375E0,5.498787391685E-1,
-4.501212608315E-1));
#4045=CARTESIAN_POINT('',(8.005699531116E0,5.499041290072E-1,
-4.500958709928E-1));
#4046=CARTESIAN_POINT('',(8.017102433131E0,5.523797292432E-1,
-4.476202707568E-1));
#4047=CARTESIAN_POINT('',(8.027895576023E0,5.573857679171E-1,
-4.426142320829E-1));
#4048=CARTESIAN_POINT('',(8.037873846528E0,5.652005514401E-1,
-4.347994485599E-1));
#4049=CARTESIAN_POINT('',(8.043182759E0,5.719712650005E-1,-4.280287349995E-1));
#4050=CARTESIAN_POINT('',(8.045434872663E0,5.757247877714E-1,
-4.242752122286E-1));
#4052=DIRECTION('',(0.E0,0.E0,1.E0));
#4053=VECTOR('',#4052,7.257247877714E-1);
#4054=CARTESIAN_POINT('',(7.954565127337E0,5.757247877714E-1,-1.15E0));
#4055=LINE('',#4054,#4053);
#4056=DIRECTION('',(-3.905667329425E-1,6.509445549041E-1,6.509445549041E-1));
#4057=VECTOR('',#4056,6.517839484672E-1);
#4058=CARTESIAN_POINT('',(7.954565127337E0,5.757247877714E-1,
-4.242752122286E-1));
#4059=LINE('',#4058,#4057);
#4060=DIRECTION('',(0.E0,0.E0,1.E0));
#4061=VECTOR('',#4060,7.257247877714E-1);
#4062=CARTESIAN_POINT('',(8.045434872663E0,-5.757247877714E-1,-1.15E0));
#4063=LINE('',#4062,#4061);
#4064=DIRECTION('',(3.905667329425E-1,-6.509445549041E-1,6.509445549041E-1));
#4065=VECTOR('',#4064,6.517839484672E-1);
#4066=CARTESIAN_POINT('',(8.045434872663E0,-5.757247877714E-1,
-4.242752122286E-1));
#4067=LINE('',#4066,#4065);
#4068=DIRECTION('',(0.E0,1.055570789230E-14,1.E0));
#4069=VECTOR('',#4068,7.257247877714E-1);
#4070=CARTESIAN_POINT('',(7.954565127337E0,-5.757247877714E-1,-1.15E0));
#4071=LINE('',#4070,#4069);
#4072=CARTESIAN_POINT('',(8.045434872663E0,-5.757247877714E-1,
-4.242752122286E-1));
#4073=CARTESIAN_POINT('',(8.043197884293E0,-5.719964738219E-1,
-4.280035261781E-1));
#4074=CARTESIAN_POINT('',(8.037928335719E0,-5.652605753829E-1,
-4.347394246171E-1));
#4075=CARTESIAN_POINT('',(8.027988265671E0,-5.574455515824E-1,
-4.425544484176E-1));
#4076=CARTESIAN_POINT('',(8.017237570535E0,-5.524260536410E-1,
-4.475739463590E-1));
#4077=CARTESIAN_POINT('',(8.005821101638E0,-5.499158085700E-1,
-4.500841914300E-1));
#4078=CARTESIAN_POINT('',(7.994699267182E0,-5.498677903348E-1,
-4.501322096652E-1));
#4079=CARTESIAN_POINT('',(7.983345195537E0,-5.522313356213E-1,
-4.477686643787E-1));
#4080=CARTESIAN_POINT('',(7.972431684389E0,-5.571748375094E-1,
-4.428251624906E-1));
#4081=CARTESIAN_POINT('',(7.962276853077E0,-5.650286971092E-1,
-4.349713028908E-1));
#4082=CARTESIAN_POINT('',(7.956859287987E0,-5.719011866883E-1,
-4.280988133117E-1));
#4083=CARTESIAN_POINT('',(7.954565127337E0,-5.757247877714E-1,
-4.242752122286E-1));
#4085=DIRECTION('',(3.905667329425E-1,6.509445549041E-1,-6.509445549041E-1));
#4086=VECTOR('',#4085,6.517839484672E-1);
#4087=CARTESIAN_POINT('',(9.7E0,-1.E0,0.E0));
#4088=LINE('',#4087,#4086);
#4089=DIRECTION('',(0.E0,-1.E0,0.E0));
#4090=VECTOR('',#4089,1.151449575543E0);
#4091=CARTESIAN_POINT('',(9.954565127337E0,5.757247877714E-1,
-4.242752122286E-1));
#4092=LINE('',#4091,#4090);
#4093=DIRECTION('',(0.E0,-1.E0,0.E0));
#4094=VECTOR('',#4093,1.151449575543E0);
#4095=CARTESIAN_POINT('',(1.004543487266E1,5.757247877714E-1,
-4.242752122286E-1));
#4096=LINE('',#4095,#4094);
#4097=DIRECTION('',(-3.905667329425E-1,-6.509445549041E-1,-6.509445549041E-1));
#4098=VECTOR('',#4097,6.517839484672E-1);
#4099=CARTESIAN_POINT('',(1.03E1,1.E0,0.E0));
#4100=LINE('',#4099,#4098);
#4101=DIRECTION('',(0.E0,0.E0,1.E0));
#4102=VECTOR('',#4101,7.257247877714E-1);
#4103=CARTESIAN_POINT('',(1.004543487266E1,5.757247877714E-1,-1.15E0));
#4104=LINE('',#4103,#4102);
#4105=CARTESIAN_POINT('',(9.954565127337E0,5.757247877714E-1,
-4.242752122286E-1));
#4106=CARTESIAN_POINT('',(9.956850209036E0,5.719163182728E-1,
-4.280836817272E-1));
#4107=CARTESIAN_POINT('',(9.962244891522E0,5.650689669336E-1,
-4.349310330664E-1));
#4108=CARTESIAN_POINT('',(9.972320162604E0,5.572474222934E-1,
-4.427525777066E-1));
#4109=CARTESIAN_POINT('',(9.983204071114E0,5.522765607563E-1,
-4.477234392437E-1));
#4110=CARTESIAN_POINT('',(9.994576290375E0,5.498787391685E-1,
-4.501212608315E-1));
#4111=CARTESIAN_POINT('',(1.000569953112E1,5.499041290072E-1,
-4.500958709928E-1));
#4112=CARTESIAN_POINT('',(1.001710243313E1,5.523797292432E-1,
-4.476202707568E-1));
#4113=CARTESIAN_POINT('',(1.002789557602E1,5.573857679171E-1,
-4.426142320829E-1));
#4114=CARTESIAN_POINT('',(1.003787384653E1,5.652005514401E-1,
-4.347994485599E-1));
#4115=CARTESIAN_POINT('',(1.004318275900E1,5.719712650005E-1,
-4.280287349995E-1));
#4116=CARTESIAN_POINT('',(1.004543487266E1,5.757247877714E-1,
-4.242752122286E-1));
#4118=DIRECTION('',(0.E0,0.E0,1.E0));
#4119=VECTOR('',#4118,7.257247877714E-1);
#4120=CARTESIAN_POINT('',(9.954565127337E0,5.757247877714E-1,-1.15E0));
#4121=LINE('',#4120,#4119);
#4122=DIRECTION('',(-3.905667329425E-1,6.509445549041E-1,6.509445549041E-1));
#4123=VECTOR('',#4122,6.517839484672E-1);
#4124=CARTESIAN_POINT('',(9.954565127337E0,5.757247877714E-1,
-4.242752122286E-1));
#4125=LINE('',#4124,#4123);
#4126=DIRECTION('',(0.E0,0.E0,1.E0));
#4127=VECTOR('',#4126,7.257247877714E-1);
#4128=CARTESIAN_POINT('',(1.004543487266E1,-5.757247877714E-1,-1.15E0));
#4129=LINE('',#4128,#4127);
#4130=DIRECTION('',(3.905667329425E-1,-6.509445549041E-1,6.509445549041E-1));
#4131=VECTOR('',#4130,6.517839484672E-1);
#4132=CARTESIAN_POINT('',(1.004543487266E1,-5.757247877714E-1,
-4.242752122286E-1));
#4133=LINE('',#4132,#4131);
#4134=DIRECTION('',(0.E0,0.E0,1.E0));
#4135=VECTOR('',#4134,7.257247877714E-1);
#4136=CARTESIAN_POINT('',(9.954565127337E0,-5.757247877714E-1,-1.15E0));
#4137=LINE('',#4136,#4135);
#4138=CARTESIAN_POINT('',(1.004543487266E1,-5.757247877714E-1,
-4.242752122286E-1));
#4139=CARTESIAN_POINT('',(1.004319788429E1,-5.719964738219E-1,
-4.280035261781E-1));
#4140=CARTESIAN_POINT('',(1.003792833572E1,-5.652605753829E-1,
-4.347394246171E-1));
#4141=CARTESIAN_POINT('',(1.002798826567E1,-5.574455515824E-1,
-4.425544484176E-1));
#4142=CARTESIAN_POINT('',(1.001723757054E1,-5.524260536410E-1,
-4.475739463590E-1));
#4143=CARTESIAN_POINT('',(1.000582110164E1,-5.499158085700E-1,
-4.500841914300E-1));
#4144=CARTESIAN_POINT('',(9.994699267182E0,-5.498677903348E-1,
-4.501322096652E-1));
#4145=CARTESIAN_POINT('',(9.983345195537E0,-5.522313356213E-1,
-4.477686643787E-1));
#4146=CARTESIAN_POINT('',(9.972431684389E0,-5.571748375094E-1,
-4.428251624906E-1));
#4147=CARTESIAN_POINT('',(9.962276853077E0,-5.650286971092E-1,
-4.349713028908E-1));
#4148=CARTESIAN_POINT('',(9.956859287987E0,-5.719011866883E-1,
-4.280988133117E-1));
#4149=CARTESIAN_POINT('',(9.954565127337E0,-5.757247877714E-1,
-4.242752122286E-1));
#4151=DIRECTION('',(3.905667329425E-1,6.509445549041E-1,-6.509445549041E-1));
#4152=VECTOR('',#4151,6.517839484672E-1);
#4153=CARTESIAN_POINT('',(1.17E1,-1.E0,0.E0));
#4154=LINE('',#4153,#4152);
#4155=DIRECTION('',(0.E0,-1.E0,0.E0));
#4156=VECTOR('',#4155,1.151449575543E0);
#4157=CARTESIAN_POINT('',(1.195456512734E1,5.757247877714E-1,
-4.242752122286E-1));
#4158=LINE('',#4157,#4156);
#4159=DIRECTION('',(0.E0,-1.E0,0.E0));
#4160=VECTOR('',#4159,1.151449575543E0);
#4161=CARTESIAN_POINT('',(1.204543487266E1,5.757247877714E-1,
-4.242752122286E-1));
#4162=LINE('',#4161,#4160);
#4163=DIRECTION('',(-3.905667329425E-1,-6.509445549041E-1,-6.509445549041E-1));
#4164=VECTOR('',#4163,6.517839484672E-1);
#4165=CARTESIAN_POINT('',(1.23E1,1.E0,0.E0));
#4166=LINE('',#4165,#4164);
#4167=CARTESIAN_POINT('',(1.195456512734E1,5.757247877714E-1,
-4.242752122286E-1));
#4168=CARTESIAN_POINT('',(1.195685020904E1,5.719163182728E-1,
-4.280836817272E-1));
#4169=CARTESIAN_POINT('',(1.196224489152E1,5.650689669336E-1,
-4.349310330664E-1));
#4170=CARTESIAN_POINT('',(1.197232016260E1,5.572474222934E-1,
-4.427525777066E-1));
#4171=CARTESIAN_POINT('',(1.198320407111E1,5.522765607563E-1,
-4.477234392437E-1));
#4172=CARTESIAN_POINT('',(1.199457629038E1,5.498787391685E-1,
-4.501212608315E-1));
#4173=CARTESIAN_POINT('',(1.200569953112E1,5.499041290072E-1,
-4.500958709928E-1));
#4174=CARTESIAN_POINT('',(1.201710243313E1,5.523797292432E-1,
-4.476202707568E-1));
#4175=CARTESIAN_POINT('',(1.202789557602E1,5.573857679171E-1,
-4.426142320829E-1));
#4176=CARTESIAN_POINT('',(1.203787384653E1,5.652005514401E-1,
-4.347994485599E-1));
#4177=CARTESIAN_POINT('',(1.204318275900E1,5.719712650005E-1,
-4.280287349995E-1));
#4178=CARTESIAN_POINT('',(1.204543487266E1,5.757247877714E-1,
-4.242752122286E-1));
#4180=DIRECTION('',(0.E0,0.E0,1.E0));
#4181=VECTOR('',#4180,7.257247877714E-1);
#4182=CARTESIAN_POINT('',(1.204543487266E1,5.757247877714E-1,-1.15E0));
#4183=LINE('',#4182,#4181);
#4184=DIRECTION('',(0.E0,0.E0,1.E0));
#4185=VECTOR('',#4184,7.257247877714E-1);
#4186=CARTESIAN_POINT('',(1.195456512734E1,5.757247877714E-1,-1.15E0));
#4187=LINE('',#4186,#4185);
#4188=DIRECTION('',(-3.905667329425E-1,6.509445549041E-1,6.509445549041E-1));
#4189=VECTOR('',#4188,6.517839484672E-1);
#4190=CARTESIAN_POINT('',(1.195456512734E1,5.757247877714E-1,
-4.242752122286E-1));
#4191=LINE('',#4190,#4189);
#4192=DIRECTION('',(0.E0,0.E0,1.E0));
#4193=VECTOR('',#4192,7.257247877714E-1);
#4194=CARTESIAN_POINT('',(1.204543487266E1,-5.757247877714E-1,-1.15E0));
#4195=LINE('',#4194,#4193);
#4196=DIRECTION('',(3.905667329425E-1,-6.509445549041E-1,6.509445549041E-1));
#4197=VECTOR('',#4196,6.517839484672E-1);
#4198=CARTESIAN_POINT('',(1.204543487266E1,-5.757247877714E-1,
-4.242752122286E-1));
#4199=LINE('',#4198,#4197);
#4200=CARTESIAN_POINT('',(1.204543487266E1,-5.757247877714E-1,
-4.242752122286E-1));
#4201=CARTESIAN_POINT('',(1.204319788429E1,-5.719964738219E-1,
-4.280035261781E-1));
#4202=CARTESIAN_POINT('',(1.203792833572E1,-5.652605753829E-1,
-4.347394246171E-1));
#4203=CARTESIAN_POINT('',(1.202798826567E1,-5.574455515824E-1,
-4.425544484176E-1));
#4204=CARTESIAN_POINT('',(1.201723757054E1,-5.524260536410E-1,
-4.475739463590E-1));
#4205=CARTESIAN_POINT('',(1.200582110164E1,-5.499158085700E-1,
-4.500841914300E-1));
#4206=CARTESIAN_POINT('',(1.199469926718E1,-5.498677903348E-1,
-4.501322096652E-1));
#4207=CARTESIAN_POINT('',(1.198334519554E1,-5.522313356213E-1,
-4.477686643787E-1));
#4208=CARTESIAN_POINT('',(1.197243168439E1,-5.571748375094E-1,
-4.428251624906E-1));
#4209=CARTESIAN_POINT('',(1.196227685308E1,-5.650286971092E-1,
-4.349713028908E-1));
#4210=CARTESIAN_POINT('',(1.195685928799E1,-5.719011866883E-1,
-4.280988133117E-1));
#4211=CARTESIAN_POINT('',(1.195456512734E1,-5.757247877714E-1,
-4.242752122286E-1));
#4213=DIRECTION('',(0.E0,0.E0,1.E0));
#4214=VECTOR('',#4213,7.257247877714E-1);
#4215=CARTESIAN_POINT('',(1.195456512734E1,-5.757247877714E-1,-1.15E0));
#4216=LINE('',#4215,#4214);
#4217=DIRECTION('',(3.905667329425E-1,6.509445549041E-1,-6.509445549041E-1));
#4218=VECTOR('',#4217,6.517839484672E-1);
#4219=CARTESIAN_POINT('',(1.37E1,-1.E0,0.E0));
#4220=LINE('',#4219,#4218);
#4221=DIRECTION('',(0.E0,-1.E0,0.E0));
#4222=VECTOR('',#4221,1.151449575543E0);
#4223=CARTESIAN_POINT('',(1.395456512734E1,5.757247877714E-1,
-4.242752122286E-1));
#4224=LINE('',#4223,#4222);
#4225=DIRECTION('',(0.E0,-1.E0,0.E0));
#4226=VECTOR('',#4225,1.151449575543E0);
#4227=CARTESIAN_POINT('',(1.404543487266E1,5.757247877714E-1,
-4.242752122286E-1));
#4228=LINE('',#4227,#4226);
#4229=DIRECTION('',(-3.905667329425E-1,-6.509445549041E-1,-6.509445549041E-1));
#4230=VECTOR('',#4229,6.517839484672E-1);
#4231=CARTESIAN_POINT('',(1.43E1,1.E0,0.E0));
#4232=LINE('',#4231,#4230);
#4233=CARTESIAN_POINT('',(1.395456512734E1,5.757247877714E-1,
-4.242752122286E-1));
#4234=CARTESIAN_POINT('',(1.395685020904E1,5.719163182728E-1,
-4.280836817272E-1));
#4235=CARTESIAN_POINT('',(1.396224489152E1,5.650689669336E-1,
-4.349310330664E-1));
#4236=CARTESIAN_POINT('',(1.397232016260E1,5.572474222934E-1,
-4.427525777066E-1));
#4237=CARTESIAN_POINT('',(1.398320407111E1,5.522765607563E-1,
-4.477234392437E-1));
#4238=CARTESIAN_POINT('',(1.399457629038E1,5.498787391685E-1,
-4.501212608315E-1));
#4239=CARTESIAN_POINT('',(1.400569953112E1,5.499041290072E-1,
-4.500958709928E-1));
#4240=CARTESIAN_POINT('',(1.401710243313E1,5.523797292432E-1,
-4.476202707568E-1));
#4241=CARTESIAN_POINT('',(1.402789557602E1,5.573857679171E-1,
-4.426142320829E-1));
#4242=CARTESIAN_POINT('',(1.403787384653E1,5.652005514401E-1,
-4.347994485599E-1));
#4243=CARTESIAN_POINT('',(1.404318275900E1,5.719712650005E-1,
-4.280287349995E-1));
#4244=CARTESIAN_POINT('',(1.404543487266E1,5.757247877714E-1,
-4.242752122286E-1));
#4246=DIRECTION('',(0.E0,0.E0,1.E0));
#4247=VECTOR('',#4246,7.257247877714E-1);
#4248=CARTESIAN_POINT('',(1.404543487266E1,5.757247877714E-1,-1.15E0));
#4249=LINE('',#4248,#4247);
#4250=DIRECTION('',(0.E0,0.E0,1.E0));
#4251=VECTOR('',#4250,7.257247877714E-1);
#4252=CARTESIAN_POINT('',(1.395456512734E1,5.757247877714E-1,-1.15E0));
#4253=LINE('',#4252,#4251);
#4254=DIRECTION('',(-3.905667329425E-1,6.509445549041E-1,6.509445549041E-1));
#4255=VECTOR('',#4254,6.517839484672E-1);
#4256=CARTESIAN_POINT('',(1.395456512734E1,5.757247877714E-1,
-4.242752122286E-1));
#4257=LINE('',#4256,#4255);
#4258=DIRECTION('',(0.E0,0.E0,1.E0));
#4259=VECTOR('',#4258,7.257247877714E-1);
#4260=CARTESIAN_POINT('',(1.404543487266E1,-5.757247877714E-1,-1.15E0));
#4261=LINE('',#4260,#4259);
#4262=DIRECTION('',(3.905667329425E-1,-6.509445549041E-1,6.509445549041E-1));
#4263=VECTOR('',#4262,6.517839484672E-1);
#4264=CARTESIAN_POINT('',(1.404543487266E1,-5.757247877714E-1,
-4.242752122286E-1));
#4265=LINE('',#4264,#4263);
#4266=CARTESIAN_POINT('',(1.404543487266E1,-5.757247877714E-1,
-4.242752122286E-1));
#4267=CARTESIAN_POINT('',(1.404319788429E1,-5.719964738219E-1,
-4.280035261781E-1));
#4268=CARTESIAN_POINT('',(1.403792833572E1,-5.652605753829E-1,
-4.347394246171E-1));
#4269=CARTESIAN_POINT('',(1.402798826567E1,-5.574455515824E-1,
-4.425544484176E-1));
#4270=CARTESIAN_POINT('',(1.401723757054E1,-5.524260536410E-1,
-4.475739463590E-1));
#4271=CARTESIAN_POINT('',(1.400582110164E1,-5.499158085700E-1,
-4.500841914300E-1));
#4272=CARTESIAN_POINT('',(1.399469926718E1,-5.498677903348E-1,
-4.501322096652E-1));
#4273=CARTESIAN_POINT('',(1.398334519554E1,-5.522313356213E-1,
-4.477686643787E-1));
#4274=CARTESIAN_POINT('',(1.397243168439E1,-5.571748375094E-1,
-4.428251624906E-1));
#4275=CARTESIAN_POINT('',(1.396227685308E1,-5.650286971092E-1,
-4.349713028908E-1));
#4276=CARTESIAN_POINT('',(1.395685928799E1,-5.719011866883E-1,
-4.280988133117E-1));
#4277=CARTESIAN_POINT('',(1.395456512734E1,-5.757247877714E-1,
-4.242752122286E-1));
#4279=DIRECTION('',(0.E0,0.E0,1.E0));
#4280=VECTOR('',#4279,7.257247877714E-1);
#4281=CARTESIAN_POINT('',(1.395456512734E1,-5.757247877714E-1,-1.15E0));
#4282=LINE('',#4281,#4280);
#4283=DIRECTION('',(3.905667329425E-1,6.509445549041E-1,-6.509445549041E-1));
#4284=VECTOR('',#4283,6.517839484672E-1);
#4285=CARTESIAN_POINT('',(1.57E1,-1.E0,0.E0));
#4286=LINE('',#4285,#4284);
#4287=DIRECTION('',(0.E0,-1.E0,0.E0));
#4288=VECTOR('',#4287,1.151449575543E0);
#4289=CARTESIAN_POINT('',(1.595456512734E1,5.757247877714E-1,
-4.242752122286E-1));
#4290=LINE('',#4289,#4288);
#4291=DIRECTION('',(0.E0,-1.E0,0.E0));
#4292=VECTOR('',#4291,1.151449575543E0);
#4293=CARTESIAN_POINT('',(1.604543487266E1,5.757247877714E-1,
-4.242752122286E-1));
#4294=LINE('',#4293,#4292);
#4295=DIRECTION('',(-3.905667329425E-1,-6.509445549041E-1,-6.509445549041E-1));
#4296=VECTOR('',#4295,6.517839484672E-1);
#4297=CARTESIAN_POINT('',(1.63E1,1.E0,0.E0));
#4298=LINE('',#4297,#4296);
#4299=CARTESIAN_POINT('',(1.595456512734E1,5.757247877714E-1,
-4.242752122286E-1));
#4300=CARTESIAN_POINT('',(1.595685020904E1,5.719163182728E-1,
-4.280836817272E-1));
#4301=CARTESIAN_POINT('',(1.596224489152E1,5.650689669336E-1,
-4.349310330664E-1));
#4302=CARTESIAN_POINT('',(1.597232016260E1,5.572474222934E-1,
-4.427525777066E-1));
#4303=CARTESIAN_POINT('',(1.598320407111E1,5.522765607563E-1,
-4.477234392437E-1));
#4304=CARTESIAN_POINT('',(1.599457629038E1,5.498787391685E-1,
-4.501212608315E-1));
#4305=CARTESIAN_POINT('',(1.600569953112E1,5.499041290072E-1,
-4.500958709928E-1));
#4306=CARTESIAN_POINT('',(1.601710243313E1,5.523797292432E-1,
-4.476202707568E-1));
#4307=CARTESIAN_POINT('',(1.602789557602E1,5.573857679171E-1,
-4.426142320829E-1));
#4308=CARTESIAN_POINT('',(1.603787384653E1,5.652005514401E-1,
-4.347994485599E-1));
#4309=CARTESIAN_POINT('',(1.604318275900E1,5.719712650005E-1,
-4.280287349995E-1));
#4310=CARTESIAN_POINT('',(1.604543487266E1,5.757247877714E-1,
-4.242752122286E-1));
#4312=DIRECTION('',(0.E0,0.E0,1.E0));
#4313=VECTOR('',#4312,7.257247877714E-1);
#4314=CARTESIAN_POINT('',(1.604543487266E1,5.757247877714E-1,-1.15E0));
#4315=LINE('',#4314,#4313);
#4316=DIRECTION('',(0.E0,0.E0,1.E0));
#4317=VECTOR('',#4316,7.257247877714E-1);
#4318=CARTESIAN_POINT('',(1.595456512734E1,5.757247877714E-1,-1.15E0));
#4319=LINE('',#4318,#4317);
#4320=DIRECTION('',(-3.905667329425E-1,6.509445549041E-1,6.509445549041E-1));
#4321=VECTOR('',#4320,6.517839484672E-1);
#4322=CARTESIAN_POINT('',(1.595456512734E1,5.757247877714E-1,
-4.242752122286E-1));
#4323=LINE('',#4322,#4321);
#4324=DIRECTION('',(0.E0,0.E0,1.E0));
#4325=VECTOR('',#4324,7.257247877714E-1);
#4326=CARTESIAN_POINT('',(1.604543487266E1,-5.757247877714E-1,-1.15E0));
#4327=LINE('',#4326,#4325);
#4328=DIRECTION('',(3.905667329425E-1,-6.509445549041E-1,6.509445549041E-1));
#4329=VECTOR('',#4328,6.517839484672E-1);
#4330=CARTESIAN_POINT('',(1.604543487266E1,-5.757247877714E-1,
-4.242752122286E-1));
#4331=LINE('',#4330,#4329);
#4332=CARTESIAN_POINT('',(1.604543487266E1,-5.757247877714E-1,
-4.242752122286E-1));
#4333=CARTESIAN_POINT('',(1.604319788429E1,-5.719964738219E-1,
-4.280035261781E-1));
#4334=CARTESIAN_POINT('',(1.603792833572E1,-5.652605753829E-1,
-4.347394246171E-1));
#4335=CARTESIAN_POINT('',(1.602798826567E1,-5.574455515824E-1,
-4.425544484176E-1));
#4336=CARTESIAN_POINT('',(1.601723757054E1,-5.524260536410E-1,
-4.475739463590E-1));
#4337=CARTESIAN_POINT('',(1.600582110164E1,-5.499158085700E-1,
-4.500841914300E-1));
#4338=CARTESIAN_POINT('',(1.599469926718E1,-5.498677903348E-1,
-4.501322096652E-1));
#4339=CARTESIAN_POINT('',(1.598334519554E1,-5.522313356213E-1,
-4.477686643787E-1));
#4340=CARTESIAN_POINT('',(1.597243168439E1,-5.571748375094E-1,
-4.428251624906E-1));
#4341=CARTESIAN_POINT('',(1.596227685308E1,-5.650286971092E-1,
-4.349713028908E-1));
#4342=CARTESIAN_POINT('',(1.595685928799E1,-5.719011866883E-1,
-4.280988133117E-1));
#4343=CARTESIAN_POINT('',(1.595456512734E1,-5.757247877714E-1,
-4.242752122286E-1));
#4345=DIRECTION('',(0.E0,0.E0,1.E0));
#4346=VECTOR('',#4345,7.257247877714E-1);
#4347=CARTESIAN_POINT('',(1.595456512734E1,-5.757247877714E-1,-1.15E0));
#4348=LINE('',#4347,#4346);
#4349=DIRECTION('',(3.905667329425E-1,6.509445549041E-1,-6.509445549041E-1));
#4350=VECTOR('',#4349,6.517839484672E-1);
#4351=CARTESIAN_POINT('',(1.77E1,-1.E0,0.E0));
#4352=LINE('',#4351,#4350);
#4353=DIRECTION('',(0.E0,-1.E0,0.E0));
#4354=VECTOR('',#4353,1.151449575543E0);
#4355=CARTESIAN_POINT('',(1.795456512734E1,5.757247877714E-1,
-4.242752122286E-1));
#4356=LINE('',#4355,#4354);
#4357=DIRECTION('',(0.E0,-1.E0,0.E0));
#4358=VECTOR('',#4357,1.151449575543E0);
#4359=CARTESIAN_POINT('',(1.804543487266E1,5.757247877714E-1,
-4.242752122286E-1));
#4360=LINE('',#4359,#4358);
#4361=DIRECTION('',(-3.905667329425E-1,-6.509445549041E-1,-6.509445549041E-1));
#4362=VECTOR('',#4361,6.517839484672E-1);
#4363=CARTESIAN_POINT('',(1.83E1,1.E0,0.E0));
#4364=LINE('',#4363,#4362);
#4365=CARTESIAN_POINT('',(1.795456512734E1,5.757247877714E-1,
-4.242752122286E-1));
#4366=CARTESIAN_POINT('',(1.795685020904E1,5.719163182728E-1,
-4.280836817272E-1));
#4367=CARTESIAN_POINT('',(1.796224489152E1,5.650689669336E-1,
-4.349310330664E-1));
#4368=CARTESIAN_POINT('',(1.797232016260E1,5.572474222934E-1,
-4.427525777066E-1));
#4369=CARTESIAN_POINT('',(1.798320407111E1,5.522765607563E-1,
-4.477234392437E-1));
#4370=CARTESIAN_POINT('',(1.799457629038E1,5.498787391685E-1,
-4.501212608315E-1));
#4371=CARTESIAN_POINT('',(1.800569953112E1,5.499041290072E-1,
-4.500958709928E-1));
#4372=CARTESIAN_POINT('',(1.801710243313E1,5.523797292432E-1,
-4.476202707568E-1));
#4373=CARTESIAN_POINT('',(1.802789557602E1,5.573857679171E-1,
-4.426142320829E-1));
#4374=CARTESIAN_POINT('',(1.803787384653E1,5.652005514401E-1,
-4.347994485599E-1));
#4375=CARTESIAN_POINT('',(1.804318275900E1,5.719712650005E-1,
-4.280287349995E-1));
#4376=CARTESIAN_POINT('',(1.804543487266E1,5.757247877714E-1,
-4.242752122286E-1));
#4378=DIRECTION('',(0.E0,0.E0,1.E0));
#4379=VECTOR('',#4378,7.257247877714E-1);
#4380=CARTESIAN_POINT('',(1.804543487266E1,5.757247877714E-1,-1.15E0));
#4381=LINE('',#4380,#4379);
#4382=DIRECTION('',(0.E0,0.E0,1.E0));
#4383=VECTOR('',#4382,7.257247877714E-1);
#4384=CARTESIAN_POINT('',(1.795456512734E1,5.757247877714E-1,-1.15E0));
#4385=LINE('',#4384,#4383);
#4386=DIRECTION('',(-3.905667329425E-1,6.509445549041E-1,6.509445549041E-1));
#4387=VECTOR('',#4386,6.517839484672E-1);
#4388=CARTESIAN_POINT('',(1.795456512734E1,5.757247877714E-1,
-4.242752122286E-1));
#4389=LINE('',#4388,#4387);
#4390=DIRECTION('',(0.E0,0.E0,1.E0));
#4391=VECTOR('',#4390,7.257247877714E-1);
#4392=CARTESIAN_POINT('',(1.804543487266E1,-5.757247877714E-1,-1.15E0));
#4393=LINE('',#4392,#4391);
#4394=DIRECTION('',(3.905667329425E-1,-6.509445549041E-1,6.509445549041E-1));
#4395=VECTOR('',#4394,6.517839484672E-1);
#4396=CARTESIAN_POINT('',(1.804543487266E1,-5.757247877714E-1,
-4.242752122286E-1));
#4397=LINE('',#4396,#4395);
#4398=CARTESIAN_POINT('',(1.804543487266E1,-5.757247877714E-1,
-4.242752122286E-1));
#4399=CARTESIAN_POINT('',(1.804319788429E1,-5.719964738219E-1,
-4.280035261781E-1));
#4400=CARTESIAN_POINT('',(1.803792833572E1,-5.652605753829E-1,
-4.347394246171E-1));
#4401=CARTESIAN_POINT('',(1.802798826567E1,-5.574455515824E-1,
-4.425544484176E-1));
#4402=CARTESIAN_POINT('',(1.801723757054E1,-5.524260536410E-1,
-4.475739463590E-1));
#4403=CARTESIAN_POINT('',(1.800582110164E1,-5.499158085700E-1,
-4.500841914300E-1));
#4404=CARTESIAN_POINT('',(1.799469926718E1,-5.498677903348E-1,
-4.501322096652E-1));
#4405=CARTESIAN_POINT('',(1.798334519554E1,-5.522313356213E-1,
-4.477686643787E-1));
#4406=CARTESIAN_POINT('',(1.797243168439E1,-5.571748375094E-1,
-4.428251624906E-1));
#4407=CARTESIAN_POINT('',(1.796227685308E1,-5.650286971092E-1,
-4.349713028908E-1));
#4408=CARTESIAN_POINT('',(1.795685928799E1,-5.719011866883E-1,
-4.280988133117E-1));
#4409=CARTESIAN_POINT('',(1.795456512734E1,-5.757247877714E-1,
-4.242752122286E-1));
#4411=DIRECTION('',(0.E0,0.E0,1.E0));
#4412=VECTOR('',#4411,7.257247877714E-1);
#4413=CARTESIAN_POINT('',(1.795456512734E1,-5.757247877714E-1,-1.15E0));
#4414=LINE('',#4413,#4412);
#4415=DIRECTION('',(0.E0,0.E0,-1.E0));
#4416=VECTOR('',#4415,3.5E-1);
#4417=CARTESIAN_POINT('',(-1.63E1,6.E-1,-1.15E0));
#4418=LINE('',#4417,#4416);
#4419=DIRECTION('',(0.E0,0.E0,-1.E0));
#4420=VECTOR('',#4419,3.5E-1);
#4421=CARTESIAN_POINT('',(-1.77E1,6.E-1,-1.15E0));
#4422=LINE('',#4421,#4420);
#4423=DIRECTION('',(1.E0,0.E0,0.E0));
#4424=VECTOR('',#4423,1.4E0);
#4425=CARTESIAN_POINT('',(-1.77E1,6.E-1,-1.15E0));
#4426=LINE('',#4425,#4424);
#4427=DIRECTION('',(0.E0,0.E0,-1.E0));
#4428=VECTOR('',#4427,3.5E-1);
#4429=CARTESIAN_POINT('',(-1.43E1,6.E-1,-1.15E0));
#4430=LINE('',#4429,#4428);
#4431=DIRECTION('',(0.E0,0.E0,-1.E0));
#4432=VECTOR('',#4431,3.5E-1);
#4433=CARTESIAN_POINT('',(-1.57E1,6.E-1,-1.15E0));
#4434=LINE('',#4433,#4432);
#4435=DIRECTION('',(1.E0,0.E0,0.E0));
#4436=VECTOR('',#4435,1.4E0);
#4437=CARTESIAN_POINT('',(-1.57E1,6.E-1,-1.15E0));
#4438=LINE('',#4437,#4436);
#4439=DIRECTION('',(0.E0,0.E0,-1.E0));
#4440=VECTOR('',#4439,3.5E-1);
#4441=CARTESIAN_POINT('',(-1.23E1,6.E-1,-1.15E0));
#4442=LINE('',#4441,#4440);
#4443=DIRECTION('',(0.E0,0.E0,-1.E0));
#4444=VECTOR('',#4443,3.5E-1);
#4445=CARTESIAN_POINT('',(-1.37E1,6.E-1,-1.15E0));
#4446=LINE('',#4445,#4444);
#4447=DIRECTION('',(1.E0,0.E0,0.E0));
#4448=VECTOR('',#4447,1.4E0);
#4449=CARTESIAN_POINT('',(-1.37E1,6.E-1,-1.15E0));
#4450=LINE('',#4449,#4448);
#4451=DIRECTION('',(0.E0,0.E0,-1.E0));
#4452=VECTOR('',#4451,3.5E-1);
#4453=CARTESIAN_POINT('',(-1.03E1,6.E-1,-1.15E0));
#4454=LINE('',#4453,#4452);
#4455=DIRECTION('',(0.E0,0.E0,-1.E0));
#4456=VECTOR('',#4455,3.5E-1);
#4457=CARTESIAN_POINT('',(-1.17E1,6.E-1,-1.15E0));
#4458=LINE('',#4457,#4456);
#4459=DIRECTION('',(1.E0,0.E0,0.E0));
#4460=VECTOR('',#4459,1.4E0);
#4461=CARTESIAN_POINT('',(-1.17E1,6.E-1,-1.15E0));
#4462=LINE('',#4461,#4460);
#4463=DIRECTION('',(0.E0,0.E0,-1.E0));
#4464=VECTOR('',#4463,3.5E-1);
#4465=CARTESIAN_POINT('',(-8.3E0,6.E-1,-1.15E0));
#4466=LINE('',#4465,#4464);
#4467=DIRECTION('',(0.E0,0.E0,-1.E0));
#4468=VECTOR('',#4467,3.5E-1);
#4469=CARTESIAN_POINT('',(-9.7E0,6.E-1,-1.15E0));
#4470=LINE('',#4469,#4468);
#4471=DIRECTION('',(1.E0,0.E0,0.E0));
#4472=VECTOR('',#4471,1.4E0);
#4473=CARTESIAN_POINT('',(-9.7E0,6.E-1,-1.15E0));
#4474=LINE('',#4473,#4472);
#4475=DIRECTION('',(0.E0,0.E0,-1.E0));
#4476=VECTOR('',#4475,3.5E-1);
#4477=CARTESIAN_POINT('',(-6.3E0,6.E-1,-1.15E0));
#4478=LINE('',#4477,#4476);
#4479=DIRECTION('',(0.E0,0.E0,-1.E0));
#4480=VECTOR('',#4479,3.5E-1);
#4481=CARTESIAN_POINT('',(-7.7E0,6.E-1,-1.15E0));
#4482=LINE('',#4481,#4480);
#4483=DIRECTION('',(1.E0,0.E0,0.E0));
#4484=VECTOR('',#4483,1.4E0);
#4485=CARTESIAN_POINT('',(-7.7E0,6.E-1,-1.15E0));
#4486=LINE('',#4485,#4484);
#4487=DIRECTION('',(0.E0,0.E0,-1.E0));
#4488=VECTOR('',#4487,3.5E-1);
#4489=CARTESIAN_POINT('',(-4.3E0,6.E-1,-1.15E0));
#4490=LINE('',#4489,#4488);
#4491=DIRECTION('',(0.E0,0.E0,-1.E0));
#4492=VECTOR('',#4491,3.5E-1);
#4493=CARTESIAN_POINT('',(-5.7E0,6.E-1,-1.15E0));
#4494=LINE('',#4493,#4492);
#4495=DIRECTION('',(1.E0,0.E0,0.E0));
#4496=VECTOR('',#4495,1.4E0);
#4497=CARTESIAN_POINT('',(-5.7E0,6.E-1,-1.15E0));
#4498=LINE('',#4497,#4496);
#4499=DIRECTION('',(0.E0,0.E0,-1.E0));
#4500=VECTOR('',#4499,3.5E-1);
#4501=CARTESIAN_POINT('',(-2.3E0,6.E-1,-1.15E0));
#4502=LINE('',#4501,#4500);
#4503=DIRECTION('',(0.E0,0.E0,-1.E0));
#4504=VECTOR('',#4503,3.5E-1);
#4505=CARTESIAN_POINT('',(-3.7E0,6.E-1,-1.15E0));
#4506=LINE('',#4505,#4504);
#4507=DIRECTION('',(1.E0,0.E0,0.E0));
#4508=VECTOR('',#4507,1.4E0);
#4509=CARTESIAN_POINT('',(-3.7E0,6.E-1,-1.15E0));
#4510=LINE('',#4509,#4508);
#4511=DIRECTION('',(0.E0,0.E0,-1.E0));
#4512=VECTOR('',#4511,3.5E-1);
#4513=CARTESIAN_POINT('',(-3.E-1,6.E-1,-1.15E0));
#4514=LINE('',#4513,#4512);
#4515=DIRECTION('',(0.E0,0.E0,-1.E0));
#4516=VECTOR('',#4515,3.5E-1);
#4517=CARTESIAN_POINT('',(-1.7E0,6.E-1,-1.15E0));
#4518=LINE('',#4517,#4516);
#4519=DIRECTION('',(1.E0,0.E0,0.E0));
#4520=VECTOR('',#4519,1.4E0);
#4521=CARTESIAN_POINT('',(-1.7E0,6.E-1,-1.15E0));
#4522=LINE('',#4521,#4520);
#4523=DIRECTION('',(0.E0,0.E0,-1.E0));
#4524=VECTOR('',#4523,3.5E-1);
#4525=CARTESIAN_POINT('',(1.7E0,6.E-1,-1.15E0));
#4526=LINE('',#4525,#4524);
#4527=DIRECTION('',(0.E0,0.E0,-1.E0));
#4528=VECTOR('',#4527,3.5E-1);
#4529=CARTESIAN_POINT('',(3.E-1,6.E-1,-1.15E0));
#4530=LINE('',#4529,#4528);
#4531=DIRECTION('',(1.E0,0.E0,0.E0));
#4532=VECTOR('',#4531,1.4E0);
#4533=CARTESIAN_POINT('',(3.E-1,6.E-1,-1.15E0));
#4534=LINE('',#4533,#4532);
#4535=DIRECTION('',(0.E0,0.E0,-1.E0));
#4536=VECTOR('',#4535,3.5E-1);
#4537=CARTESIAN_POINT('',(3.7E0,6.E-1,-1.15E0));
#4538=LINE('',#4537,#4536);
#4539=DIRECTION('',(0.E0,0.E0,-1.E0));
#4540=VECTOR('',#4539,3.5E-1);
#4541=CARTESIAN_POINT('',(2.3E0,6.E-1,-1.15E0));
#4542=LINE('',#4541,#4540);
#4543=DIRECTION('',(1.E0,0.E0,0.E0));
#4544=VECTOR('',#4543,1.4E0);
#4545=CARTESIAN_POINT('',(2.3E0,6.E-1,-1.15E0));
#4546=LINE('',#4545,#4544);
#4547=DIRECTION('',(0.E0,0.E0,-1.E0));
#4548=VECTOR('',#4547,3.5E-1);
#4549=CARTESIAN_POINT('',(5.7E0,6.E-1,-1.15E0));
#4550=LINE('',#4549,#4548);
#4551=DIRECTION('',(0.E0,0.E0,-1.E0));
#4552=VECTOR('',#4551,3.5E-1);
#4553=CARTESIAN_POINT('',(4.3E0,6.E-1,-1.15E0));
#4554=LINE('',#4553,#4552);
#4555=DIRECTION('',(1.E0,0.E0,0.E0));
#4556=VECTOR('',#4555,1.4E0);
#4557=CARTESIAN_POINT('',(4.3E0,6.E-1,-1.15E0));
#4558=LINE('',#4557,#4556);
#4559=DIRECTION('',(0.E0,0.E0,-1.E0));
#4560=VECTOR('',#4559,3.5E-1);
#4561=CARTESIAN_POINT('',(7.7E0,6.E-1,-1.15E0));
#4562=LINE('',#4561,#4560);
#4563=DIRECTION('',(0.E0,0.E0,-1.E0));
#4564=VECTOR('',#4563,3.5E-1);
#4565=CARTESIAN_POINT('',(6.3E0,6.E-1,-1.15E0));
#4566=LINE('',#4565,#4564);
#4567=DIRECTION('',(1.E0,0.E0,0.E0));
#4568=VECTOR('',#4567,1.4E0);
#4569=CARTESIAN_POINT('',(6.3E0,6.E-1,-1.15E0));
#4570=LINE('',#4569,#4568);
#4571=DIRECTION('',(0.E0,0.E0,-1.E0));
#4572=VECTOR('',#4571,3.5E-1);
#4573=CARTESIAN_POINT('',(9.7E0,6.E-1,-1.15E0));
#4574=LINE('',#4573,#4572);
#4575=DIRECTION('',(0.E0,0.E0,-1.E0));
#4576=VECTOR('',#4575,3.5E-1);
#4577=CARTESIAN_POINT('',(8.3E0,6.E-1,-1.15E0));
#4578=LINE('',#4577,#4576);
#4579=DIRECTION('',(1.E0,0.E0,0.E0));
#4580=VECTOR('',#4579,1.4E0);
#4581=CARTESIAN_POINT('',(8.3E0,6.E-1,-1.15E0));
#4582=LINE('',#4581,#4580);
#4583=DIRECTION('',(0.E0,0.E0,-1.E0));
#4584=VECTOR('',#4583,3.5E-1);
#4585=CARTESIAN_POINT('',(1.17E1,6.E-1,-1.15E0));
#4586=LINE('',#4585,#4584);
#4587=DIRECTION('',(0.E0,0.E0,-1.E0));
#4588=VECTOR('',#4587,3.5E-1);
#4589=CARTESIAN_POINT('',(1.03E1,6.E-1,-1.15E0));
#4590=LINE('',#4589,#4588);
#4591=DIRECTION('',(1.E0,0.E0,0.E0));
#4592=VECTOR('',#4591,1.4E0);
#4593=CARTESIAN_POINT('',(1.03E1,6.E-1,-1.15E0));
#4594=LINE('',#4593,#4592);
#4595=DIRECTION('',(0.E0,0.E0,-1.E0));
#4596=VECTOR('',#4595,3.5E-1);
#4597=CARTESIAN_POINT('',(1.37E1,6.E-1,-1.15E0));
#4598=LINE('',#4597,#4596);
#4599=DIRECTION('',(0.E0,0.E0,-1.E0));
#4600=VECTOR('',#4599,3.5E-1);
#4601=CARTESIAN_POINT('',(1.23E1,6.E-1,-1.15E0));
#4602=LINE('',#4601,#4600);
#4603=DIRECTION('',(1.E0,0.E0,0.E0));
#4604=VECTOR('',#4603,1.4E0);
#4605=CARTESIAN_POINT('',(1.23E1,6.E-1,-1.15E0));
#4606=LINE('',#4605,#4604);
#4607=DIRECTION('',(0.E0,0.E0,-1.E0));
#4608=VECTOR('',#4607,3.5E-1);
#4609=CARTESIAN_POINT('',(1.57E1,6.E-1,-1.15E0));
#4610=LINE('',#4609,#4608);
#4611=DIRECTION('',(0.E0,0.E0,-1.E0));
#4612=VECTOR('',#4611,3.5E-1);
#4613=CARTESIAN_POINT('',(1.43E1,6.E-1,-1.15E0));
#4614=LINE('',#4613,#4612);
#4615=DIRECTION('',(1.E0,0.E0,0.E0));
#4616=VECTOR('',#4615,1.4E0);
#4617=CARTESIAN_POINT('',(1.43E1,6.E-1,-1.15E0));
#4618=LINE('',#4617,#4616);
#4619=DIRECTION('',(0.E0,0.E0,-1.E0));
#4620=VECTOR('',#4619,3.5E-1);
#4621=CARTESIAN_POINT('',(1.77E1,6.E-1,-1.15E0));
#4622=LINE('',#4621,#4620);
#4623=DIRECTION('',(0.E0,0.E0,-1.E0));
#4624=VECTOR('',#4623,3.5E-1);
#4625=CARTESIAN_POINT('',(1.63E1,6.E-1,-1.15E0));
#4626=LINE('',#4625,#4624);
#4627=DIRECTION('',(1.E0,0.E0,0.E0));
#4628=VECTOR('',#4627,1.4E0);
#4629=CARTESIAN_POINT('',(1.63E1,6.E-1,-1.15E0));
#4630=LINE('',#4629,#4628);
#4631=DIRECTION('',(0.E0,0.E0,-1.E0));
#4632=VECTOR('',#4631,3.5E-1);
#4633=CARTESIAN_POINT('',(1.97E1,6.E-1,-1.15E0));
#4634=LINE('',#4633,#4632);
#4635=DIRECTION('',(0.E0,0.E0,-1.E0));
#4636=VECTOR('',#4635,3.5E-1);
#4637=CARTESIAN_POINT('',(1.83E1,6.E-1,-1.15E0));
#4638=LINE('',#4637,#4636);
#4639=DIRECTION('',(1.E0,0.E0,0.E0));
#4640=VECTOR('',#4639,1.4E0);
#4641=CARTESIAN_POINT('',(1.83E1,6.E-1,-1.15E0));
#4642=LINE('',#4641,#4640);
#4643=DIRECTION('',(7.071067811866E-1,0.E0,-7.071067811865E-1));
#4644=VECTOR('',#4643,2.121320343560E-1);
#4645=CARTESIAN_POINT('',(-2.E1,6.E-1,-1.35E0));
#4646=LINE('',#4645,#4644);
#4647=DIRECTION('',(1.E0,0.E0,0.E0));
#4648=VECTOR('',#4647,1.7E0);
#4649=CARTESIAN_POINT('',(-2.E1,6.E-1,-1.15E0));
#4650=LINE('',#4649,#4648);
#4651=DIRECTION('',(0.E0,0.E0,-1.E0));
#4652=VECTOR('',#4651,3.5E-1);
#4653=CARTESIAN_POINT('',(-1.83E1,6.E-1,-1.15E0));
#4654=LINE('',#4653,#4652);
#4655=DIRECTION('',(0.E0,1.E0,0.E0));
#4656=VECTOR('',#4655,4.E-1);
#4657=CARTESIAN_POINT('',(-1.63E1,6.E-1,-1.5E0));
#4658=LINE('',#4657,#4656);
#4659=DIRECTION('',(0.E0,1.E0,0.E0));
#4660=VECTOR('',#4659,4.E-1);
#4661=CARTESIAN_POINT('',(-1.77E1,6.E-1,-1.5E0));
#4662=LINE('',#4661,#4660);
#4663=DIRECTION('',(1.E0,0.E0,0.E0));
#4664=VECTOR('',#4663,1.4E0);
#4665=CARTESIAN_POINT('',(-1.77E1,6.E-1,-1.5E0));
#4666=LINE('',#4665,#4664);
#4667=DIRECTION('',(0.E0,1.E0,0.E0));
#4668=VECTOR('',#4667,4.E-1);
#4669=CARTESIAN_POINT('',(-1.43E1,6.E-1,-1.5E0));
#4670=LINE('',#4669,#4668);
#4671=DIRECTION('',(0.E0,1.E0,0.E0));
#4672=VECTOR('',#4671,4.E-1);
#4673=CARTESIAN_POINT('',(-1.57E1,6.E-1,-1.5E0));
#4674=LINE('',#4673,#4672);
#4675=DIRECTION('',(1.E0,0.E0,0.E0));
#4676=VECTOR('',#4675,1.4E0);
#4677=CARTESIAN_POINT('',(-1.57E1,6.E-1,-1.5E0));
#4678=LINE('',#4677,#4676);
#4679=DIRECTION('',(0.E0,1.E0,0.E0));
#4680=VECTOR('',#4679,4.E-1);
#4681=CARTESIAN_POINT('',(-1.23E1,6.E-1,-1.5E0));
#4682=LINE('',#4681,#4680);
#4683=DIRECTION('',(0.E0,1.E0,0.E0));
#4684=VECTOR('',#4683,4.E-1);
#4685=CARTESIAN_POINT('',(-1.37E1,6.E-1,-1.5E0));
#4686=LINE('',#4685,#4684);
#4687=DIRECTION('',(1.E0,0.E0,0.E0));
#4688=VECTOR('',#4687,1.4E0);
#4689=CARTESIAN_POINT('',(-1.37E1,6.E-1,-1.5E0));
#4690=LINE('',#4689,#4688);
#4691=DIRECTION('',(0.E0,1.E0,0.E0));
#4692=VECTOR('',#4691,4.E-1);
#4693=CARTESIAN_POINT('',(-1.03E1,6.E-1,-1.5E0));
#4694=LINE('',#4693,#4692);
#4695=DIRECTION('',(0.E0,1.E0,0.E0));
#4696=VECTOR('',#4695,4.E-1);
#4697=CARTESIAN_POINT('',(-1.17E1,6.E-1,-1.5E0));
#4698=LINE('',#4697,#4696);
#4699=DIRECTION('',(1.E0,0.E0,0.E0));
#4700=VECTOR('',#4699,1.4E0);
#4701=CARTESIAN_POINT('',(-1.17E1,6.E-1,-1.5E0));
#4702=LINE('',#4701,#4700);
#4703=DIRECTION('',(0.E0,1.E0,0.E0));
#4704=VECTOR('',#4703,4.E-1);
#4705=CARTESIAN_POINT('',(-8.3E0,6.E-1,-1.5E0));
#4706=LINE('',#4705,#4704);
#4707=DIRECTION('',(0.E0,1.E0,0.E0));
#4708=VECTOR('',#4707,4.E-1);
#4709=CARTESIAN_POINT('',(-9.7E0,6.E-1,-1.5E0));
#4710=LINE('',#4709,#4708);
#4711=DIRECTION('',(1.E0,0.E0,0.E0));
#4712=VECTOR('',#4711,1.4E0);
#4713=CARTESIAN_POINT('',(-9.7E0,6.E-1,-1.5E0));
#4714=LINE('',#4713,#4712);
#4715=DIRECTION('',(0.E0,1.E0,0.E0));
#4716=VECTOR('',#4715,4.E-1);
#4717=CARTESIAN_POINT('',(-6.3E0,6.E-1,-1.5E0));
#4718=LINE('',#4717,#4716);
#4719=DIRECTION('',(0.E0,1.E0,0.E0));
#4720=VECTOR('',#4719,4.E-1);
#4721=CARTESIAN_POINT('',(-7.7E0,6.E-1,-1.5E0));
#4722=LINE('',#4721,#4720);
#4723=DIRECTION('',(1.E0,0.E0,0.E0));
#4724=VECTOR('',#4723,1.4E0);
#4725=CARTESIAN_POINT('',(-7.7E0,6.E-1,-1.5E0));
#4726=LINE('',#4725,#4724);
#4727=DIRECTION('',(0.E0,1.E0,0.E0));
#4728=VECTOR('',#4727,4.E-1);
#4729=CARTESIAN_POINT('',(-4.3E0,6.E-1,-1.5E0));
#4730=LINE('',#4729,#4728);
#4731=DIRECTION('',(0.E0,1.E0,0.E0));
#4732=VECTOR('',#4731,4.E-1);
#4733=CARTESIAN_POINT('',(-5.7E0,6.E-1,-1.5E0));
#4734=LINE('',#4733,#4732);
#4735=DIRECTION('',(1.E0,0.E0,0.E0));
#4736=VECTOR('',#4735,1.4E0);
#4737=CARTESIAN_POINT('',(-5.7E0,6.E-1,-1.5E0));
#4738=LINE('',#4737,#4736);
#4739=DIRECTION('',(0.E0,1.E0,0.E0));
#4740=VECTOR('',#4739,4.E-1);
#4741=CARTESIAN_POINT('',(-2.3E0,6.E-1,-1.5E0));
#4742=LINE('',#4741,#4740);
#4743=DIRECTION('',(0.E0,1.E0,0.E0));
#4744=VECTOR('',#4743,4.E-1);
#4745=CARTESIAN_POINT('',(-3.7E0,6.E-1,-1.5E0));
#4746=LINE('',#4745,#4744);
#4747=DIRECTION('',(1.E0,0.E0,0.E0));
#4748=VECTOR('',#4747,1.4E0);
#4749=CARTESIAN_POINT('',(-3.7E0,6.E-1,-1.5E0));
#4750=LINE('',#4749,#4748);
#4751=DIRECTION('',(0.E0,1.E0,0.E0));
#4752=VECTOR('',#4751,4.E-1);
#4753=CARTESIAN_POINT('',(-3.E-1,6.E-1,-1.5E0));
#4754=LINE('',#4753,#4752);
#4755=DIRECTION('',(0.E0,1.E0,0.E0));
#4756=VECTOR('',#4755,4.E-1);
#4757=CARTESIAN_POINT('',(-1.7E0,6.E-1,-1.5E0));
#4758=LINE('',#4757,#4756);
#4759=DIRECTION('',(1.E0,0.E0,0.E0));
#4760=VECTOR('',#4759,1.4E0);
#4761=CARTESIAN_POINT('',(-1.7E0,6.E-1,-1.5E0));
#4762=LINE('',#4761,#4760);
#4763=DIRECTION('',(0.E0,1.E0,0.E0));
#4764=VECTOR('',#4763,4.E-1);
#4765=CARTESIAN_POINT('',(1.7E0,6.E-1,-1.5E0));
#4766=LINE('',#4765,#4764);
#4767=DIRECTION('',(0.E0,1.E0,0.E0));
#4768=VECTOR('',#4767,4.E-1);
#4769=CARTESIAN_POINT('',(3.E-1,6.E-1,-1.5E0));
#4770=LINE('',#4769,#4768);
#4771=DIRECTION('',(1.E0,0.E0,0.E0));
#4772=VECTOR('',#4771,1.4E0);
#4773=CARTESIAN_POINT('',(3.E-1,6.E-1,-1.5E0));
#4774=LINE('',#4773,#4772);
#4775=DIRECTION('',(0.E0,1.E0,0.E0));
#4776=VECTOR('',#4775,4.E-1);
#4777=CARTESIAN_POINT('',(3.7E0,6.E-1,-1.5E0));
#4778=LINE('',#4777,#4776);
#4779=DIRECTION('',(0.E0,1.E0,0.E0));
#4780=VECTOR('',#4779,4.E-1);
#4781=CARTESIAN_POINT('',(2.3E0,6.E-1,-1.5E0));
#4782=LINE('',#4781,#4780);
#4783=DIRECTION('',(1.E0,0.E0,0.E0));
#4784=VECTOR('',#4783,1.4E0);
#4785=CARTESIAN_POINT('',(2.3E0,6.E-1,-1.5E0));
#4786=LINE('',#4785,#4784);
#4787=DIRECTION('',(0.E0,1.E0,0.E0));
#4788=VECTOR('',#4787,4.E-1);
#4789=CARTESIAN_POINT('',(5.7E0,6.E-1,-1.5E0));
#4790=LINE('',#4789,#4788);
#4791=DIRECTION('',(0.E0,1.E0,0.E0));
#4792=VECTOR('',#4791,4.E-1);
#4793=CARTESIAN_POINT('',(4.3E0,6.E-1,-1.5E0));
#4794=LINE('',#4793,#4792);
#4795=DIRECTION('',(1.E0,0.E0,0.E0));
#4796=VECTOR('',#4795,1.4E0);
#4797=CARTESIAN_POINT('',(4.3E0,6.E-1,-1.5E0));
#4798=LINE('',#4797,#4796);
#4799=DIRECTION('',(0.E0,1.E0,0.E0));
#4800=VECTOR('',#4799,4.E-1);
#4801=CARTESIAN_POINT('',(7.7E0,6.E-1,-1.5E0));
#4802=LINE('',#4801,#4800);
#4803=DIRECTION('',(0.E0,1.E0,0.E0));
#4804=VECTOR('',#4803,4.E-1);
#4805=CARTESIAN_POINT('',(6.3E0,6.E-1,-1.5E0));
#4806=LINE('',#4805,#4804);
#4807=DIRECTION('',(1.E0,0.E0,0.E0));
#4808=VECTOR('',#4807,1.4E0);
#4809=CARTESIAN_POINT('',(6.3E0,6.E-1,-1.5E0));
#4810=LINE('',#4809,#4808);
#4811=DIRECTION('',(0.E0,1.E0,0.E0));
#4812=VECTOR('',#4811,4.E-1);
#4813=CARTESIAN_POINT('',(9.7E0,6.E-1,-1.5E0));
#4814=LINE('',#4813,#4812);
#4815=DIRECTION('',(0.E0,1.E0,0.E0));
#4816=VECTOR('',#4815,4.E-1);
#4817=CARTESIAN_POINT('',(8.3E0,6.E-1,-1.5E0));
#4818=LINE('',#4817,#4816);
#4819=DIRECTION('',(1.E0,0.E0,0.E0));
#4820=VECTOR('',#4819,1.4E0);
#4821=CARTESIAN_POINT('',(8.3E0,6.E-1,-1.5E0));
#4822=LINE('',#4821,#4820);
#4823=DIRECTION('',(0.E0,1.E0,0.E0));
#4824=VECTOR('',#4823,4.E-1);
#4825=CARTESIAN_POINT('',(1.17E1,6.E-1,-1.5E0));
#4826=LINE('',#4825,#4824);
#4827=DIRECTION('',(0.E0,1.E0,0.E0));
#4828=VECTOR('',#4827,4.E-1);
#4829=CARTESIAN_POINT('',(1.03E1,6.E-1,-1.5E0));
#4830=LINE('',#4829,#4828);
#4831=DIRECTION('',(1.E0,0.E0,0.E0));
#4832=VECTOR('',#4831,1.4E0);
#4833=CARTESIAN_POINT('',(1.03E1,6.E-1,-1.5E0));
#4834=LINE('',#4833,#4832);
#4835=DIRECTION('',(0.E0,1.E0,0.E0));
#4836=VECTOR('',#4835,4.E-1);
#4837=CARTESIAN_POINT('',(1.37E1,6.E-1,-1.5E0));
#4838=LINE('',#4837,#4836);
#4839=DIRECTION('',(0.E0,1.E0,0.E0));
#4840=VECTOR('',#4839,4.E-1);
#4841=CARTESIAN_POINT('',(1.23E1,6.E-1,-1.5E0));
#4842=LINE('',#4841,#4840);
#4843=DIRECTION('',(1.E0,0.E0,0.E0));
#4844=VECTOR('',#4843,1.4E0);
#4845=CARTESIAN_POINT('',(1.23E1,6.E-1,-1.5E0));
#4846=LINE('',#4845,#4844);
#4847=DIRECTION('',(0.E0,1.E0,0.E0));
#4848=VECTOR('',#4847,4.E-1);
#4849=CARTESIAN_POINT('',(1.57E1,6.E-1,-1.5E0));
#4850=LINE('',#4849,#4848);
#4851=DIRECTION('',(0.E0,1.E0,0.E0));
#4852=VECTOR('',#4851,4.E-1);
#4853=CARTESIAN_POINT('',(1.43E1,6.E-1,-1.5E0));
#4854=LINE('',#4853,#4852);
#4855=DIRECTION('',(1.E0,0.E0,0.E0));
#4856=VECTOR('',#4855,1.4E0);
#4857=CARTESIAN_POINT('',(1.43E1,6.E-1,-1.5E0));
#4858=LINE('',#4857,#4856);
#4859=DIRECTION('',(0.E0,1.E0,0.E0));
#4860=VECTOR('',#4859,4.E-1);
#4861=CARTESIAN_POINT('',(1.77E1,6.E-1,-1.5E0));
#4862=LINE('',#4861,#4860);
#4863=DIRECTION('',(0.E0,1.E0,0.E0));
#4864=VECTOR('',#4863,4.E-1);
#4865=CARTESIAN_POINT('',(1.63E1,6.E-1,-1.5E0));
#4866=LINE('',#4865,#4864);
#4867=DIRECTION('',(1.E0,0.E0,0.E0));
#4868=VECTOR('',#4867,1.4E0);
#4869=CARTESIAN_POINT('',(1.63E1,6.E-1,-1.5E0));
#4870=LINE('',#4869,#4868);
#4871=DIRECTION('',(0.E0,1.E0,0.E0));
#4872=VECTOR('',#4871,4.E-1);
#4873=CARTESIAN_POINT('',(1.97E1,6.E-1,-1.5E0));
#4874=LINE('',#4873,#4872);
#4875=DIRECTION('',(0.E0,1.E0,0.E0));
#4876=VECTOR('',#4875,4.E-1);
#4877=CARTESIAN_POINT('',(1.83E1,6.E-1,-1.5E0));
#4878=LINE('',#4877,#4876);
#4879=DIRECTION('',(1.E0,0.E0,0.E0));
#4880=VECTOR('',#4879,1.4E0);
#4881=CARTESIAN_POINT('',(1.83E1,6.E-1,-1.5E0));
#4882=LINE('',#4881,#4880);
#4883=DIRECTION('',(0.E0,-1.E0,0.E0));
#4884=VECTOR('',#4883,4.E-1);
#4885=CARTESIAN_POINT('',(-1.985E1,1.E0,-1.5E0));
#4886=LINE('',#4885,#4884);
#4887=DIRECTION('',(1.E0,0.E0,0.E0));
#4888=VECTOR('',#4887,1.55E0);
#4889=CARTESIAN_POINT('',(-1.985E1,6.E-1,-1.5E0));
#4890=LINE('',#4889,#4888);
#4891=DIRECTION('',(0.E0,1.E0,0.E0));
#4892=VECTOR('',#4891,4.E-1);
#4893=CARTESIAN_POINT('',(-1.83E1,6.E-1,-1.5E0));
#4894=LINE('',#4893,#4892);
#4895=DIRECTION('',(-5.773502691896E-1,-5.773502691896E-1,5.773502691896E-1));
#4896=VECTOR('',#4895,2.598076211353E-1);
#4897=CARTESIAN_POINT('',(-1.985E1,1.E0,-1.5E0));
#4898=LINE('',#4897,#4896);
#4899=DIRECTION('',(0.E0,0.E0,1.E0));
#4900=VECTOR('',#4899,4.E0);
#4901=CARTESIAN_POINT('',(-1.875E1,-2.5E-1,0.E0));
#4902=LINE('',#4901,#4900);
#4903=DIRECTION('',(0.E0,1.E0,0.E0));
#4904=VECTOR('',#4903,5.E-1);
#4905=CARTESIAN_POINT('',(-1.875E1,-2.5E-1,4.E0));
#4906=LINE('',#4905,#4904);
#4907=DIRECTION('',(0.E0,0.E0,-1.E0));
#4908=VECTOR('',#4907,4.E0);
#4909=CARTESIAN_POINT('',(-1.875E1,2.5E-1,4.E0));
#4910=LINE('',#4909,#4908);
#4911=DIRECTION('',(0.E0,0.E0,-1.E0));
#4912=VECTOR('',#4911,6.E-1);
#4913=CARTESIAN_POINT('',(-1.875E1,2.5E-1,-1.15E0));
#4914=LINE('',#4913,#4912);
#4915=CARTESIAN_POINT('',(-1.875E1,7.5E-1,-1.75E0));
#4916=DIRECTION('',(1.E0,0.E0,0.E0));
#4917=DIRECTION('',(0.E0,-1.E0,0.E0));
#4918=AXIS2_PLACEMENT_3D('',#4915,#4916,#4917);
#4920=DIRECTION('',(0.E0,1.E0,0.E0));
#4921=VECTOR('',#4920,1.5E0);
#4922=CARTESIAN_POINT('',(-1.875E1,7.5E-1,-2.25E0));
#4923=LINE('',#4922,#4921);
#4924=DIRECTION('',(0.E0,0.E0,-1.E0));
#4925=VECTOR('',#4924,5.E-1);
#4926=CARTESIAN_POINT('',(-1.875E1,2.25E0,-2.25E0));
#4927=LINE('',#4926,#4925);
#4928=DIRECTION('',(0.E0,-1.E0,0.E0));
#4929=VECTOR('',#4928,1.5E0);
#4930=CARTESIAN_POINT('',(-1.875E1,2.25E0,-2.75E0));
#4931=LINE('',#4930,#4929);
#4932=CARTESIAN_POINT('',(-1.875E1,7.5E-1,-1.75E0));
#4933=DIRECTION('',(-1.E0,0.E0,0.E0));
#4934=DIRECTION('',(0.E0,0.E0,-1.E0));
#4935=AXIS2_PLACEMENT_3D('',#4932,#4933,#4934);
#4937=DIRECTION('',(0.E0,0.E0,1.E0));
#4938=VECTOR('',#4937,6.E-1);
#4939=CARTESIAN_POINT('',(-1.875E1,-2.5E-1,-1.75E0));
#4940=LINE('',#4939,#4938);
#4941=DIRECTION('',(0.E0,0.E0,-1.E0));
#4942=VECTOR('',#4941,4.E0);
#4943=CARTESIAN_POINT('',(-1.925E1,2.5E-1,4.E0));
#4944=LINE('',#4943,#4942);
#4945=DIRECTION('',(0.E0,1.E0,0.E0));
#4946=VECTOR('',#4945,5.E-1);
#4947=CARTESIAN_POINT('',(-1.925E1,-2.5E-1,4.E0));
#4948=LINE('',#4947,#4946);
#4949=DIRECTION('',(0.E0,0.E0,1.E0));
#4950=VECTOR('',#4949,4.E0);
#4951=CARTESIAN_POINT('',(-1.925E1,-2.5E-1,0.E0));
#4952=LINE('',#4951,#4950);
#4953=DIRECTION('',(0.E0,0.E0,1.E0));
#4954=VECTOR('',#4953,6.E-1);
#4955=CARTESIAN_POINT('',(-1.925E1,-2.5E-1,-1.75E0));
#4956=LINE('',#4955,#4954);
#4957=CARTESIAN_POINT('',(-1.925E1,7.5E-1,-1.75E0));
#4958=DIRECTION('',(-1.E0,0.E0,0.E0));
#4959=DIRECTION('',(0.E0,0.E0,-1.E0));
#4960=AXIS2_PLACEMENT_3D('',#4957,#4958,#4959);
#4962=DIRECTION('',(0.E0,-1.E0,0.E0));
#4963=VECTOR('',#4962,1.5E0);
#4964=CARTESIAN_POINT('',(-1.925E1,2.25E0,-2.75E0));
#4965=LINE('',#4964,#4963);
#4966=DIRECTION('',(0.E0,0.E0,-1.E0));
#4967=VECTOR('',#4966,5.E-1);
#4968=CARTESIAN_POINT('',(-1.925E1,2.25E0,-2.25E0));
#4969=LINE('',#4968,#4967);
#4970=DIRECTION('',(0.E0,1.E0,0.E0));
#4971=VECTOR('',#4970,1.5E0);
#4972=CARTESIAN_POINT('',(-1.925E1,7.5E-1,-2.25E0));
#4973=LINE('',#4972,#4971);
#4974=CARTESIAN_POINT('',(-1.925E1,7.5E-1,-1.75E0));
#4975=DIRECTION('',(1.E0,0.E0,0.E0));
#4976=DIRECTION('',(0.E0,-1.E0,0.E0));
#4977=AXIS2_PLACEMENT_3D('',#4974,#4975,#4976);
#4979=DIRECTION('',(0.E0,0.E0,-1.E0));
#4980=VECTOR('',#4979,6.E-1);
#4981=CARTESIAN_POINT('',(-1.925E1,2.5E-1,-1.15E0));
#4982=LINE('',#4981,#4980);
#4983=DIRECTION('',(-1.E0,0.E0,0.E0));
#4984=VECTOR('',#4983,5.E-1);
#4985=CARTESIAN_POINT('',(-1.875E1,2.5E-1,4.E0));
#4986=LINE('',#4985,#4984);
#4987=DIRECTION('',(-1.E0,0.E0,0.E0));
#4988=VECTOR('',#4987,5.E-1);
#4989=CARTESIAN_POINT('',(-1.875E1,-2.5E-1,4.E0));
#4990=LINE('',#4989,#4988);
#4991=DIRECTION('',(-1.E0,0.E0,0.E0));
#4992=VECTOR('',#4991,5.E-1);
#4993=CARTESIAN_POINT('',(-1.875E1,-2.5E-1,-1.75E0));
#4994=LINE('',#4993,#4992);
#4995=DIRECTION('',(-1.E0,0.E0,0.E0));
#4996=VECTOR('',#4995,5.E-1);
#4997=CARTESIAN_POINT('',(-1.875E1,7.5E-1,-2.75E0));
#4998=LINE('',#4997,#4996);
#4999=DIRECTION('',(-1.E0,0.E0,0.E0));
#5000=VECTOR('',#4999,5.E-1);
#5001=CARTESIAN_POINT('',(-1.875E1,2.25E0,-2.75E0));
#5002=LINE('',#5001,#5000);
#5003=DIRECTION('',(-1.E0,0.E0,0.E0));
#5004=VECTOR('',#5003,5.E-1);
#5005=CARTESIAN_POINT('',(-1.875E1,2.25E0,-2.25E0));
#5006=LINE('',#5005,#5004);
#5007=DIRECTION('',(-1.E0,0.E0,0.E0));
#5008=VECTOR('',#5007,5.E-1);
#5009=CARTESIAN_POINT('',(-1.875E1,7.5E-1,-2.25E0));
#5010=LINE('',#5009,#5008);
#5011=DIRECTION('',(-1.E0,0.E0,0.E0));
#5012=VECTOR('',#5011,5.E-1);
#5013=CARTESIAN_POINT('',(-1.875E1,2.5E-1,-1.75E0));
#5014=LINE('',#5013,#5012);
#5015=DIRECTION('',(0.E0,0.E0,1.E0));
#5016=VECTOR('',#5015,4.E0);
#5017=CARTESIAN_POINT('',(-1.475E1,-2.5E-1,0.E0));
#5018=LINE('',#5017,#5016);
#5019=DIRECTION('',(0.E0,1.E0,0.E0));
#5020=VECTOR('',#5019,5.E-1);
#5021=CARTESIAN_POINT('',(-1.475E1,-2.5E-1,4.E0));
#5022=LINE('',#5021,#5020);
#5023=DIRECTION('',(0.E0,0.E0,-1.E0));
#5024=VECTOR('',#5023,4.E0);
#5025=CARTESIAN_POINT('',(-1.475E1,2.5E-1,4.E0));
#5026=LINE('',#5025,#5024);
#5027=DIRECTION('',(0.E0,0.E0,-1.E0));
#5028=VECTOR('',#5027,6.E-1);
#5029=CARTESIAN_POINT('',(-1.475E1,2.5E-1,-1.15E0));
#5030=LINE('',#5029,#5028);
#5031=CARTESIAN_POINT('',(-1.475E1,7.5E-1,-1.75E0));
#5032=DIRECTION('',(1.E0,0.E0,0.E0));
#5033=DIRECTION('',(0.E0,-1.E0,0.E0));
#5034=AXIS2_PLACEMENT_3D('',#5031,#5032,#5033);
#5036=DIRECTION('',(0.E0,1.E0,0.E0));
#5037=VECTOR('',#5036,1.5E0);
#5038=CARTESIAN_POINT('',(-1.475E1,7.5E-1,-2.25E0));
#5039=LINE('',#5038,#5037);
#5040=DIRECTION('',(0.E0,0.E0,-1.E0));
#5041=VECTOR('',#5040,5.E-1);
#5042=CARTESIAN_POINT('',(-1.475E1,2.25E0,-2.25E0));
#5043=LINE('',#5042,#5041);
#5044=DIRECTION('',(0.E0,-1.E0,0.E0));
#5045=VECTOR('',#5044,1.5E0);
#5046=CARTESIAN_POINT('',(-1.475E1,2.25E0,-2.75E0));
#5047=LINE('',#5046,#5045);
#5048=CARTESIAN_POINT('',(-1.475E1,7.5E-1,-1.75E0));
#5049=DIRECTION('',(-1.E0,0.E0,0.E0));
#5050=DIRECTION('',(0.E0,0.E0,-1.E0));
#5051=AXIS2_PLACEMENT_3D('',#5048,#5049,#5050);
#5053=DIRECTION('',(0.E0,0.E0,1.E0));
#5054=VECTOR('',#5053,6.E-1);
#5055=CARTESIAN_POINT('',(-1.475E1,-2.5E-1,-1.75E0));
#5056=LINE('',#5055,#5054);
#5057=DIRECTION('',(0.E0,0.E0,-1.E0));
#5058=VECTOR('',#5057,4.E0);
#5059=CARTESIAN_POINT('',(-1.525E1,2.5E-1,4.E0));
#5060=LINE('',#5059,#5058);
#5061=DIRECTION('',(0.E0,1.E0,0.E0));
#5062=VECTOR('',#5061,5.E-1);
#5063=CARTESIAN_POINT('',(-1.525E1,-2.5E-1,4.E0));
#5064=LINE('',#5063,#5062);
#5065=DIRECTION('',(0.E0,0.E0,1.E0));
#5066=VECTOR('',#5065,4.E0);
#5067=CARTESIAN_POINT('',(-1.525E1,-2.5E-1,0.E0));
#5068=LINE('',#5067,#5066);
#5069=DIRECTION('',(0.E0,0.E0,1.E0));
#5070=VECTOR('',#5069,6.E-1);
#5071=CARTESIAN_POINT('',(-1.525E1,-2.5E-1,-1.75E0));
#5072=LINE('',#5071,#5070);
#5073=CARTESIAN_POINT('',(-1.525E1,7.5E-1,-1.75E0));
#5074=DIRECTION('',(-1.E0,0.E0,0.E0));
#5075=DIRECTION('',(0.E0,0.E0,-1.E0));
#5076=AXIS2_PLACEMENT_3D('',#5073,#5074,#5075);
#5078=DIRECTION('',(0.E0,-1.E0,0.E0));
#5079=VECTOR('',#5078,1.5E0);
#5080=CARTESIAN_POINT('',(-1.525E1,2.25E0,-2.75E0));
#5081=LINE('',#5080,#5079);
#5082=DIRECTION('',(0.E0,0.E0,-1.E0));
#5083=VECTOR('',#5082,5.E-1);
#5084=CARTESIAN_POINT('',(-1.525E1,2.25E0,-2.25E0));
#5085=LINE('',#5084,#5083);
#5086=DIRECTION('',(0.E0,1.E0,0.E0));
#5087=VECTOR('',#5086,1.5E0);
#5088=CARTESIAN_POINT('',(-1.525E1,7.5E-1,-2.25E0));
#5089=LINE('',#5088,#5087);
#5090=CARTESIAN_POINT('',(-1.525E1,7.5E-1,-1.75E0));
#5091=DIRECTION('',(1.E0,0.E0,0.E0));
#5092=DIRECTION('',(0.E0,-1.E0,0.E0));
#5093=AXIS2_PLACEMENT_3D('',#5090,#5091,#5092);
#5095=DIRECTION('',(0.E0,0.E0,-1.E0));
#5096=VECTOR('',#5095,6.E-1);
#5097=CARTESIAN_POINT('',(-1.525E1,2.5E-1,-1.15E0));
#5098=LINE('',#5097,#5096);
#5099=DIRECTION('',(-1.E0,0.E0,0.E0));
#5100=VECTOR('',#5099,5.E-1);
#5101=CARTESIAN_POINT('',(-1.475E1,2.5E-1,4.E0));
#5102=LINE('',#5101,#5100);
#5103=DIRECTION('',(-1.E0,0.E0,0.E0));
#5104=VECTOR('',#5103,5.E-1);
#5105=CARTESIAN_POINT('',(-1.475E1,-2.5E-1,4.E0));
#5106=LINE('',#5105,#5104);
#5107=DIRECTION('',(-1.E0,0.E0,0.E0));
#5108=VECTOR('',#5107,5.E-1);
#5109=CARTESIAN_POINT('',(-1.475E1,-2.5E-1,-1.75E0));
#5110=LINE('',#5109,#5108);
#5111=DIRECTION('',(-1.E0,0.E0,0.E0));
#5112=VECTOR('',#5111,5.E-1);
#5113=CARTESIAN_POINT('',(-1.475E1,7.5E-1,-2.75E0));
#5114=LINE('',#5113,#5112);
#5115=DIRECTION('',(-1.E0,0.E0,0.E0));
#5116=VECTOR('',#5115,5.E-1);
#5117=CARTESIAN_POINT('',(-1.475E1,2.25E0,-2.75E0));
#5118=LINE('',#5117,#5116);
#5119=DIRECTION('',(-1.E0,0.E0,0.E0));
#5120=VECTOR('',#5119,5.E-1);
#5121=CARTESIAN_POINT('',(-1.475E1,2.25E0,-2.25E0));
#5122=LINE('',#5121,#5120);
#5123=DIRECTION('',(-1.E0,0.E0,0.E0));
#5124=VECTOR('',#5123,5.E-1);
#5125=CARTESIAN_POINT('',(-1.475E1,7.5E-1,-2.25E0));
#5126=LINE('',#5125,#5124);
#5127=DIRECTION('',(-1.E0,0.E0,0.E0));
#5128=VECTOR('',#5127,5.E-1);
#5129=CARTESIAN_POINT('',(-1.475E1,2.5E-1,-1.75E0));
#5130=LINE('',#5129,#5128);
#5131=DIRECTION('',(0.E0,0.E0,1.E0));
#5132=VECTOR('',#5131,4.E0);
#5133=CARTESIAN_POINT('',(-1.075E1,-2.5E-1,0.E0));
#5134=LINE('',#5133,#5132);
#5135=DIRECTION('',(0.E0,1.E0,0.E0));
#5136=VECTOR('',#5135,5.E-1);
#5137=CARTESIAN_POINT('',(-1.075E1,-2.5E-1,4.E0));
#5138=LINE('',#5137,#5136);
#5139=DIRECTION('',(0.E0,0.E0,-1.E0));
#5140=VECTOR('',#5139,4.E0);
#5141=CARTESIAN_POINT('',(-1.075E1,2.5E-1,4.E0));
#5142=LINE('',#5141,#5140);
#5143=DIRECTION('',(0.E0,0.E0,-1.E0));
#5144=VECTOR('',#5143,6.E-1);
#5145=CARTESIAN_POINT('',(-1.075E1,2.5E-1,-1.15E0));
#5146=LINE('',#5145,#5144);
#5147=CARTESIAN_POINT('',(-1.075E1,7.5E-1,-1.75E0));
#5148=DIRECTION('',(1.E0,0.E0,0.E0));
#5149=DIRECTION('',(0.E0,-1.E0,0.E0));
#5150=AXIS2_PLACEMENT_3D('',#5147,#5148,#5149);
#5152=DIRECTION('',(0.E0,1.E0,0.E0));
#5153=VECTOR('',#5152,1.5E0);
#5154=CARTESIAN_POINT('',(-1.075E1,7.5E-1,-2.25E0));
#5155=LINE('',#5154,#5153);
#5156=DIRECTION('',(0.E0,0.E0,-1.E0));
#5157=VECTOR('',#5156,5.E-1);
#5158=CARTESIAN_POINT('',(-1.075E1,2.25E0,-2.25E0));
#5159=LINE('',#5158,#5157);
#5160=DIRECTION('',(0.E0,-1.E0,0.E0));
#5161=VECTOR('',#5160,1.5E0);
#5162=CARTESIAN_POINT('',(-1.075E1,2.25E0,-2.75E0));
#5163=LINE('',#5162,#5161);
#5164=CARTESIAN_POINT('',(-1.075E1,7.5E-1,-1.75E0));
#5165=DIRECTION('',(-1.E0,0.E0,0.E0));
#5166=DIRECTION('',(0.E0,0.E0,-1.E0));
#5167=AXIS2_PLACEMENT_3D('',#5164,#5165,#5166);
#5169=DIRECTION('',(0.E0,0.E0,1.E0));
#5170=VECTOR('',#5169,6.E-1);
#5171=CARTESIAN_POINT('',(-1.075E1,-2.5E-1,-1.75E0));
#5172=LINE('',#5171,#5170);
#5173=DIRECTION('',(0.E0,0.E0,-1.E0));
#5174=VECTOR('',#5173,4.E0);
#5175=CARTESIAN_POINT('',(-1.125E1,2.5E-1,4.E0));
#5176=LINE('',#5175,#5174);
#5177=DIRECTION('',(0.E0,1.E0,0.E0));
#5178=VECTOR('',#5177,5.E-1);
#5179=CARTESIAN_POINT('',(-1.125E1,-2.5E-1,4.E0));
#5180=LINE('',#5179,#5178);
#5181=DIRECTION('',(0.E0,0.E0,1.E0));
#5182=VECTOR('',#5181,4.E0);
#5183=CARTESIAN_POINT('',(-1.125E1,-2.5E-1,0.E0));
#5184=LINE('',#5183,#5182);
#5185=DIRECTION('',(0.E0,0.E0,1.E0));
#5186=VECTOR('',#5185,6.E-1);
#5187=CARTESIAN_POINT('',(-1.125E1,-2.5E-1,-1.75E0));
#5188=LINE('',#5187,#5186);
#5189=CARTESIAN_POINT('',(-1.125E1,7.5E-1,-1.75E0));
#5190=DIRECTION('',(-1.E0,0.E0,0.E0));
#5191=DIRECTION('',(0.E0,0.E0,-1.E0));
#5192=AXIS2_PLACEMENT_3D('',#5189,#5190,#5191);
#5194=DIRECTION('',(0.E0,-1.E0,0.E0));
#5195=VECTOR('',#5194,1.5E0);
#5196=CARTESIAN_POINT('',(-1.125E1,2.25E0,-2.75E0));
#5197=LINE('',#5196,#5195);
#5198=DIRECTION('',(0.E0,0.E0,-1.E0));
#5199=VECTOR('',#5198,5.E-1);
#5200=CARTESIAN_POINT('',(-1.125E1,2.25E0,-2.25E0));
#5201=LINE('',#5200,#5199);
#5202=DIRECTION('',(0.E0,1.E0,0.E0));
#5203=VECTOR('',#5202,1.5E0);
#5204=CARTESIAN_POINT('',(-1.125E1,7.5E-1,-2.25E0));
#5205=LINE('',#5204,#5203);
#5206=CARTESIAN_POINT('',(-1.125E1,7.5E-1,-1.75E0));
#5207=DIRECTION('',(1.E0,0.E0,0.E0));
#5208=DIRECTION('',(0.E0,-1.E0,0.E0));
#5209=AXIS2_PLACEMENT_3D('',#5206,#5207,#5208);
#5211=DIRECTION('',(0.E0,0.E0,-1.E0));
#5212=VECTOR('',#5211,6.E-1);
#5213=CARTESIAN_POINT('',(-1.125E1,2.5E-1,-1.15E0));
#5214=LINE('',#5213,#5212);
#5215=DIRECTION('',(-1.E0,0.E0,0.E0));
#5216=VECTOR('',#5215,5.E-1);
#5217=CARTESIAN_POINT('',(-1.075E1,2.5E-1,4.E0));
#5218=LINE('',#5217,#5216);
#5219=DIRECTION('',(-1.E0,0.E0,0.E0));
#5220=VECTOR('',#5219,5.E-1);
#5221=CARTESIAN_POINT('',(-1.075E1,-2.5E-1,4.E0));
#5222=LINE('',#5221,#5220);
#5223=DIRECTION('',(-1.E0,0.E0,0.E0));
#5224=VECTOR('',#5223,5.E-1);
#5225=CARTESIAN_POINT('',(-1.075E1,-2.5E-1,-1.75E0));
#5226=LINE('',#5225,#5224);
#5227=DIRECTION('',(-1.E0,0.E0,0.E0));
#5228=VECTOR('',#5227,5.E-1);
#5229=CARTESIAN_POINT('',(-1.075E1,7.5E-1,-2.75E0));
#5230=LINE('',#5229,#5228);
#5231=DIRECTION('',(-1.E0,0.E0,0.E0));
#5232=VECTOR('',#5231,5.E-1);
#5233=CARTESIAN_POINT('',(-1.075E1,2.25E0,-2.75E0));
#5234=LINE('',#5233,#5232);
#5235=DIRECTION('',(-1.E0,0.E0,0.E0));
#5236=VECTOR('',#5235,5.E-1);
#5237=CARTESIAN_POINT('',(-1.075E1,2.25E0,-2.25E0));
#5238=LINE('',#5237,#5236);
#5239=DIRECTION('',(-1.E0,0.E0,0.E0));
#5240=VECTOR('',#5239,5.E-1);
#5241=CARTESIAN_POINT('',(-1.075E1,7.5E-1,-2.25E0));
#5242=LINE('',#5241,#5240);
#5243=DIRECTION('',(-1.E0,0.E0,0.E0));
#5244=VECTOR('',#5243,5.E-1);
#5245=CARTESIAN_POINT('',(-1.075E1,2.5E-1,-1.75E0));
#5246=LINE('',#5245,#5244);
#5247=DIRECTION('',(0.E0,0.E0,1.E0));
#5248=VECTOR('',#5247,4.E0);
#5249=CARTESIAN_POINT('',(-6.75E0,-2.5E-1,0.E0));
#5250=LINE('',#5249,#5248);
#5251=DIRECTION('',(0.E0,1.E0,0.E0));
#5252=VECTOR('',#5251,5.E-1);
#5253=CARTESIAN_POINT('',(-6.75E0,-2.5E-1,4.E0));
#5254=LINE('',#5253,#5252);
#5255=DIRECTION('',(0.E0,0.E0,-1.E0));
#5256=VECTOR('',#5255,4.E0);
#5257=CARTESIAN_POINT('',(-6.75E0,2.5E-1,4.E0));
#5258=LINE('',#5257,#5256);
#5259=DIRECTION('',(0.E0,0.E0,-1.E0));
#5260=VECTOR('',#5259,6.E-1);
#5261=CARTESIAN_POINT('',(-6.75E0,2.5E-1,-1.15E0));
#5262=LINE('',#5261,#5260);
#5263=CARTESIAN_POINT('',(-6.75E0,7.5E-1,-1.75E0));
#5264=DIRECTION('',(1.E0,0.E0,0.E0));
#5265=DIRECTION('',(0.E0,-1.E0,0.E0));
#5266=AXIS2_PLACEMENT_3D('',#5263,#5264,#5265);
#5268=DIRECTION('',(0.E0,1.E0,0.E0));
#5269=VECTOR('',#5268,1.5E0);
#5270=CARTESIAN_POINT('',(-6.75E0,7.5E-1,-2.25E0));
#5271=LINE('',#5270,#5269);
#5272=DIRECTION('',(0.E0,0.E0,-1.E0));
#5273=VECTOR('',#5272,5.E-1);
#5274=CARTESIAN_POINT('',(-6.75E0,2.25E0,-2.25E0));
#5275=LINE('',#5274,#5273);
#5276=DIRECTION('',(0.E0,-1.E0,0.E0));
#5277=VECTOR('',#5276,1.5E0);
#5278=CARTESIAN_POINT('',(-6.75E0,2.25E0,-2.75E0));
#5279=LINE('',#5278,#5277);
#5280=CARTESIAN_POINT('',(-6.75E0,7.5E-1,-1.75E0));
#5281=DIRECTION('',(-1.E0,0.E0,0.E0));
#5282=DIRECTION('',(0.E0,0.E0,-1.E0));
#5283=AXIS2_PLACEMENT_3D('',#5280,#5281,#5282);
#5285=DIRECTION('',(0.E0,0.E0,1.E0));
#5286=VECTOR('',#5285,6.E-1);
#5287=CARTESIAN_POINT('',(-6.75E0,-2.5E-1,-1.75E0));
#5288=LINE('',#5287,#5286);
#5289=DIRECTION('',(0.E0,0.E0,-1.E0));
#5290=VECTOR('',#5289,4.E0);
#5291=CARTESIAN_POINT('',(-7.25E0,2.5E-1,4.E0));
#5292=LINE('',#5291,#5290);
#5293=DIRECTION('',(0.E0,1.E0,0.E0));
#5294=VECTOR('',#5293,5.E-1);
#5295=CARTESIAN_POINT('',(-7.25E0,-2.5E-1,4.E0));
#5296=LINE('',#5295,#5294);
#5297=DIRECTION('',(0.E0,0.E0,1.E0));
#5298=VECTOR('',#5297,4.E0);
#5299=CARTESIAN_POINT('',(-7.25E0,-2.5E-1,0.E0));
#5300=LINE('',#5299,#5298);
#5301=DIRECTION('',(0.E0,0.E0,1.E0));
#5302=VECTOR('',#5301,6.E-1);
#5303=CARTESIAN_POINT('',(-7.25E0,-2.5E-1,-1.75E0));
#5304=LINE('',#5303,#5302);
#5305=CARTESIAN_POINT('',(-7.25E0,7.5E-1,-1.75E0));
#5306=DIRECTION('',(-1.E0,0.E0,0.E0));
#5307=DIRECTION('',(0.E0,0.E0,-1.E0));
#5308=AXIS2_PLACEMENT_3D('',#5305,#5306,#5307);
#5310=DIRECTION('',(0.E0,-1.E0,0.E0));
#5311=VECTOR('',#5310,1.5E0);
#5312=CARTESIAN_POINT('',(-7.25E0,2.25E0,-2.75E0));
#5313=LINE('',#5312,#5311);
#5314=DIRECTION('',(0.E0,0.E0,-1.E0));
#5315=VECTOR('',#5314,5.E-1);
#5316=CARTESIAN_POINT('',(-7.25E0,2.25E0,-2.25E0));
#5317=LINE('',#5316,#5315);
#5318=DIRECTION('',(0.E0,1.E0,0.E0));
#5319=VECTOR('',#5318,1.5E0);
#5320=CARTESIAN_POINT('',(-7.25E0,7.5E-1,-2.25E0));
#5321=LINE('',#5320,#5319);
#5322=CARTESIAN_POINT('',(-7.25E0,7.5E-1,-1.75E0));
#5323=DIRECTION('',(1.E0,0.E0,0.E0));
#5324=DIRECTION('',(0.E0,-1.E0,0.E0));
#5325=AXIS2_PLACEMENT_3D('',#5322,#5323,#5324);
#5327=DIRECTION('',(0.E0,0.E0,-1.E0));
#5328=VECTOR('',#5327,6.E-1);
#5329=CARTESIAN_POINT('',(-7.25E0,2.5E-1,-1.15E0));
#5330=LINE('',#5329,#5328);
#5331=DIRECTION('',(-1.E0,0.E0,0.E0));
#5332=VECTOR('',#5331,5.E-1);
#5333=CARTESIAN_POINT('',(-6.75E0,2.5E-1,4.E0));
#5334=LINE('',#5333,#5332);
#5335=DIRECTION('',(-1.E0,0.E0,0.E0));
#5336=VECTOR('',#5335,5.E-1);
#5337=CARTESIAN_POINT('',(-6.75E0,-2.5E-1,4.E0));
#5338=LINE('',#5337,#5336);
#5339=DIRECTION('',(-1.E0,0.E0,0.E0));
#5340=VECTOR('',#5339,5.E-1);
#5341=CARTESIAN_POINT('',(-6.75E0,-2.5E-1,-1.75E0));
#5342=LINE('',#5341,#5340);
#5343=DIRECTION('',(-1.E0,0.E0,0.E0));
#5344=VECTOR('',#5343,5.E-1);
#5345=CARTESIAN_POINT('',(-6.75E0,7.5E-1,-2.75E0));
#5346=LINE('',#5345,#5344);
#5347=DIRECTION('',(-1.E0,0.E0,0.E0));
#5348=VECTOR('',#5347,5.E-1);
#5349=CARTESIAN_POINT('',(-6.75E0,2.25E0,-2.75E0));
#5350=LINE('',#5349,#5348);
#5351=DIRECTION('',(-1.E0,0.E0,0.E0));
#5352=VECTOR('',#5351,5.E-1);
#5353=CARTESIAN_POINT('',(-6.75E0,2.25E0,-2.25E0));
#5354=LINE('',#5353,#5352);
#5355=DIRECTION('',(-1.E0,0.E0,0.E0));
#5356=VECTOR('',#5355,5.E-1);
#5357=CARTESIAN_POINT('',(-6.75E0,7.5E-1,-2.25E0));
#5358=LINE('',#5357,#5356);
#5359=DIRECTION('',(-1.E0,0.E0,0.E0));
#5360=VECTOR('',#5359,5.E-1);
#5361=CARTESIAN_POINT('',(-6.75E0,2.5E-1,-1.75E0));
#5362=LINE('',#5361,#5360);
#5363=DIRECTION('',(0.E0,0.E0,1.E0));
#5364=VECTOR('',#5363,4.E0);
#5365=CARTESIAN_POINT('',(-2.75E0,-2.5E-1,0.E0));
#5366=LINE('',#5365,#5364);
#5367=DIRECTION('',(0.E0,1.E0,0.E0));
#5368=VECTOR('',#5367,5.E-1);
#5369=CARTESIAN_POINT('',(-2.75E0,-2.5E-1,4.E0));
#5370=LINE('',#5369,#5368);
#5371=DIRECTION('',(0.E0,0.E0,-1.E0));
#5372=VECTOR('',#5371,4.E0);
#5373=CARTESIAN_POINT('',(-2.75E0,2.5E-1,4.E0));
#5374=LINE('',#5373,#5372);
#5375=DIRECTION('',(0.E0,0.E0,-1.E0));
#5376=VECTOR('',#5375,6.E-1);
#5377=CARTESIAN_POINT('',(-2.75E0,2.5E-1,-1.15E0));
#5378=LINE('',#5377,#5376);
#5379=CARTESIAN_POINT('',(-2.75E0,7.5E-1,-1.75E0));
#5380=DIRECTION('',(1.E0,0.E0,0.E0));
#5381=DIRECTION('',(0.E0,-1.E0,0.E0));
#5382=AXIS2_PLACEMENT_3D('',#5379,#5380,#5381);
#5384=DIRECTION('',(0.E0,1.E0,0.E0));
#5385=VECTOR('',#5384,1.5E0);
#5386=CARTESIAN_POINT('',(-2.75E0,7.5E-1,-2.25E0));
#5387=LINE('',#5386,#5385);
#5388=DIRECTION('',(0.E0,0.E0,-1.E0));
#5389=VECTOR('',#5388,5.E-1);
#5390=CARTESIAN_POINT('',(-2.75E0,2.25E0,-2.25E0));
#5391=LINE('',#5390,#5389);
#5392=DIRECTION('',(0.E0,-1.E0,0.E0));
#5393=VECTOR('',#5392,1.5E0);
#5394=CARTESIAN_POINT('',(-2.75E0,2.25E0,-2.75E0));
#5395=LINE('',#5394,#5393);
#5396=CARTESIAN_POINT('',(-2.75E0,7.5E-1,-1.75E0));
#5397=DIRECTION('',(-1.E0,0.E0,0.E0));
#5398=DIRECTION('',(0.E0,0.E0,-1.E0));
#5399=AXIS2_PLACEMENT_3D('',#5396,#5397,#5398);
#5401=DIRECTION('',(0.E0,0.E0,1.E0));
#5402=VECTOR('',#5401,6.E-1);
#5403=CARTESIAN_POINT('',(-2.75E0,-2.5E-1,-1.75E0));
#5404=LINE('',#5403,#5402);
#5405=DIRECTION('',(0.E0,0.E0,-1.E0));
#5406=VECTOR('',#5405,4.E0);
#5407=CARTESIAN_POINT('',(-3.25E0,2.5E-1,4.E0));
#5408=LINE('',#5407,#5406);
#5409=DIRECTION('',(0.E0,1.E0,0.E0));
#5410=VECTOR('',#5409,5.E-1);
#5411=CARTESIAN_POINT('',(-3.25E0,-2.5E-1,4.E0));
#5412=LINE('',#5411,#5410);
#5413=DIRECTION('',(0.E0,0.E0,1.E0));
#5414=VECTOR('',#5413,4.E0);
#5415=CARTESIAN_POINT('',(-3.25E0,-2.5E-1,0.E0));
#5416=LINE('',#5415,#5414);
#5417=DIRECTION('',(0.E0,0.E0,1.E0));
#5418=VECTOR('',#5417,6.E-1);
#5419=CARTESIAN_POINT('',(-3.25E0,-2.5E-1,-1.75E0));
#5420=LINE('',#5419,#5418);
#5421=CARTESIAN_POINT('',(-3.25E0,7.5E-1,-1.75E0));
#5422=DIRECTION('',(-1.E0,0.E0,0.E0));
#5423=DIRECTION('',(0.E0,0.E0,-1.E0));
#5424=AXIS2_PLACEMENT_3D('',#5421,#5422,#5423);
#5426=DIRECTION('',(0.E0,-1.E0,0.E0));
#5427=VECTOR('',#5426,1.5E0);
#5428=CARTESIAN_POINT('',(-3.25E0,2.25E0,-2.75E0));
#5429=LINE('',#5428,#5427);
#5430=DIRECTION('',(0.E0,0.E0,-1.E0));
#5431=VECTOR('',#5430,5.E-1);
#5432=CARTESIAN_POINT('',(-3.25E0,2.25E0,-2.25E0));
#5433=LINE('',#5432,#5431);
#5434=DIRECTION('',(0.E0,1.E0,0.E0));
#5435=VECTOR('',#5434,1.5E0);
#5436=CARTESIAN_POINT('',(-3.25E0,7.5E-1,-2.25E0));
#5437=LINE('',#5436,#5435);
#5438=CARTESIAN_POINT('',(-3.25E0,7.5E-1,-1.75E0));
#5439=DIRECTION('',(1.E0,0.E0,0.E0));
#5440=DIRECTION('',(0.E0,-1.E0,0.E0));
#5441=AXIS2_PLACEMENT_3D('',#5438,#5439,#5440);
#5443=DIRECTION('',(0.E0,0.E0,-1.E0));
#5444=VECTOR('',#5443,6.E-1);
#5445=CARTESIAN_POINT('',(-3.25E0,2.5E-1,-1.15E0));
#5446=LINE('',#5445,#5444);
#5447=DIRECTION('',(-1.E0,0.E0,0.E0));
#5448=VECTOR('',#5447,5.E-1);
#5449=CARTESIAN_POINT('',(-2.75E0,2.5E-1,4.E0));
#5450=LINE('',#5449,#5448);
#5451=DIRECTION('',(-1.E0,0.E0,0.E0));
#5452=VECTOR('',#5451,5.E-1);
#5453=CARTESIAN_POINT('',(-2.75E0,-2.5E-1,4.E0));
#5454=LINE('',#5453,#5452);
#5455=DIRECTION('',(-1.E0,0.E0,0.E0));
#5456=VECTOR('',#5455,5.E-1);
#5457=CARTESIAN_POINT('',(-2.75E0,-2.5E-1,-1.75E0));
#5458=LINE('',#5457,#5456);
#5459=DIRECTION('',(-1.E0,0.E0,0.E0));
#5460=VECTOR('',#5459,5.E-1);
#5461=CARTESIAN_POINT('',(-2.75E0,7.5E-1,-2.75E0));
#5462=LINE('',#5461,#5460);
#5463=DIRECTION('',(-1.E0,0.E0,0.E0));
#5464=VECTOR('',#5463,5.E-1);
#5465=CARTESIAN_POINT('',(-2.75E0,2.25E0,-2.75E0));
#5466=LINE('',#5465,#5464);
#5467=DIRECTION('',(-1.E0,0.E0,0.E0));
#5468=VECTOR('',#5467,5.E-1);
#5469=CARTESIAN_POINT('',(-2.75E0,2.25E0,-2.25E0));
#5470=LINE('',#5469,#5468);
#5471=DIRECTION('',(-1.E0,0.E0,0.E0));
#5472=VECTOR('',#5471,5.E-1);
#5473=CARTESIAN_POINT('',(-2.75E0,7.5E-1,-2.25E0));
#5474=LINE('',#5473,#5472);
#5475=DIRECTION('',(-1.E0,0.E0,0.E0));
#5476=VECTOR('',#5475,5.E-1);
#5477=CARTESIAN_POINT('',(-2.75E0,2.5E-1,-1.75E0));
#5478=LINE('',#5477,#5476);
#5479=DIRECTION('',(0.E0,0.E0,1.E0));
#5480=VECTOR('',#5479,4.E0);
#5481=CARTESIAN_POINT('',(1.25E0,-2.5E-1,0.E0));
#5482=LINE('',#5481,#5480);
#5483=DIRECTION('',(0.E0,1.E0,0.E0));
#5484=VECTOR('',#5483,5.E-1);
#5485=CARTESIAN_POINT('',(1.25E0,-2.5E-1,4.E0));
#5486=LINE('',#5485,#5484);
#5487=DIRECTION('',(0.E0,0.E0,-1.E0));
#5488=VECTOR('',#5487,4.E0);
#5489=CARTESIAN_POINT('',(1.25E0,2.5E-1,4.E0));
#5490=LINE('',#5489,#5488);
#5491=DIRECTION('',(0.E0,0.E0,-1.E0));
#5492=VECTOR('',#5491,6.E-1);
#5493=CARTESIAN_POINT('',(1.25E0,2.5E-1,-1.15E0));
#5494=LINE('',#5493,#5492);
#5495=CARTESIAN_POINT('',(1.25E0,7.5E-1,-1.75E0));
#5496=DIRECTION('',(1.E0,0.E0,0.E0));
#5497=DIRECTION('',(0.E0,-1.E0,0.E0));
#5498=AXIS2_PLACEMENT_3D('',#5495,#5496,#5497);
#5500=DIRECTION('',(0.E0,1.E0,0.E0));
#5501=VECTOR('',#5500,1.5E0);
#5502=CARTESIAN_POINT('',(1.25E0,7.5E-1,-2.25E0));
#5503=LINE('',#5502,#5501);
#5504=DIRECTION('',(0.E0,0.E0,-1.E0));
#5505=VECTOR('',#5504,5.E-1);
#5506=CARTESIAN_POINT('',(1.25E0,2.25E0,-2.25E0));
#5507=LINE('',#5506,#5505);
#5508=DIRECTION('',(0.E0,-1.E0,0.E0));
#5509=VECTOR('',#5508,1.5E0);
#5510=CARTESIAN_POINT('',(1.25E0,2.25E0,-2.75E0));
#5511=LINE('',#5510,#5509);
#5512=CARTESIAN_POINT('',(1.25E0,7.5E-1,-1.75E0));
#5513=DIRECTION('',(-1.E0,0.E0,0.E0));
#5514=DIRECTION('',(0.E0,0.E0,-1.E0));
#5515=AXIS2_PLACEMENT_3D('',#5512,#5513,#5514);
#5517=DIRECTION('',(0.E0,0.E0,1.E0));
#5518=VECTOR('',#5517,6.E-1);
#5519=CARTESIAN_POINT('',(1.25E0,-2.5E-1,-1.75E0));
#5520=LINE('',#5519,#5518);
#5521=DIRECTION('',(0.E0,0.E0,-1.E0));
#5522=VECTOR('',#5521,4.E0);
#5523=CARTESIAN_POINT('',(7.5E-1,2.5E-1,4.E0));
#5524=LINE('',#5523,#5522);
#5525=DIRECTION('',(0.E0,1.E0,0.E0));
#5526=VECTOR('',#5525,5.E-1);
#5527=CARTESIAN_POINT('',(7.5E-1,-2.5E-1,4.E0));
#5528=LINE('',#5527,#5526);
#5529=DIRECTION('',(0.E0,0.E0,1.E0));
#5530=VECTOR('',#5529,4.E0);
#5531=CARTESIAN_POINT('',(7.5E-1,-2.5E-1,0.E0));
#5532=LINE('',#5531,#5530);
#5533=DIRECTION('',(0.E0,0.E0,1.E0));
#5534=VECTOR('',#5533,6.E-1);
#5535=CARTESIAN_POINT('',(7.5E-1,-2.5E-1,-1.75E0));
#5536=LINE('',#5535,#5534);
#5537=CARTESIAN_POINT('',(7.5E-1,7.5E-1,-1.75E0));
#5538=DIRECTION('',(-1.E0,0.E0,0.E0));
#5539=DIRECTION('',(0.E0,0.E0,-1.E0));
#5540=AXIS2_PLACEMENT_3D('',#5537,#5538,#5539);
#5542=DIRECTION('',(0.E0,-1.E0,0.E0));
#5543=VECTOR('',#5542,1.5E0);
#5544=CARTESIAN_POINT('',(7.5E-1,2.25E0,-2.75E0));
#5545=LINE('',#5544,#5543);
#5546=DIRECTION('',(0.E0,0.E0,-1.E0));
#5547=VECTOR('',#5546,5.E-1);
#5548=CARTESIAN_POINT('',(7.5E-1,2.25E0,-2.25E0));
#5549=LINE('',#5548,#5547);
#5550=DIRECTION('',(0.E0,1.E0,0.E0));
#5551=VECTOR('',#5550,1.5E0);
#5552=CARTESIAN_POINT('',(7.5E-1,7.5E-1,-2.25E0));
#5553=LINE('',#5552,#5551);
#5554=CARTESIAN_POINT('',(7.5E-1,7.5E-1,-1.75E0));
#5555=DIRECTION('',(1.E0,0.E0,0.E0));
#5556=DIRECTION('',(0.E0,-1.E0,0.E0));
#5557=AXIS2_PLACEMENT_3D('',#5554,#5555,#5556);
#5559=DIRECTION('',(0.E0,0.E0,-1.E0));
#5560=VECTOR('',#5559,6.E-1);
#5561=CARTESIAN_POINT('',(7.5E-1,2.5E-1,-1.15E0));
#5562=LINE('',#5561,#5560);
#5563=DIRECTION('',(-1.E0,0.E0,0.E0));
#5564=VECTOR('',#5563,5.E-1);
#5565=CARTESIAN_POINT('',(1.25E0,2.5E-1,4.E0));
#5566=LINE('',#5565,#5564);
#5567=DIRECTION('',(-1.E0,0.E0,0.E0));
#5568=VECTOR('',#5567,5.E-1);
#5569=CARTESIAN_POINT('',(1.25E0,-2.5E-1,4.E0));
#5570=LINE('',#5569,#5568);
#5571=DIRECTION('',(-1.E0,0.E0,0.E0));
#5572=VECTOR('',#5571,5.E-1);
#5573=CARTESIAN_POINT('',(1.25E0,-2.5E-1,-1.75E0));
#5574=LINE('',#5573,#5572);
#5575=DIRECTION('',(-1.E0,0.E0,0.E0));
#5576=VECTOR('',#5575,5.E-1);
#5577=CARTESIAN_POINT('',(1.25E0,7.5E-1,-2.75E0));
#5578=LINE('',#5577,#5576);
#5579=DIRECTION('',(-1.E0,0.E0,0.E0));
#5580=VECTOR('',#5579,5.E-1);
#5581=CARTESIAN_POINT('',(1.25E0,2.25E0,-2.75E0));
#5582=LINE('',#5581,#5580);
#5583=DIRECTION('',(-1.E0,0.E0,0.E0));
#5584=VECTOR('',#5583,5.E-1);
#5585=CARTESIAN_POINT('',(1.25E0,2.25E0,-2.25E0));
#5586=LINE('',#5585,#5584);
#5587=DIRECTION('',(-1.E0,0.E0,0.E0));
#5588=VECTOR('',#5587,5.E-1);
#5589=CARTESIAN_POINT('',(1.25E0,7.5E-1,-2.25E0));
#5590=LINE('',#5589,#5588);
#5591=DIRECTION('',(-1.E0,0.E0,0.E0));
#5592=VECTOR('',#5591,5.E-1);
#5593=CARTESIAN_POINT('',(1.25E0,2.5E-1,-1.75E0));
#5594=LINE('',#5593,#5592);
#5595=DIRECTION('',(0.E0,0.E0,1.E0));
#5596=VECTOR('',#5595,4.E0);
#5597=CARTESIAN_POINT('',(5.25E0,-2.5E-1,0.E0));
#5598=LINE('',#5597,#5596);
#5599=DIRECTION('',(0.E0,1.E0,0.E0));
#5600=VECTOR('',#5599,5.E-1);
#5601=CARTESIAN_POINT('',(5.25E0,-2.5E-1,4.E0));
#5602=LINE('',#5601,#5600);
#5603=DIRECTION('',(0.E0,0.E0,-1.E0));
#5604=VECTOR('',#5603,4.E0);
#5605=CARTESIAN_POINT('',(5.25E0,2.5E-1,4.E0));
#5606=LINE('',#5605,#5604);
#5607=DIRECTION('',(0.E0,0.E0,-1.E0));
#5608=VECTOR('',#5607,6.E-1);
#5609=CARTESIAN_POINT('',(5.25E0,2.5E-1,-1.15E0));
#5610=LINE('',#5609,#5608);
#5611=CARTESIAN_POINT('',(5.25E0,7.5E-1,-1.75E0));
#5612=DIRECTION('',(1.E0,0.E0,0.E0));
#5613=DIRECTION('',(0.E0,-1.E0,0.E0));
#5614=AXIS2_PLACEMENT_3D('',#5611,#5612,#5613);
#5616=DIRECTION('',(0.E0,1.E0,0.E0));
#5617=VECTOR('',#5616,1.5E0);
#5618=CARTESIAN_POINT('',(5.25E0,7.5E-1,-2.25E0));
#5619=LINE('',#5618,#5617);
#5620=DIRECTION('',(0.E0,0.E0,-1.E0));
#5621=VECTOR('',#5620,5.E-1);
#5622=CARTESIAN_POINT('',(5.25E0,2.25E0,-2.25E0));
#5623=LINE('',#5622,#5621);
#5624=DIRECTION('',(0.E0,-1.E0,0.E0));
#5625=VECTOR('',#5624,1.5E0);
#5626=CARTESIAN_POINT('',(5.25E0,2.25E0,-2.75E0));
#5627=LINE('',#5626,#5625);
#5628=CARTESIAN_POINT('',(5.25E0,7.5E-1,-1.75E0));
#5629=DIRECTION('',(-1.E0,0.E0,0.E0));
#5630=DIRECTION('',(0.E0,0.E0,-1.E0));
#5631=AXIS2_PLACEMENT_3D('',#5628,#5629,#5630);
#5633=DIRECTION('',(0.E0,0.E0,1.E0));
#5634=VECTOR('',#5633,6.E-1);
#5635=CARTESIAN_POINT('',(5.25E0,-2.5E-1,-1.75E0));
#5636=LINE('',#5635,#5634);
#5637=DIRECTION('',(0.E0,0.E0,-1.E0));
#5638=VECTOR('',#5637,4.E0);
#5639=CARTESIAN_POINT('',(4.75E0,2.5E-1,4.E0));
#5640=LINE('',#5639,#5638);
#5641=DIRECTION('',(0.E0,1.E0,0.E0));
#5642=VECTOR('',#5641,5.E-1);
#5643=CARTESIAN_POINT('',(4.75E0,-2.5E-1,4.E0));
#5644=LINE('',#5643,#5642);
#5645=DIRECTION('',(0.E0,0.E0,1.E0));
#5646=VECTOR('',#5645,4.E0);
#5647=CARTESIAN_POINT('',(4.75E0,-2.5E-1,0.E0));
#5648=LINE('',#5647,#5646);
#5649=DIRECTION('',(0.E0,0.E0,1.E0));
#5650=VECTOR('',#5649,6.E-1);
#5651=CARTESIAN_POINT('',(4.75E0,-2.5E-1,-1.75E0));
#5652=LINE('',#5651,#5650);
#5653=CARTESIAN_POINT('',(4.75E0,7.5E-1,-1.75E0));
#5654=DIRECTION('',(-1.E0,0.E0,0.E0));
#5655=DIRECTION('',(0.E0,0.E0,-1.E0));
#5656=AXIS2_PLACEMENT_3D('',#5653,#5654,#5655);
#5658=DIRECTION('',(0.E0,-1.E0,0.E0));
#5659=VECTOR('',#5658,1.5E0);
#5660=CARTESIAN_POINT('',(4.75E0,2.25E0,-2.75E0));
#5661=LINE('',#5660,#5659);
#5662=DIRECTION('',(0.E0,0.E0,-1.E0));
#5663=VECTOR('',#5662,5.E-1);
#5664=CARTESIAN_POINT('',(4.75E0,2.25E0,-2.25E0));
#5665=LINE('',#5664,#5663);
#5666=DIRECTION('',(0.E0,1.E0,0.E0));
#5667=VECTOR('',#5666,1.5E0);
#5668=CARTESIAN_POINT('',(4.75E0,7.5E-1,-2.25E0));
#5669=LINE('',#5668,#5667);
#5670=CARTESIAN_POINT('',(4.75E0,7.5E-1,-1.75E0));
#5671=DIRECTION('',(1.E0,0.E0,0.E0));
#5672=DIRECTION('',(0.E0,-1.E0,0.E0));
#5673=AXIS2_PLACEMENT_3D('',#5670,#5671,#5672);
#5675=DIRECTION('',(0.E0,0.E0,-1.E0));
#5676=VECTOR('',#5675,6.E-1);
#5677=CARTESIAN_POINT('',(4.75E0,2.5E-1,-1.15E0));
#5678=LINE('',#5677,#5676);
#5679=DIRECTION('',(-1.E0,0.E0,0.E0));
#5680=VECTOR('',#5679,5.E-1);
#5681=CARTESIAN_POINT('',(5.25E0,2.5E-1,4.E0));
#5682=LINE('',#5681,#5680);
#5683=DIRECTION('',(-1.E0,0.E0,0.E0));
#5684=VECTOR('',#5683,5.E-1);
#5685=CARTESIAN_POINT('',(5.25E0,-2.5E-1,4.E0));
#5686=LINE('',#5685,#5684);
#5687=DIRECTION('',(-1.E0,0.E0,0.E0));
#5688=VECTOR('',#5687,5.E-1);
#5689=CARTESIAN_POINT('',(5.25E0,-2.5E-1,-1.75E0));
#5690=LINE('',#5689,#5688);
#5691=DIRECTION('',(-1.E0,0.E0,0.E0));
#5692=VECTOR('',#5691,5.E-1);
#5693=CARTESIAN_POINT('',(5.25E0,7.5E-1,-2.75E0));
#5694=LINE('',#5693,#5692);
#5695=DIRECTION('',(-1.E0,0.E0,0.E0));
#5696=VECTOR('',#5695,5.E-1);
#5697=CARTESIAN_POINT('',(5.25E0,2.25E0,-2.75E0));
#5698=LINE('',#5697,#5696);
#5699=DIRECTION('',(-1.E0,0.E0,0.E0));
#5700=VECTOR('',#5699,5.E-1);
#5701=CARTESIAN_POINT('',(5.25E0,2.25E0,-2.25E0));
#5702=LINE('',#5701,#5700);
#5703=DIRECTION('',(-1.E0,0.E0,0.E0));
#5704=VECTOR('',#5703,5.E-1);
#5705=CARTESIAN_POINT('',(5.25E0,7.5E-1,-2.25E0));
#5706=LINE('',#5705,#5704);
#5707=DIRECTION('',(-1.E0,0.E0,0.E0));
#5708=VECTOR('',#5707,5.E-1);
#5709=CARTESIAN_POINT('',(5.25E0,2.5E-1,-1.75E0));
#5710=LINE('',#5709,#5708);
#5711=DIRECTION('',(0.E0,0.E0,1.E0));
#5712=VECTOR('',#5711,4.E0);
#5713=CARTESIAN_POINT('',(9.25E0,-2.5E-1,0.E0));
#5714=LINE('',#5713,#5712);
#5715=DIRECTION('',(0.E0,1.E0,0.E0));
#5716=VECTOR('',#5715,5.E-1);
#5717=CARTESIAN_POINT('',(9.25E0,-2.5E-1,4.E0));
#5718=LINE('',#5717,#5716);
#5719=DIRECTION('',(0.E0,0.E0,-1.E0));
#5720=VECTOR('',#5719,4.E0);
#5721=CARTESIAN_POINT('',(9.25E0,2.5E-1,4.E0));
#5722=LINE('',#5721,#5720);
#5723=DIRECTION('',(0.E0,0.E0,-1.E0));
#5724=VECTOR('',#5723,6.E-1);
#5725=CARTESIAN_POINT('',(9.25E0,2.5E-1,-1.15E0));
#5726=LINE('',#5725,#5724);
#5727=CARTESIAN_POINT('',(9.25E0,7.5E-1,-1.75E0));
#5728=DIRECTION('',(1.E0,0.E0,0.E0));
#5729=DIRECTION('',(0.E0,-1.E0,0.E0));
#5730=AXIS2_PLACEMENT_3D('',#5727,#5728,#5729);
#5732=DIRECTION('',(0.E0,1.E0,0.E0));
#5733=VECTOR('',#5732,1.5E0);
#5734=CARTESIAN_POINT('',(9.25E0,7.5E-1,-2.25E0));
#5735=LINE('',#5734,#5733);
#5736=DIRECTION('',(0.E0,0.E0,-1.E0));
#5737=VECTOR('',#5736,5.E-1);
#5738=CARTESIAN_POINT('',(9.25E0,2.25E0,-2.25E0));
#5739=LINE('',#5738,#5737);
#5740=DIRECTION('',(0.E0,-1.E0,0.E0));
#5741=VECTOR('',#5740,1.5E0);
#5742=CARTESIAN_POINT('',(9.25E0,2.25E0,-2.75E0));
#5743=LINE('',#5742,#5741);
#5744=CARTESIAN_POINT('',(9.25E0,7.5E-1,-1.75E0));
#5745=DIRECTION('',(-1.E0,0.E0,0.E0));
#5746=DIRECTION('',(0.E0,0.E0,-1.E0));
#5747=AXIS2_PLACEMENT_3D('',#5744,#5745,#5746);
#5749=DIRECTION('',(0.E0,0.E0,1.E0));
#5750=VECTOR('',#5749,6.E-1);
#5751=CARTESIAN_POINT('',(9.25E0,-2.5E-1,-1.75E0));
#5752=LINE('',#5751,#5750);
#5753=DIRECTION('',(0.E0,0.E0,-1.E0));
#5754=VECTOR('',#5753,4.E0);
#5755=CARTESIAN_POINT('',(8.75E0,2.5E-1,4.E0));
#5756=LINE('',#5755,#5754);
#5757=DIRECTION('',(0.E0,1.E0,0.E0));
#5758=VECTOR('',#5757,5.E-1);
#5759=CARTESIAN_POINT('',(8.75E0,-2.5E-1,4.E0));
#5760=LINE('',#5759,#5758);
#5761=DIRECTION('',(0.E0,0.E0,1.E0));
#5762=VECTOR('',#5761,4.E0);
#5763=CARTESIAN_POINT('',(8.75E0,-2.5E-1,0.E0));
#5764=LINE('',#5763,#5762);
#5765=DIRECTION('',(0.E0,0.E0,1.E0));
#5766=VECTOR('',#5765,6.E-1);
#5767=CARTESIAN_POINT('',(8.75E0,-2.5E-1,-1.75E0));
#5768=LINE('',#5767,#5766);
#5769=CARTESIAN_POINT('',(8.75E0,7.5E-1,-1.75E0));
#5770=DIRECTION('',(-1.E0,0.E0,0.E0));
#5771=DIRECTION('',(0.E0,0.E0,-1.E0));
#5772=AXIS2_PLACEMENT_3D('',#5769,#5770,#5771);
#5774=DIRECTION('',(0.E0,-1.E0,0.E0));
#5775=VECTOR('',#5774,1.5E0);
#5776=CARTESIAN_POINT('',(8.75E0,2.25E0,-2.75E0));
#5777=LINE('',#5776,#5775);
#5778=DIRECTION('',(0.E0,0.E0,-1.E0));
#5779=VECTOR('',#5778,5.E-1);
#5780=CARTESIAN_POINT('',(8.75E0,2.25E0,-2.25E0));
#5781=LINE('',#5780,#5779);
#5782=DIRECTION('',(0.E0,1.E0,0.E0));
#5783=VECTOR('',#5782,1.5E0);
#5784=CARTESIAN_POINT('',(8.75E0,7.5E-1,-2.25E0));
#5785=LINE('',#5784,#5783);
#5786=CARTESIAN_POINT('',(8.75E0,7.5E-1,-1.75E0));
#5787=DIRECTION('',(1.E0,0.E0,0.E0));
#5788=DIRECTION('',(0.E0,-1.E0,0.E0));
#5789=AXIS2_PLACEMENT_3D('',#5786,#5787,#5788);
#5791=DIRECTION('',(0.E0,0.E0,-1.E0));
#5792=VECTOR('',#5791,6.E-1);
#5793=CARTESIAN_POINT('',(8.75E0,2.5E-1,-1.15E0));
#5794=LINE('',#5793,#5792);
#5795=DIRECTION('',(-1.E0,0.E0,0.E0));
#5796=VECTOR('',#5795,5.E-1);
#5797=CARTESIAN_POINT('',(9.25E0,2.5E-1,4.E0));
#5798=LINE('',#5797,#5796);
#5799=DIRECTION('',(-1.E0,0.E0,0.E0));
#5800=VECTOR('',#5799,5.E-1);
#5801=CARTESIAN_POINT('',(9.25E0,-2.5E-1,4.E0));
#5802=LINE('',#5801,#5800);
#5803=DIRECTION('',(-1.E0,0.E0,0.E0));
#5804=VECTOR('',#5803,5.E-1);
#5805=CARTESIAN_POINT('',(9.25E0,-2.5E-1,-1.75E0));
#5806=LINE('',#5805,#5804);
#5807=DIRECTION('',(-1.E0,0.E0,0.E0));
#5808=VECTOR('',#5807,5.E-1);
#5809=CARTESIAN_POINT('',(9.25E0,7.5E-1,-2.75E0));
#5810=LINE('',#5809,#5808);
#5811=DIRECTION('',(-1.E0,0.E0,0.E0));
#5812=VECTOR('',#5811,5.E-1);
#5813=CARTESIAN_POINT('',(9.25E0,2.25E0,-2.75E0));
#5814=LINE('',#5813,#5812);
#5815=DIRECTION('',(-1.E0,0.E0,0.E0));
#5816=VECTOR('',#5815,5.E-1);
#5817=CARTESIAN_POINT('',(9.25E0,2.25E0,-2.25E0));
#5818=LINE('',#5817,#5816);
#5819=DIRECTION('',(-1.E0,0.E0,0.E0));
#5820=VECTOR('',#5819,5.E-1);
#5821=CARTESIAN_POINT('',(9.25E0,7.5E-1,-2.25E0));
#5822=LINE('',#5821,#5820);
#5823=DIRECTION('',(-1.E0,0.E0,0.E0));
#5824=VECTOR('',#5823,5.E-1);
#5825=CARTESIAN_POINT('',(9.25E0,2.5E-1,-1.75E0));
#5826=LINE('',#5825,#5824);
#5827=DIRECTION('',(0.E0,0.E0,1.E0));
#5828=VECTOR('',#5827,4.E0);
#5829=CARTESIAN_POINT('',(1.325E1,-2.5E-1,0.E0));
#5830=LINE('',#5829,#5828);
#5831=DIRECTION('',(0.E0,1.E0,0.E0));
#5832=VECTOR('',#5831,5.E-1);
#5833=CARTESIAN_POINT('',(1.325E1,-2.5E-1,4.E0));
#5834=LINE('',#5833,#5832);
#5835=DIRECTION('',(0.E0,0.E0,-1.E0));
#5836=VECTOR('',#5835,4.E0);
#5837=CARTESIAN_POINT('',(1.325E1,2.5E-1,4.E0));
#5838=LINE('',#5837,#5836);
#5839=DIRECTION('',(0.E0,0.E0,-1.E0));
#5840=VECTOR('',#5839,6.E-1);
#5841=CARTESIAN_POINT('',(1.325E1,2.5E-1,-1.15E0));
#5842=LINE('',#5841,#5840);
#5843=CARTESIAN_POINT('',(1.325E1,7.5E-1,-1.75E0));
#5844=DIRECTION('',(1.E0,0.E0,0.E0));
#5845=DIRECTION('',(0.E0,-1.E0,0.E0));
#5846=AXIS2_PLACEMENT_3D('',#5843,#5844,#5845);
#5848=DIRECTION('',(0.E0,1.E0,0.E0));
#5849=VECTOR('',#5848,1.5E0);
#5850=CARTESIAN_POINT('',(1.325E1,7.5E-1,-2.25E0));
#5851=LINE('',#5850,#5849);
#5852=DIRECTION('',(0.E0,0.E0,-1.E0));
#5853=VECTOR('',#5852,5.E-1);
#5854=CARTESIAN_POINT('',(1.325E1,2.25E0,-2.25E0));
#5855=LINE('',#5854,#5853);
#5856=DIRECTION('',(0.E0,-1.E0,0.E0));
#5857=VECTOR('',#5856,1.5E0);
#5858=CARTESIAN_POINT('',(1.325E1,2.25E0,-2.75E0));
#5859=LINE('',#5858,#5857);
#5860=CARTESIAN_POINT('',(1.325E1,7.5E-1,-1.75E0));
#5861=DIRECTION('',(-1.E0,0.E0,0.E0));
#5862=DIRECTION('',(0.E0,0.E0,-1.E0));
#5863=AXIS2_PLACEMENT_3D('',#5860,#5861,#5862);
#5865=DIRECTION('',(0.E0,0.E0,1.E0));
#5866=VECTOR('',#5865,6.E-1);
#5867=CARTESIAN_POINT('',(1.325E1,-2.5E-1,-1.75E0));
#5868=LINE('',#5867,#5866);
#5869=DIRECTION('',(0.E0,0.E0,-1.E0));
#5870=VECTOR('',#5869,4.E0);
#5871=CARTESIAN_POINT('',(1.275E1,2.5E-1,4.E0));
#5872=LINE('',#5871,#5870);
#5873=DIRECTION('',(0.E0,1.E0,0.E0));
#5874=VECTOR('',#5873,5.E-1);
#5875=CARTESIAN_POINT('',(1.275E1,-2.5E-1,4.E0));
#5876=LINE('',#5875,#5874);
#5877=DIRECTION('',(0.E0,0.E0,1.E0));
#5878=VECTOR('',#5877,4.E0);
#5879=CARTESIAN_POINT('',(1.275E1,-2.5E-1,0.E0));
#5880=LINE('',#5879,#5878);
#5881=DIRECTION('',(0.E0,0.E0,1.E0));
#5882=VECTOR('',#5881,6.E-1);
#5883=CARTESIAN_POINT('',(1.275E1,-2.5E-1,-1.75E0));
#5884=LINE('',#5883,#5882);
#5885=CARTESIAN_POINT('',(1.275E1,7.5E-1,-1.75E0));
#5886=DIRECTION('',(-1.E0,0.E0,0.E0));
#5887=DIRECTION('',(0.E0,0.E0,-1.E0));
#5888=AXIS2_PLACEMENT_3D('',#5885,#5886,#5887);
#5890=DIRECTION('',(0.E0,-1.E0,0.E0));
#5891=VECTOR('',#5890,1.5E0);
#5892=CARTESIAN_POINT('',(1.275E1,2.25E0,-2.75E0));
#5893=LINE('',#5892,#5891);
#5894=DIRECTION('',(0.E0,0.E0,-1.E0));
#5895=VECTOR('',#5894,5.E-1);
#5896=CARTESIAN_POINT('',(1.275E1,2.25E0,-2.25E0));
#5897=LINE('',#5896,#5895);
#5898=DIRECTION('',(0.E0,1.E0,0.E0));
#5899=VECTOR('',#5898,1.5E0);
#5900=CARTESIAN_POINT('',(1.275E1,7.5E-1,-2.25E0));
#5901=LINE('',#5900,#5899);
#5902=CARTESIAN_POINT('',(1.275E1,7.5E-1,-1.75E0));
#5903=DIRECTION('',(1.E0,0.E0,0.E0));
#5904=DIRECTION('',(0.E0,-1.E0,0.E0));
#5905=AXIS2_PLACEMENT_3D('',#5902,#5903,#5904);
#5907=DIRECTION('',(0.E0,0.E0,-1.E0));
#5908=VECTOR('',#5907,6.E-1);
#5909=CARTESIAN_POINT('',(1.275E1,2.5E-1,-1.15E0));
#5910=LINE('',#5909,#5908);
#5911=DIRECTION('',(-1.E0,0.E0,0.E0));
#5912=VECTOR('',#5911,5.E-1);
#5913=CARTESIAN_POINT('',(1.325E1,2.5E-1,4.E0));
#5914=LINE('',#5913,#5912);
#5915=DIRECTION('',(-1.E0,0.E0,0.E0));
#5916=VECTOR('',#5915,5.E-1);
#5917=CARTESIAN_POINT('',(1.325E1,-2.5E-1,4.E0));
#5918=LINE('',#5917,#5916);
#5919=DIRECTION('',(-1.E0,0.E0,0.E0));
#5920=VECTOR('',#5919,5.E-1);
#5921=CARTESIAN_POINT('',(1.325E1,-2.5E-1,-1.75E0));
#5922=LINE('',#5921,#5920);
#5923=DIRECTION('',(-1.E0,0.E0,0.E0));
#5924=VECTOR('',#5923,5.E-1);
#5925=CARTESIAN_POINT('',(1.325E1,7.5E-1,-2.75E0));
#5926=LINE('',#5925,#5924);
#5927=DIRECTION('',(-1.E0,0.E0,0.E0));
#5928=VECTOR('',#5927,5.E-1);
#5929=CARTESIAN_POINT('',(1.325E1,2.25E0,-2.75E0));
#5930=LINE('',#5929,#5928);
#5931=DIRECTION('',(-1.E0,0.E0,0.E0));
#5932=VECTOR('',#5931,5.E-1);
#5933=CARTESIAN_POINT('',(1.325E1,2.25E0,-2.25E0));
#5934=LINE('',#5933,#5932);
#5935=DIRECTION('',(-1.E0,0.E0,0.E0));
#5936=VECTOR('',#5935,5.E-1);
#5937=CARTESIAN_POINT('',(1.325E1,7.5E-1,-2.25E0));
#5938=LINE('',#5937,#5936);
#5939=DIRECTION('',(-1.E0,0.E0,0.E0));
#5940=VECTOR('',#5939,5.E-1);
#5941=CARTESIAN_POINT('',(1.325E1,2.5E-1,-1.75E0));
#5942=LINE('',#5941,#5940);
#5943=DIRECTION('',(0.E0,0.E0,1.E0));
#5944=VECTOR('',#5943,4.E0);
#5945=CARTESIAN_POINT('',(1.725E1,-2.5E-1,0.E0));
#5946=LINE('',#5945,#5944);
#5947=DIRECTION('',(0.E0,1.E0,0.E0));
#5948=VECTOR('',#5947,5.E-1);
#5949=CARTESIAN_POINT('',(1.725E1,-2.5E-1,4.E0));
#5950=LINE('',#5949,#5948);
#5951=DIRECTION('',(0.E0,0.E0,-1.E0));
#5952=VECTOR('',#5951,4.E0);
#5953=CARTESIAN_POINT('',(1.725E1,2.5E-1,4.E0));
#5954=LINE('',#5953,#5952);
#5955=DIRECTION('',(0.E0,0.E0,-1.E0));
#5956=VECTOR('',#5955,6.E-1);
#5957=CARTESIAN_POINT('',(1.725E1,2.5E-1,-1.15E0));
#5958=LINE('',#5957,#5956);
#5959=CARTESIAN_POINT('',(1.725E1,7.5E-1,-1.75E0));
#5960=DIRECTION('',(1.E0,0.E0,0.E0));
#5961=DIRECTION('',(0.E0,-1.E0,0.E0));
#5962=AXIS2_PLACEMENT_3D('',#5959,#5960,#5961);
#5964=DIRECTION('',(0.E0,1.E0,0.E0));
#5965=VECTOR('',#5964,1.5E0);
#5966=CARTESIAN_POINT('',(1.725E1,7.5E-1,-2.25E0));
#5967=LINE('',#5966,#5965);
#5968=DIRECTION('',(0.E0,0.E0,-1.E0));
#5969=VECTOR('',#5968,5.E-1);
#5970=CARTESIAN_POINT('',(1.725E1,2.25E0,-2.25E0));
#5971=LINE('',#5970,#5969);
#5972=DIRECTION('',(0.E0,-1.E0,0.E0));
#5973=VECTOR('',#5972,1.5E0);
#5974=CARTESIAN_POINT('',(1.725E1,2.25E0,-2.75E0));
#5975=LINE('',#5974,#5973);
#5976=CARTESIAN_POINT('',(1.725E1,7.5E-1,-1.75E0));
#5977=DIRECTION('',(-1.E0,0.E0,0.E0));
#5978=DIRECTION('',(0.E0,0.E0,-1.E0));
#5979=AXIS2_PLACEMENT_3D('',#5976,#5977,#5978);
#5981=DIRECTION('',(0.E0,0.E0,1.E0));
#5982=VECTOR('',#5981,6.E-1);
#5983=CARTESIAN_POINT('',(1.725E1,-2.5E-1,-1.75E0));
#5984=LINE('',#5983,#5982);
#5985=DIRECTION('',(0.E0,0.E0,-1.E0));
#5986=VECTOR('',#5985,4.E0);
#5987=CARTESIAN_POINT('',(1.675E1,2.5E-1,4.E0));
#5988=LINE('',#5987,#5986);
#5989=DIRECTION('',(0.E0,1.E0,0.E0));
#5990=VECTOR('',#5989,5.E-1);
#5991=CARTESIAN_POINT('',(1.675E1,-2.5E-1,4.E0));
#5992=LINE('',#5991,#5990);
#5993=DIRECTION('',(0.E0,0.E0,1.E0));
#5994=VECTOR('',#5993,4.E0);
#5995=CARTESIAN_POINT('',(1.675E1,-2.5E-1,0.E0));
#5996=LINE('',#5995,#5994);
#5997=DIRECTION('',(0.E0,0.E0,1.E0));
#5998=VECTOR('',#5997,6.E-1);
#5999=CARTESIAN_POINT('',(1.675E1,-2.5E-1,-1.75E0));
#6000=LINE('',#5999,#5998);
#6001=CARTESIAN_POINT('',(1.675E1,7.5E-1,-1.75E0));
#6002=DIRECTION('',(-1.E0,0.E0,0.E0));
#6003=DIRECTION('',(0.E0,0.E0,-1.E0));
#6004=AXIS2_PLACEMENT_3D('',#6001,#6002,#6003);
#6006=DIRECTION('',(0.E0,-1.E0,0.E0));
#6007=VECTOR('',#6006,1.5E0);
#6008=CARTESIAN_POINT('',(1.675E1,2.25E0,-2.75E0));
#6009=LINE('',#6008,#6007);
#6010=DIRECTION('',(0.E0,0.E0,-1.E0));
#6011=VECTOR('',#6010,5.E-1);
#6012=CARTESIAN_POINT('',(1.675E1,2.25E0,-2.25E0));
#6013=LINE('',#6012,#6011);
#6014=DIRECTION('',(0.E0,1.E0,0.E0));
#6015=VECTOR('',#6014,1.5E0);
#6016=CARTESIAN_POINT('',(1.675E1,7.5E-1,-2.25E0));
#6017=LINE('',#6016,#6015);
#6018=CARTESIAN_POINT('',(1.675E1,7.5E-1,-1.75E0));
#6019=DIRECTION('',(1.E0,0.E0,0.E0));
#6020=DIRECTION('',(0.E0,-1.E0,0.E0));
#6021=AXIS2_PLACEMENT_3D('',#6018,#6019,#6020);
#6023=DIRECTION('',(0.E0,0.E0,-1.E0));
#6024=VECTOR('',#6023,6.E-1);
#6025=CARTESIAN_POINT('',(1.675E1,2.5E-1,-1.15E0));
#6026=LINE('',#6025,#6024);
#6027=DIRECTION('',(-1.E0,0.E0,0.E0));
#6028=VECTOR('',#6027,5.E-1);
#6029=CARTESIAN_POINT('',(1.725E1,2.5E-1,4.E0));
#6030=LINE('',#6029,#6028);
#6031=DIRECTION('',(-1.E0,0.E0,0.E0));
#6032=VECTOR('',#6031,5.E-1);
#6033=CARTESIAN_POINT('',(1.725E1,-2.5E-1,4.E0));
#6034=LINE('',#6033,#6032);
#6035=DIRECTION('',(-1.E0,0.E0,0.E0));
#6036=VECTOR('',#6035,5.E-1);
#6037=CARTESIAN_POINT('',(1.725E1,-2.5E-1,-1.75E0));
#6038=LINE('',#6037,#6036);
#6039=DIRECTION('',(-1.E0,0.E0,0.E0));
#6040=VECTOR('',#6039,5.E-1);
#6041=CARTESIAN_POINT('',(1.725E1,7.5E-1,-2.75E0));
#6042=LINE('',#6041,#6040);
#6043=DIRECTION('',(-1.E0,0.E0,0.E0));
#6044=VECTOR('',#6043,5.E-1);
#6045=CARTESIAN_POINT('',(1.725E1,2.25E0,-2.75E0));
#6046=LINE('',#6045,#6044);
#6047=DIRECTION('',(-1.E0,0.E0,0.E0));
#6048=VECTOR('',#6047,5.E-1);
#6049=CARTESIAN_POINT('',(1.725E1,2.25E0,-2.25E0));
#6050=LINE('',#6049,#6048);
#6051=DIRECTION('',(-1.E0,0.E0,0.E0));
#6052=VECTOR('',#6051,5.E-1);
#6053=CARTESIAN_POINT('',(1.725E1,7.5E-1,-2.25E0));
#6054=LINE('',#6053,#6052);
#6055=DIRECTION('',(-1.E0,0.E0,0.E0));
#6056=VECTOR('',#6055,5.E-1);
#6057=CARTESIAN_POINT('',(1.725E1,2.5E-1,-1.75E0));
#6058=LINE('',#6057,#6056);
#6059=DIRECTION('',(0.E0,0.E0,1.E0));
#6060=VECTOR('',#6059,4.E0);
#6061=CARTESIAN_POINT('',(-1.675E1,-2.5E-1,0.E0));
#6062=LINE('',#6061,#6060);
#6063=DIRECTION('',(0.E0,1.E0,0.E0));
#6064=VECTOR('',#6063,5.E-1);
#6065=CARTESIAN_POINT('',(-1.675E1,-2.5E-1,4.E0));
#6066=LINE('',#6065,#6064);
#6067=DIRECTION('',(0.E0,0.E0,-1.E0));
#6068=VECTOR('',#6067,4.E0);
#6069=CARTESIAN_POINT('',(-1.675E1,2.5E-1,4.E0));
#6070=LINE('',#6069,#6068);
#6071=DIRECTION('',(0.E0,0.E0,-1.E0));
#6072=VECTOR('',#6071,6.E-1);
#6073=CARTESIAN_POINT('',(-1.675E1,2.5E-1,-1.15E0));
#6074=LINE('',#6073,#6072);
#6075=CARTESIAN_POINT('',(-1.675E1,-7.5E-1,-1.75E0));
#6076=DIRECTION('',(-1.E0,0.E0,0.E0));
#6077=DIRECTION('',(0.E0,1.E0,0.E0));
#6078=AXIS2_PLACEMENT_3D('',#6075,#6076,#6077);
#6080=DIRECTION('',(0.E0,-1.E0,0.E0));
#6081=VECTOR('',#6080,1.5E0);
#6082=CARTESIAN_POINT('',(-1.675E1,-7.5E-1,-2.75E0));
#6083=LINE('',#6082,#6081);
#6084=DIRECTION('',(0.E0,0.E0,1.E0));
#6085=VECTOR('',#6084,5.E-1);
#6086=CARTESIAN_POINT('',(-1.675E1,-2.25E0,-2.75E0));
#6087=LINE('',#6086,#6085);
#6088=DIRECTION('',(0.E0,1.E0,0.E0));
#6089=VECTOR('',#6088,1.5E0);
#6090=CARTESIAN_POINT('',(-1.675E1,-2.25E0,-2.25E0));
#6091=LINE('',#6090,#6089);
#6092=CARTESIAN_POINT('',(-1.675E1,-7.5E-1,-1.75E0));
#6093=DIRECTION('',(1.E0,0.E0,0.E0));
#6094=DIRECTION('',(0.E0,0.E0,-1.E0));
#6095=AXIS2_PLACEMENT_3D('',#6092,#6093,#6094);
#6097=DIRECTION('',(0.E0,0.E0,1.E0));
#6098=VECTOR('',#6097,6.E-1);
#6099=CARTESIAN_POINT('',(-1.675E1,-2.5E-1,-1.75E0));
#6100=LINE('',#6099,#6098);
#6101=DIRECTION('',(0.E0,0.E0,-1.E0));
#6102=VECTOR('',#6101,4.E0);
#6103=CARTESIAN_POINT('',(-1.725E1,2.5E-1,4.E0));
#6104=LINE('',#6103,#6102);
#6105=DIRECTION('',(0.E0,1.E0,0.E0));
#6106=VECTOR('',#6105,5.E-1);
#6107=CARTESIAN_POINT('',(-1.725E1,-2.5E-1,4.E0));
#6108=LINE('',#6107,#6106);
#6109=DIRECTION('',(0.E0,0.E0,1.E0));
#6110=VECTOR('',#6109,4.E0);
#6111=CARTESIAN_POINT('',(-1.725E1,-2.5E-1,0.E0));
#6112=LINE('',#6111,#6110);
#6113=DIRECTION('',(0.E0,0.E0,1.E0));
#6114=VECTOR('',#6113,6.E-1);
#6115=CARTESIAN_POINT('',(-1.725E1,-2.5E-1,-1.75E0));
#6116=LINE('',#6115,#6114);
#6117=CARTESIAN_POINT('',(-1.725E1,-7.5E-1,-1.75E0));
#6118=DIRECTION('',(1.E0,0.E0,0.E0));
#6119=DIRECTION('',(0.E0,0.E0,-1.E0));
#6120=AXIS2_PLACEMENT_3D('',#6117,#6118,#6119);
#6122=DIRECTION('',(0.E0,1.E0,0.E0));
#6123=VECTOR('',#6122,1.5E0);
#6124=CARTESIAN_POINT('',(-1.725E1,-2.25E0,-2.25E0));
#6125=LINE('',#6124,#6123);
#6126=DIRECTION('',(0.E0,0.E0,1.E0));
#6127=VECTOR('',#6126,5.E-1);
#6128=CARTESIAN_POINT('',(-1.725E1,-2.25E0,-2.75E0));
#6129=LINE('',#6128,#6127);
#6130=DIRECTION('',(0.E0,-1.E0,0.E0));
#6131=VECTOR('',#6130,1.5E0);
#6132=CARTESIAN_POINT('',(-1.725E1,-7.5E-1,-2.75E0));
#6133=LINE('',#6132,#6131);
#6134=CARTESIAN_POINT('',(-1.725E1,-7.5E-1,-1.75E0));
#6135=DIRECTION('',(-1.E0,0.E0,0.E0));
#6136=DIRECTION('',(0.E0,1.E0,0.E0));
#6137=AXIS2_PLACEMENT_3D('',#6134,#6135,#6136);
#6139=DIRECTION('',(0.E0,0.E0,-1.E0));
#6140=VECTOR('',#6139,6.E-1);
#6141=CARTESIAN_POINT('',(-1.725E1,2.5E-1,-1.15E0));
#6142=LINE('',#6141,#6140);
#6143=DIRECTION('',(-1.E0,0.E0,0.E0));
#6144=VECTOR('',#6143,5.E-1);
#6145=CARTESIAN_POINT('',(-1.675E1,2.5E-1,4.E0));
#6146=LINE('',#6145,#6144);
#6147=DIRECTION('',(-1.E0,0.E0,0.E0));
#6148=VECTOR('',#6147,5.E-1);
#6149=CARTESIAN_POINT('',(-1.675E1,-2.5E-1,4.E0));
#6150=LINE('',#6149,#6148);
#6151=DIRECTION('',(-1.E0,0.E0,0.E0));
#6152=VECTOR('',#6151,5.E-1);
#6153=CARTESIAN_POINT('',(-1.675E1,-2.5E-1,-1.75E0));
#6154=LINE('',#6153,#6152);
#6155=DIRECTION('',(-1.E0,0.E0,0.E0));
#6156=VECTOR('',#6155,5.E-1);
#6157=CARTESIAN_POINT('',(-1.675E1,-7.5E-1,-2.25E0));
#6158=LINE('',#6157,#6156);
#6159=DIRECTION('',(-1.E0,0.E0,0.E0));
#6160=VECTOR('',#6159,5.E-1);
#6161=CARTESIAN_POINT('',(-1.675E1,-2.25E0,-2.25E0));
#6162=LINE('',#6161,#6160);
#6163=DIRECTION('',(-1.E0,0.E0,0.E0));
#6164=VECTOR('',#6163,5.E-1);
#6165=CARTESIAN_POINT('',(-1.675E1,-2.25E0,-2.75E0));
#6166=LINE('',#6165,#6164);
#6167=DIRECTION('',(-1.E0,0.E0,0.E0));
#6168=VECTOR('',#6167,5.E-1);
#6169=CARTESIAN_POINT('',(-1.675E1,-7.5E-1,-2.75E0));
#6170=LINE('',#6169,#6168);
#6171=DIRECTION('',(-1.E0,0.E0,0.E0));
#6172=VECTOR('',#6171,5.E-1);
#6173=CARTESIAN_POINT('',(-1.675E1,2.5E-1,-1.75E0));
#6174=LINE('',#6173,#6172);
#6175=DIRECTION('',(0.E0,0.E0,1.E0));
#6176=VECTOR('',#6175,4.E0);
#6177=CARTESIAN_POINT('',(-1.275E1,-2.5E-1,0.E0));
#6178=LINE('',#6177,#6176);
#6179=DIRECTION('',(0.E0,1.E0,0.E0));
#6180=VECTOR('',#6179,5.E-1);
#6181=CARTESIAN_POINT('',(-1.275E1,-2.5E-1,4.E0));
#6182=LINE('',#6181,#6180);
#6183=DIRECTION('',(0.E0,0.E0,-1.E0));
#6184=VECTOR('',#6183,4.E0);
#6185=CARTESIAN_POINT('',(-1.275E1,2.5E-1,4.E0));
#6186=LINE('',#6185,#6184);
#6187=DIRECTION('',(0.E0,0.E0,-1.E0));
#6188=VECTOR('',#6187,6.E-1);
#6189=CARTESIAN_POINT('',(-1.275E1,2.5E-1,-1.15E0));
#6190=LINE('',#6189,#6188);
#6191=CARTESIAN_POINT('',(-1.275E1,-7.5E-1,-1.75E0));
#6192=DIRECTION('',(-1.E0,0.E0,0.E0));
#6193=DIRECTION('',(0.E0,1.E0,0.E0));
#6194=AXIS2_PLACEMENT_3D('',#6191,#6192,#6193);
#6196=DIRECTION('',(0.E0,-1.E0,0.E0));
#6197=VECTOR('',#6196,1.5E0);
#6198=CARTESIAN_POINT('',(-1.275E1,-7.5E-1,-2.75E0));
#6199=LINE('',#6198,#6197);
#6200=DIRECTION('',(0.E0,0.E0,1.E0));
#6201=VECTOR('',#6200,5.E-1);
#6202=CARTESIAN_POINT('',(-1.275E1,-2.25E0,-2.75E0));
#6203=LINE('',#6202,#6201);
#6204=DIRECTION('',(0.E0,1.E0,0.E0));
#6205=VECTOR('',#6204,1.5E0);
#6206=CARTESIAN_POINT('',(-1.275E1,-2.25E0,-2.25E0));
#6207=LINE('',#6206,#6205);
#6208=CARTESIAN_POINT('',(-1.275E1,-7.5E-1,-1.75E0));
#6209=DIRECTION('',(1.E0,0.E0,0.E0));
#6210=DIRECTION('',(0.E0,0.E0,-1.E0));
#6211=AXIS2_PLACEMENT_3D('',#6208,#6209,#6210);
#6213=DIRECTION('',(0.E0,0.E0,1.E0));
#6214=VECTOR('',#6213,6.E-1);
#6215=CARTESIAN_POINT('',(-1.275E1,-2.5E-1,-1.75E0));
#6216=LINE('',#6215,#6214);
#6217=DIRECTION('',(0.E0,0.E0,-1.E0));
#6218=VECTOR('',#6217,4.E0);
#6219=CARTESIAN_POINT('',(-1.325E1,2.5E-1,4.E0));
#6220=LINE('',#6219,#6218);
#6221=DIRECTION('',(0.E0,1.E0,0.E0));
#6222=VECTOR('',#6221,5.E-1);
#6223=CARTESIAN_POINT('',(-1.325E1,-2.5E-1,4.E0));
#6224=LINE('',#6223,#6222);
#6225=DIRECTION('',(0.E0,0.E0,1.E0));
#6226=VECTOR('',#6225,4.E0);
#6227=CARTESIAN_POINT('',(-1.325E1,-2.5E-1,0.E0));
#6228=LINE('',#6227,#6226);
#6229=DIRECTION('',(0.E0,0.E0,1.E0));
#6230=VECTOR('',#6229,6.E-1);
#6231=CARTESIAN_POINT('',(-1.325E1,-2.5E-1,-1.75E0));
#6232=LINE('',#6231,#6230);
#6233=CARTESIAN_POINT('',(-1.325E1,-7.5E-1,-1.75E0));
#6234=DIRECTION('',(1.E0,0.E0,0.E0));
#6235=DIRECTION('',(0.E0,0.E0,-1.E0));
#6236=AXIS2_PLACEMENT_3D('',#6233,#6234,#6235);
#6238=DIRECTION('',(0.E0,1.E0,0.E0));
#6239=VECTOR('',#6238,1.5E0);
#6240=CARTESIAN_POINT('',(-1.325E1,-2.25E0,-2.25E0));
#6241=LINE('',#6240,#6239);
#6242=DIRECTION('',(0.E0,0.E0,1.E0));
#6243=VECTOR('',#6242,5.E-1);
#6244=CARTESIAN_POINT('',(-1.325E1,-2.25E0,-2.75E0));
#6245=LINE('',#6244,#6243);
#6246=DIRECTION('',(0.E0,-1.E0,0.E0));
#6247=VECTOR('',#6246,1.5E0);
#6248=CARTESIAN_POINT('',(-1.325E1,-7.5E-1,-2.75E0));
#6249=LINE('',#6248,#6247);
#6250=CARTESIAN_POINT('',(-1.325E1,-7.5E-1,-1.75E0));
#6251=DIRECTION('',(-1.E0,0.E0,0.E0));
#6252=DIRECTION('',(0.E0,1.E0,0.E0));
#6253=AXIS2_PLACEMENT_3D('',#6250,#6251,#6252);
#6255=DIRECTION('',(0.E0,0.E0,-1.E0));
#6256=VECTOR('',#6255,6.E-1);
#6257=CARTESIAN_POINT('',(-1.325E1,2.5E-1,-1.15E0));
#6258=LINE('',#6257,#6256);
#6259=DIRECTION('',(-1.E0,0.E0,0.E0));
#6260=VECTOR('',#6259,5.E-1);
#6261=CARTESIAN_POINT('',(-1.275E1,2.5E-1,4.E0));
#6262=LINE('',#6261,#6260);
#6263=DIRECTION('',(-1.E0,0.E0,0.E0));
#6264=VECTOR('',#6263,5.E-1);
#6265=CARTESIAN_POINT('',(-1.275E1,-2.5E-1,4.E0));
#6266=LINE('',#6265,#6264);
#6267=DIRECTION('',(-1.E0,0.E0,0.E0));
#6268=VECTOR('',#6267,5.E-1);
#6269=CARTESIAN_POINT('',(-1.275E1,-2.5E-1,-1.75E0));
#6270=LINE('',#6269,#6268);
#6271=DIRECTION('',(-1.E0,0.E0,0.E0));
#6272=VECTOR('',#6271,5.E-1);
#6273=CARTESIAN_POINT('',(-1.275E1,-7.5E-1,-2.25E0));
#6274=LINE('',#6273,#6272);
#6275=DIRECTION('',(-1.E0,0.E0,0.E0));
#6276=VECTOR('',#6275,5.E-1);
#6277=CARTESIAN_POINT('',(-1.275E1,-2.25E0,-2.25E0));
#6278=LINE('',#6277,#6276);
#6279=DIRECTION('',(-1.E0,0.E0,0.E0));
#6280=VECTOR('',#6279,5.E-1);
#6281=CARTESIAN_POINT('',(-1.275E1,-2.25E0,-2.75E0));
#6282=LINE('',#6281,#6280);
#6283=DIRECTION('',(-1.E0,0.E0,0.E0));
#6284=VECTOR('',#6283,5.E-1);
#6285=CARTESIAN_POINT('',(-1.275E1,-7.5E-1,-2.75E0));
#6286=LINE('',#6285,#6284);
#6287=DIRECTION('',(-1.E0,0.E0,0.E0));
#6288=VECTOR('',#6287,5.E-1);
#6289=CARTESIAN_POINT('',(-1.275E1,2.5E-1,-1.75E0));
#6290=LINE('',#6289,#6288);
#6291=DIRECTION('',(0.E0,0.E0,1.E0));
#6292=VECTOR('',#6291,4.E0);
#6293=CARTESIAN_POINT('',(-8.75E0,-2.5E-1,0.E0));
#6294=LINE('',#6293,#6292);
#6295=DIRECTION('',(0.E0,1.E0,0.E0));
#6296=VECTOR('',#6295,5.E-1);
#6297=CARTESIAN_POINT('',(-8.75E0,-2.5E-1,4.E0));
#6298=LINE('',#6297,#6296);
#6299=DIRECTION('',(0.E0,0.E0,-1.E0));
#6300=VECTOR('',#6299,4.E0);
#6301=CARTESIAN_POINT('',(-8.75E0,2.5E-1,4.E0));
#6302=LINE('',#6301,#6300);
#6303=DIRECTION('',(0.E0,0.E0,-1.E0));
#6304=VECTOR('',#6303,6.E-1);
#6305=CARTESIAN_POINT('',(-8.75E0,2.5E-1,-1.15E0));
#6306=LINE('',#6305,#6304);
#6307=CARTESIAN_POINT('',(-8.75E0,-7.5E-1,-1.75E0));
#6308=DIRECTION('',(-1.E0,0.E0,0.E0));
#6309=DIRECTION('',(0.E0,1.E0,0.E0));
#6310=AXIS2_PLACEMENT_3D('',#6307,#6308,#6309);
#6312=DIRECTION('',(0.E0,-1.E0,0.E0));
#6313=VECTOR('',#6312,1.5E0);
#6314=CARTESIAN_POINT('',(-8.75E0,-7.5E-1,-2.75E0));
#6315=LINE('',#6314,#6313);
#6316=DIRECTION('',(0.E0,0.E0,1.E0));
#6317=VECTOR('',#6316,5.E-1);
#6318=CARTESIAN_POINT('',(-8.75E0,-2.25E0,-2.75E0));
#6319=LINE('',#6318,#6317);
#6320=DIRECTION('',(0.E0,1.E0,0.E0));
#6321=VECTOR('',#6320,1.5E0);
#6322=CARTESIAN_POINT('',(-8.75E0,-2.25E0,-2.25E0));
#6323=LINE('',#6322,#6321);
#6324=CARTESIAN_POINT('',(-8.75E0,-7.5E-1,-1.75E0));
#6325=DIRECTION('',(1.E0,0.E0,0.E0));
#6326=DIRECTION('',(0.E0,0.E0,-1.E0));
#6327=AXIS2_PLACEMENT_3D('',#6324,#6325,#6326);
#6329=DIRECTION('',(0.E0,0.E0,1.E0));
#6330=VECTOR('',#6329,6.E-1);
#6331=CARTESIAN_POINT('',(-8.75E0,-2.5E-1,-1.75E0));
#6332=LINE('',#6331,#6330);
#6333=DIRECTION('',(0.E0,0.E0,-1.E0));
#6334=VECTOR('',#6333,4.E0);
#6335=CARTESIAN_POINT('',(-9.25E0,2.5E-1,4.E0));
#6336=LINE('',#6335,#6334);
#6337=DIRECTION('',(0.E0,1.E0,0.E0));
#6338=VECTOR('',#6337,5.E-1);
#6339=CARTESIAN_POINT('',(-9.25E0,-2.5E-1,4.E0));
#6340=LINE('',#6339,#6338);
#6341=DIRECTION('',(0.E0,0.E0,1.E0));
#6342=VECTOR('',#6341,4.E0);
#6343=CARTESIAN_POINT('',(-9.25E0,-2.5E-1,0.E0));
#6344=LINE('',#6343,#6342);
#6345=DIRECTION('',(0.E0,0.E0,1.E0));
#6346=VECTOR('',#6345,6.E-1);
#6347=CARTESIAN_POINT('',(-9.25E0,-2.5E-1,-1.75E0));
#6348=LINE('',#6347,#6346);
#6349=CARTESIAN_POINT('',(-9.25E0,-7.5E-1,-1.75E0));
#6350=DIRECTION('',(1.E0,0.E0,0.E0));
#6351=DIRECTION('',(0.E0,0.E0,-1.E0));
#6352=AXIS2_PLACEMENT_3D('',#6349,#6350,#6351);
#6354=DIRECTION('',(0.E0,1.E0,0.E0));
#6355=VECTOR('',#6354,1.5E0);
#6356=CARTESIAN_POINT('',(-9.25E0,-2.25E0,-2.25E0));
#6357=LINE('',#6356,#6355);
#6358=DIRECTION('',(0.E0,0.E0,1.E0));
#6359=VECTOR('',#6358,5.E-1);
#6360=CARTESIAN_POINT('',(-9.25E0,-2.25E0,-2.75E0));
#6361=LINE('',#6360,#6359);
#6362=DIRECTION('',(0.E0,-1.E0,0.E0));
#6363=VECTOR('',#6362,1.5E0);
#6364=CARTESIAN_POINT('',(-9.25E0,-7.5E-1,-2.75E0));
#6365=LINE('',#6364,#6363);
#6366=CARTESIAN_POINT('',(-9.25E0,-7.5E-1,-1.75E0));
#6367=DIRECTION('',(-1.E0,0.E0,0.E0));
#6368=DIRECTION('',(0.E0,1.E0,0.E0));
#6369=AXIS2_PLACEMENT_3D('',#6366,#6367,#6368);
#6371=DIRECTION('',(0.E0,0.E0,-1.E0));
#6372=VECTOR('',#6371,6.E-1);
#6373=CARTESIAN_POINT('',(-9.25E0,2.5E-1,-1.15E0));
#6374=LINE('',#6373,#6372);
#6375=DIRECTION('',(-1.E0,0.E0,0.E0));
#6376=VECTOR('',#6375,5.E-1);
#6377=CARTESIAN_POINT('',(-8.75E0,2.5E-1,4.E0));
#6378=LINE('',#6377,#6376);
#6379=DIRECTION('',(-1.E0,0.E0,0.E0));
#6380=VECTOR('',#6379,5.E-1);
#6381=CARTESIAN_POINT('',(-8.75E0,-2.5E-1,4.E0));
#6382=LINE('',#6381,#6380);
#6383=DIRECTION('',(-1.E0,0.E0,0.E0));
#6384=VECTOR('',#6383,5.E-1);
#6385=CARTESIAN_POINT('',(-8.75E0,-2.5E-1,-1.75E0));
#6386=LINE('',#6385,#6384);
#6387=DIRECTION('',(-1.E0,0.E0,0.E0));
#6388=VECTOR('',#6387,5.E-1);
#6389=CARTESIAN_POINT('',(-8.75E0,-7.5E-1,-2.25E0));
#6390=LINE('',#6389,#6388);
#6391=DIRECTION('',(-1.E0,0.E0,0.E0));
#6392=VECTOR('',#6391,5.E-1);
#6393=CARTESIAN_POINT('',(-8.75E0,-2.25E0,-2.25E0));
#6394=LINE('',#6393,#6392);
#6395=DIRECTION('',(-1.E0,0.E0,0.E0));
#6396=VECTOR('',#6395,5.E-1);
#6397=CARTESIAN_POINT('',(-8.75E0,-2.25E0,-2.75E0));
#6398=LINE('',#6397,#6396);
#6399=DIRECTION('',(-1.E0,0.E0,0.E0));
#6400=VECTOR('',#6399,5.E-1);
#6401=CARTESIAN_POINT('',(-8.75E0,-7.5E-1,-2.75E0));
#6402=LINE('',#6401,#6400);
#6403=DIRECTION('',(-1.E0,0.E0,0.E0));
#6404=VECTOR('',#6403,5.E-1);
#6405=CARTESIAN_POINT('',(-8.75E0,2.5E-1,-1.75E0));
#6406=LINE('',#6405,#6404);
#6407=DIRECTION('',(0.E0,0.E0,1.E0));
#6408=VECTOR('',#6407,4.E0);
#6409=CARTESIAN_POINT('',(-4.75E0,-2.5E-1,0.E0));
#6410=LINE('',#6409,#6408);
#6411=DIRECTION('',(0.E0,1.E0,0.E0));
#6412=VECTOR('',#6411,5.E-1);
#6413=CARTESIAN_POINT('',(-4.75E0,-2.5E-1,4.E0));
#6414=LINE('',#6413,#6412);
#6415=DIRECTION('',(0.E0,0.E0,-1.E0));
#6416=VECTOR('',#6415,4.E0);
#6417=CARTESIAN_POINT('',(-4.75E0,2.5E-1,4.E0));
#6418=LINE('',#6417,#6416);
#6419=DIRECTION('',(0.E0,0.E0,-1.E0));
#6420=VECTOR('',#6419,6.E-1);
#6421=CARTESIAN_POINT('',(-4.75E0,2.5E-1,-1.15E0));
#6422=LINE('',#6421,#6420);
#6423=CARTESIAN_POINT('',(-4.75E0,-7.5E-1,-1.75E0));
#6424=DIRECTION('',(-1.E0,0.E0,0.E0));
#6425=DIRECTION('',(0.E0,1.E0,0.E0));
#6426=AXIS2_PLACEMENT_3D('',#6423,#6424,#6425);
#6428=DIRECTION('',(0.E0,-1.E0,0.E0));
#6429=VECTOR('',#6428,1.5E0);
#6430=CARTESIAN_POINT('',(-4.75E0,-7.5E-1,-2.75E0));
#6431=LINE('',#6430,#6429);
#6432=DIRECTION('',(0.E0,0.E0,1.E0));
#6433=VECTOR('',#6432,5.E-1);
#6434=CARTESIAN_POINT('',(-4.75E0,-2.25E0,-2.75E0));
#6435=LINE('',#6434,#6433);
#6436=DIRECTION('',(0.E0,1.E0,0.E0));
#6437=VECTOR('',#6436,1.5E0);
#6438=CARTESIAN_POINT('',(-4.75E0,-2.25E0,-2.25E0));
#6439=LINE('',#6438,#6437);
#6440=CARTESIAN_POINT('',(-4.75E0,-7.5E-1,-1.75E0));
#6441=DIRECTION('',(1.E0,0.E0,0.E0));
#6442=DIRECTION('',(0.E0,0.E0,-1.E0));
#6443=AXIS2_PLACEMENT_3D('',#6440,#6441,#6442);
#6445=DIRECTION('',(0.E0,0.E0,1.E0));
#6446=VECTOR('',#6445,6.E-1);
#6447=CARTESIAN_POINT('',(-4.75E0,-2.5E-1,-1.75E0));
#6448=LINE('',#6447,#6446);
#6449=DIRECTION('',(0.E0,0.E0,-1.E0));
#6450=VECTOR('',#6449,4.E0);
#6451=CARTESIAN_POINT('',(-5.25E0,2.5E-1,4.E0));
#6452=LINE('',#6451,#6450);
#6453=DIRECTION('',(0.E0,1.E0,0.E0));
#6454=VECTOR('',#6453,5.E-1);
#6455=CARTESIAN_POINT('',(-5.25E0,-2.5E-1,4.E0));
#6456=LINE('',#6455,#6454);
#6457=DIRECTION('',(0.E0,0.E0,1.E0));
#6458=VECTOR('',#6457,4.E0);
#6459=CARTESIAN_POINT('',(-5.25E0,-2.5E-1,0.E0));
#6460=LINE('',#6459,#6458);
#6461=DIRECTION('',(0.E0,0.E0,1.E0));
#6462=VECTOR('',#6461,6.E-1);
#6463=CARTESIAN_POINT('',(-5.25E0,-2.5E-1,-1.75E0));
#6464=LINE('',#6463,#6462);
#6465=CARTESIAN_POINT('',(-5.25E0,-7.5E-1,-1.75E0));
#6466=DIRECTION('',(1.E0,0.E0,0.E0));
#6467=DIRECTION('',(0.E0,0.E0,-1.E0));
#6468=AXIS2_PLACEMENT_3D('',#6465,#6466,#6467);
#6470=DIRECTION('',(0.E0,1.E0,0.E0));
#6471=VECTOR('',#6470,1.5E0);
#6472=CARTESIAN_POINT('',(-5.25E0,-2.25E0,-2.25E0));
#6473=LINE('',#6472,#6471);
#6474=DIRECTION('',(0.E0,0.E0,1.E0));
#6475=VECTOR('',#6474,5.E-1);
#6476=CARTESIAN_POINT('',(-5.25E0,-2.25E0,-2.75E0));
#6477=LINE('',#6476,#6475);
#6478=DIRECTION('',(0.E0,-1.E0,0.E0));
#6479=VECTOR('',#6478,1.5E0);
#6480=CARTESIAN_POINT('',(-5.25E0,-7.5E-1,-2.75E0));
#6481=LINE('',#6480,#6479);
#6482=CARTESIAN_POINT('',(-5.25E0,-7.5E-1,-1.75E0));
#6483=DIRECTION('',(-1.E0,0.E0,0.E0));
#6484=DIRECTION('',(0.E0,1.E0,0.E0));
#6485=AXIS2_PLACEMENT_3D('',#6482,#6483,#6484);
#6487=DIRECTION('',(0.E0,0.E0,-1.E0));
#6488=VECTOR('',#6487,6.E-1);
#6489=CARTESIAN_POINT('',(-5.25E0,2.5E-1,-1.15E0));
#6490=LINE('',#6489,#6488);
#6491=DIRECTION('',(-1.E0,0.E0,0.E0));
#6492=VECTOR('',#6491,5.E-1);
#6493=CARTESIAN_POINT('',(-4.75E0,2.5E-1,4.E0));
#6494=LINE('',#6493,#6492);
#6495=DIRECTION('',(-1.E0,0.E0,0.E0));
#6496=VECTOR('',#6495,5.E-1);
#6497=CARTESIAN_POINT('',(-4.75E0,-2.5E-1,4.E0));
#6498=LINE('',#6497,#6496);
#6499=DIRECTION('',(-1.E0,0.E0,0.E0));
#6500=VECTOR('',#6499,5.E-1);
#6501=CARTESIAN_POINT('',(-4.75E0,-2.5E-1,-1.75E0));
#6502=LINE('',#6501,#6500);
#6503=DIRECTION('',(-1.E0,0.E0,0.E0));
#6504=VECTOR('',#6503,5.E-1);
#6505=CARTESIAN_POINT('',(-4.75E0,-7.5E-1,-2.25E0));
#6506=LINE('',#6505,#6504);
#6507=DIRECTION('',(-1.E0,0.E0,0.E0));
#6508=VECTOR('',#6507,5.E-1);
#6509=CARTESIAN_POINT('',(-4.75E0,-2.25E0,-2.25E0));
#6510=LINE('',#6509,#6508);
#6511=DIRECTION('',(-1.E0,0.E0,0.E0));
#6512=VECTOR('',#6511,5.E-1);
#6513=CARTESIAN_POINT('',(-4.75E0,-2.25E0,-2.75E0));
#6514=LINE('',#6513,#6512);
#6515=DIRECTION('',(-1.E0,0.E0,0.E0));
#6516=VECTOR('',#6515,5.E-1);
#6517=CARTESIAN_POINT('',(-4.75E0,-7.5E-1,-2.75E0));
#6518=LINE('',#6517,#6516);
#6519=DIRECTION('',(-1.E0,0.E0,0.E0));
#6520=VECTOR('',#6519,5.E-1);
#6521=CARTESIAN_POINT('',(-4.75E0,2.5E-1,-1.75E0));
#6522=LINE('',#6521,#6520);
#6523=DIRECTION('',(0.E0,0.E0,1.E0));
#6524=VECTOR('',#6523,4.E0);
#6525=CARTESIAN_POINT('',(-7.5E-1,-2.5E-1,0.E0));
#6526=LINE('',#6525,#6524);
#6527=DIRECTION('',(0.E0,1.E0,0.E0));
#6528=VECTOR('',#6527,5.E-1);
#6529=CARTESIAN_POINT('',(-7.5E-1,-2.5E-1,4.E0));
#6530=LINE('',#6529,#6528);
#6531=DIRECTION('',(0.E0,0.E0,-1.E0));
#6532=VECTOR('',#6531,4.E0);
#6533=CARTESIAN_POINT('',(-7.5E-1,2.5E-1,4.E0));
#6534=LINE('',#6533,#6532);
#6535=DIRECTION('',(0.E0,0.E0,-1.E0));
#6536=VECTOR('',#6535,6.E-1);
#6537=CARTESIAN_POINT('',(-7.5E-1,2.5E-1,-1.15E0));
#6538=LINE('',#6537,#6536);
#6539=CARTESIAN_POINT('',(-7.5E-1,-7.5E-1,-1.75E0));
#6540=DIRECTION('',(-1.E0,0.E0,0.E0));
#6541=DIRECTION('',(0.E0,1.E0,0.E0));
#6542=AXIS2_PLACEMENT_3D('',#6539,#6540,#6541);
#6544=DIRECTION('',(0.E0,-1.E0,0.E0));
#6545=VECTOR('',#6544,1.5E0);
#6546=CARTESIAN_POINT('',(-7.5E-1,-7.5E-1,-2.75E0));
#6547=LINE('',#6546,#6545);
#6548=DIRECTION('',(0.E0,0.E0,1.E0));
#6549=VECTOR('',#6548,5.E-1);
#6550=CARTESIAN_POINT('',(-7.5E-1,-2.25E0,-2.75E0));
#6551=LINE('',#6550,#6549);
#6552=DIRECTION('',(0.E0,1.E0,0.E0));
#6553=VECTOR('',#6552,1.5E0);
#6554=CARTESIAN_POINT('',(-7.5E-1,-2.25E0,-2.25E0));
#6555=LINE('',#6554,#6553);
#6556=CARTESIAN_POINT('',(-7.5E-1,-7.5E-1,-1.75E0));
#6557=DIRECTION('',(1.E0,0.E0,0.E0));
#6558=DIRECTION('',(0.E0,0.E0,-1.E0));
#6559=AXIS2_PLACEMENT_3D('',#6556,#6557,#6558);
#6561=DIRECTION('',(0.E0,0.E0,1.E0));
#6562=VECTOR('',#6561,6.E-1);
#6563=CARTESIAN_POINT('',(-7.5E-1,-2.5E-1,-1.75E0));
#6564=LINE('',#6563,#6562);
#6565=DIRECTION('',(0.E0,0.E0,-1.E0));
#6566=VECTOR('',#6565,4.E0);
#6567=CARTESIAN_POINT('',(-1.25E0,2.5E-1,4.E0));
#6568=LINE('',#6567,#6566);
#6569=DIRECTION('',(0.E0,1.E0,0.E0));
#6570=VECTOR('',#6569,5.E-1);
#6571=CARTESIAN_POINT('',(-1.25E0,-2.5E-1,4.E0));
#6572=LINE('',#6571,#6570);
#6573=DIRECTION('',(0.E0,0.E0,1.E0));
#6574=VECTOR('',#6573,4.E0);
#6575=CARTESIAN_POINT('',(-1.25E0,-2.5E-1,0.E0));
#6576=LINE('',#6575,#6574);
#6577=DIRECTION('',(0.E0,0.E0,1.E0));
#6578=VECTOR('',#6577,6.E-1);
#6579=CARTESIAN_POINT('',(-1.25E0,-2.5E-1,-1.75E0));
#6580=LINE('',#6579,#6578);
#6581=CARTESIAN_POINT('',(-1.25E0,-7.5E-1,-1.75E0));
#6582=DIRECTION('',(1.E0,0.E0,0.E0));
#6583=DIRECTION('',(0.E0,0.E0,-1.E0));
#6584=AXIS2_PLACEMENT_3D('',#6581,#6582,#6583);
#6586=DIRECTION('',(0.E0,1.E0,0.E0));
#6587=VECTOR('',#6586,1.5E0);
#6588=CARTESIAN_POINT('',(-1.25E0,-2.25E0,-2.25E0));
#6589=LINE('',#6588,#6587);
#6590=DIRECTION('',(0.E0,0.E0,1.E0));
#6591=VECTOR('',#6590,5.E-1);
#6592=CARTESIAN_POINT('',(-1.25E0,-2.25E0,-2.75E0));
#6593=LINE('',#6592,#6591);
#6594=DIRECTION('',(0.E0,-1.E0,0.E0));
#6595=VECTOR('',#6594,1.5E0);
#6596=CARTESIAN_POINT('',(-1.25E0,-7.5E-1,-2.75E0));
#6597=LINE('',#6596,#6595);
#6598=CARTESIAN_POINT('',(-1.25E0,-7.5E-1,-1.75E0));
#6599=DIRECTION('',(-1.E0,0.E0,0.E0));
#6600=DIRECTION('',(0.E0,1.E0,0.E0));
#6601=AXIS2_PLACEMENT_3D('',#6598,#6599,#6600);
#6603=DIRECTION('',(0.E0,0.E0,-1.E0));
#6604=VECTOR('',#6603,6.E-1);
#6605=CARTESIAN_POINT('',(-1.25E0,2.5E-1,-1.15E0));
#6606=LINE('',#6605,#6604);
#6607=DIRECTION('',(-1.E0,0.E0,0.E0));
#6608=VECTOR('',#6607,5.E-1);
#6609=CARTESIAN_POINT('',(-7.5E-1,2.5E-1,4.E0));
#6610=LINE('',#6609,#6608);
#6611=DIRECTION('',(-1.E0,0.E0,0.E0));
#6612=VECTOR('',#6611,5.E-1);
#6613=CARTESIAN_POINT('',(-7.5E-1,-2.5E-1,4.E0));
#6614=LINE('',#6613,#6612);
#6615=DIRECTION('',(-1.E0,0.E0,0.E0));
#6616=VECTOR('',#6615,5.E-1);
#6617=CARTESIAN_POINT('',(-7.5E-1,-2.5E-1,-1.75E0));
#6618=LINE('',#6617,#6616);
#6619=DIRECTION('',(-1.E0,0.E0,0.E0));
#6620=VECTOR('',#6619,5.E-1);
#6621=CARTESIAN_POINT('',(-7.5E-1,-7.5E-1,-2.25E0));
#6622=LINE('',#6621,#6620);
#6623=DIRECTION('',(-1.E0,0.E0,0.E0));
#6624=VECTOR('',#6623,5.E-1);
#6625=CARTESIAN_POINT('',(-7.5E-1,-2.25E0,-2.25E0));
#6626=LINE('',#6625,#6624);
#6627=DIRECTION('',(-1.E0,0.E0,0.E0));
#6628=VECTOR('',#6627,5.E-1);
#6629=CARTESIAN_POINT('',(-7.5E-1,-2.25E0,-2.75E0));
#6630=LINE('',#6629,#6628);
#6631=DIRECTION('',(-1.E0,0.E0,0.E0));
#6632=VECTOR('',#6631,5.E-1);
#6633=CARTESIAN_POINT('',(-7.5E-1,-7.5E-1,-2.75E0));
#6634=LINE('',#6633,#6632);
#6635=DIRECTION('',(-1.E0,0.E0,0.E0));
#6636=VECTOR('',#6635,5.E-1);
#6637=CARTESIAN_POINT('',(-7.5E-1,2.5E-1,-1.75E0));
#6638=LINE('',#6637,#6636);
#6639=DIRECTION('',(0.E0,0.E0,1.E0));
#6640=VECTOR('',#6639,4.E0);
#6641=CARTESIAN_POINT('',(3.25E0,-2.5E-1,0.E0));
#6642=LINE('',#6641,#6640);
#6643=DIRECTION('',(0.E0,1.E0,0.E0));
#6644=VECTOR('',#6643,5.E-1);
#6645=CARTESIAN_POINT('',(3.25E0,-2.5E-1,4.E0));
#6646=LINE('',#6645,#6644);
#6647=DIRECTION('',(0.E0,0.E0,-1.E0));
#6648=VECTOR('',#6647,4.E0);
#6649=CARTESIAN_POINT('',(3.25E0,2.5E-1,4.E0));
#6650=LINE('',#6649,#6648);
#6651=DIRECTION('',(0.E0,0.E0,-1.E0));
#6652=VECTOR('',#6651,6.E-1);
#6653=CARTESIAN_POINT('',(3.25E0,2.5E-1,-1.15E0));
#6654=LINE('',#6653,#6652);
#6655=CARTESIAN_POINT('',(3.25E0,-7.5E-1,-1.75E0));
#6656=DIRECTION('',(-1.E0,0.E0,0.E0));
#6657=DIRECTION('',(0.E0,1.E0,0.E0));
#6658=AXIS2_PLACEMENT_3D('',#6655,#6656,#6657);
#6660=DIRECTION('',(0.E0,-1.E0,0.E0));
#6661=VECTOR('',#6660,1.5E0);
#6662=CARTESIAN_POINT('',(3.25E0,-7.5E-1,-2.75E0));
#6663=LINE('',#6662,#6661);
#6664=DIRECTION('',(0.E0,0.E0,1.E0));
#6665=VECTOR('',#6664,5.E-1);
#6666=CARTESIAN_POINT('',(3.25E0,-2.25E0,-2.75E0));
#6667=LINE('',#6666,#6665);
#6668=DIRECTION('',(0.E0,1.E0,0.E0));
#6669=VECTOR('',#6668,1.5E0);
#6670=CARTESIAN_POINT('',(3.25E0,-2.25E0,-2.25E0));
#6671=LINE('',#6670,#6669);
#6672=CARTESIAN_POINT('',(3.25E0,-7.5E-1,-1.75E0));
#6673=DIRECTION('',(1.E0,0.E0,0.E0));
#6674=DIRECTION('',(0.E0,0.E0,-1.E0));
#6675=AXIS2_PLACEMENT_3D('',#6672,#6673,#6674);
#6677=DIRECTION('',(0.E0,0.E0,1.E0));
#6678=VECTOR('',#6677,6.E-1);
#6679=CARTESIAN_POINT('',(3.25E0,-2.5E-1,-1.75E0));
#6680=LINE('',#6679,#6678);
#6681=DIRECTION('',(0.E0,0.E0,-1.E0));
#6682=VECTOR('',#6681,4.E0);
#6683=CARTESIAN_POINT('',(2.75E0,2.5E-1,4.E0));
#6684=LINE('',#6683,#6682);
#6685=DIRECTION('',(0.E0,1.E0,0.E0));
#6686=VECTOR('',#6685,5.E-1);
#6687=CARTESIAN_POINT('',(2.75E0,-2.5E-1,4.E0));
#6688=LINE('',#6687,#6686);
#6689=DIRECTION('',(0.E0,0.E0,1.E0));
#6690=VECTOR('',#6689,4.E0);
#6691=CARTESIAN_POINT('',(2.75E0,-2.5E-1,0.E0));
#6692=LINE('',#6691,#6690);
#6693=DIRECTION('',(0.E0,0.E0,1.E0));
#6694=VECTOR('',#6693,6.E-1);
#6695=CARTESIAN_POINT('',(2.75E0,-2.5E-1,-1.75E0));
#6696=LINE('',#6695,#6694);
#6697=CARTESIAN_POINT('',(2.75E0,-7.5E-1,-1.75E0));
#6698=DIRECTION('',(1.E0,0.E0,0.E0));
#6699=DIRECTION('',(0.E0,0.E0,-1.E0));
#6700=AXIS2_PLACEMENT_3D('',#6697,#6698,#6699);
#6702=DIRECTION('',(0.E0,1.E0,0.E0));
#6703=VECTOR('',#6702,1.5E0);
#6704=CARTESIAN_POINT('',(2.75E0,-2.25E0,-2.25E0));
#6705=LINE('',#6704,#6703);
#6706=DIRECTION('',(0.E0,0.E0,1.E0));
#6707=VECTOR('',#6706,5.E-1);
#6708=CARTESIAN_POINT('',(2.75E0,-2.25E0,-2.75E0));
#6709=LINE('',#6708,#6707);
#6710=DIRECTION('',(0.E0,-1.E0,0.E0));
#6711=VECTOR('',#6710,1.5E0);
#6712=CARTESIAN_POINT('',(2.75E0,-7.5E-1,-2.75E0));
#6713=LINE('',#6712,#6711);
#6714=CARTESIAN_POINT('',(2.75E0,-7.5E-1,-1.75E0));
#6715=DIRECTION('',(-1.E0,0.E0,0.E0));
#6716=DIRECTION('',(0.E0,1.E0,0.E0));
#6717=AXIS2_PLACEMENT_3D('',#6714,#6715,#6716);
#6719=DIRECTION('',(0.E0,0.E0,-1.E0));
#6720=VECTOR('',#6719,6.E-1);
#6721=CARTESIAN_POINT('',(2.75E0,2.5E-1,-1.15E0));
#6722=LINE('',#6721,#6720);
#6723=DIRECTION('',(-1.E0,0.E0,0.E0));
#6724=VECTOR('',#6723,5.E-1);
#6725=CARTESIAN_POINT('',(3.25E0,2.5E-1,4.E0));
#6726=LINE('',#6725,#6724);
#6727=DIRECTION('',(-1.E0,0.E0,0.E0));
#6728=VECTOR('',#6727,5.E-1);
#6729=CARTESIAN_POINT('',(3.25E0,-2.5E-1,4.E0));
#6730=LINE('',#6729,#6728);
#6731=DIRECTION('',(-1.E0,0.E0,0.E0));
#6732=VECTOR('',#6731,5.E-1);
#6733=CARTESIAN_POINT('',(3.25E0,-2.5E-1,-1.75E0));
#6734=LINE('',#6733,#6732);
#6735=DIRECTION('',(-1.E0,0.E0,0.E0));
#6736=VECTOR('',#6735,5.E-1);
#6737=CARTESIAN_POINT('',(3.25E0,-7.5E-1,-2.25E0));
#6738=LINE('',#6737,#6736);
#6739=DIRECTION('',(-1.E0,0.E0,0.E0));
#6740=VECTOR('',#6739,5.E-1);
#6741=CARTESIAN_POINT('',(3.25E0,-2.25E0,-2.25E0));
#6742=LINE('',#6741,#6740);
#6743=DIRECTION('',(-1.E0,0.E0,0.E0));
#6744=VECTOR('',#6743,5.E-1);
#6745=CARTESIAN_POINT('',(3.25E0,-2.25E0,-2.75E0));
#6746=LINE('',#6745,#6744);
#6747=DIRECTION('',(-1.E0,0.E0,0.E0));
#6748=VECTOR('',#6747,5.E-1);
#6749=CARTESIAN_POINT('',(3.25E0,-7.5E-1,-2.75E0));
#6750=LINE('',#6749,#6748);
#6751=DIRECTION('',(-1.E0,0.E0,0.E0));
#6752=VECTOR('',#6751,5.E-1);
#6753=CARTESIAN_POINT('',(3.25E0,2.5E-1,-1.75E0));
#6754=LINE('',#6753,#6752);
#6755=DIRECTION('',(0.E0,0.E0,1.E0));
#6756=VECTOR('',#6755,4.E0);
#6757=CARTESIAN_POINT('',(7.25E0,-2.5E-1,0.E0));
#6758=LINE('',#6757,#6756);
#6759=DIRECTION('',(0.E0,1.E0,0.E0));
#6760=VECTOR('',#6759,5.E-1);
#6761=CARTESIAN_POINT('',(7.25E0,-2.5E-1,4.E0));
#6762=LINE('',#6761,#6760);
#6763=DIRECTION('',(0.E0,0.E0,-1.E0));
#6764=VECTOR('',#6763,4.E0);
#6765=CARTESIAN_POINT('',(7.25E0,2.5E-1,4.E0));
#6766=LINE('',#6765,#6764);
#6767=DIRECTION('',(0.E0,0.E0,-1.E0));
#6768=VECTOR('',#6767,6.E-1);
#6769=CARTESIAN_POINT('',(7.25E0,2.5E-1,-1.15E0));
#6770=LINE('',#6769,#6768);
#6771=CARTESIAN_POINT('',(7.25E0,-7.5E-1,-1.75E0));
#6772=DIRECTION('',(-1.E0,0.E0,0.E0));
#6773=DIRECTION('',(0.E0,1.E0,0.E0));
#6774=AXIS2_PLACEMENT_3D('',#6771,#6772,#6773);
#6776=DIRECTION('',(0.E0,-1.E0,0.E0));
#6777=VECTOR('',#6776,1.5E0);
#6778=CARTESIAN_POINT('',(7.25E0,-7.5E-1,-2.75E0));
#6779=LINE('',#6778,#6777);
#6780=DIRECTION('',(0.E0,0.E0,1.E0));
#6781=VECTOR('',#6780,5.E-1);
#6782=CARTESIAN_POINT('',(7.25E0,-2.25E0,-2.75E0));
#6783=LINE('',#6782,#6781);
#6784=DIRECTION('',(0.E0,1.E0,0.E0));
#6785=VECTOR('',#6784,1.5E0);
#6786=CARTESIAN_POINT('',(7.25E0,-2.25E0,-2.25E0));
#6787=LINE('',#6786,#6785);
#6788=CARTESIAN_POINT('',(7.25E0,-7.5E-1,-1.75E0));
#6789=DIRECTION('',(1.E0,0.E0,0.E0));
#6790=DIRECTION('',(0.E0,0.E0,-1.E0));
#6791=AXIS2_PLACEMENT_3D('',#6788,#6789,#6790);
#6793=DIRECTION('',(0.E0,0.E0,1.E0));
#6794=VECTOR('',#6793,6.E-1);
#6795=CARTESIAN_POINT('',(7.25E0,-2.5E-1,-1.75E0));
#6796=LINE('',#6795,#6794);
#6797=DIRECTION('',(0.E0,0.E0,-1.E0));
#6798=VECTOR('',#6797,4.E0);
#6799=CARTESIAN_POINT('',(6.75E0,2.5E-1,4.E0));
#6800=LINE('',#6799,#6798);
#6801=DIRECTION('',(0.E0,1.E0,0.E0));
#6802=VECTOR('',#6801,5.E-1);
#6803=CARTESIAN_POINT('',(6.75E0,-2.5E-1,4.E0));
#6804=LINE('',#6803,#6802);
#6805=DIRECTION('',(0.E0,0.E0,1.E0));
#6806=VECTOR('',#6805,4.E0);
#6807=CARTESIAN_POINT('',(6.75E0,-2.5E-1,0.E0));
#6808=LINE('',#6807,#6806);
#6809=DIRECTION('',(0.E0,0.E0,1.E0));
#6810=VECTOR('',#6809,6.E-1);
#6811=CARTESIAN_POINT('',(6.75E0,-2.5E-1,-1.75E0));
#6812=LINE('',#6811,#6810);
#6813=CARTESIAN_POINT('',(6.75E0,-7.5E-1,-1.75E0));
#6814=DIRECTION('',(1.E0,0.E0,0.E0));
#6815=DIRECTION('',(0.E0,0.E0,-1.E0));
#6816=AXIS2_PLACEMENT_3D('',#6813,#6814,#6815);
#6818=DIRECTION('',(0.E0,1.E0,0.E0));
#6819=VECTOR('',#6818,1.5E0);
#6820=CARTESIAN_POINT('',(6.75E0,-2.25E0,-2.25E0));
#6821=LINE('',#6820,#6819);
#6822=DIRECTION('',(0.E0,0.E0,1.E0));
#6823=VECTOR('',#6822,5.E-1);
#6824=CARTESIAN_POINT('',(6.75E0,-2.25E0,-2.75E0));
#6825=LINE('',#6824,#6823);
#6826=DIRECTION('',(0.E0,-1.E0,0.E0));
#6827=VECTOR('',#6826,1.5E0);
#6828=CARTESIAN_POINT('',(6.75E0,-7.5E-1,-2.75E0));
#6829=LINE('',#6828,#6827);
#6830=CARTESIAN_POINT('',(6.75E0,-7.5E-1,-1.75E0));
#6831=DIRECTION('',(-1.E0,0.E0,0.E0));
#6832=DIRECTION('',(0.E0,1.E0,0.E0));
#6833=AXIS2_PLACEMENT_3D('',#6830,#6831,#6832);
#6835=DIRECTION('',(0.E0,0.E0,-1.E0));
#6836=VECTOR('',#6835,6.E-1);
#6837=CARTESIAN_POINT('',(6.75E0,2.5E-1,-1.15E0));
#6838=LINE('',#6837,#6836);
#6839=DIRECTION('',(-1.E0,0.E0,0.E0));
#6840=VECTOR('',#6839,5.E-1);
#6841=CARTESIAN_POINT('',(7.25E0,2.5E-1,4.E0));
#6842=LINE('',#6841,#6840);
#6843=DIRECTION('',(-1.E0,0.E0,0.E0));
#6844=VECTOR('',#6843,5.E-1);
#6845=CARTESIAN_POINT('',(7.25E0,-2.5E-1,4.E0));
#6846=LINE('',#6845,#6844);
#6847=DIRECTION('',(-1.E0,0.E0,0.E0));
#6848=VECTOR('',#6847,5.E-1);
#6849=CARTESIAN_POINT('',(7.25E0,-2.5E-1,-1.75E0));
#6850=LINE('',#6849,#6848);
#6851=DIRECTION('',(-1.E0,0.E0,0.E0));
#6852=VECTOR('',#6851,5.E-1);
#6853=CARTESIAN_POINT('',(7.25E0,-7.5E-1,-2.25E0));
#6854=LINE('',#6853,#6852);
#6855=DIRECTION('',(-1.E0,0.E0,0.E0));
#6856=VECTOR('',#6855,5.E-1);
#6857=CARTESIAN_POINT('',(7.25E0,-2.25E0,-2.25E0));
#6858=LINE('',#6857,#6856);
#6859=DIRECTION('',(-1.E0,0.E0,0.E0));
#6860=VECTOR('',#6859,5.E-1);
#6861=CARTESIAN_POINT('',(7.25E0,-2.25E0,-2.75E0));
#6862=LINE('',#6861,#6860);
#6863=DIRECTION('',(-1.E0,0.E0,0.E0));
#6864=VECTOR('',#6863,5.E-1);
#6865=CARTESIAN_POINT('',(7.25E0,-7.5E-1,-2.75E0));
#6866=LINE('',#6865,#6864);
#6867=DIRECTION('',(-1.E0,0.E0,0.E0));
#6868=VECTOR('',#6867,5.E-1);
#6869=CARTESIAN_POINT('',(7.25E0,2.5E-1,-1.75E0));
#6870=LINE('',#6869,#6868);
#6871=DIRECTION('',(0.E0,0.E0,1.E0));
#6872=VECTOR('',#6871,4.E0);
#6873=CARTESIAN_POINT('',(1.125E1,-2.5E-1,0.E0));
#6874=LINE('',#6873,#6872);
#6875=DIRECTION('',(0.E0,1.E0,0.E0));
#6876=VECTOR('',#6875,5.E-1);
#6877=CARTESIAN_POINT('',(1.125E1,-2.5E-1,4.E0));
#6878=LINE('',#6877,#6876);
#6879=DIRECTION('',(0.E0,0.E0,-1.E0));
#6880=VECTOR('',#6879,4.E0);
#6881=CARTESIAN_POINT('',(1.125E1,2.5E-1,4.E0));
#6882=LINE('',#6881,#6880);
#6883=DIRECTION('',(0.E0,0.E0,-1.E0));
#6884=VECTOR('',#6883,6.E-1);
#6885=CARTESIAN_POINT('',(1.125E1,2.5E-1,-1.15E0));
#6886=LINE('',#6885,#6884);
#6887=CARTESIAN_POINT('',(1.125E1,-7.5E-1,-1.75E0));
#6888=DIRECTION('',(-1.E0,0.E0,0.E0));
#6889=DIRECTION('',(0.E0,1.E0,0.E0));
#6890=AXIS2_PLACEMENT_3D('',#6887,#6888,#6889);
#6892=DIRECTION('',(0.E0,-1.E0,0.E0));
#6893=VECTOR('',#6892,1.5E0);
#6894=CARTESIAN_POINT('',(1.125E1,-7.5E-1,-2.75E0));
#6895=LINE('',#6894,#6893);
#6896=DIRECTION('',(0.E0,0.E0,1.E0));
#6897=VECTOR('',#6896,5.E-1);
#6898=CARTESIAN_POINT('',(1.125E1,-2.25E0,-2.75E0));
#6899=LINE('',#6898,#6897);
#6900=DIRECTION('',(0.E0,1.E0,0.E0));
#6901=VECTOR('',#6900,1.5E0);
#6902=CARTESIAN_POINT('',(1.125E1,-2.25E0,-2.25E0));
#6903=LINE('',#6902,#6901);
#6904=CARTESIAN_POINT('',(1.125E1,-7.5E-1,-1.75E0));
#6905=DIRECTION('',(1.E0,0.E0,0.E0));
#6906=DIRECTION('',(0.E0,0.E0,-1.E0));
#6907=AXIS2_PLACEMENT_3D('',#6904,#6905,#6906);
#6909=DIRECTION('',(0.E0,0.E0,1.E0));
#6910=VECTOR('',#6909,6.E-1);
#6911=CARTESIAN_POINT('',(1.125E1,-2.5E-1,-1.75E0));
#6912=LINE('',#6911,#6910);
#6913=DIRECTION('',(0.E0,0.E0,-1.E0));
#6914=VECTOR('',#6913,4.E0);
#6915=CARTESIAN_POINT('',(1.075E1,2.5E-1,4.E0));
#6916=LINE('',#6915,#6914);
#6917=DIRECTION('',(0.E0,1.E0,0.E0));
#6918=VECTOR('',#6917,5.E-1);
#6919=CARTESIAN_POINT('',(1.075E1,-2.5E-1,4.E0));
#6920=LINE('',#6919,#6918);
#6921=DIRECTION('',(0.E0,0.E0,1.E0));
#6922=VECTOR('',#6921,4.E0);
#6923=CARTESIAN_POINT('',(1.075E1,-2.5E-1,0.E0));
#6924=LINE('',#6923,#6922);
#6925=DIRECTION('',(0.E0,0.E0,1.E0));
#6926=VECTOR('',#6925,6.E-1);
#6927=CARTESIAN_POINT('',(1.075E1,-2.5E-1,-1.75E0));
#6928=LINE('',#6927,#6926);
#6929=CARTESIAN_POINT('',(1.075E1,-7.5E-1,-1.75E0));
#6930=DIRECTION('',(1.E0,0.E0,0.E0));
#6931=DIRECTION('',(0.E0,0.E0,-1.E0));
#6932=AXIS2_PLACEMENT_3D('',#6929,#6930,#6931);
#6934=DIRECTION('',(0.E0,1.E0,0.E0));
#6935=VECTOR('',#6934,1.5E0);
#6936=CARTESIAN_POINT('',(1.075E1,-2.25E0,-2.25E0));
#6937=LINE('',#6936,#6935);
#6938=DIRECTION('',(0.E0,0.E0,1.E0));
#6939=VECTOR('',#6938,5.E-1);
#6940=CARTESIAN_POINT('',(1.075E1,-2.25E0,-2.75E0));
#6941=LINE('',#6940,#6939);
#6942=DIRECTION('',(0.E0,-1.E0,0.E0));
#6943=VECTOR('',#6942,1.5E0);
#6944=CARTESIAN_POINT('',(1.075E1,-7.5E-1,-2.75E0));
#6945=LINE('',#6944,#6943);
#6946=CARTESIAN_POINT('',(1.075E1,-7.5E-1,-1.75E0));
#6947=DIRECTION('',(-1.E0,0.E0,0.E0));
#6948=DIRECTION('',(0.E0,1.E0,0.E0));
#6949=AXIS2_PLACEMENT_3D('',#6946,#6947,#6948);
#6951=DIRECTION('',(0.E0,0.E0,-1.E0));
#6952=VECTOR('',#6951,6.E-1);
#6953=CARTESIAN_POINT('',(1.075E1,2.5E-1,-1.15E0));
#6954=LINE('',#6953,#6952);
#6955=DIRECTION('',(-1.E0,0.E0,0.E0));
#6956=VECTOR('',#6955,5.E-1);
#6957=CARTESIAN_POINT('',(1.125E1,2.5E-1,4.E0));
#6958=LINE('',#6957,#6956);
#6959=DIRECTION('',(-1.E0,0.E0,0.E0));
#6960=VECTOR('',#6959,5.E-1);
#6961=CARTESIAN_POINT('',(1.125E1,-2.5E-1,4.E0));
#6962=LINE('',#6961,#6960);
#6963=DIRECTION('',(-1.E0,0.E0,0.E0));
#6964=VECTOR('',#6963,5.E-1);
#6965=CARTESIAN_POINT('',(1.125E1,-2.5E-1,-1.75E0));
#6966=LINE('',#6965,#6964);
#6967=DIRECTION('',(-1.E0,0.E0,0.E0));
#6968=VECTOR('',#6967,5.E-1);
#6969=CARTESIAN_POINT('',(1.125E1,-7.5E-1,-2.25E0));
#6970=LINE('',#6969,#6968);
#6971=DIRECTION('',(-1.E0,0.E0,0.E0));
#6972=VECTOR('',#6971,5.E-1);
#6973=CARTESIAN_POINT('',(1.125E1,-2.25E0,-2.25E0));
#6974=LINE('',#6973,#6972);
#6975=DIRECTION('',(-1.E0,0.E0,0.E0));
#6976=VECTOR('',#6975,5.E-1);
#6977=CARTESIAN_POINT('',(1.125E1,-2.25E0,-2.75E0));
#6978=LINE('',#6977,#6976);
#6979=DIRECTION('',(-1.E0,0.E0,0.E0));
#6980=VECTOR('',#6979,5.E-1);
#6981=CARTESIAN_POINT('',(1.125E1,-7.5E-1,-2.75E0));
#6982=LINE('',#6981,#6980);
#6983=DIRECTION('',(-1.E0,0.E0,0.E0));
#6984=VECTOR('',#6983,5.E-1);
#6985=CARTESIAN_POINT('',(1.125E1,2.5E-1,-1.75E0));
#6986=LINE('',#6985,#6984);
#6987=DIRECTION('',(0.E0,0.E0,1.E0));
#6988=VECTOR('',#6987,4.E0);
#6989=CARTESIAN_POINT('',(1.525E1,-2.5E-1,0.E0));
#6990=LINE('',#6989,#6988);
#6991=DIRECTION('',(0.E0,1.E0,0.E0));
#6992=VECTOR('',#6991,5.E-1);
#6993=CARTESIAN_POINT('',(1.525E1,-2.5E-1,4.E0));
#6994=LINE('',#6993,#6992);
#6995=DIRECTION('',(0.E0,0.E0,-1.E0));
#6996=VECTOR('',#6995,4.E0);
#6997=CARTESIAN_POINT('',(1.525E1,2.5E-1,4.E0));
#6998=LINE('',#6997,#6996);
#6999=DIRECTION('',(0.E0,0.E0,-1.E0));
#7000=VECTOR('',#6999,6.E-1);
#7001=CARTESIAN_POINT('',(1.525E1,2.5E-1,-1.15E0));
#7002=LINE('',#7001,#7000);
#7003=CARTESIAN_POINT('',(1.525E1,-7.5E-1,-1.75E0));
#7004=DIRECTION('',(-1.E0,0.E0,0.E0));
#7005=DIRECTION('',(0.E0,1.E0,0.E0));
#7006=AXIS2_PLACEMENT_3D('',#7003,#7004,#7005);
#7008=DIRECTION('',(0.E0,-1.E0,0.E0));
#7009=VECTOR('',#7008,1.5E0);
#7010=CARTESIAN_POINT('',(1.525E1,-7.5E-1,-2.75E0));
#7011=LINE('',#7010,#7009);
#7012=DIRECTION('',(0.E0,0.E0,1.E0));
#7013=VECTOR('',#7012,5.E-1);
#7014=CARTESIAN_POINT('',(1.525E1,-2.25E0,-2.75E0));
#7015=LINE('',#7014,#7013);
#7016=DIRECTION('',(0.E0,1.E0,0.E0));
#7017=VECTOR('',#7016,1.5E0);
#7018=CARTESIAN_POINT('',(1.525E1,-2.25E0,-2.25E0));
#7019=LINE('',#7018,#7017);
#7020=CARTESIAN_POINT('',(1.525E1,-7.5E-1,-1.75E0));
#7021=DIRECTION('',(1.E0,0.E0,0.E0));
#7022=DIRECTION('',(0.E0,0.E0,-1.E0));
#7023=AXIS2_PLACEMENT_3D('',#7020,#7021,#7022);
#7025=DIRECTION('',(0.E0,0.E0,1.E0));
#7026=VECTOR('',#7025,6.E-1);
#7027=CARTESIAN_POINT('',(1.525E1,-2.5E-1,-1.75E0));
#7028=LINE('',#7027,#7026);
#7029=DIRECTION('',(0.E0,0.E0,-1.E0));
#7030=VECTOR('',#7029,4.E0);
#7031=CARTESIAN_POINT('',(1.475E1,2.5E-1,4.E0));
#7032=LINE('',#7031,#7030);
#7033=DIRECTION('',(0.E0,1.E0,0.E0));
#7034=VECTOR('',#7033,5.E-1);
#7035=CARTESIAN_POINT('',(1.475E1,-2.5E-1,4.E0));
#7036=LINE('',#7035,#7034);
#7037=DIRECTION('',(0.E0,0.E0,1.E0));
#7038=VECTOR('',#7037,4.E0);
#7039=CARTESIAN_POINT('',(1.475E1,-2.5E-1,0.E0));
#7040=LINE('',#7039,#7038);
#7041=DIRECTION('',(0.E0,0.E0,1.E0));
#7042=VECTOR('',#7041,6.E-1);
#7043=CARTESIAN_POINT('',(1.475E1,-2.5E-1,-1.75E0));
#7044=LINE('',#7043,#7042);
#7045=CARTESIAN_POINT('',(1.475E1,-7.5E-1,-1.75E0));
#7046=DIRECTION('',(1.E0,0.E0,0.E0));
#7047=DIRECTION('',(0.E0,0.E0,-1.E0));
#7048=AXIS2_PLACEMENT_3D('',#7045,#7046,#7047);
#7050=DIRECTION('',(0.E0,1.E0,0.E0));
#7051=VECTOR('',#7050,1.5E0);
#7052=CARTESIAN_POINT('',(1.475E1,-2.25E0,-2.25E0));
#7053=LINE('',#7052,#7051);
#7054=DIRECTION('',(0.E0,0.E0,1.E0));
#7055=VECTOR('',#7054,5.E-1);
#7056=CARTESIAN_POINT('',(1.475E1,-2.25E0,-2.75E0));
#7057=LINE('',#7056,#7055);
#7058=DIRECTION('',(0.E0,-1.E0,0.E0));
#7059=VECTOR('',#7058,1.5E0);
#7060=CARTESIAN_POINT('',(1.475E1,-7.5E-1,-2.75E0));
#7061=LINE('',#7060,#7059);
#7062=CARTESIAN_POINT('',(1.475E1,-7.5E-1,-1.75E0));
#7063=DIRECTION('',(-1.E0,0.E0,0.E0));
#7064=DIRECTION('',(0.E0,1.E0,0.E0));
#7065=AXIS2_PLACEMENT_3D('',#7062,#7063,#7064);
#7067=DIRECTION('',(0.E0,0.E0,-1.E0));
#7068=VECTOR('',#7067,6.E-1);
#7069=CARTESIAN_POINT('',(1.475E1,2.5E-1,-1.15E0));
#7070=LINE('',#7069,#7068);
#7071=DIRECTION('',(-1.E0,0.E0,0.E0));
#7072=VECTOR('',#7071,5.E-1);
#7073=CARTESIAN_POINT('',(1.525E1,2.5E-1,4.E0));
#7074=LINE('',#7073,#7072);
#7075=DIRECTION('',(-1.E0,0.E0,0.E0));
#7076=VECTOR('',#7075,5.E-1);
#7077=CARTESIAN_POINT('',(1.525E1,-2.5E-1,4.E0));
#7078=LINE('',#7077,#7076);
#7079=DIRECTION('',(-1.E0,0.E0,0.E0));
#7080=VECTOR('',#7079,5.E-1);
#7081=CARTESIAN_POINT('',(1.525E1,-2.5E-1,-1.75E0));
#7082=LINE('',#7081,#7080);
#7083=DIRECTION('',(-1.E0,0.E0,0.E0));
#7084=VECTOR('',#7083,5.E-1);
#7085=CARTESIAN_POINT('',(1.525E1,-7.5E-1,-2.25E0));
#7086=LINE('',#7085,#7084);
#7087=DIRECTION('',(-1.E0,0.E0,0.E0));
#7088=VECTOR('',#7087,5.E-1);
#7089=CARTESIAN_POINT('',(1.525E1,-2.25E0,-2.25E0));
#7090=LINE('',#7089,#7088);
#7091=DIRECTION('',(-1.E0,0.E0,0.E0));
#7092=VECTOR('',#7091,5.E-1);
#7093=CARTESIAN_POINT('',(1.525E1,-2.25E0,-2.75E0));
#7094=LINE('',#7093,#7092);
#7095=DIRECTION('',(-1.E0,0.E0,0.E0));
#7096=VECTOR('',#7095,5.E-1);
#7097=CARTESIAN_POINT('',(1.525E1,-7.5E-1,-2.75E0));
#7098=LINE('',#7097,#7096);
#7099=DIRECTION('',(-1.E0,0.E0,0.E0));
#7100=VECTOR('',#7099,5.E-1);
#7101=CARTESIAN_POINT('',(1.525E1,2.5E-1,-1.75E0));
#7102=LINE('',#7101,#7100);
#7103=DIRECTION('',(0.E0,0.E0,1.E0));
#7104=VECTOR('',#7103,4.E0);
#7105=CARTESIAN_POINT('',(1.925E1,-2.5E-1,0.E0));
#7106=LINE('',#7105,#7104);
#7107=DIRECTION('',(0.E0,1.E0,0.E0));
#7108=VECTOR('',#7107,5.E-1);
#7109=CARTESIAN_POINT('',(1.925E1,-2.5E-1,4.E0));
#7110=LINE('',#7109,#7108);
#7111=DIRECTION('',(0.E0,0.E0,-1.E0));
#7112=VECTOR('',#7111,4.E0);
#7113=CARTESIAN_POINT('',(1.925E1,2.5E-1,4.E0));
#7114=LINE('',#7113,#7112);
#7115=DIRECTION('',(0.E0,0.E0,-1.E0));
#7116=VECTOR('',#7115,6.E-1);
#7117=CARTESIAN_POINT('',(1.925E1,2.5E-1,-1.15E0));
#7118=LINE('',#7117,#7116);
#7119=CARTESIAN_POINT('',(1.925E1,-7.5E-1,-1.75E0));
#7120=DIRECTION('',(-1.E0,0.E0,0.E0));
#7121=DIRECTION('',(0.E0,1.E0,0.E0));
#7122=AXIS2_PLACEMENT_3D('',#7119,#7120,#7121);
#7124=DIRECTION('',(0.E0,-1.E0,0.E0));
#7125=VECTOR('',#7124,1.5E0);
#7126=CARTESIAN_POINT('',(1.925E1,-7.5E-1,-2.75E0));
#7127=LINE('',#7126,#7125);
#7128=DIRECTION('',(0.E0,0.E0,1.E0));
#7129=VECTOR('',#7128,5.E-1);
#7130=CARTESIAN_POINT('',(1.925E1,-2.25E0,-2.75E0));
#7131=LINE('',#7130,#7129);
#7132=DIRECTION('',(0.E0,1.E0,0.E0));
#7133=VECTOR('',#7132,1.5E0);
#7134=CARTESIAN_POINT('',(1.925E1,-2.25E0,-2.25E0));
#7135=LINE('',#7134,#7133);
#7136=CARTESIAN_POINT('',(1.925E1,-7.5E-1,-1.75E0));
#7137=DIRECTION('',(1.E0,0.E0,0.E0));
#7138=DIRECTION('',(0.E0,0.E0,-1.E0));
#7139=AXIS2_PLACEMENT_3D('',#7136,#7137,#7138);
#7141=DIRECTION('',(0.E0,0.E0,1.E0));
#7142=VECTOR('',#7141,6.E-1);
#7143=CARTESIAN_POINT('',(1.925E1,-2.5E-1,-1.75E0));
#7144=LINE('',#7143,#7142);
#7145=DIRECTION('',(0.E0,0.E0,-1.E0));
#7146=VECTOR('',#7145,4.E0);
#7147=CARTESIAN_POINT('',(1.875E1,2.5E-1,4.E0));
#7148=LINE('',#7147,#7146);
#7149=DIRECTION('',(0.E0,1.E0,0.E0));
#7150=VECTOR('',#7149,5.E-1);
#7151=CARTESIAN_POINT('',(1.875E1,-2.5E-1,4.E0));
#7152=LINE('',#7151,#7150);
#7153=DIRECTION('',(0.E0,0.E0,1.E0));
#7154=VECTOR('',#7153,4.E0);
#7155=CARTESIAN_POINT('',(1.875E1,-2.5E-1,0.E0));
#7156=LINE('',#7155,#7154);
#7157=DIRECTION('',(0.E0,0.E0,1.E0));
#7158=VECTOR('',#7157,6.E-1);
#7159=CARTESIAN_POINT('',(1.875E1,-2.5E-1,-1.75E0));
#7160=LINE('',#7159,#7158);
#7161=CARTESIAN_POINT('',(1.875E1,-7.5E-1,-1.75E0));
#7162=DIRECTION('',(1.E0,0.E0,0.E0));
#7163=DIRECTION('',(0.E0,0.E0,-1.E0));
#7164=AXIS2_PLACEMENT_3D('',#7161,#7162,#7163);
#7166=DIRECTION('',(0.E0,1.E0,0.E0));
#7167=VECTOR('',#7166,1.5E0);
#7168=CARTESIAN_POINT('',(1.875E1,-2.25E0,-2.25E0));
#7169=LINE('',#7168,#7167);
#7170=DIRECTION('',(0.E0,0.E0,1.E0));
#7171=VECTOR('',#7170,5.E-1);
#7172=CARTESIAN_POINT('',(1.875E1,-2.25E0,-2.75E0));
#7173=LINE('',#7172,#7171);
#7174=DIRECTION('',(0.E0,-1.E0,0.E0));
#7175=VECTOR('',#7174,1.5E0);
#7176=CARTESIAN_POINT('',(1.875E1,-7.5E-1,-2.75E0));
#7177=LINE('',#7176,#7175);
#7178=CARTESIAN_POINT('',(1.875E1,-7.5E-1,-1.75E0));
#7179=DIRECTION('',(-1.E0,0.E0,0.E0));
#7180=DIRECTION('',(0.E0,1.E0,0.E0));
#7181=AXIS2_PLACEMENT_3D('',#7178,#7179,#7180);
#7183=DIRECTION('',(0.E0,0.E0,-1.E0));
#7184=VECTOR('',#7183,6.E-1);
#7185=CARTESIAN_POINT('',(1.875E1,2.5E-1,-1.15E0));
#7186=LINE('',#7185,#7184);
#7187=DIRECTION('',(-1.E0,0.E0,0.E0));
#7188=VECTOR('',#7187,5.E-1);
#7189=CARTESIAN_POINT('',(1.925E1,2.5E-1,4.E0));
#7190=LINE('',#7189,#7188);
#7191=DIRECTION('',(-1.E0,0.E0,0.E0));
#7192=VECTOR('',#7191,5.E-1);
#7193=CARTESIAN_POINT('',(1.925E1,-2.5E-1,4.E0));
#7194=LINE('',#7193,#7192);
#7195=DIRECTION('',(-1.E0,0.E0,0.E0));
#7196=VECTOR('',#7195,5.E-1);
#7197=CARTESIAN_POINT('',(1.925E1,-2.5E-1,-1.75E0));
#7198=LINE('',#7197,#7196);
#7199=DIRECTION('',(-1.E0,0.E0,0.E0));
#7200=VECTOR('',#7199,5.E-1);
#7201=CARTESIAN_POINT('',(1.925E1,-7.5E-1,-2.25E0));
#7202=LINE('',#7201,#7200);
#7203=DIRECTION('',(-1.E0,0.E0,0.E0));
#7204=VECTOR('',#7203,5.E-1);
#7205=CARTESIAN_POINT('',(1.925E1,-2.25E0,-2.25E0));
#7206=LINE('',#7205,#7204);
#7207=DIRECTION('',(-1.E0,0.E0,0.E0));
#7208=VECTOR('',#7207,5.E-1);
#7209=CARTESIAN_POINT('',(1.925E1,-2.25E0,-2.75E0));
#7210=LINE('',#7209,#7208);
#7211=DIRECTION('',(-1.E0,0.E0,0.E0));
#7212=VECTOR('',#7211,5.E-1);
#7213=CARTESIAN_POINT('',(1.925E1,-7.5E-1,-2.75E0));
#7214=LINE('',#7213,#7212);
#7215=DIRECTION('',(-1.E0,0.E0,0.E0));
#7216=VECTOR('',#7215,5.E-1);
#7217=CARTESIAN_POINT('',(1.925E1,2.5E-1,-1.75E0));
#7218=LINE('',#7217,#7216);
#7219=CARTESIAN_POINT('',(-1.795456512734E1,-5.757247877714E-1,-1.15E0));
#7220=CARTESIAN_POINT('',(-1.804543487266E1,-5.757247877714E-1,-1.15E0));
#7221=VERTEX_POINT('',#7219);
#7222=VERTEX_POINT('',#7220);
#7223=CARTESIAN_POINT('',(-1.77E1,1.E0,0.E0));
#7224=CARTESIAN_POINT('',(-1.77E1,-1.E0,0.E0));
#7225=VERTEX_POINT('',#7223);
#7226=VERTEX_POINT('',#7224);
#7227=CARTESIAN_POINT('',(-1.83E1,1.E0,0.E0));
#7228=CARTESIAN_POINT('',(-1.83E1,-1.E0,0.E0));
#7229=VERTEX_POINT('',#7227);
#7230=VERTEX_POINT('',#7228);
#7231=CARTESIAN_POINT('',(-1.804543487266E1,-5.757247877714E-1,
-4.242752122286E-1));
#7232=VERTEX_POINT('',#7231);
#7233=CARTESIAN_POINT('',(-1.795456512734E1,-5.757247877714E-1,
-4.242752122286E-1));
#7234=VERTEX_POINT('',#7233);
#7235=CARTESIAN_POINT('',(-1.795456512734E1,5.757247877714E-1,
-4.242752122286E-1));
#7236=VERTEX_POINT('',#7235);
#7237=CARTESIAN_POINT('',(-1.804543487266E1,5.757247877714E-1,
-4.242752122286E-1));
#7238=VERTEX_POINT('',#7237);
#7239=CARTESIAN_POINT('',(-1.795456512734E1,5.757247877714E-1,-1.15E0));
#7240=CARTESIAN_POINT('',(-1.804543487266E1,5.757247877714E-1,-1.15E0));
#7241=VERTEX_POINT('',#7239);
#7242=VERTEX_POINT('',#7240);
#7243=CARTESIAN_POINT('',(-1.985E1,5.E-1,-1.15E0));
#7244=CARTESIAN_POINT('',(-2.E1,6.E-1,-1.15E0));
#7245=VERTEX_POINT('',#7243);
#7246=VERTEX_POINT('',#7244);
#7247=CARTESIAN_POINT('',(-2.E1,-6.E-1,-1.15E0));
#7248=CARTESIAN_POINT('',(-1.985E1,-5.E-1,-1.15E0));
#7249=VERTEX_POINT('',#7247);
#7250=VERTEX_POINT('',#7248);
#7251=CARTESIAN_POINT('',(-1.985E1,5.E-1,0.E0));
#7252=CARTESIAN_POINT('',(-2.E1,6.E-1,-1.5E-1));
#7253=VERTEX_POINT('',#7251);
#7254=VERTEX_POINT('',#7252);
#7255=CARTESIAN_POINT('',(-2.E1,8.5E-1,-1.5E-1));
#7256=VERTEX_POINT('',#7255);
#7257=CARTESIAN_POINT('',(-1.985E1,1.E0,0.E0));
#7258=VERTEX_POINT('',#7257);
#7259=CARTESIAN_POINT('',(-1.985E1,1.E0,-1.5E0));
#7260=VERTEX_POINT('',#7259);
#7261=CARTESIAN_POINT('',(-2.E1,8.5E-1,-1.35E0));
#7262=VERTEX_POINT('',#7261);
#7263=CARTESIAN_POINT('',(-2.E1,6.E-1,-1.35E0));
#7264=CARTESIAN_POINT('',(-1.985E1,6.E-1,-1.5E0));
#7265=VERTEX_POINT('',#7263);
#7266=VERTEX_POINT('',#7264);
#7267=CARTESIAN_POINT('',(-1.985E1,-6.E-1,-1.5E0));
#7268=CARTESIAN_POINT('',(-2.E1,-6.E-1,-1.35E0));
#7269=VERTEX_POINT('',#7267);
#7270=VERTEX_POINT('',#7268);
#7271=CARTESIAN_POINT('',(-2.E1,-8.5E-1,-1.35E0));
#7272=VERTEX_POINT('',#7271);
#7273=CARTESIAN_POINT('',(-1.985E1,-1.E0,-1.5E0));
#7274=VERTEX_POINT('',#7273);
#7275=CARTESIAN_POINT('',(-2.E1,-8.5E-1,-1.5E-1));
#7276=VERTEX_POINT('',#7275);
#7277=CARTESIAN_POINT('',(-1.985E1,-1.E0,0.E0));
#7278=VERTEX_POINT('',#7277);
#7279=CARTESIAN_POINT('',(-2.E1,-6.E-1,-1.5E-1));
#7280=CARTESIAN_POINT('',(-1.985E1,-5.E-1,0.E0));
#7281=VERTEX_POINT('',#7279);
#7282=VERTEX_POINT('',#7280);
#7283=CARTESIAN_POINT('',(-1.875E1,-2.5E-1,0.E0));
#7284=CARTESIAN_POINT('',(-1.875E1,2.5E-1,0.E0));
#7285=VERTEX_POINT('',#7283);
#7286=VERTEX_POINT('',#7284);
#7287=CARTESIAN_POINT('',(-1.925E1,-2.5E-1,0.E0));
#7288=CARTESIAN_POINT('',(-1.925E1,2.5E-1,0.E0));
#7289=VERTEX_POINT('',#7287);
#7290=VERTEX_POINT('',#7288);
#7291=CARTESIAN_POINT('',(-1.875E1,-2.5E-1,-1.15E0));
#7292=CARTESIAN_POINT('',(-1.875E1,2.5E-1,-1.15E0));
#7293=VERTEX_POINT('',#7291);
#7294=VERTEX_POINT('',#7292);
#7295=CARTESIAN_POINT('',(-1.925E1,-2.5E-1,-1.15E0));
#7296=CARTESIAN_POINT('',(-1.925E1,2.5E-1,-1.15E0));
#7297=VERTEX_POINT('',#7295);
#7298=VERTEX_POINT('',#7296);
#7299=CARTESIAN_POINT('',(-1.83E1,-1.E0,-1.5E0));
#7300=CARTESIAN_POINT('',(-1.83E1,-1.E0,-1.15E0));
#7301=VERTEX_POINT('',#7299);
#7302=VERTEX_POINT('',#7300);
#7303=CARTESIAN_POINT('',(-1.83E1,-6.E-1,-1.5E0));
#7304=VERTEX_POINT('',#7303);
#7305=CARTESIAN_POINT('',(-1.83E1,1.E0,-1.5E0));
#7306=CARTESIAN_POINT('',(-1.83E1,1.E0,-1.15E0));
#7307=VERTEX_POINT('',#7305);
#7308=VERTEX_POINT('',#7306);
#7309=CARTESIAN_POINT('',(-1.83E1,-6.E-1,-1.15E0));
#7310=VERTEX_POINT('',#7309);
#7311=CARTESIAN_POINT('',(-1.83E1,6.E-1,-1.15E0));
#7312=CARTESIAN_POINT('',(-1.83E1,6.E-1,-1.5E0));
#7313=VERTEX_POINT('',#7311);
#7314=VERTEX_POINT('',#7312);
#7315=CARTESIAN_POINT('',(-1.77E1,-1.E0,-1.5E0));
#7316=CARTESIAN_POINT('',(-1.77E1,-1.E0,-1.15E0));
#7317=VERTEX_POINT('',#7315);
#7318=VERTEX_POINT('',#7316);
#7319=CARTESIAN_POINT('',(-1.77E1,-6.E-1,-1.5E0));
#7320=VERTEX_POINT('',#7319);
#7321=CARTESIAN_POINT('',(-1.77E1,1.E0,-1.5E0));
#7322=CARTESIAN_POINT('',(-1.77E1,1.E0,-1.15E0));
#7323=VERTEX_POINT('',#7321);
#7324=VERTEX_POINT('',#7322);
#7325=CARTESIAN_POINT('',(-1.77E1,-6.E-1,-1.15E0));
#7326=VERTEX_POINT('',#7325);
#7327=CARTESIAN_POINT('',(-1.77E1,6.E-1,-1.15E0));
#7328=CARTESIAN_POINT('',(-1.77E1,6.E-1,-1.5E0));
#7329=VERTEX_POINT('',#7327);
#7330=VERTEX_POINT('',#7328);
#7331=CARTESIAN_POINT('',(-1.595456512734E1,5.757247877714E-1,
-4.242752122286E-1));
#7332=CARTESIAN_POINT('',(-1.595456512734E1,-5.757247877714E-1,
-4.242752122286E-1));
#7333=VERTEX_POINT('',#7331);
#7334=VERTEX_POINT('',#7332);
#7335=CARTESIAN_POINT('',(-1.604543487266E1,5.757247877714E-1,
-4.242752122286E-1));
#7336=CARTESIAN_POINT('',(-1.604543487266E1,-5.757247877714E-1,
-4.242752122286E-1));
#7337=VERTEX_POINT('',#7335);
#7338=VERTEX_POINT('',#7336);
#7339=CARTESIAN_POINT('',(-1.63E1,-1.E0,-1.15E0));
#7340=CARTESIAN_POINT('',(-1.63E1,-6.E-1,-1.15E0));
#7341=VERTEX_POINT('',#7339);
#7342=VERTEX_POINT('',#7340);
#7343=CARTESIAN_POINT('',(-1.63E1,6.E-1,-1.15E0));
#7344=CARTESIAN_POINT('',(-1.63E1,1.E0,-1.15E0));
#7345=VERTEX_POINT('',#7343);
#7346=VERTEX_POINT('',#7344);
#7347=CARTESIAN_POINT('',(-1.57E1,-6.E-1,-1.15E0));
#7348=CARTESIAN_POINT('',(-1.57E1,-1.E0,-1.15E0));
#7349=VERTEX_POINT('',#7347);
#7350=VERTEX_POINT('',#7348);
#7351=CARTESIAN_POINT('',(-1.57E1,1.E0,-1.15E0));
#7352=CARTESIAN_POINT('',(-1.57E1,6.E-1,-1.15E0));
#7353=VERTEX_POINT('',#7351);
#7354=VERTEX_POINT('',#7352);
#7355=CARTESIAN_POINT('',(-1.604543487266E1,-5.757247877714E-1,-1.15E0));
#7356=CARTESIAN_POINT('',(-1.595456512734E1,-5.757247877714E-1,-1.15E0));
#7357=VERTEX_POINT('',#7355);
#7358=VERTEX_POINT('',#7356);
#7359=CARTESIAN_POINT('',(-1.595456512734E1,5.757247877714E-1,-1.15E0));
#7360=CARTESIAN_POINT('',(-1.604543487266E1,5.757247877714E-1,-1.15E0));
#7361=VERTEX_POINT('',#7359);
#7362=VERTEX_POINT('',#7360);
#7363=CARTESIAN_POINT('',(-1.63E1,1.E0,0.E0));
#7364=CARTESIAN_POINT('',(-1.63E1,-1.E0,0.E0));
#7365=VERTEX_POINT('',#7363);
#7366=VERTEX_POINT('',#7364);
#7367=CARTESIAN_POINT('',(-1.63E1,-1.E0,-1.5E0));
#7368=VERTEX_POINT('',#7367);
#7369=CARTESIAN_POINT('',(-1.63E1,-6.E-1,-1.5E0));
#7370=VERTEX_POINT('',#7369);
#7371=CARTESIAN_POINT('',(-1.63E1,1.E0,-1.5E0));
#7372=VERTEX_POINT('',#7371);
#7373=CARTESIAN_POINT('',(-1.63E1,6.E-1,-1.5E0));
#7374=VERTEX_POINT('',#7373);
#7375=CARTESIAN_POINT('',(-1.875E1,-2.5E-1,4.E0));
#7376=CARTESIAN_POINT('',(-1.875E1,2.5E-1,4.E0));
#7377=VERTEX_POINT('',#7375);
#7378=VERTEX_POINT('',#7376);
#7379=CARTESIAN_POINT('',(-1.925E1,-2.5E-1,4.E0));
#7380=CARTESIAN_POINT('',(-1.925E1,2.5E-1,4.E0));
#7381=VERTEX_POINT('',#7379);
#7382=VERTEX_POINT('',#7380);
#7383=CARTESIAN_POINT('',(-1.875E1,2.5E-1,-1.75E0));
#7384=VERTEX_POINT('',#7383);
#7385=CARTESIAN_POINT('',(-1.875E1,-2.5E-1,-1.75E0));
#7386=VERTEX_POINT('',#7385);
#7387=CARTESIAN_POINT('',(-1.925E1,2.5E-1,-1.75E0));
#7388=VERTEX_POINT('',#7387);
#7389=CARTESIAN_POINT('',(-1.925E1,-2.5E-1,-1.75E0));
#7390=VERTEX_POINT('',#7389);
#7391=CARTESIAN_POINT('',(-1.675E1,-2.5E-1,4.E0));
#7392=CARTESIAN_POINT('',(-1.675E1,2.5E-1,4.E0));
#7393=VERTEX_POINT('',#7391);
#7394=VERTEX_POINT('',#7392);
#7395=CARTESIAN_POINT('',(-1.725E1,-2.5E-1,4.E0));
#7396=CARTESIAN_POINT('',(-1.725E1,2.5E-1,4.E0));
#7397=VERTEX_POINT('',#7395);
#7398=VERTEX_POINT('',#7396);
#7399=CARTESIAN_POINT('',(-1.675E1,2.5E-1,0.E0));
#7400=CARTESIAN_POINT('',(-1.675E1,-2.5E-1,0.E0));
#7401=VERTEX_POINT('',#7399);
#7402=VERTEX_POINT('',#7400);
#7403=CARTESIAN_POINT('',(-1.725E1,2.5E-1,0.E0));
#7404=CARTESIAN_POINT('',(-1.725E1,-2.5E-1,0.E0));
#7405=VERTEX_POINT('',#7403);
#7406=VERTEX_POINT('',#7404);
#7407=CARTESIAN_POINT('',(-1.675E1,2.5E-1,-1.15E0));
#7408=CARTESIAN_POINT('',(-1.675E1,-2.5E-1,-1.15E0));
#7409=VERTEX_POINT('',#7407);
#7410=VERTEX_POINT('',#7408);
#7411=CARTESIAN_POINT('',(-1.725E1,2.5E-1,-1.15E0));
#7412=CARTESIAN_POINT('',(-1.725E1,-2.5E-1,-1.15E0));
#7413=VERTEX_POINT('',#7411);
#7414=VERTEX_POINT('',#7412);
#7415=CARTESIAN_POINT('',(-1.675E1,2.5E-1,-1.75E0));
#7416=VERTEX_POINT('',#7415);
#7417=CARTESIAN_POINT('',(-1.675E1,-2.5E-1,-1.75E0));
#7418=VERTEX_POINT('',#7417);
#7419=CARTESIAN_POINT('',(-1.725E1,2.5E-1,-1.75E0));
#7420=VERTEX_POINT('',#7419);
#7421=CARTESIAN_POINT('',(-1.725E1,-2.5E-1,-1.75E0));
#7422=VERTEX_POINT('',#7421);
#7423=CARTESIAN_POINT('',(-1.395456512734E1,5.757247877714E-1,
-4.242752122286E-1));
#7424=CARTESIAN_POINT('',(-1.395456512734E1,-5.757247877714E-1,
-4.242752122286E-1));
#7425=VERTEX_POINT('',#7423);
#7426=VERTEX_POINT('',#7424);
#7427=CARTESIAN_POINT('',(-1.404543487266E1,5.757247877714E-1,
-4.242752122286E-1));
#7428=CARTESIAN_POINT('',(-1.404543487266E1,-5.757247877714E-1,
-4.242752122286E-1));
#7429=VERTEX_POINT('',#7427);
#7430=VERTEX_POINT('',#7428);
#7431=CARTESIAN_POINT('',(-1.43E1,-1.E0,-1.15E0));
#7432=CARTESIAN_POINT('',(-1.43E1,-6.E-1,-1.15E0));
#7433=VERTEX_POINT('',#7431);
#7434=VERTEX_POINT('',#7432);
#7435=CARTESIAN_POINT('',(-1.43E1,6.E-1,-1.15E0));
#7436=CARTESIAN_POINT('',(-1.43E1,1.E0,-1.15E0));
#7437=VERTEX_POINT('',#7435);
#7438=VERTEX_POINT('',#7436);
#7439=CARTESIAN_POINT('',(-1.37E1,-6.E-1,-1.15E0));
#7440=CARTESIAN_POINT('',(-1.37E1,-1.E0,-1.15E0));
#7441=VERTEX_POINT('',#7439);
#7442=VERTEX_POINT('',#7440);
#7443=CARTESIAN_POINT('',(-1.37E1,1.E0,-1.15E0));
#7444=CARTESIAN_POINT('',(-1.37E1,6.E-1,-1.15E0));
#7445=VERTEX_POINT('',#7443);
#7446=VERTEX_POINT('',#7444);
#7447=CARTESIAN_POINT('',(-1.57E1,1.E0,0.E0));
#7448=CARTESIAN_POINT('',(-1.57E1,-1.E0,0.E0));
#7449=VERTEX_POINT('',#7447);
#7450=VERTEX_POINT('',#7448);
#7451=CARTESIAN_POINT('',(-1.57E1,-1.E0,-1.5E0));
#7452=VERTEX_POINT('',#7451);
#7453=CARTESIAN_POINT('',(-1.57E1,-6.E-1,-1.5E0));
#7454=VERTEX_POINT('',#7453);
#7455=CARTESIAN_POINT('',(-1.57E1,1.E0,-1.5E0));
#7456=VERTEX_POINT('',#7455);
#7457=CARTESIAN_POINT('',(-1.57E1,6.E-1,-1.5E0));
#7458=VERTEX_POINT('',#7457);
#7459=CARTESIAN_POINT('',(-1.404543487266E1,-5.757247877714E-1,-1.15E0));
#7460=CARTESIAN_POINT('',(-1.395456512734E1,-5.757247877714E-1,-1.15E0));
#7461=VERTEX_POINT('',#7459);
#7462=VERTEX_POINT('',#7460);
#7463=CARTESIAN_POINT('',(-1.395456512734E1,5.757247877714E-1,-1.15E0));
#7464=CARTESIAN_POINT('',(-1.404543487266E1,5.757247877714E-1,-1.15E0));
#7465=VERTEX_POINT('',#7463);
#7466=VERTEX_POINT('',#7464);
#7467=CARTESIAN_POINT('',(-1.43E1,1.E0,0.E0));
#7468=CARTESIAN_POINT('',(-1.43E1,-1.E0,0.E0));
#7469=VERTEX_POINT('',#7467);
#7470=VERTEX_POINT('',#7468);
#7471=CARTESIAN_POINT('',(-1.43E1,-1.E0,-1.5E0));
#7472=VERTEX_POINT('',#7471);
#7473=CARTESIAN_POINT('',(-1.43E1,-6.E-1,-1.5E0));
#7474=VERTEX_POINT('',#7473);
#7475=CARTESIAN_POINT('',(-1.43E1,1.E0,-1.5E0));
#7476=VERTEX_POINT('',#7475);
#7477=CARTESIAN_POINT('',(-1.43E1,6.E-1,-1.5E0));
#7478=VERTEX_POINT('',#7477);
#7479=CARTESIAN_POINT('',(-1.195456512734E1,5.757247877714E-1,
-4.242752122286E-1));
#7480=CARTESIAN_POINT('',(-1.195456512734E1,-5.757247877714E-1,
-4.242752122286E-1));
#7481=VERTEX_POINT('',#7479);
#7482=VERTEX_POINT('',#7480);
#7483=CARTESIAN_POINT('',(-1.204543487266E1,5.757247877714E-1,
-4.242752122286E-1));
#7484=CARTESIAN_POINT('',(-1.204543487266E1,-5.757247877714E-1,
-4.242752122286E-1));
#7485=VERTEX_POINT('',#7483);
#7486=VERTEX_POINT('',#7484);
#7487=CARTESIAN_POINT('',(-1.23E1,-1.E0,-1.15E0));
#7488=CARTESIAN_POINT('',(-1.23E1,-6.E-1,-1.15E0));
#7489=VERTEX_POINT('',#7487);
#7490=VERTEX_POINT('',#7488);
#7491=CARTESIAN_POINT('',(-1.23E1,6.E-1,-1.15E0));
#7492=CARTESIAN_POINT('',(-1.23E1,1.E0,-1.15E0));
#7493=VERTEX_POINT('',#7491);
#7494=VERTEX_POINT('',#7492);
#7495=CARTESIAN_POINT('',(-1.17E1,-6.E-1,-1.15E0));
#7496=CARTESIAN_POINT('',(-1.17E1,-1.E0,-1.15E0));
#7497=VERTEX_POINT('',#7495);
#7498=VERTEX_POINT('',#7496);
#7499=CARTESIAN_POINT('',(-1.17E1,1.E0,-1.15E0));
#7500=CARTESIAN_POINT('',(-1.17E1,6.E-1,-1.15E0));
#7501=VERTEX_POINT('',#7499);
#7502=VERTEX_POINT('',#7500);
#7503=CARTESIAN_POINT('',(-1.37E1,1.E0,0.E0));
#7504=CARTESIAN_POINT('',(-1.37E1,-1.E0,0.E0));
#7505=VERTEX_POINT('',#7503);
#7506=VERTEX_POINT('',#7504);
#7507=CARTESIAN_POINT('',(-1.37E1,-1.E0,-1.5E0));
#7508=VERTEX_POINT('',#7507);
#7509=CARTESIAN_POINT('',(-1.37E1,-6.E-1,-1.5E0));
#7510=VERTEX_POINT('',#7509);
#7511=CARTESIAN_POINT('',(-1.37E1,1.E0,-1.5E0));
#7512=VERTEX_POINT('',#7511);
#7513=CARTESIAN_POINT('',(-1.37E1,6.E-1,-1.5E0));
#7514=VERTEX_POINT('',#7513);
#7515=CARTESIAN_POINT('',(-1.204543487266E1,-5.757247877714E-1,-1.15E0));
#7516=CARTESIAN_POINT('',(-1.195456512734E1,-5.757247877714E-1,-1.15E0));
#7517=VERTEX_POINT('',#7515);
#7518=VERTEX_POINT('',#7516);
#7519=CARTESIAN_POINT('',(-1.195456512734E1,5.757247877714E-1,-1.15E0));
#7520=CARTESIAN_POINT('',(-1.204543487266E1,5.757247877714E-1,-1.15E0));
#7521=VERTEX_POINT('',#7519);
#7522=VERTEX_POINT('',#7520);
#7523=CARTESIAN_POINT('',(-1.23E1,1.E0,0.E0));
#7524=CARTESIAN_POINT('',(-1.23E1,-1.E0,0.E0));
#7525=VERTEX_POINT('',#7523);
#7526=VERTEX_POINT('',#7524);
#7527=CARTESIAN_POINT('',(-1.23E1,-1.E0,-1.5E0));
#7528=VERTEX_POINT('',#7527);
#7529=CARTESIAN_POINT('',(-1.23E1,-6.E-1,-1.5E0));
#7530=VERTEX_POINT('',#7529);
#7531=CARTESIAN_POINT('',(-1.23E1,1.E0,-1.5E0));
#7532=VERTEX_POINT('',#7531);
#7533=CARTESIAN_POINT('',(-1.23E1,6.E-1,-1.5E0));
#7534=VERTEX_POINT('',#7533);
#7535=CARTESIAN_POINT('',(-9.954565127337E0,5.757247877714E-1,
-4.242752122286E-1));
#7536=CARTESIAN_POINT('',(-9.954565127337E0,-5.757247877714E-1,
-4.242752122286E-1));
#7537=VERTEX_POINT('',#7535);
#7538=VERTEX_POINT('',#7536);
#7539=CARTESIAN_POINT('',(-1.004543487266E1,5.757247877714E-1,
-4.242752122286E-1));
#7540=CARTESIAN_POINT('',(-1.004543487266E1,-5.757247877714E-1,
-4.242752122286E-1));
#7541=VERTEX_POINT('',#7539);
#7542=VERTEX_POINT('',#7540);
#7543=CARTESIAN_POINT('',(-1.03E1,-1.E0,-1.15E0));
#7544=CARTESIAN_POINT('',(-1.03E1,-6.E-1,-1.15E0));
#7545=VERTEX_POINT('',#7543);
#7546=VERTEX_POINT('',#7544);
#7547=CARTESIAN_POINT('',(-1.03E1,6.E-1,-1.15E0));
#7548=CARTESIAN_POINT('',(-1.03E1,1.E0,-1.15E0));
#7549=VERTEX_POINT('',#7547);
#7550=VERTEX_POINT('',#7548);
#7551=CARTESIAN_POINT('',(-9.7E0,-6.E-1,-1.15E0));
#7552=CARTESIAN_POINT('',(-9.7E0,-1.E0,-1.15E0));
#7553=VERTEX_POINT('',#7551);
#7554=VERTEX_POINT('',#7552);
#7555=CARTESIAN_POINT('',(-9.7E0,1.E0,-1.15E0));
#7556=CARTESIAN_POINT('',(-9.7E0,6.E-1,-1.15E0));
#7557=VERTEX_POINT('',#7555);
#7558=VERTEX_POINT('',#7556);
#7559=CARTESIAN_POINT('',(-1.17E1,1.E0,0.E0));
#7560=CARTESIAN_POINT('',(-1.17E1,-1.E0,0.E0));
#7561=VERTEX_POINT('',#7559);
#7562=VERTEX_POINT('',#7560);
#7563=CARTESIAN_POINT('',(-1.17E1,-1.E0,-1.5E0));
#7564=VERTEX_POINT('',#7563);
#7565=CARTESIAN_POINT('',(-1.17E1,-6.E-1,-1.5E0));
#7566=VERTEX_POINT('',#7565);
#7567=CARTESIAN_POINT('',(-1.17E1,1.E0,-1.5E0));
#7568=VERTEX_POINT('',#7567);
#7569=CARTESIAN_POINT('',(-1.17E1,6.E-1,-1.5E0));
#7570=VERTEX_POINT('',#7569);
#7571=CARTESIAN_POINT('',(-1.004543487266E1,-5.757247877714E-1,-1.15E0));
#7572=CARTESIAN_POINT('',(-9.954565127337E0,-5.757247877714E-1,-1.15E0));
#7573=VERTEX_POINT('',#7571);
#7574=VERTEX_POINT('',#7572);
#7575=CARTESIAN_POINT('',(-9.954565127337E0,5.757247877714E-1,-1.15E0));
#7576=CARTESIAN_POINT('',(-1.004543487266E1,5.757247877714E-1,-1.15E0));
#7577=VERTEX_POINT('',#7575);
#7578=VERTEX_POINT('',#7576);
#7579=CARTESIAN_POINT('',(-1.03E1,1.E0,0.E0));
#7580=CARTESIAN_POINT('',(-1.03E1,-1.E0,0.E0));
#7581=VERTEX_POINT('',#7579);
#7582=VERTEX_POINT('',#7580);
#7583=CARTESIAN_POINT('',(-1.03E1,-1.E0,-1.5E0));
#7584=VERTEX_POINT('',#7583);
#7585=CARTESIAN_POINT('',(-1.03E1,-6.E-1,-1.5E0));
#7586=VERTEX_POINT('',#7585);
#7587=CARTESIAN_POINT('',(-1.03E1,1.E0,-1.5E0));
#7588=VERTEX_POINT('',#7587);
#7589=CARTESIAN_POINT('',(-1.03E1,6.E-1,-1.5E0));
#7590=VERTEX_POINT('',#7589);
#7591=CARTESIAN_POINT('',(-7.954565127337E0,5.757247877714E-1,
-4.242752122286E-1));
#7592=CARTESIAN_POINT('',(-7.954565127337E0,-5.757247877714E-1,
-4.242752122286E-1));
#7593=VERTEX_POINT('',#7591);
#7594=VERTEX_POINT('',#7592);
#7595=CARTESIAN_POINT('',(-8.045434872663E0,5.757247877714E-1,
-4.242752122286E-1));
#7596=CARTESIAN_POINT('',(-8.045434872663E0,-5.757247877714E-1,
-4.242752122286E-1));
#7597=VERTEX_POINT('',#7595);
#7598=VERTEX_POINT('',#7596);
#7599=CARTESIAN_POINT('',(-8.3E0,-1.E0,-1.15E0));
#7600=CARTESIAN_POINT('',(-8.3E0,-6.E-1,-1.15E0));
#7601=VERTEX_POINT('',#7599);
#7602=VERTEX_POINT('',#7600);
#7603=CARTESIAN_POINT('',(-8.3E0,6.E-1,-1.15E0));
#7604=CARTESIAN_POINT('',(-8.3E0,1.E0,-1.15E0));
#7605=VERTEX_POINT('',#7603);
#7606=VERTEX_POINT('',#7604);
#7607=CARTESIAN_POINT('',(-7.7E0,-6.E-1,-1.15E0));
#7608=CARTESIAN_POINT('',(-7.7E0,-1.E0,-1.15E0));
#7609=VERTEX_POINT('',#7607);
#7610=VERTEX_POINT('',#7608);
#7611=CARTESIAN_POINT('',(-7.7E0,1.E0,-1.15E0));
#7612=CARTESIAN_POINT('',(-7.7E0,6.E-1,-1.15E0));
#7613=VERTEX_POINT('',#7611);
#7614=VERTEX_POINT('',#7612);
#7615=CARTESIAN_POINT('',(-9.7E0,1.E0,0.E0));
#7616=CARTESIAN_POINT('',(-9.7E0,-1.E0,0.E0));
#7617=VERTEX_POINT('',#7615);
#7618=VERTEX_POINT('',#7616);
#7619=CARTESIAN_POINT('',(-9.7E0,-1.E0,-1.5E0));
#7620=VERTEX_POINT('',#7619);
#7621=CARTESIAN_POINT('',(-9.7E0,-6.E-1,-1.5E0));
#7622=VERTEX_POINT('',#7621);
#7623=CARTESIAN_POINT('',(-9.7E0,1.E0,-1.5E0));
#7624=VERTEX_POINT('',#7623);
#7625=CARTESIAN_POINT('',(-9.7E0,6.E-1,-1.5E0));
#7626=VERTEX_POINT('',#7625);
#7627=CARTESIAN_POINT('',(-8.045434872663E0,-5.757247877714E-1,-1.15E0));
#7628=CARTESIAN_POINT('',(-7.954565127337E0,-5.757247877714E-1,-1.15E0));
#7629=VERTEX_POINT('',#7627);
#7630=VERTEX_POINT('',#7628);
#7631=CARTESIAN_POINT('',(-7.954565127337E0,5.757247877714E-1,-1.15E0));
#7632=CARTESIAN_POINT('',(-8.045434872663E0,5.757247877714E-1,-1.15E0));
#7633=VERTEX_POINT('',#7631);
#7634=VERTEX_POINT('',#7632);
#7635=CARTESIAN_POINT('',(-8.3E0,1.E0,0.E0));
#7636=CARTESIAN_POINT('',(-8.3E0,-1.E0,0.E0));
#7637=VERTEX_POINT('',#7635);
#7638=VERTEX_POINT('',#7636);
#7639=CARTESIAN_POINT('',(-8.3E0,-1.E0,-1.5E0));
#7640=VERTEX_POINT('',#7639);
#7641=CARTESIAN_POINT('',(-8.3E0,-6.E-1,-1.5E0));
#7642=VERTEX_POINT('',#7641);
#7643=CARTESIAN_POINT('',(-8.3E0,1.E0,-1.5E0));
#7644=VERTEX_POINT('',#7643);
#7645=CARTESIAN_POINT('',(-8.3E0,6.E-1,-1.5E0));
#7646=VERTEX_POINT('',#7645);
#7647=CARTESIAN_POINT('',(-5.954565127337E0,5.757247877714E-1,
-4.242752122286E-1));
#7648=CARTESIAN_POINT('',(-5.954565127337E0,-5.757247877714E-1,
-4.242752122286E-1));
#7649=VERTEX_POINT('',#7647);
#7650=VERTEX_POINT('',#7648);
#7651=CARTESIAN_POINT('',(-6.045434872663E0,5.757247877714E-1,
-4.242752122286E-1));
#7652=CARTESIAN_POINT('',(-6.045434872663E0,-5.757247877714E-1,
-4.242752122286E-1));
#7653=VERTEX_POINT('',#7651);
#7654=VERTEX_POINT('',#7652);
#7655=CARTESIAN_POINT('',(-6.3E0,-1.E0,-1.15E0));
#7656=CARTESIAN_POINT('',(-6.3E0,-6.E-1,-1.15E0));
#7657=VERTEX_POINT('',#7655);
#7658=VERTEX_POINT('',#7656);
#7659=CARTESIAN_POINT('',(-6.3E0,6.E-1,-1.15E0));
#7660=CARTESIAN_POINT('',(-6.3E0,1.E0,-1.15E0));
#7661=VERTEX_POINT('',#7659);
#7662=VERTEX_POINT('',#7660);
#7663=CARTESIAN_POINT('',(-5.7E0,-6.E-1,-1.15E0));
#7664=CARTESIAN_POINT('',(-5.7E0,-1.E0,-1.15E0));
#7665=VERTEX_POINT('',#7663);
#7666=VERTEX_POINT('',#7664);
#7667=CARTESIAN_POINT('',(-5.7E0,1.E0,-1.15E0));
#7668=CARTESIAN_POINT('',(-5.7E0,6.E-1,-1.15E0));
#7669=VERTEX_POINT('',#7667);
#7670=VERTEX_POINT('',#7668);
#7671=CARTESIAN_POINT('',(-7.7E0,1.E0,0.E0));
#7672=CARTESIAN_POINT('',(-7.7E0,-1.E0,0.E0));
#7673=VERTEX_POINT('',#7671);
#7674=VERTEX_POINT('',#7672);
#7675=CARTESIAN_POINT('',(-7.7E0,-1.E0,-1.5E0));
#7676=VERTEX_POINT('',#7675);
#7677=CARTESIAN_POINT('',(-7.7E0,-6.E-1,-1.5E0));
#7678=VERTEX_POINT('',#7677);
#7679=CARTESIAN_POINT('',(-7.7E0,1.E0,-1.5E0));
#7680=VERTEX_POINT('',#7679);
#7681=CARTESIAN_POINT('',(-7.7E0,6.E-1,-1.5E0));
#7682=VERTEX_POINT('',#7681);
#7683=CARTESIAN_POINT('',(-6.045434872663E0,-5.757247877714E-1,-1.15E0));
#7684=CARTESIAN_POINT('',(-5.954565127337E0,-5.757247877714E-1,-1.15E0));
#7685=VERTEX_POINT('',#7683);
#7686=VERTEX_POINT('',#7684);
#7687=CARTESIAN_POINT('',(-5.954565127337E0,5.757247877714E-1,-1.15E0));
#7688=CARTESIAN_POINT('',(-6.045434872663E0,5.757247877714E-1,-1.15E0));
#7689=VERTEX_POINT('',#7687);
#7690=VERTEX_POINT('',#7688);
#7691=CARTESIAN_POINT('',(-6.3E0,1.E0,0.E0));
#7692=CARTESIAN_POINT('',(-6.3E0,-1.E0,0.E0));
#7693=VERTEX_POINT('',#7691);
#7694=VERTEX_POINT('',#7692);
#7695=CARTESIAN_POINT('',(-6.3E0,-1.E0,-1.5E0));
#7696=VERTEX_POINT('',#7695);
#7697=CARTESIAN_POINT('',(-6.3E0,-6.E-1,-1.5E0));
#7698=VERTEX_POINT('',#7697);
#7699=CARTESIAN_POINT('',(-6.3E0,1.E0,-1.5E0));
#7700=VERTEX_POINT('',#7699);
#7701=CARTESIAN_POINT('',(-6.3E0,6.E-1,-1.5E0));
#7702=VERTEX_POINT('',#7701);
#7703=CARTESIAN_POINT('',(-3.954565127337E0,5.757247877714E-1,
-4.242752122286E-1));
#7704=CARTESIAN_POINT('',(-3.954565127337E0,-5.757247877714E-1,
-4.242752122286E-1));
#7705=VERTEX_POINT('',#7703);
#7706=VERTEX_POINT('',#7704);
#7707=CARTESIAN_POINT('',(-4.045434872663E0,5.757247877714E-1,
-4.242752122286E-1));
#7708=CARTESIAN_POINT('',(-4.045434872663E0,-5.757247877714E-1,
-4.242752122286E-1));
#7709=VERTEX_POINT('',#7707);
#7710=VERTEX_POINT('',#7708);
#7711=CARTESIAN_POINT('',(-4.3E0,-1.E0,-1.15E0));
#7712=CARTESIAN_POINT('',(-4.3E0,-6.E-1,-1.15E0));
#7713=VERTEX_POINT('',#7711);
#7714=VERTEX_POINT('',#7712);
#7715=CARTESIAN_POINT('',(-4.3E0,6.E-1,-1.15E0));
#7716=CARTESIAN_POINT('',(-4.3E0,1.E0,-1.15E0));
#7717=VERTEX_POINT('',#7715);
#7718=VERTEX_POINT('',#7716);
#7719=CARTESIAN_POINT('',(-3.7E0,-6.E-1,-1.15E0));
#7720=CARTESIAN_POINT('',(-3.7E0,-1.E0,-1.15E0));
#7721=VERTEX_POINT('',#7719);
#7722=VERTEX_POINT('',#7720);
#7723=CARTESIAN_POINT('',(-3.7E0,1.E0,-1.15E0));
#7724=CARTESIAN_POINT('',(-3.7E0,6.E-1,-1.15E0));
#7725=VERTEX_POINT('',#7723);
#7726=VERTEX_POINT('',#7724);
#7727=CARTESIAN_POINT('',(-5.7E0,1.E0,0.E0));
#7728=CARTESIAN_POINT('',(-5.7E0,-1.E0,0.E0));
#7729=VERTEX_POINT('',#7727);
#7730=VERTEX_POINT('',#7728);
#7731=CARTESIAN_POINT('',(-5.7E0,-1.E0,-1.5E0));
#7732=VERTEX_POINT('',#7731);
#7733=CARTESIAN_POINT('',(-5.7E0,-6.E-1,-1.5E0));
#7734=VERTEX_POINT('',#7733);
#7735=CARTESIAN_POINT('',(-5.7E0,1.E0,-1.5E0));
#7736=VERTEX_POINT('',#7735);
#7737=CARTESIAN_POINT('',(-5.7E0,6.E-1,-1.5E0));
#7738=VERTEX_POINT('',#7737);
#7739=CARTESIAN_POINT('',(-4.045434872663E0,-5.757247877714E-1,-1.15E0));
#7740=CARTESIAN_POINT('',(-3.954565127337E0,-5.757247877714E-1,-1.15E0));
#7741=VERTEX_POINT('',#7739);
#7742=VERTEX_POINT('',#7740);
#7743=CARTESIAN_POINT('',(-3.954565127337E0,5.757247877714E-1,-1.15E0));
#7744=CARTESIAN_POINT('',(-4.045434872663E0,5.757247877714E-1,-1.15E0));
#7745=VERTEX_POINT('',#7743);
#7746=VERTEX_POINT('',#7744);
#7747=CARTESIAN_POINT('',(-4.3E0,1.E0,0.E0));
#7748=CARTESIAN_POINT('',(-4.3E0,-1.E0,0.E0));
#7749=VERTEX_POINT('',#7747);
#7750=VERTEX_POINT('',#7748);
#7751=CARTESIAN_POINT('',(-4.3E0,-1.E0,-1.5E0));
#7752=VERTEX_POINT('',#7751);
#7753=CARTESIAN_POINT('',(-4.3E0,-6.E-1,-1.5E0));
#7754=VERTEX_POINT('',#7753);
#7755=CARTESIAN_POINT('',(-4.3E0,1.E0,-1.5E0));
#7756=VERTEX_POINT('',#7755);
#7757=CARTESIAN_POINT('',(-4.3E0,6.E-1,-1.5E0));
#7758=VERTEX_POINT('',#7757);
#7759=CARTESIAN_POINT('',(-1.954565127337E0,5.757247877714E-1,
-4.242752122286E-1));
#7760=CARTESIAN_POINT('',(-1.954565127337E0,-5.757247877714E-1,
-4.242752122286E-1));
#7761=VERTEX_POINT('',#7759);
#7762=VERTEX_POINT('',#7760);
#7763=CARTESIAN_POINT('',(-2.045434872663E0,5.757247877714E-1,
-4.242752122286E-1));
#7764=CARTESIAN_POINT('',(-2.045434872663E0,-5.757247877714E-1,
-4.242752122286E-1));
#7765=VERTEX_POINT('',#7763);
#7766=VERTEX_POINT('',#7764);
#7767=CARTESIAN_POINT('',(-2.3E0,-1.E0,-1.15E0));
#7768=CARTESIAN_POINT('',(-2.3E0,-6.E-1,-1.15E0));
#7769=VERTEX_POINT('',#7767);
#7770=VERTEX_POINT('',#7768);
#7771=CARTESIAN_POINT('',(-2.3E0,6.E-1,-1.15E0));
#7772=CARTESIAN_POINT('',(-2.3E0,1.E0,-1.15E0));
#7773=VERTEX_POINT('',#7771);
#7774=VERTEX_POINT('',#7772);
#7775=CARTESIAN_POINT('',(-1.7E0,-6.E-1,-1.15E0));
#7776=CARTESIAN_POINT('',(-1.7E0,-1.E0,-1.15E0));
#7777=VERTEX_POINT('',#7775);
#7778=VERTEX_POINT('',#7776);
#7779=CARTESIAN_POINT('',(-1.7E0,1.E0,-1.15E0));
#7780=CARTESIAN_POINT('',(-1.7E0,6.E-1,-1.15E0));
#7781=VERTEX_POINT('',#7779);
#7782=VERTEX_POINT('',#7780);
#7783=CARTESIAN_POINT('',(-3.7E0,1.E0,0.E0));
#7784=CARTESIAN_POINT('',(-3.7E0,-1.E0,0.E0));
#7785=VERTEX_POINT('',#7783);
#7786=VERTEX_POINT('',#7784);
#7787=CARTESIAN_POINT('',(-3.7E0,-1.E0,-1.5E0));
#7788=VERTEX_POINT('',#7787);
#7789=CARTESIAN_POINT('',(-3.7E0,-6.E-1,-1.5E0));
#7790=VERTEX_POINT('',#7789);
#7791=CARTESIAN_POINT('',(-3.7E0,1.E0,-1.5E0));
#7792=VERTEX_POINT('',#7791);
#7793=CARTESIAN_POINT('',(-3.7E0,6.E-1,-1.5E0));
#7794=VERTEX_POINT('',#7793);
#7795=CARTESIAN_POINT('',(-2.045434872663E0,-5.757247877714E-1,-1.15E0));
#7796=CARTESIAN_POINT('',(-1.954565127337E0,-5.757247877714E-1,-1.15E0));
#7797=VERTEX_POINT('',#7795);
#7798=VERTEX_POINT('',#7796);
#7799=CARTESIAN_POINT('',(-1.954565127337E0,5.757247877714E-1,-1.15E0));
#7800=CARTESIAN_POINT('',(-2.045434872663E0,5.757247877714E-1,-1.15E0));
#7801=VERTEX_POINT('',#7799);
#7802=VERTEX_POINT('',#7800);
#7803=CARTESIAN_POINT('',(-2.3E0,1.E0,0.E0));
#7804=CARTESIAN_POINT('',(-2.3E0,-1.E0,0.E0));
#7805=VERTEX_POINT('',#7803);
#7806=VERTEX_POINT('',#7804);
#7807=CARTESIAN_POINT('',(-2.3E0,-1.E0,-1.5E0));
#7808=VERTEX_POINT('',#7807);
#7809=CARTESIAN_POINT('',(-2.3E0,-6.E-1,-1.5E0));
#7810=VERTEX_POINT('',#7809);
#7811=CARTESIAN_POINT('',(-2.3E0,1.E0,-1.5E0));
#7812=VERTEX_POINT('',#7811);
#7813=CARTESIAN_POINT('',(-2.3E0,6.E-1,-1.5E0));
#7814=VERTEX_POINT('',#7813);
#7815=CARTESIAN_POINT('',(4.543487266283E-2,5.757247877714E-1,
-4.242752122286E-1));
#7816=CARTESIAN_POINT('',(4.543487266283E-2,-5.757247877714E-1,
-4.242752122286E-1));
#7817=VERTEX_POINT('',#7815);
#7818=VERTEX_POINT('',#7816);
#7819=CARTESIAN_POINT('',(-4.543487266283E-2,5.757247877714E-1,
-4.242752122286E-1));
#7820=CARTESIAN_POINT('',(-4.543487266283E-2,-5.757247877714E-1,
-4.242752122286E-1));
#7821=VERTEX_POINT('',#7819);
#7822=VERTEX_POINT('',#7820);
#7823=CARTESIAN_POINT('',(-3.E-1,-1.E0,-1.15E0));
#7824=CARTESIAN_POINT('',(-3.E-1,-6.E-1,-1.15E0));
#7825=VERTEX_POINT('',#7823);
#7826=VERTEX_POINT('',#7824);
#7827=CARTESIAN_POINT('',(-3.E-1,6.E-1,-1.15E0));
#7828=CARTESIAN_POINT('',(-3.E-1,1.E0,-1.15E0));
#7829=VERTEX_POINT('',#7827);
#7830=VERTEX_POINT('',#7828);
#7831=CARTESIAN_POINT('',(3.E-1,-6.E-1,-1.15E0));
#7832=CARTESIAN_POINT('',(3.E-1,-1.E0,-1.15E0));
#7833=VERTEX_POINT('',#7831);
#7834=VERTEX_POINT('',#7832);
#7835=CARTESIAN_POINT('',(3.E-1,1.E0,-1.15E0));
#7836=CARTESIAN_POINT('',(3.E-1,6.E-1,-1.15E0));
#7837=VERTEX_POINT('',#7835);
#7838=VERTEX_POINT('',#7836);
#7839=CARTESIAN_POINT('',(-1.7E0,1.E0,0.E0));
#7840=CARTESIAN_POINT('',(-1.7E0,-1.E0,0.E0));
#7841=VERTEX_POINT('',#7839);
#7842=VERTEX_POINT('',#7840);
#7843=CARTESIAN_POINT('',(-1.7E0,-1.E0,-1.5E0));
#7844=VERTEX_POINT('',#7843);
#7845=CARTESIAN_POINT('',(-1.7E0,-6.E-1,-1.5E0));
#7846=VERTEX_POINT('',#7845);
#7847=CARTESIAN_POINT('',(-1.7E0,1.E0,-1.5E0));
#7848=VERTEX_POINT('',#7847);
#7849=CARTESIAN_POINT('',(-1.7E0,6.E-1,-1.5E0));
#7850=VERTEX_POINT('',#7849);
#7851=CARTESIAN_POINT('',(-4.543487266283E-2,-5.757247877714E-1,-1.15E0));
#7852=CARTESIAN_POINT('',(4.543487266281E-2,-5.757247877714E-1,-1.15E0));
#7853=VERTEX_POINT('',#7851);
#7854=VERTEX_POINT('',#7852);
#7855=CARTESIAN_POINT('',(4.543487266283E-2,5.757247877714E-1,-1.15E0));
#7856=CARTESIAN_POINT('',(-4.543487266281E-2,5.757247877714E-1,-1.15E0));
#7857=VERTEX_POINT('',#7855);
#7858=VERTEX_POINT('',#7856);
#7859=CARTESIAN_POINT('',(-3.E-1,1.E0,0.E0));
#7860=CARTESIAN_POINT('',(-3.E-1,-1.E0,0.E0));
#7861=VERTEX_POINT('',#7859);
#7862=VERTEX_POINT('',#7860);
#7863=CARTESIAN_POINT('',(-3.E-1,-1.E0,-1.5E0));
#7864=VERTEX_POINT('',#7863);
#7865=CARTESIAN_POINT('',(-3.E-1,-6.E-1,-1.5E0));
#7866=VERTEX_POINT('',#7865);
#7867=CARTESIAN_POINT('',(-3.E-1,1.E0,-1.5E0));
#7868=VERTEX_POINT('',#7867);
#7869=CARTESIAN_POINT('',(-3.E-1,6.E-1,-1.5E0));
#7870=VERTEX_POINT('',#7869);
#7871=CARTESIAN_POINT('',(2.045434872663E0,5.757247877714E-1,
-4.242752122286E-1));
#7872=CARTESIAN_POINT('',(2.045434872663E0,-5.757247877714E-1,
-4.242752122286E-1));
#7873=VERTEX_POINT('',#7871);
#7874=VERTEX_POINT('',#7872);
#7875=CARTESIAN_POINT('',(1.954565127337E0,5.757247877714E-1,
-4.242752122286E-1));
#7876=CARTESIAN_POINT('',(1.954565127337E0,-5.757247877714E-1,
-4.242752122286E-1));
#7877=VERTEX_POINT('',#7875);
#7878=VERTEX_POINT('',#7876);
#7879=CARTESIAN_POINT('',(1.7E0,-1.E0,-1.15E0));
#7880=CARTESIAN_POINT('',(1.7E0,-6.E-1,-1.15E0));
#7881=VERTEX_POINT('',#7879);
#7882=VERTEX_POINT('',#7880);
#7883=CARTESIAN_POINT('',(1.7E0,6.E-1,-1.15E0));
#7884=CARTESIAN_POINT('',(1.7E0,1.E0,-1.15E0));
#7885=VERTEX_POINT('',#7883);
#7886=VERTEX_POINT('',#7884);
#7887=CARTESIAN_POINT('',(2.3E0,-6.E-1,-1.15E0));
#7888=CARTESIAN_POINT('',(2.3E0,-1.E0,-1.15E0));
#7889=VERTEX_POINT('',#7887);
#7890=VERTEX_POINT('',#7888);
#7891=CARTESIAN_POINT('',(2.3E0,1.E0,-1.15E0));
#7892=CARTESIAN_POINT('',(2.3E0,6.E-1,-1.15E0));
#7893=VERTEX_POINT('',#7891);
#7894=VERTEX_POINT('',#7892);
#7895=CARTESIAN_POINT('',(3.E-1,1.E0,0.E0));
#7896=CARTESIAN_POINT('',(3.E-1,-1.E0,0.E0));
#7897=VERTEX_POINT('',#7895);
#7898=VERTEX_POINT('',#7896);
#7899=CARTESIAN_POINT('',(3.E-1,-1.E0,-1.5E0));
#7900=VERTEX_POINT('',#7899);
#7901=CARTESIAN_POINT('',(3.E-1,-6.E-1,-1.5E0));
#7902=VERTEX_POINT('',#7901);
#7903=CARTESIAN_POINT('',(3.E-1,1.E0,-1.5E0));
#7904=VERTEX_POINT('',#7903);
#7905=CARTESIAN_POINT('',(3.E-1,6.E-1,-1.5E0));
#7906=VERTEX_POINT('',#7905);
#7907=CARTESIAN_POINT('',(1.954565127337E0,-5.757247877714E-1,-1.15E0));
#7908=CARTESIAN_POINT('',(2.045434872663E0,-5.757247877714E-1,-1.15E0));
#7909=VERTEX_POINT('',#7907);
#7910=VERTEX_POINT('',#7908);
#7911=CARTESIAN_POINT('',(2.045434872663E0,5.757247877714E-1,-1.15E0));
#7912=CARTESIAN_POINT('',(1.954565127337E0,5.757247877714E-1,-1.15E0));
#7913=VERTEX_POINT('',#7911);
#7914=VERTEX_POINT('',#7912);
#7915=CARTESIAN_POINT('',(1.7E0,1.E0,0.E0));
#7916=CARTESIAN_POINT('',(1.7E0,-1.E0,0.E0));
#7917=VERTEX_POINT('',#7915);
#7918=VERTEX_POINT('',#7916);
#7919=CARTESIAN_POINT('',(1.7E0,-1.E0,-1.5E0));
#7920=VERTEX_POINT('',#7919);
#7921=CARTESIAN_POINT('',(1.7E0,-6.E-1,-1.5E0));
#7922=VERTEX_POINT('',#7921);
#7923=CARTESIAN_POINT('',(1.7E0,1.E0,-1.5E0));
#7924=VERTEX_POINT('',#7923);
#7925=CARTESIAN_POINT('',(1.7E0,6.E-1,-1.5E0));
#7926=VERTEX_POINT('',#7925);
#7927=CARTESIAN_POINT('',(4.045434872663E0,5.757247877714E-1,
-4.242752122286E-1));
#7928=CARTESIAN_POINT('',(4.045434872663E0,-5.757247877714E-1,
-4.242752122286E-1));
#7929=VERTEX_POINT('',#7927);
#7930=VERTEX_POINT('',#7928);
#7931=CARTESIAN_POINT('',(3.954565127337E0,5.757247877714E-1,
-4.242752122286E-1));
#7932=CARTESIAN_POINT('',(3.954565127337E0,-5.757247877714E-1,
-4.242752122286E-1));
#7933=VERTEX_POINT('',#7931);
#7934=VERTEX_POINT('',#7932);
#7935=CARTESIAN_POINT('',(3.7E0,-1.E0,-1.15E0));
#7936=CARTESIAN_POINT('',(3.7E0,-6.E-1,-1.15E0));
#7937=VERTEX_POINT('',#7935);
#7938=VERTEX_POINT('',#7936);
#7939=CARTESIAN_POINT('',(3.7E0,6.E-1,-1.15E0));
#7940=CARTESIAN_POINT('',(3.7E0,1.E0,-1.15E0));
#7941=VERTEX_POINT('',#7939);
#7942=VERTEX_POINT('',#7940);
#7943=CARTESIAN_POINT('',(4.3E0,-6.E-1,-1.15E0));
#7944=CARTESIAN_POINT('',(4.3E0,-1.E0,-1.15E0));
#7945=VERTEX_POINT('',#7943);
#7946=VERTEX_POINT('',#7944);
#7947=CARTESIAN_POINT('',(4.3E0,1.E0,-1.15E0));
#7948=CARTESIAN_POINT('',(4.3E0,6.E-1,-1.15E0));
#7949=VERTEX_POINT('',#7947);
#7950=VERTEX_POINT('',#7948);
#7951=CARTESIAN_POINT('',(2.3E0,1.E0,0.E0));
#7952=CARTESIAN_POINT('',(2.3E0,-1.E0,0.E0));
#7953=VERTEX_POINT('',#7951);
#7954=VERTEX_POINT('',#7952);
#7955=CARTESIAN_POINT('',(2.3E0,-1.E0,-1.5E0));
#7956=VERTEX_POINT('',#7955);
#7957=CARTESIAN_POINT('',(2.3E0,-6.E-1,-1.5E0));
#7958=VERTEX_POINT('',#7957);
#7959=CARTESIAN_POINT('',(2.3E0,1.E0,-1.5E0));
#7960=VERTEX_POINT('',#7959);
#7961=CARTESIAN_POINT('',(2.3E0,6.E-1,-1.5E0));
#7962=VERTEX_POINT('',#7961);
#7963=CARTESIAN_POINT('',(3.954565127337E0,-5.757247877714E-1,-1.15E0));
#7964=CARTESIAN_POINT('',(4.045434872663E0,-5.757247877714E-1,-1.15E0));
#7965=VERTEX_POINT('',#7963);
#7966=VERTEX_POINT('',#7964);
#7967=CARTESIAN_POINT('',(4.045434872663E0,5.757247877714E-1,-1.15E0));
#7968=CARTESIAN_POINT('',(3.954565127337E0,5.757247877714E-1,-1.15E0));
#7969=VERTEX_POINT('',#7967);
#7970=VERTEX_POINT('',#7968);
#7971=CARTESIAN_POINT('',(3.7E0,1.E0,0.E0));
#7972=CARTESIAN_POINT('',(3.7E0,-1.E0,0.E0));
#7973=VERTEX_POINT('',#7971);
#7974=VERTEX_POINT('',#7972);
#7975=CARTESIAN_POINT('',(3.7E0,-1.E0,-1.5E0));
#7976=VERTEX_POINT('',#7975);
#7977=CARTESIAN_POINT('',(3.7E0,-6.E-1,-1.5E0));
#7978=VERTEX_POINT('',#7977);
#7979=CARTESIAN_POINT('',(3.7E0,1.E0,-1.5E0));
#7980=VERTEX_POINT('',#7979);
#7981=CARTESIAN_POINT('',(3.7E0,6.E-1,-1.5E0));
#7982=VERTEX_POINT('',#7981);
#7983=CARTESIAN_POINT('',(6.045434872663E0,5.757247877714E-1,
-4.242752122286E-1));
#7984=CARTESIAN_POINT('',(6.045434872663E0,-5.757247877714E-1,
-4.242752122286E-1));
#7985=VERTEX_POINT('',#7983);
#7986=VERTEX_POINT('',#7984);
#7987=CARTESIAN_POINT('',(5.954565127337E0,5.757247877714E-1,
-4.242752122286E-1));
#7988=CARTESIAN_POINT('',(5.954565127337E0,-5.757247877714E-1,
-4.242752122286E-1));
#7989=VERTEX_POINT('',#7987);
#7990=VERTEX_POINT('',#7988);
#7991=CARTESIAN_POINT('',(5.7E0,-1.E0,-1.15E0));
#7992=CARTESIAN_POINT('',(5.7E0,-6.E-1,-1.15E0));
#7993=VERTEX_POINT('',#7991);
#7994=VERTEX_POINT('',#7992);
#7995=CARTESIAN_POINT('',(5.7E0,6.E-1,-1.15E0));
#7996=CARTESIAN_POINT('',(5.7E0,1.E0,-1.15E0));
#7997=VERTEX_POINT('',#7995);
#7998=VERTEX_POINT('',#7996);
#7999=CARTESIAN_POINT('',(6.3E0,-6.E-1,-1.15E0));
#8000=CARTESIAN_POINT('',(6.3E0,-1.E0,-1.15E0));
#8001=VERTEX_POINT('',#7999);
#8002=VERTEX_POINT('',#8000);
#8003=CARTESIAN_POINT('',(6.3E0,1.E0,-1.15E0));
#8004=CARTESIAN_POINT('',(6.3E0,6.E-1,-1.15E0));
#8005=VERTEX_POINT('',#8003);
#8006=VERTEX_POINT('',#8004);
#8007=CARTESIAN_POINT('',(4.3E0,1.E0,0.E0));
#8008=CARTESIAN_POINT('',(4.3E0,-1.E0,0.E0));
#8009=VERTEX_POINT('',#8007);
#8010=VERTEX_POINT('',#8008);
#8011=CARTESIAN_POINT('',(4.3E0,-1.E0,-1.5E0));
#8012=VERTEX_POINT('',#8011);
#8013=CARTESIAN_POINT('',(4.3E0,-6.E-1,-1.5E0));
#8014=VERTEX_POINT('',#8013);
#8015=CARTESIAN_POINT('',(4.3E0,1.E0,-1.5E0));
#8016=VERTEX_POINT('',#8015);
#8017=CARTESIAN_POINT('',(4.3E0,6.E-1,-1.5E0));
#8018=VERTEX_POINT('',#8017);
#8019=CARTESIAN_POINT('',(5.954565127337E0,-5.757247877714E-1,-1.15E0));
#8020=CARTESIAN_POINT('',(6.045434872663E0,-5.757247877714E-1,-1.15E0));
#8021=VERTEX_POINT('',#8019);
#8022=VERTEX_POINT('',#8020);
#8023=CARTESIAN_POINT('',(6.045434872663E0,5.757247877714E-1,-1.15E0));
#8024=CARTESIAN_POINT('',(5.954565127337E0,5.757247877714E-1,-1.15E0));
#8025=VERTEX_POINT('',#8023);
#8026=VERTEX_POINT('',#8024);
#8027=CARTESIAN_POINT('',(5.7E0,1.E0,0.E0));
#8028=CARTESIAN_POINT('',(5.7E0,-1.E0,0.E0));
#8029=VERTEX_POINT('',#8027);
#8030=VERTEX_POINT('',#8028);
#8031=CARTESIAN_POINT('',(5.7E0,-1.E0,-1.5E0));
#8032=VERTEX_POINT('',#8031);
#8033=CARTESIAN_POINT('',(5.7E0,-6.E-1,-1.5E0));
#8034=VERTEX_POINT('',#8033);
#8035=CARTESIAN_POINT('',(5.7E0,1.E0,-1.5E0));
#8036=VERTEX_POINT('',#8035);
#8037=CARTESIAN_POINT('',(5.7E0,6.E-1,-1.5E0));
#8038=VERTEX_POINT('',#8037);
#8039=CARTESIAN_POINT('',(8.045434872663E0,5.757247877714E-1,
-4.242752122286E-1));
#8040=CARTESIAN_POINT('',(8.045434872663E0,-5.757247877714E-1,
-4.242752122286E-1));
#8041=VERTEX_POINT('',#8039);
#8042=VERTEX_POINT('',#8040);
#8043=CARTESIAN_POINT('',(7.954565127337E0,5.757247877714E-1,
-4.242752122286E-1));
#8044=CARTESIAN_POINT('',(7.954565127337E0,-5.757247877714E-1,
-4.242752122286E-1));
#8045=VERTEX_POINT('',#8043);
#8046=VERTEX_POINT('',#8044);
#8047=CARTESIAN_POINT('',(7.7E0,-1.E0,-1.15E0));
#8048=CARTESIAN_POINT('',(7.7E0,-6.E-1,-1.15E0));
#8049=VERTEX_POINT('',#8047);
#8050=VERTEX_POINT('',#8048);
#8051=CARTESIAN_POINT('',(7.7E0,6.E-1,-1.15E0));
#8052=CARTESIAN_POINT('',(7.7E0,1.E0,-1.15E0));
#8053=VERTEX_POINT('',#8051);
#8054=VERTEX_POINT('',#8052);
#8055=CARTESIAN_POINT('',(8.3E0,-6.E-1,-1.15E0));
#8056=CARTESIAN_POINT('',(8.3E0,-1.E0,-1.15E0));
#8057=VERTEX_POINT('',#8055);
#8058=VERTEX_POINT('',#8056);
#8059=CARTESIAN_POINT('',(8.3E0,1.E0,-1.15E0));
#8060=CARTESIAN_POINT('',(8.3E0,6.E-1,-1.15E0));
#8061=VERTEX_POINT('',#8059);
#8062=VERTEX_POINT('',#8060);
#8063=CARTESIAN_POINT('',(6.3E0,1.E0,0.E0));
#8064=CARTESIAN_POINT('',(6.3E0,-1.E0,0.E0));
#8065=VERTEX_POINT('',#8063);
#8066=VERTEX_POINT('',#8064);
#8067=CARTESIAN_POINT('',(6.3E0,-1.E0,-1.5E0));
#8068=VERTEX_POINT('',#8067);
#8069=CARTESIAN_POINT('',(6.3E0,-6.E-1,-1.5E0));
#8070=VERTEX_POINT('',#8069);
#8071=CARTESIAN_POINT('',(6.3E0,1.E0,-1.5E0));
#8072=VERTEX_POINT('',#8071);
#8073=CARTESIAN_POINT('',(6.3E0,6.E-1,-1.5E0));
#8074=VERTEX_POINT('',#8073);
#8075=CARTESIAN_POINT('',(7.954565127337E0,-5.757247877714E-1,-1.15E0));
#8076=CARTESIAN_POINT('',(8.045434872663E0,-5.757247877714E-1,-1.15E0));
#8077=VERTEX_POINT('',#8075);
#8078=VERTEX_POINT('',#8076);
#8079=CARTESIAN_POINT('',(8.045434872663E0,5.757247877714E-1,-1.15E0));
#8080=CARTESIAN_POINT('',(7.954565127337E0,5.757247877714E-1,-1.15E0));
#8081=VERTEX_POINT('',#8079);
#8082=VERTEX_POINT('',#8080);
#8083=CARTESIAN_POINT('',(7.7E0,1.E0,0.E0));
#8084=CARTESIAN_POINT('',(7.7E0,-1.E0,0.E0));
#8085=VERTEX_POINT('',#8083);
#8086=VERTEX_POINT('',#8084);
#8087=CARTESIAN_POINT('',(7.7E0,-1.E0,-1.5E0));
#8088=VERTEX_POINT('',#8087);
#8089=CARTESIAN_POINT('',(7.7E0,-6.E-1,-1.5E0));
#8090=VERTEX_POINT('',#8089);
#8091=CARTESIAN_POINT('',(7.7E0,1.E0,-1.5E0));
#8092=VERTEX_POINT('',#8091);
#8093=CARTESIAN_POINT('',(7.7E0,6.E-1,-1.5E0));
#8094=VERTEX_POINT('',#8093);
#8095=CARTESIAN_POINT('',(1.004543487266E1,5.757247877714E-1,
-4.242752122286E-1));
#8096=CARTESIAN_POINT('',(1.004543487266E1,-5.757247877714E-1,
-4.242752122286E-1));
#8097=VERTEX_POINT('',#8095);
#8098=VERTEX_POINT('',#8096);
#8099=CARTESIAN_POINT('',(9.954565127337E0,5.757247877714E-1,
-4.242752122286E-1));
#8100=CARTESIAN_POINT('',(9.954565127337E0,-5.757247877714E-1,
-4.242752122286E-1));
#8101=VERTEX_POINT('',#8099);
#8102=VERTEX_POINT('',#8100);
#8103=CARTESIAN_POINT('',(9.7E0,-1.E0,-1.15E0));
#8104=CARTESIAN_POINT('',(9.7E0,-6.E-1,-1.15E0));
#8105=VERTEX_POINT('',#8103);
#8106=VERTEX_POINT('',#8104);
#8107=CARTESIAN_POINT('',(9.7E0,6.E-1,-1.15E0));
#8108=CARTESIAN_POINT('',(9.7E0,1.E0,-1.15E0));
#8109=VERTEX_POINT('',#8107);
#8110=VERTEX_POINT('',#8108);
#8111=CARTESIAN_POINT('',(1.03E1,-6.E-1,-1.15E0));
#8112=CARTESIAN_POINT('',(1.03E1,-1.E0,-1.15E0));
#8113=VERTEX_POINT('',#8111);
#8114=VERTEX_POINT('',#8112);
#8115=CARTESIAN_POINT('',(1.03E1,1.E0,-1.15E0));
#8116=CARTESIAN_POINT('',(1.03E1,6.E-1,-1.15E0));
#8117=VERTEX_POINT('',#8115);
#8118=VERTEX_POINT('',#8116);
#8119=CARTESIAN_POINT('',(8.3E0,1.E0,0.E0));
#8120=CARTESIAN_POINT('',(8.3E0,-1.E0,0.E0));
#8121=VERTEX_POINT('',#8119);
#8122=VERTEX_POINT('',#8120);
#8123=CARTESIAN_POINT('',(8.3E0,-1.E0,-1.5E0));
#8124=VERTEX_POINT('',#8123);
#8125=CARTESIAN_POINT('',(8.3E0,-6.E-1,-1.5E0));
#8126=VERTEX_POINT('',#8125);
#8127=CARTESIAN_POINT('',(8.3E0,1.E0,-1.5E0));
#8128=VERTEX_POINT('',#8127);
#8129=CARTESIAN_POINT('',(8.3E0,6.E-1,-1.5E0));
#8130=VERTEX_POINT('',#8129);
#8131=CARTESIAN_POINT('',(9.954565127337E0,-5.757247877714E-1,-1.15E0));
#8132=CARTESIAN_POINT('',(1.004543487266E1,-5.757247877714E-1,-1.15E0));
#8133=VERTEX_POINT('',#8131);
#8134=VERTEX_POINT('',#8132);
#8135=CARTESIAN_POINT('',(1.004543487266E1,5.757247877714E-1,-1.15E0));
#8136=CARTESIAN_POINT('',(9.954565127337E0,5.757247877714E-1,-1.15E0));
#8137=VERTEX_POINT('',#8135);
#8138=VERTEX_POINT('',#8136);
#8139=CARTESIAN_POINT('',(9.7E0,1.E0,0.E0));
#8140=CARTESIAN_POINT('',(9.7E0,-1.E0,0.E0));
#8141=VERTEX_POINT('',#8139);
#8142=VERTEX_POINT('',#8140);
#8143=CARTESIAN_POINT('',(9.7E0,-1.E0,-1.5E0));
#8144=VERTEX_POINT('',#8143);
#8145=CARTESIAN_POINT('',(9.7E0,-6.E-1,-1.5E0));
#8146=VERTEX_POINT('',#8145);
#8147=CARTESIAN_POINT('',(9.7E0,1.E0,-1.5E0));
#8148=VERTEX_POINT('',#8147);
#8149=CARTESIAN_POINT('',(9.7E0,6.E-1,-1.5E0));
#8150=VERTEX_POINT('',#8149);
#8151=CARTESIAN_POINT('',(1.03E1,1.E0,0.E0));
#8152=CARTESIAN_POINT('',(1.03E1,-1.E0,0.E0));
#8153=VERTEX_POINT('',#8151);
#8154=VERTEX_POINT('',#8152);
#8155=CARTESIAN_POINT('',(1.03E1,-1.E0,-1.5E0));
#8156=VERTEX_POINT('',#8155);
#8157=CARTESIAN_POINT('',(1.03E1,-6.E-1,-1.5E0));
#8158=VERTEX_POINT('',#8157);
#8159=CARTESIAN_POINT('',(1.03E1,1.E0,-1.5E0));
#8160=VERTEX_POINT('',#8159);
#8161=CARTESIAN_POINT('',(1.03E1,6.E-1,-1.5E0));
#8162=VERTEX_POINT('',#8161);
#8163=CARTESIAN_POINT('',(2.E1,-5.E-1,-5.E-1));
#8164=CARTESIAN_POINT('',(2.E1,-5.E-1,-1.15E0));
#8165=VERTEX_POINT('',#8163);
#8166=VERTEX_POINT('',#8164);
#8167=CARTESIAN_POINT('',(2.E1,5.E-1,-5.E-1));
#8168=CARTESIAN_POINT('',(2.E1,5.E-1,-1.15E0));
#8169=VERTEX_POINT('',#8167);
#8170=VERTEX_POINT('',#8168);
#8171=CARTESIAN_POINT('',(1.204543487266E1,5.757247877714E-1,
-4.242752122286E-1));
#8172=CARTESIAN_POINT('',(1.204543487266E1,-5.757247877714E-1,
-4.242752122286E-1));
#8173=VERTEX_POINT('',#8171);
#8174=VERTEX_POINT('',#8172);
#8175=CARTESIAN_POINT('',(1.195456512734E1,5.757247877714E-1,
-4.242752122286E-1));
#8176=CARTESIAN_POINT('',(1.195456512734E1,-5.757247877714E-1,
-4.242752122286E-1));
#8177=VERTEX_POINT('',#8175);
#8178=VERTEX_POINT('',#8176);
#8179=CARTESIAN_POINT('',(1.17E1,-1.E0,-1.15E0));
#8180=CARTESIAN_POINT('',(1.17E1,-6.E-1,-1.15E0));
#8181=VERTEX_POINT('',#8179);
#8182=VERTEX_POINT('',#8180);
#8183=CARTESIAN_POINT('',(1.17E1,6.E-1,-1.15E0));
#8184=CARTESIAN_POINT('',(1.17E1,1.E0,-1.15E0));
#8185=VERTEX_POINT('',#8183);
#8186=VERTEX_POINT('',#8184);
#8187=CARTESIAN_POINT('',(1.23E1,-6.E-1,-1.15E0));
#8188=CARTESIAN_POINT('',(1.23E1,-1.E0,-1.15E0));
#8189=VERTEX_POINT('',#8187);
#8190=VERTEX_POINT('',#8188);
#8191=CARTESIAN_POINT('',(1.23E1,1.E0,-1.15E0));
#8192=CARTESIAN_POINT('',(1.23E1,6.E-1,-1.15E0));
#8193=VERTEX_POINT('',#8191);
#8194=VERTEX_POINT('',#8192);
#8195=CARTESIAN_POINT('',(1.404543487266E1,5.757247877714E-1,
-4.242752122286E-1));
#8196=CARTESIAN_POINT('',(1.404543487266E1,-5.757247877714E-1,
-4.242752122286E-1));
#8197=VERTEX_POINT('',#8195);
#8198=VERTEX_POINT('',#8196);
#8199=CARTESIAN_POINT('',(1.395456512734E1,5.757247877714E-1,
-4.242752122286E-1));
#8200=CARTESIAN_POINT('',(1.395456512734E1,-5.757247877714E-1,
-4.242752122286E-1));
#8201=VERTEX_POINT('',#8199);
#8202=VERTEX_POINT('',#8200);
#8203=CARTESIAN_POINT('',(1.37E1,-1.E0,-1.15E0));
#8204=CARTESIAN_POINT('',(1.37E1,-6.E-1,-1.15E0));
#8205=VERTEX_POINT('',#8203);
#8206=VERTEX_POINT('',#8204);
#8207=CARTESIAN_POINT('',(1.37E1,6.E-1,-1.15E0));
#8208=CARTESIAN_POINT('',(1.37E1,1.E0,-1.15E0));
#8209=VERTEX_POINT('',#8207);
#8210=VERTEX_POINT('',#8208);
#8211=CARTESIAN_POINT('',(1.43E1,-6.E-1,-1.15E0));
#8212=CARTESIAN_POINT('',(1.43E1,-1.E0,-1.15E0));
#8213=VERTEX_POINT('',#8211);
#8214=VERTEX_POINT('',#8212);
#8215=CARTESIAN_POINT('',(1.43E1,1.E0,-1.15E0));
#8216=CARTESIAN_POINT('',(1.43E1,6.E-1,-1.15E0));
#8217=VERTEX_POINT('',#8215);
#8218=VERTEX_POINT('',#8216);
#8219=CARTESIAN_POINT('',(1.604543487266E1,5.757247877714E-1,
-4.242752122286E-1));
#8220=CARTESIAN_POINT('',(1.604543487266E1,-5.757247877714E-1,
-4.242752122286E-1));
#8221=VERTEX_POINT('',#8219);
#8222=VERTEX_POINT('',#8220);
#8223=CARTESIAN_POINT('',(1.595456512734E1,5.757247877714E-1,
-4.242752122286E-1));
#8224=CARTESIAN_POINT('',(1.595456512734E1,-5.757247877714E-1,
-4.242752122286E-1));
#8225=VERTEX_POINT('',#8223);
#8226=VERTEX_POINT('',#8224);
#8227=CARTESIAN_POINT('',(1.57E1,-1.E0,-1.15E0));
#8228=CARTESIAN_POINT('',(1.57E1,-6.E-1,-1.15E0));
#8229=VERTEX_POINT('',#8227);
#8230=VERTEX_POINT('',#8228);
#8231=CARTESIAN_POINT('',(1.57E1,6.E-1,-1.15E0));
#8232=CARTESIAN_POINT('',(1.57E1,1.E0,-1.15E0));
#8233=VERTEX_POINT('',#8231);
#8234=VERTEX_POINT('',#8232);
#8235=CARTESIAN_POINT('',(1.63E1,-6.E-1,-1.15E0));
#8236=CARTESIAN_POINT('',(1.63E1,-1.E0,-1.15E0));
#8237=VERTEX_POINT('',#8235);
#8238=VERTEX_POINT('',#8236);
#8239=CARTESIAN_POINT('',(1.63E1,1.E0,-1.15E0));
#8240=CARTESIAN_POINT('',(1.63E1,6.E-1,-1.15E0));
#8241=VERTEX_POINT('',#8239);
#8242=VERTEX_POINT('',#8240);
#8243=CARTESIAN_POINT('',(1.804543487266E1,5.757247877714E-1,
-4.242752122286E-1));
#8244=CARTESIAN_POINT('',(1.804543487266E1,-5.757247877714E-1,
-4.242752122286E-1));
#8245=VERTEX_POINT('',#8243);
#8246=VERTEX_POINT('',#8244);
#8247=CARTESIAN_POINT('',(1.795456512734E1,5.757247877714E-1,
-4.242752122286E-1));
#8248=CARTESIAN_POINT('',(1.795456512734E1,-5.757247877714E-1,
-4.242752122286E-1));
#8249=VERTEX_POINT('',#8247);
#8250=VERTEX_POINT('',#8248);
#8251=CARTESIAN_POINT('',(1.77E1,-1.E0,-1.15E0));
#8252=CARTESIAN_POINT('',(1.77E1,-6.E-1,-1.15E0));
#8253=VERTEX_POINT('',#8251);
#8254=VERTEX_POINT('',#8252);
#8255=CARTESIAN_POINT('',(1.77E1,6.E-1,-1.15E0));
#8256=CARTESIAN_POINT('',(1.77E1,1.E0,-1.15E0));
#8257=VERTEX_POINT('',#8255);
#8258=VERTEX_POINT('',#8256);
#8259=CARTESIAN_POINT('',(1.83E1,-6.E-1,-1.15E0));
#8260=CARTESIAN_POINT('',(1.83E1,-1.E0,-1.15E0));
#8261=VERTEX_POINT('',#8259);
#8262=VERTEX_POINT('',#8260);
#8263=CARTESIAN_POINT('',(1.83E1,1.E0,-1.15E0));
#8264=CARTESIAN_POINT('',(1.83E1,6.E-1,-1.15E0));
#8265=VERTEX_POINT('',#8263);
#8266=VERTEX_POINT('',#8264);
#8267=CARTESIAN_POINT('',(1.97E1,-1.E0,-1.15E0));
#8268=CARTESIAN_POINT('',(1.97E1,-6.E-1,-1.15E0));
#8269=VERTEX_POINT('',#8267);
#8270=VERTEX_POINT('',#8268);
#8271=CARTESIAN_POINT('',(1.97E1,6.E-1,-1.15E0));
#8272=CARTESIAN_POINT('',(1.97E1,1.E0,-1.15E0));
#8273=VERTEX_POINT('',#8271);
#8274=VERTEX_POINT('',#8272);
#8275=CARTESIAN_POINT('',(1.195456512734E1,-5.757247877714E-1,-1.15E0));
#8276=CARTESIAN_POINT('',(1.204543487266E1,-5.757247877714E-1,-1.15E0));
#8277=VERTEX_POINT('',#8275);
#8278=VERTEX_POINT('',#8276);
#8279=CARTESIAN_POINT('',(1.204543487266E1,5.757247877714E-1,-1.15E0));
#8280=CARTESIAN_POINT('',(1.195456512734E1,5.757247877714E-1,-1.15E0));
#8281=VERTEX_POINT('',#8279);
#8282=VERTEX_POINT('',#8280);
#8283=CARTESIAN_POINT('',(1.23E1,1.E0,0.E0));
#8284=CARTESIAN_POINT('',(1.23E1,-1.E0,0.E0));
#8285=VERTEX_POINT('',#8283);
#8286=VERTEX_POINT('',#8284);
#8287=CARTESIAN_POINT('',(1.17E1,1.E0,0.E0));
#8288=CARTESIAN_POINT('',(1.17E1,-1.E0,0.E0));
#8289=VERTEX_POINT('',#8287);
#8290=VERTEX_POINT('',#8288);
#8291=CARTESIAN_POINT('',(1.17E1,-1.E0,-1.5E0));
#8292=VERTEX_POINT('',#8291);
#8293=CARTESIAN_POINT('',(1.23E1,-1.E0,-1.5E0));
#8294=VERTEX_POINT('',#8293);
#8295=CARTESIAN_POINT('',(1.17E1,-6.E-1,-1.5E0));
#8296=VERTEX_POINT('',#8295);
#8297=CARTESIAN_POINT('',(1.23E1,-6.E-1,-1.5E0));
#8298=VERTEX_POINT('',#8297);
#8299=CARTESIAN_POINT('',(1.23E1,1.E0,-1.5E0));
#8300=VERTEX_POINT('',#8299);
#8301=CARTESIAN_POINT('',(1.17E1,1.E0,-1.5E0));
#8302=VERTEX_POINT('',#8301);
#8303=CARTESIAN_POINT('',(1.23E1,6.E-1,-1.5E0));
#8304=VERTEX_POINT('',#8303);
#8305=CARTESIAN_POINT('',(1.17E1,6.E-1,-1.5E0));
#8306=VERTEX_POINT('',#8305);
#8307=CARTESIAN_POINT('',(1.395456512734E1,-5.757247877714E-1,-1.15E0));
#8308=CARTESIAN_POINT('',(1.404543487266E1,-5.757247877714E-1,-1.15E0));
#8309=VERTEX_POINT('',#8307);
#8310=VERTEX_POINT('',#8308);
#8311=CARTESIAN_POINT('',(1.404543487266E1,5.757247877714E-1,-1.15E0));
#8312=CARTESIAN_POINT('',(1.395456512734E1,5.757247877714E-1,-1.15E0));
#8313=VERTEX_POINT('',#8311);
#8314=VERTEX_POINT('',#8312);
#8315=CARTESIAN_POINT('',(1.43E1,1.E0,0.E0));
#8316=CARTESIAN_POINT('',(1.43E1,-1.E0,0.E0));
#8317=VERTEX_POINT('',#8315);
#8318=VERTEX_POINT('',#8316);
#8319=CARTESIAN_POINT('',(1.37E1,1.E0,0.E0));
#8320=CARTESIAN_POINT('',(1.37E1,-1.E0,0.E0));
#8321=VERTEX_POINT('',#8319);
#8322=VERTEX_POINT('',#8320);
#8323=CARTESIAN_POINT('',(1.37E1,-1.E0,-1.5E0));
#8324=VERTEX_POINT('',#8323);
#8325=CARTESIAN_POINT('',(1.43E1,-1.E0,-1.5E0));
#8326=VERTEX_POINT('',#8325);
#8327=CARTESIAN_POINT('',(1.37E1,-6.E-1,-1.5E0));
#8328=VERTEX_POINT('',#8327);
#8329=CARTESIAN_POINT('',(1.43E1,-6.E-1,-1.5E0));
#8330=VERTEX_POINT('',#8329);
#8331=CARTESIAN_POINT('',(1.43E1,1.E0,-1.5E0));
#8332=VERTEX_POINT('',#8331);
#8333=CARTESIAN_POINT('',(1.37E1,1.E0,-1.5E0));
#8334=VERTEX_POINT('',#8333);
#8335=CARTESIAN_POINT('',(1.43E1,6.E-1,-1.5E0));
#8336=VERTEX_POINT('',#8335);
#8337=CARTESIAN_POINT('',(1.37E1,6.E-1,-1.5E0));
#8338=VERTEX_POINT('',#8337);
#8339=CARTESIAN_POINT('',(1.595456512734E1,-5.757247877714E-1,-1.15E0));
#8340=CARTESIAN_POINT('',(1.604543487266E1,-5.757247877714E-1,-1.15E0));
#8341=VERTEX_POINT('',#8339);
#8342=VERTEX_POINT('',#8340);
#8343=CARTESIAN_POINT('',(1.604543487266E1,5.757247877714E-1,-1.15E0));
#8344=CARTESIAN_POINT('',(1.595456512734E1,5.757247877714E-1,-1.15E0));
#8345=VERTEX_POINT('',#8343);
#8346=VERTEX_POINT('',#8344);
#8347=CARTESIAN_POINT('',(1.63E1,1.E0,0.E0));
#8348=CARTESIAN_POINT('',(1.63E1,-1.E0,0.E0));
#8349=VERTEX_POINT('',#8347);
#8350=VERTEX_POINT('',#8348);
#8351=CARTESIAN_POINT('',(1.57E1,1.E0,0.E0));
#8352=CARTESIAN_POINT('',(1.57E1,-1.E0,0.E0));
#8353=VERTEX_POINT('',#8351);
#8354=VERTEX_POINT('',#8352);
#8355=CARTESIAN_POINT('',(1.57E1,-1.E0,-1.5E0));
#8356=VERTEX_POINT('',#8355);
#8357=CARTESIAN_POINT('',(1.63E1,-1.E0,-1.5E0));
#8358=VERTEX_POINT('',#8357);
#8359=CARTESIAN_POINT('',(1.57E1,-6.E-1,-1.5E0));
#8360=VERTEX_POINT('',#8359);
#8361=CARTESIAN_POINT('',(1.63E1,-6.E-1,-1.5E0));
#8362=VERTEX_POINT('',#8361);
#8363=CARTESIAN_POINT('',(1.63E1,1.E0,-1.5E0));
#8364=VERTEX_POINT('',#8363);
#8365=CARTESIAN_POINT('',(1.57E1,1.E0,-1.5E0));
#8366=VERTEX_POINT('',#8365);
#8367=CARTESIAN_POINT('',(1.63E1,6.E-1,-1.5E0));
#8368=VERTEX_POINT('',#8367);
#8369=CARTESIAN_POINT('',(1.57E1,6.E-1,-1.5E0));
#8370=VERTEX_POINT('',#8369);
#8371=CARTESIAN_POINT('',(1.795456512734E1,-5.757247877714E-1,-1.15E0));
#8372=CARTESIAN_POINT('',(1.804543487266E1,-5.757247877714E-1,-1.15E0));
#8373=VERTEX_POINT('',#8371);
#8374=VERTEX_POINT('',#8372);
#8375=CARTESIAN_POINT('',(1.804543487266E1,5.757247877714E-1,-1.15E0));
#8376=CARTESIAN_POINT('',(1.795456512734E1,5.757247877714E-1,-1.15E0));
#8377=VERTEX_POINT('',#8375);
#8378=VERTEX_POINT('',#8376);
#8379=CARTESIAN_POINT('',(1.83E1,1.E0,0.E0));
#8380=CARTESIAN_POINT('',(1.83E1,-1.E0,0.E0));
#8381=VERTEX_POINT('',#8379);
#8382=VERTEX_POINT('',#8380);
#8383=CARTESIAN_POINT('',(1.77E1,1.E0,0.E0));
#8384=CARTESIAN_POINT('',(1.77E1,-1.E0,0.E0));
#8385=VERTEX_POINT('',#8383);
#8386=VERTEX_POINT('',#8384);
#8387=CARTESIAN_POINT('',(1.77E1,-1.E0,-1.5E0));
#8388=VERTEX_POINT('',#8387);
#8389=CARTESIAN_POINT('',(1.83E1,-1.E0,-1.5E0));
#8390=VERTEX_POINT('',#8389);
#8391=CARTESIAN_POINT('',(1.77E1,-6.E-1,-1.5E0));
#8392=VERTEX_POINT('',#8391);
#8393=CARTESIAN_POINT('',(1.83E1,-6.E-1,-1.5E0));
#8394=VERTEX_POINT('',#8393);
#8395=CARTESIAN_POINT('',(1.83E1,1.E0,-1.5E0));
#8396=VERTEX_POINT('',#8395);
#8397=CARTESIAN_POINT('',(1.77E1,1.E0,-1.5E0));
#8398=VERTEX_POINT('',#8397);
#8399=CARTESIAN_POINT('',(1.83E1,6.E-1,-1.5E0));
#8400=VERTEX_POINT('',#8399);
#8401=CARTESIAN_POINT('',(1.77E1,6.E-1,-1.5E0));
#8402=VERTEX_POINT('',#8401);
#8403=CARTESIAN_POINT('',(1.97E1,1.E0,0.E0));
#8404=CARTESIAN_POINT('',(1.97E1,-1.E0,0.E0));
#8405=VERTEX_POINT('',#8403);
#8406=VERTEX_POINT('',#8404);
#8407=CARTESIAN_POINT('',(1.97E1,-1.E0,-1.5E0));
#8408=VERTEX_POINT('',#8407);
#8409=CARTESIAN_POINT('',(1.97E1,-6.E-1,-1.5E0));
#8410=VERTEX_POINT('',#8409);
#8411=CARTESIAN_POINT('',(1.97E1,1.E0,-1.5E0));
#8412=VERTEX_POINT('',#8411);
#8413=CARTESIAN_POINT('',(1.97E1,6.E-1,-1.5E0));
#8414=VERTEX_POINT('',#8413);
#8415=CARTESIAN_POINT('',(-1.875E1,7.5E-1,-2.25E0));
#8416=VERTEX_POINT('',#8415);
#8417=CARTESIAN_POINT('',(-1.875E1,2.25E0,-2.25E0));
#8418=VERTEX_POINT('',#8417);
#8419=CARTESIAN_POINT('',(-1.875E1,2.25E0,-2.75E0));
#8420=VERTEX_POINT('',#8419);
#8421=CARTESIAN_POINT('',(-1.875E1,7.5E-1,-2.75E0));
#8422=VERTEX_POINT('',#8421);
#8423=CARTESIAN_POINT('',(-1.925E1,7.5E-1,-2.25E0));
#8424=VERTEX_POINT('',#8423);
#8425=CARTESIAN_POINT('',(-1.925E1,2.25E0,-2.25E0));
#8426=VERTEX_POINT('',#8425);
#8427=CARTESIAN_POINT('',(-1.925E1,2.25E0,-2.75E0));
#8428=VERTEX_POINT('',#8427);
#8429=CARTESIAN_POINT('',(-1.925E1,7.5E-1,-2.75E0));
#8430=VERTEX_POINT('',#8429);
#8431=CARTESIAN_POINT('',(-1.475E1,-2.5E-1,4.E0));
#8432=CARTESIAN_POINT('',(-1.475E1,2.5E-1,4.E0));
#8433=VERTEX_POINT('',#8431);
#8434=VERTEX_POINT('',#8432);
#8435=CARTESIAN_POINT('',(-1.475E1,2.5E-1,-1.75E0));
#8436=CARTESIAN_POINT('',(-1.475E1,7.5E-1,-2.25E0));
#8437=VERTEX_POINT('',#8435);
#8438=VERTEX_POINT('',#8436);
#8439=CARTESIAN_POINT('',(-1.475E1,2.25E0,-2.25E0));
#8440=VERTEX_POINT('',#8439);
#8441=CARTESIAN_POINT('',(-1.475E1,2.25E0,-2.75E0));
#8442=VERTEX_POINT('',#8441);
#8443=CARTESIAN_POINT('',(-1.475E1,7.5E-1,-2.75E0));
#8444=VERTEX_POINT('',#8443);
#8445=CARTESIAN_POINT('',(-1.475E1,-2.5E-1,-1.75E0));
#8446=VERTEX_POINT('',#8445);
#8447=CARTESIAN_POINT('',(-1.525E1,-2.5E-1,4.E0));
#8448=CARTESIAN_POINT('',(-1.525E1,2.5E-1,4.E0));
#8449=VERTEX_POINT('',#8447);
#8450=VERTEX_POINT('',#8448);
#8451=CARTESIAN_POINT('',(-1.525E1,2.5E-1,-1.75E0));
#8452=CARTESIAN_POINT('',(-1.525E1,7.5E-1,-2.25E0));
#8453=VERTEX_POINT('',#8451);
#8454=VERTEX_POINT('',#8452);
#8455=CARTESIAN_POINT('',(-1.525E1,2.25E0,-2.25E0));
#8456=VERTEX_POINT('',#8455);
#8457=CARTESIAN_POINT('',(-1.525E1,2.25E0,-2.75E0));
#8458=VERTEX_POINT('',#8457);
#8459=CARTESIAN_POINT('',(-1.525E1,7.5E-1,-2.75E0));
#8460=VERTEX_POINT('',#8459);
#8461=CARTESIAN_POINT('',(-1.525E1,-2.5E-1,-1.75E0));
#8462=VERTEX_POINT('',#8461);
#8463=CARTESIAN_POINT('',(-1.475E1,2.5E-1,0.E0));
#8464=CARTESIAN_POINT('',(-1.475E1,-2.5E-1,0.E0));
#8465=VERTEX_POINT('',#8463);
#8466=VERTEX_POINT('',#8464);
#8467=CARTESIAN_POINT('',(-1.525E1,2.5E-1,0.E0));
#8468=CARTESIAN_POINT('',(-1.525E1,-2.5E-1,0.E0));
#8469=VERTEX_POINT('',#8467);
#8470=VERTEX_POINT('',#8468);
#8471=CARTESIAN_POINT('',(-1.475E1,2.5E-1,-1.15E0));
#8472=CARTESIAN_POINT('',(-1.475E1,-2.5E-1,-1.15E0));
#8473=VERTEX_POINT('',#8471);
#8474=VERTEX_POINT('',#8472);
#8475=CARTESIAN_POINT('',(-1.525E1,2.5E-1,-1.15E0));
#8476=CARTESIAN_POINT('',(-1.525E1,-2.5E-1,-1.15E0));
#8477=VERTEX_POINT('',#8475);
#8478=VERTEX_POINT('',#8476);
#8479=CARTESIAN_POINT('',(-1.075E1,-2.5E-1,4.E0));
#8480=CARTESIAN_POINT('',(-1.075E1,2.5E-1,4.E0));
#8481=VERTEX_POINT('',#8479);
#8482=VERTEX_POINT('',#8480);
#8483=CARTESIAN_POINT('',(-1.075E1,2.5E-1,-1.75E0));
#8484=CARTESIAN_POINT('',(-1.075E1,7.5E-1,-2.25E0));
#8485=VERTEX_POINT('',#8483);
#8486=VERTEX_POINT('',#8484);
#8487=CARTESIAN_POINT('',(-1.075E1,2.25E0,-2.25E0));
#8488=VERTEX_POINT('',#8487);
#8489=CARTESIAN_POINT('',(-1.075E1,2.25E0,-2.75E0));
#8490=VERTEX_POINT('',#8489);
#8491=CARTESIAN_POINT('',(-1.075E1,7.5E-1,-2.75E0));
#8492=VERTEX_POINT('',#8491);
#8493=CARTESIAN_POINT('',(-1.075E1,-2.5E-1,-1.75E0));
#8494=VERTEX_POINT('',#8493);
#8495=CARTESIAN_POINT('',(-1.125E1,-2.5E-1,4.E0));
#8496=CARTESIAN_POINT('',(-1.125E1,2.5E-1,4.E0));
#8497=VERTEX_POINT('',#8495);
#8498=VERTEX_POINT('',#8496);
#8499=CARTESIAN_POINT('',(-1.125E1,2.5E-1,-1.75E0));
#8500=CARTESIAN_POINT('',(-1.125E1,7.5E-1,-2.25E0));
#8501=VERTEX_POINT('',#8499);
#8502=VERTEX_POINT('',#8500);
#8503=CARTESIAN_POINT('',(-1.125E1,2.25E0,-2.25E0));
#8504=VERTEX_POINT('',#8503);
#8505=CARTESIAN_POINT('',(-1.125E1,2.25E0,-2.75E0));
#8506=VERTEX_POINT('',#8505);
#8507=CARTESIAN_POINT('',(-1.125E1,7.5E-1,-2.75E0));
#8508=VERTEX_POINT('',#8507);
#8509=CARTESIAN_POINT('',(-1.125E1,-2.5E-1,-1.75E0));
#8510=VERTEX_POINT('',#8509);
#8511=CARTESIAN_POINT('',(-1.075E1,2.5E-1,0.E0));
#8512=CARTESIAN_POINT('',(-1.075E1,-2.5E-1,0.E0));
#8513=VERTEX_POINT('',#8511);
#8514=VERTEX_POINT('',#8512);
#8515=CARTESIAN_POINT('',(-1.125E1,2.5E-1,0.E0));
#8516=CARTESIAN_POINT('',(-1.125E1,-2.5E-1,0.E0));
#8517=VERTEX_POINT('',#8515);
#8518=VERTEX_POINT('',#8516);
#8519=CARTESIAN_POINT('',(-1.075E1,2.5E-1,-1.15E0));
#8520=CARTESIAN_POINT('',(-1.075E1,-2.5E-1,-1.15E0));
#8521=VERTEX_POINT('',#8519);
#8522=VERTEX_POINT('',#8520);
#8523=CARTESIAN_POINT('',(-1.125E1,2.5E-1,-1.15E0));
#8524=CARTESIAN_POINT('',(-1.125E1,-2.5E-1,-1.15E0));
#8525=VERTEX_POINT('',#8523);
#8526=VERTEX_POINT('',#8524);
#8527=CARTESIAN_POINT('',(-6.75E0,-2.5E-1,4.E0));
#8528=CARTESIAN_POINT('',(-6.75E0,2.5E-1,4.E0));
#8529=VERTEX_POINT('',#8527);
#8530=VERTEX_POINT('',#8528);
#8531=CARTESIAN_POINT('',(-6.75E0,2.5E-1,-1.75E0));
#8532=CARTESIAN_POINT('',(-6.75E0,7.5E-1,-2.25E0));
#8533=VERTEX_POINT('',#8531);
#8534=VERTEX_POINT('',#8532);
#8535=CARTESIAN_POINT('',(-6.75E0,2.25E0,-2.25E0));
#8536=VERTEX_POINT('',#8535);
#8537=CARTESIAN_POINT('',(-6.75E0,2.25E0,-2.75E0));
#8538=VERTEX_POINT('',#8537);
#8539=CARTESIAN_POINT('',(-6.75E0,7.5E-1,-2.75E0));
#8540=VERTEX_POINT('',#8539);
#8541=CARTESIAN_POINT('',(-6.75E0,-2.5E-1,-1.75E0));
#8542=VERTEX_POINT('',#8541);
#8543=CARTESIAN_POINT('',(-7.25E0,-2.5E-1,4.E0));
#8544=CARTESIAN_POINT('',(-7.25E0,2.5E-1,4.E0));
#8545=VERTEX_POINT('',#8543);
#8546=VERTEX_POINT('',#8544);
#8547=CARTESIAN_POINT('',(-7.25E0,2.5E-1,-1.75E0));
#8548=CARTESIAN_POINT('',(-7.25E0,7.5E-1,-2.25E0));
#8549=VERTEX_POINT('',#8547);
#8550=VERTEX_POINT('',#8548);
#8551=CARTESIAN_POINT('',(-7.25E0,2.25E0,-2.25E0));
#8552=VERTEX_POINT('',#8551);
#8553=CARTESIAN_POINT('',(-7.25E0,2.25E0,-2.75E0));
#8554=VERTEX_POINT('',#8553);
#8555=CARTESIAN_POINT('',(-7.25E0,7.5E-1,-2.75E0));
#8556=VERTEX_POINT('',#8555);
#8557=CARTESIAN_POINT('',(-7.25E0,-2.5E-1,-1.75E0));
#8558=VERTEX_POINT('',#8557);
#8559=CARTESIAN_POINT('',(-6.75E0,2.5E-1,0.E0));
#8560=CARTESIAN_POINT('',(-6.75E0,-2.5E-1,0.E0));
#8561=VERTEX_POINT('',#8559);
#8562=VERTEX_POINT('',#8560);
#8563=CARTESIAN_POINT('',(-7.25E0,2.5E-1,0.E0));
#8564=CARTESIAN_POINT('',(-7.25E0,-2.5E-1,0.E0));
#8565=VERTEX_POINT('',#8563);
#8566=VERTEX_POINT('',#8564);
#8567=CARTESIAN_POINT('',(-6.75E0,2.5E-1,-1.15E0));
#8568=CARTESIAN_POINT('',(-6.75E0,-2.5E-1,-1.15E0));
#8569=VERTEX_POINT('',#8567);
#8570=VERTEX_POINT('',#8568);
#8571=CARTESIAN_POINT('',(-7.25E0,2.5E-1,-1.15E0));
#8572=CARTESIAN_POINT('',(-7.25E0,-2.5E-1,-1.15E0));
#8573=VERTEX_POINT('',#8571);
#8574=VERTEX_POINT('',#8572);
#8575=CARTESIAN_POINT('',(-2.75E0,-2.5E-1,4.E0));
#8576=CARTESIAN_POINT('',(-2.75E0,2.5E-1,4.E0));
#8577=VERTEX_POINT('',#8575);
#8578=VERTEX_POINT('',#8576);
#8579=CARTESIAN_POINT('',(-2.75E0,2.5E-1,-1.75E0));
#8580=CARTESIAN_POINT('',(-2.75E0,7.5E-1,-2.25E0));
#8581=VERTEX_POINT('',#8579);
#8582=VERTEX_POINT('',#8580);
#8583=CARTESIAN_POINT('',(-2.75E0,2.25E0,-2.25E0));
#8584=VERTEX_POINT('',#8583);
#8585=CARTESIAN_POINT('',(-2.75E0,2.25E0,-2.75E0));
#8586=VERTEX_POINT('',#8585);
#8587=CARTESIAN_POINT('',(-2.75E0,7.5E-1,-2.75E0));
#8588=VERTEX_POINT('',#8587);
#8589=CARTESIAN_POINT('',(-2.75E0,-2.5E-1,-1.75E0));
#8590=VERTEX_POINT('',#8589);
#8591=CARTESIAN_POINT('',(-3.25E0,-2.5E-1,4.E0));
#8592=CARTESIAN_POINT('',(-3.25E0,2.5E-1,4.E0));
#8593=VERTEX_POINT('',#8591);
#8594=VERTEX_POINT('',#8592);
#8595=CARTESIAN_POINT('',(-3.25E0,2.5E-1,-1.75E0));
#8596=CARTESIAN_POINT('',(-3.25E0,7.5E-1,-2.25E0));
#8597=VERTEX_POINT('',#8595);
#8598=VERTEX_POINT('',#8596);
#8599=CARTESIAN_POINT('',(-3.25E0,2.25E0,-2.25E0));
#8600=VERTEX_POINT('',#8599);
#8601=CARTESIAN_POINT('',(-3.25E0,2.25E0,-2.75E0));
#8602=VERTEX_POINT('',#8601);
#8603=CARTESIAN_POINT('',(-3.25E0,7.5E-1,-2.75E0));
#8604=VERTEX_POINT('',#8603);
#8605=CARTESIAN_POINT('',(-3.25E0,-2.5E-1,-1.75E0));
#8606=VERTEX_POINT('',#8605);
#8607=CARTESIAN_POINT('',(-2.75E0,2.5E-1,0.E0));
#8608=CARTESIAN_POINT('',(-2.75E0,-2.5E-1,0.E0));
#8609=VERTEX_POINT('',#8607);
#8610=VERTEX_POINT('',#8608);
#8611=CARTESIAN_POINT('',(-3.25E0,2.5E-1,0.E0));
#8612=CARTESIAN_POINT('',(-3.25E0,-2.5E-1,0.E0));
#8613=VERTEX_POINT('',#8611);
#8614=VERTEX_POINT('',#8612);
#8615=CARTESIAN_POINT('',(-2.75E0,2.5E-1,-1.15E0));
#8616=CARTESIAN_POINT('',(-2.75E0,-2.5E-1,-1.15E0));
#8617=VERTEX_POINT('',#8615);
#8618=VERTEX_POINT('',#8616);
#8619=CARTESIAN_POINT('',(-3.25E0,2.5E-1,-1.15E0));
#8620=CARTESIAN_POINT('',(-3.25E0,-2.5E-1,-1.15E0));
#8621=VERTEX_POINT('',#8619);
#8622=VERTEX_POINT('',#8620);
#8623=CARTESIAN_POINT('',(1.25E0,-2.5E-1,4.E0));
#8624=CARTESIAN_POINT('',(1.25E0,2.5E-1,4.E0));
#8625=VERTEX_POINT('',#8623);
#8626=VERTEX_POINT('',#8624);
#8627=CARTESIAN_POINT('',(1.25E0,2.5E-1,-1.75E0));
#8628=CARTESIAN_POINT('',(1.25E0,7.5E-1,-2.25E0));
#8629=VERTEX_POINT('',#8627);
#8630=VERTEX_POINT('',#8628);
#8631=CARTESIAN_POINT('',(1.25E0,2.25E0,-2.25E0));
#8632=VERTEX_POINT('',#8631);
#8633=CARTESIAN_POINT('',(1.25E0,2.25E0,-2.75E0));
#8634=VERTEX_POINT('',#8633);
#8635=CARTESIAN_POINT('',(1.25E0,7.5E-1,-2.75E0));
#8636=VERTEX_POINT('',#8635);
#8637=CARTESIAN_POINT('',(1.25E0,-2.5E-1,-1.75E0));
#8638=VERTEX_POINT('',#8637);
#8639=CARTESIAN_POINT('',(7.5E-1,-2.5E-1,4.E0));
#8640=CARTESIAN_POINT('',(7.5E-1,2.5E-1,4.E0));
#8641=VERTEX_POINT('',#8639);
#8642=VERTEX_POINT('',#8640);
#8643=CARTESIAN_POINT('',(7.5E-1,2.5E-1,-1.75E0));
#8644=CARTESIAN_POINT('',(7.5E-1,7.5E-1,-2.25E0));
#8645=VERTEX_POINT('',#8643);
#8646=VERTEX_POINT('',#8644);
#8647=CARTESIAN_POINT('',(7.5E-1,2.25E0,-2.25E0));
#8648=VERTEX_POINT('',#8647);
#8649=CARTESIAN_POINT('',(7.5E-1,2.25E0,-2.75E0));
#8650=VERTEX_POINT('',#8649);
#8651=CARTESIAN_POINT('',(7.5E-1,7.5E-1,-2.75E0));
#8652=VERTEX_POINT('',#8651);
#8653=CARTESIAN_POINT('',(7.5E-1,-2.5E-1,-1.75E0));
#8654=VERTEX_POINT('',#8653);
#8655=CARTESIAN_POINT('',(1.25E0,2.5E-1,0.E0));
#8656=CARTESIAN_POINT('',(1.25E0,-2.5E-1,0.E0));
#8657=VERTEX_POINT('',#8655);
#8658=VERTEX_POINT('',#8656);
#8659=CARTESIAN_POINT('',(7.5E-1,2.5E-1,0.E0));
#8660=CARTESIAN_POINT('',(7.5E-1,-2.5E-1,0.E0));
#8661=VERTEX_POINT('',#8659);
#8662=VERTEX_POINT('',#8660);
#8663=CARTESIAN_POINT('',(1.25E0,2.5E-1,-1.15E0));
#8664=CARTESIAN_POINT('',(1.25E0,-2.5E-1,-1.15E0));
#8665=VERTEX_POINT('',#8663);
#8666=VERTEX_POINT('',#8664);
#8667=CARTESIAN_POINT('',(7.5E-1,2.5E-1,-1.15E0));
#8668=CARTESIAN_POINT('',(7.5E-1,-2.5E-1,-1.15E0));
#8669=VERTEX_POINT('',#8667);
#8670=VERTEX_POINT('',#8668);
#8671=CARTESIAN_POINT('',(5.25E0,-2.5E-1,4.E0));
#8672=CARTESIAN_POINT('',(5.25E0,2.5E-1,4.E0));
#8673=VERTEX_POINT('',#8671);
#8674=VERTEX_POINT('',#8672);
#8675=CARTESIAN_POINT('',(5.25E0,2.5E-1,-1.75E0));
#8676=CARTESIAN_POINT('',(5.25E0,7.5E-1,-2.25E0));
#8677=VERTEX_POINT('',#8675);
#8678=VERTEX_POINT('',#8676);
#8679=CARTESIAN_POINT('',(5.25E0,2.25E0,-2.25E0));
#8680=VERTEX_POINT('',#8679);
#8681=CARTESIAN_POINT('',(5.25E0,2.25E0,-2.75E0));
#8682=VERTEX_POINT('',#8681);
#8683=CARTESIAN_POINT('',(5.25E0,7.5E-1,-2.75E0));
#8684=VERTEX_POINT('',#8683);
#8685=CARTESIAN_POINT('',(5.25E0,-2.5E-1,-1.75E0));
#8686=VERTEX_POINT('',#8685);
#8687=CARTESIAN_POINT('',(4.75E0,-2.5E-1,4.E0));
#8688=CARTESIAN_POINT('',(4.75E0,2.5E-1,4.E0));
#8689=VERTEX_POINT('',#8687);
#8690=VERTEX_POINT('',#8688);
#8691=CARTESIAN_POINT('',(4.75E0,2.5E-1,-1.75E0));
#8692=CARTESIAN_POINT('',(4.75E0,7.5E-1,-2.25E0));
#8693=VERTEX_POINT('',#8691);
#8694=VERTEX_POINT('',#8692);
#8695=CARTESIAN_POINT('',(4.75E0,2.25E0,-2.25E0));
#8696=VERTEX_POINT('',#8695);
#8697=CARTESIAN_POINT('',(4.75E0,2.25E0,-2.75E0));
#8698=VERTEX_POINT('',#8697);
#8699=CARTESIAN_POINT('',(4.75E0,7.5E-1,-2.75E0));
#8700=VERTEX_POINT('',#8699);
#8701=CARTESIAN_POINT('',(4.75E0,-2.5E-1,-1.75E0));
#8702=VERTEX_POINT('',#8701);
#8703=CARTESIAN_POINT('',(5.25E0,2.5E-1,0.E0));
#8704=CARTESIAN_POINT('',(5.25E0,-2.5E-1,0.E0));
#8705=VERTEX_POINT('',#8703);
#8706=VERTEX_POINT('',#8704);
#8707=CARTESIAN_POINT('',(4.75E0,2.5E-1,0.E0));
#8708=CARTESIAN_POINT('',(4.75E0,-2.5E-1,0.E0));
#8709=VERTEX_POINT('',#8707);
#8710=VERTEX_POINT('',#8708);
#8711=CARTESIAN_POINT('',(5.25E0,2.5E-1,-1.15E0));
#8712=CARTESIAN_POINT('',(5.25E0,-2.5E-1,-1.15E0));
#8713=VERTEX_POINT('',#8711);
#8714=VERTEX_POINT('',#8712);
#8715=CARTESIAN_POINT('',(4.75E0,2.5E-1,-1.15E0));
#8716=CARTESIAN_POINT('',(4.75E0,-2.5E-1,-1.15E0));
#8717=VERTEX_POINT('',#8715);
#8718=VERTEX_POINT('',#8716);
#8719=CARTESIAN_POINT('',(9.25E0,-2.5E-1,4.E0));
#8720=CARTESIAN_POINT('',(9.25E0,2.5E-1,4.E0));
#8721=VERTEX_POINT('',#8719);
#8722=VERTEX_POINT('',#8720);
#8723=CARTESIAN_POINT('',(9.25E0,2.5E-1,-1.75E0));
#8724=CARTESIAN_POINT('',(9.25E0,7.5E-1,-2.25E0));
#8725=VERTEX_POINT('',#8723);
#8726=VERTEX_POINT('',#8724);
#8727=CARTESIAN_POINT('',(9.25E0,2.25E0,-2.25E0));
#8728=VERTEX_POINT('',#8727);
#8729=CARTESIAN_POINT('',(9.25E0,2.25E0,-2.75E0));
#8730=VERTEX_POINT('',#8729);
#8731=CARTESIAN_POINT('',(9.25E0,7.5E-1,-2.75E0));
#8732=VERTEX_POINT('',#8731);
#8733=CARTESIAN_POINT('',(9.25E0,-2.5E-1,-1.75E0));
#8734=VERTEX_POINT('',#8733);
#8735=CARTESIAN_POINT('',(8.75E0,-2.5E-1,4.E0));
#8736=CARTESIAN_POINT('',(8.75E0,2.5E-1,4.E0));
#8737=VERTEX_POINT('',#8735);
#8738=VERTEX_POINT('',#8736);
#8739=CARTESIAN_POINT('',(8.75E0,2.5E-1,-1.75E0));
#8740=CARTESIAN_POINT('',(8.75E0,7.5E-1,-2.25E0));
#8741=VERTEX_POINT('',#8739);
#8742=VERTEX_POINT('',#8740);
#8743=CARTESIAN_POINT('',(8.75E0,2.25E0,-2.25E0));
#8744=VERTEX_POINT('',#8743);
#8745=CARTESIAN_POINT('',(8.75E0,2.25E0,-2.75E0));
#8746=VERTEX_POINT('',#8745);
#8747=CARTESIAN_POINT('',(8.75E0,7.5E-1,-2.75E0));
#8748=VERTEX_POINT('',#8747);
#8749=CARTESIAN_POINT('',(8.75E0,-2.5E-1,-1.75E0));
#8750=VERTEX_POINT('',#8749);
#8751=CARTESIAN_POINT('',(9.25E0,2.5E-1,0.E0));
#8752=CARTESIAN_POINT('',(9.25E0,-2.5E-1,0.E0));
#8753=VERTEX_POINT('',#8751);
#8754=VERTEX_POINT('',#8752);
#8755=CARTESIAN_POINT('',(8.75E0,2.5E-1,0.E0));
#8756=CARTESIAN_POINT('',(8.75E0,-2.5E-1,0.E0));
#8757=VERTEX_POINT('',#8755);
#8758=VERTEX_POINT('',#8756);
#8759=CARTESIAN_POINT('',(9.25E0,2.5E-1,-1.15E0));
#8760=CARTESIAN_POINT('',(9.25E0,-2.5E-1,-1.15E0));
#8761=VERTEX_POINT('',#8759);
#8762=VERTEX_POINT('',#8760);
#8763=CARTESIAN_POINT('',(8.75E0,2.5E-1,-1.15E0));
#8764=CARTESIAN_POINT('',(8.75E0,-2.5E-1,-1.15E0));
#8765=VERTEX_POINT('',#8763);
#8766=VERTEX_POINT('',#8764);
#8767=CARTESIAN_POINT('',(1.325E1,-2.5E-1,4.E0));
#8768=CARTESIAN_POINT('',(1.325E1,2.5E-1,4.E0));
#8769=VERTEX_POINT('',#8767);
#8770=VERTEX_POINT('',#8768);
#8771=CARTESIAN_POINT('',(1.325E1,2.5E-1,-1.75E0));
#8772=CARTESIAN_POINT('',(1.325E1,7.5E-1,-2.25E0));
#8773=VERTEX_POINT('',#8771);
#8774=VERTEX_POINT('',#8772);
#8775=CARTESIAN_POINT('',(1.325E1,2.25E0,-2.25E0));
#8776=VERTEX_POINT('',#8775);
#8777=CARTESIAN_POINT('',(1.325E1,2.25E0,-2.75E0));
#8778=VERTEX_POINT('',#8777);
#8779=CARTESIAN_POINT('',(1.325E1,7.5E-1,-2.75E0));
#8780=VERTEX_POINT('',#8779);
#8781=CARTESIAN_POINT('',(1.325E1,-2.5E-1,-1.75E0));
#8782=VERTEX_POINT('',#8781);
#8783=CARTESIAN_POINT('',(1.275E1,-2.5E-1,4.E0));
#8784=CARTESIAN_POINT('',(1.275E1,2.5E-1,4.E0));
#8785=VERTEX_POINT('',#8783);
#8786=VERTEX_POINT('',#8784);
#8787=CARTESIAN_POINT('',(1.275E1,2.5E-1,-1.75E0));
#8788=CARTESIAN_POINT('',(1.275E1,7.5E-1,-2.25E0));
#8789=VERTEX_POINT('',#8787);
#8790=VERTEX_POINT('',#8788);
#8791=CARTESIAN_POINT('',(1.275E1,2.25E0,-2.25E0));
#8792=VERTEX_POINT('',#8791);
#8793=CARTESIAN_POINT('',(1.275E1,2.25E0,-2.75E0));
#8794=VERTEX_POINT('',#8793);
#8795=CARTESIAN_POINT('',(1.275E1,7.5E-1,-2.75E0));
#8796=VERTEX_POINT('',#8795);
#8797=CARTESIAN_POINT('',(1.275E1,-2.5E-1,-1.75E0));
#8798=VERTEX_POINT('',#8797);
#8799=CARTESIAN_POINT('',(1.325E1,2.5E-1,0.E0));
#8800=CARTESIAN_POINT('',(1.325E1,-2.5E-1,0.E0));
#8801=VERTEX_POINT('',#8799);
#8802=VERTEX_POINT('',#8800);
#8803=CARTESIAN_POINT('',(1.275E1,2.5E-1,0.E0));
#8804=CARTESIAN_POINT('',(1.275E1,-2.5E-1,0.E0));
#8805=VERTEX_POINT('',#8803);
#8806=VERTEX_POINT('',#8804);
#8807=CARTESIAN_POINT('',(1.325E1,2.5E-1,-1.15E0));
#8808=CARTESIAN_POINT('',(1.325E1,-2.5E-1,-1.15E0));
#8809=VERTEX_POINT('',#8807);
#8810=VERTEX_POINT('',#8808);
#8811=CARTESIAN_POINT('',(1.275E1,2.5E-1,-1.15E0));
#8812=CARTESIAN_POINT('',(1.275E1,-2.5E-1,-1.15E0));
#8813=VERTEX_POINT('',#8811);
#8814=VERTEX_POINT('',#8812);
#8815=CARTESIAN_POINT('',(1.725E1,-2.5E-1,4.E0));
#8816=CARTESIAN_POINT('',(1.725E1,2.5E-1,4.E0));
#8817=VERTEX_POINT('',#8815);
#8818=VERTEX_POINT('',#8816);
#8819=CARTESIAN_POINT('',(1.725E1,2.5E-1,-1.75E0));
#8820=CARTESIAN_POINT('',(1.725E1,7.5E-1,-2.25E0));
#8821=VERTEX_POINT('',#8819);
#8822=VERTEX_POINT('',#8820);
#8823=CARTESIAN_POINT('',(1.725E1,2.25E0,-2.25E0));
#8824=VERTEX_POINT('',#8823);
#8825=CARTESIAN_POINT('',(1.725E1,2.25E0,-2.75E0));
#8826=VERTEX_POINT('',#8825);
#8827=CARTESIAN_POINT('',(1.725E1,7.5E-1,-2.75E0));
#8828=VERTEX_POINT('',#8827);
#8829=CARTESIAN_POINT('',(1.725E1,-2.5E-1,-1.75E0));
#8830=VERTEX_POINT('',#8829);
#8831=CARTESIAN_POINT('',(1.675E1,-2.5E-1,4.E0));
#8832=CARTESIAN_POINT('',(1.675E1,2.5E-1,4.E0));
#8833=VERTEX_POINT('',#8831);
#8834=VERTEX_POINT('',#8832);
#8835=CARTESIAN_POINT('',(1.675E1,2.5E-1,-1.75E0));
#8836=CARTESIAN_POINT('',(1.675E1,7.5E-1,-2.25E0));
#8837=VERTEX_POINT('',#8835);
#8838=VERTEX_POINT('',#8836);
#8839=CARTESIAN_POINT('',(1.675E1,2.25E0,-2.25E0));
#8840=VERTEX_POINT('',#8839);
#8841=CARTESIAN_POINT('',(1.675E1,2.25E0,-2.75E0));
#8842=VERTEX_POINT('',#8841);
#8843=CARTESIAN_POINT('',(1.675E1,7.5E-1,-2.75E0));
#8844=VERTEX_POINT('',#8843);
#8845=CARTESIAN_POINT('',(1.675E1,-2.5E-1,-1.75E0));
#8846=VERTEX_POINT('',#8845);
#8847=CARTESIAN_POINT('',(1.725E1,2.5E-1,0.E0));
#8848=CARTESIAN_POINT('',(1.725E1,-2.5E-1,0.E0));
#8849=VERTEX_POINT('',#8847);
#8850=VERTEX_POINT('',#8848);
#8851=CARTESIAN_POINT('',(1.675E1,2.5E-1,0.E0));
#8852=CARTESIAN_POINT('',(1.675E1,-2.5E-1,0.E0));
#8853=VERTEX_POINT('',#8851);
#8854=VERTEX_POINT('',#8852);
#8855=CARTESIAN_POINT('',(1.725E1,2.5E-1,-1.15E0));
#8856=CARTESIAN_POINT('',(1.725E1,-2.5E-1,-1.15E0));
#8857=VERTEX_POINT('',#8855);
#8858=VERTEX_POINT('',#8856);
#8859=CARTESIAN_POINT('',(1.675E1,2.5E-1,-1.15E0));
#8860=CARTESIAN_POINT('',(1.675E1,-2.5E-1,-1.15E0));
#8861=VERTEX_POINT('',#8859);
#8862=VERTEX_POINT('',#8860);
#8863=CARTESIAN_POINT('',(-1.675E1,-7.5E-1,-2.75E0));
#8864=VERTEX_POINT('',#8863);
#8865=CARTESIAN_POINT('',(-1.675E1,-2.25E0,-2.75E0));
#8866=VERTEX_POINT('',#8865);
#8867=CARTESIAN_POINT('',(-1.675E1,-2.25E0,-2.25E0));
#8868=VERTEX_POINT('',#8867);
#8869=CARTESIAN_POINT('',(-1.675E1,-7.5E-1,-2.25E0));
#8870=VERTEX_POINT('',#8869);
#8871=CARTESIAN_POINT('',(-1.725E1,-7.5E-1,-2.75E0));
#8872=VERTEX_POINT('',#8871);
#8873=CARTESIAN_POINT('',(-1.725E1,-2.25E0,-2.75E0));
#8874=VERTEX_POINT('',#8873);
#8875=CARTESIAN_POINT('',(-1.725E1,-2.25E0,-2.25E0));
#8876=VERTEX_POINT('',#8875);
#8877=CARTESIAN_POINT('',(-1.725E1,-7.5E-1,-2.25E0));
#8878=VERTEX_POINT('',#8877);
#8879=CARTESIAN_POINT('',(-1.275E1,-2.5E-1,4.E0));
#8880=CARTESIAN_POINT('',(-1.275E1,2.5E-1,4.E0));
#8881=VERTEX_POINT('',#8879);
#8882=VERTEX_POINT('',#8880);
#8883=CARTESIAN_POINT('',(-1.275E1,2.5E-1,-1.75E0));
#8884=CARTESIAN_POINT('',(-1.275E1,-7.5E-1,-2.75E0));
#8885=VERTEX_POINT('',#8883);
#8886=VERTEX_POINT('',#8884);
#8887=CARTESIAN_POINT('',(-1.275E1,-2.25E0,-2.75E0));
#8888=VERTEX_POINT('',#8887);
#8889=CARTESIAN_POINT('',(-1.275E1,-2.25E0,-2.25E0));
#8890=VERTEX_POINT('',#8889);
#8891=CARTESIAN_POINT('',(-1.275E1,-7.5E-1,-2.25E0));
#8892=VERTEX_POINT('',#8891);
#8893=CARTESIAN_POINT('',(-1.275E1,-2.5E-1,-1.75E0));
#8894=VERTEX_POINT('',#8893);
#8895=CARTESIAN_POINT('',(-1.325E1,-2.5E-1,4.E0));
#8896=CARTESIAN_POINT('',(-1.325E1,2.5E-1,4.E0));
#8897=VERTEX_POINT('',#8895);
#8898=VERTEX_POINT('',#8896);
#8899=CARTESIAN_POINT('',(-1.325E1,2.5E-1,-1.75E0));
#8900=CARTESIAN_POINT('',(-1.325E1,-7.5E-1,-2.75E0));
#8901=VERTEX_POINT('',#8899);
#8902=VERTEX_POINT('',#8900);
#8903=CARTESIAN_POINT('',(-1.325E1,-2.25E0,-2.75E0));
#8904=VERTEX_POINT('',#8903);
#8905=CARTESIAN_POINT('',(-1.325E1,-2.25E0,-2.25E0));
#8906=VERTEX_POINT('',#8905);
#8907=CARTESIAN_POINT('',(-1.325E1,-7.5E-1,-2.25E0));
#8908=VERTEX_POINT('',#8907);
#8909=CARTESIAN_POINT('',(-1.325E1,-2.5E-1,-1.75E0));
#8910=VERTEX_POINT('',#8909);
#8911=CARTESIAN_POINT('',(-1.275E1,-2.5E-1,0.E0));
#8912=CARTESIAN_POINT('',(-1.275E1,2.5E-1,0.E0));
#8913=VERTEX_POINT('',#8911);
#8914=VERTEX_POINT('',#8912);
#8915=CARTESIAN_POINT('',(-1.325E1,-2.5E-1,0.E0));
#8916=CARTESIAN_POINT('',(-1.325E1,2.5E-1,0.E0));
#8917=VERTEX_POINT('',#8915);
#8918=VERTEX_POINT('',#8916);
#8919=CARTESIAN_POINT('',(-1.275E1,-2.5E-1,-1.15E0));
#8920=CARTESIAN_POINT('',(-1.275E1,2.5E-1,-1.15E0));
#8921=VERTEX_POINT('',#8919);
#8922=VERTEX_POINT('',#8920);
#8923=CARTESIAN_POINT('',(-1.325E1,-2.5E-1,-1.15E0));
#8924=CARTESIAN_POINT('',(-1.325E1,2.5E-1,-1.15E0));
#8925=VERTEX_POINT('',#8923);
#8926=VERTEX_POINT('',#8924);
#8927=CARTESIAN_POINT('',(-8.75E0,-2.5E-1,4.E0));
#8928=CARTESIAN_POINT('',(-8.75E0,2.5E-1,4.E0));
#8929=VERTEX_POINT('',#8927);
#8930=VERTEX_POINT('',#8928);
#8931=CARTESIAN_POINT('',(-8.75E0,2.5E-1,-1.75E0));
#8932=CARTESIAN_POINT('',(-8.75E0,-7.5E-1,-2.75E0));
#8933=VERTEX_POINT('',#8931);
#8934=VERTEX_POINT('',#8932);
#8935=CARTESIAN_POINT('',(-8.75E0,-2.25E0,-2.75E0));
#8936=VERTEX_POINT('',#8935);
#8937=CARTESIAN_POINT('',(-8.75E0,-2.25E0,-2.25E0));
#8938=VERTEX_POINT('',#8937);
#8939=CARTESIAN_POINT('',(-8.75E0,-7.5E-1,-2.25E0));
#8940=VERTEX_POINT('',#8939);
#8941=CARTESIAN_POINT('',(-8.75E0,-2.5E-1,-1.75E0));
#8942=VERTEX_POINT('',#8941);
#8943=CARTESIAN_POINT('',(-9.25E0,-2.5E-1,4.E0));
#8944=CARTESIAN_POINT('',(-9.25E0,2.5E-1,4.E0));
#8945=VERTEX_POINT('',#8943);
#8946=VERTEX_POINT('',#8944);
#8947=CARTESIAN_POINT('',(-9.25E0,2.5E-1,-1.75E0));
#8948=CARTESIAN_POINT('',(-9.25E0,-7.5E-1,-2.75E0));
#8949=VERTEX_POINT('',#8947);
#8950=VERTEX_POINT('',#8948);
#8951=CARTESIAN_POINT('',(-9.25E0,-2.25E0,-2.75E0));
#8952=VERTEX_POINT('',#8951);
#8953=CARTESIAN_POINT('',(-9.25E0,-2.25E0,-2.25E0));
#8954=VERTEX_POINT('',#8953);
#8955=CARTESIAN_POINT('',(-9.25E0,-7.5E-1,-2.25E0));
#8956=VERTEX_POINT('',#8955);
#8957=CARTESIAN_POINT('',(-9.25E0,-2.5E-1,-1.75E0));
#8958=VERTEX_POINT('',#8957);
#8959=CARTESIAN_POINT('',(-8.75E0,-2.5E-1,0.E0));
#8960=CARTESIAN_POINT('',(-8.75E0,2.5E-1,0.E0));
#8961=VERTEX_POINT('',#8959);
#8962=VERTEX_POINT('',#8960);
#8963=CARTESIAN_POINT('',(-9.25E0,-2.5E-1,0.E0));
#8964=CARTESIAN_POINT('',(-9.25E0,2.5E-1,0.E0));
#8965=VERTEX_POINT('',#8963);
#8966=VERTEX_POINT('',#8964);
#8967=CARTESIAN_POINT('',(-8.75E0,-2.5E-1,-1.15E0));
#8968=CARTESIAN_POINT('',(-8.75E0,2.5E-1,-1.15E0));
#8969=VERTEX_POINT('',#8967);
#8970=VERTEX_POINT('',#8968);
#8971=CARTESIAN_POINT('',(-9.25E0,-2.5E-1,-1.15E0));
#8972=CARTESIAN_POINT('',(-9.25E0,2.5E-1,-1.15E0));
#8973=VERTEX_POINT('',#8971);
#8974=VERTEX_POINT('',#8972);
#8975=CARTESIAN_POINT('',(-4.75E0,-2.5E-1,4.E0));
#8976=CARTESIAN_POINT('',(-4.75E0,2.5E-1,4.E0));
#8977=VERTEX_POINT('',#8975);
#8978=VERTEX_POINT('',#8976);
#8979=CARTESIAN_POINT('',(-4.75E0,2.5E-1,-1.75E0));
#8980=CARTESIAN_POINT('',(-4.75E0,-7.5E-1,-2.75E0));
#8981=VERTEX_POINT('',#8979);
#8982=VERTEX_POINT('',#8980);
#8983=CARTESIAN_POINT('',(-4.75E0,-2.25E0,-2.75E0));
#8984=VERTEX_POINT('',#8983);
#8985=CARTESIAN_POINT('',(-4.75E0,-2.25E0,-2.25E0));
#8986=VERTEX_POINT('',#8985);
#8987=CARTESIAN_POINT('',(-4.75E0,-7.5E-1,-2.25E0));
#8988=VERTEX_POINT('',#8987);
#8989=CARTESIAN_POINT('',(-4.75E0,-2.5E-1,-1.75E0));
#8990=VERTEX_POINT('',#8989);
#8991=CARTESIAN_POINT('',(-5.25E0,-2.5E-1,4.E0));
#8992=CARTESIAN_POINT('',(-5.25E0,2.5E-1,4.E0));
#8993=VERTEX_POINT('',#8991);
#8994=VERTEX_POINT('',#8992);
#8995=CARTESIAN_POINT('',(-5.25E0,2.5E-1,-1.75E0));
#8996=CARTESIAN_POINT('',(-5.25E0,-7.5E-1,-2.75E0));
#8997=VERTEX_POINT('',#8995);
#8998=VERTEX_POINT('',#8996);
#8999=CARTESIAN_POINT('',(-5.25E0,-2.25E0,-2.75E0));
#9000=VERTEX_POINT('',#8999);
#9001=CARTESIAN_POINT('',(-5.25E0,-2.25E0,-2.25E0));
#9002=VERTEX_POINT('',#9001);
#9003=CARTESIAN_POINT('',(-5.25E0,-7.5E-1,-2.25E0));
#9004=VERTEX_POINT('',#9003);
#9005=CARTESIAN_POINT('',(-5.25E0,-2.5E-1,-1.75E0));
#9006=VERTEX_POINT('',#9005);
#9007=CARTESIAN_POINT('',(-4.75E0,-2.5E-1,0.E0));
#9008=CARTESIAN_POINT('',(-4.75E0,2.5E-1,0.E0));
#9009=VERTEX_POINT('',#9007);
#9010=VERTEX_POINT('',#9008);
#9011=CARTESIAN_POINT('',(-5.25E0,-2.5E-1,0.E0));
#9012=CARTESIAN_POINT('',(-5.25E0,2.5E-1,0.E0));
#9013=VERTEX_POINT('',#9011);
#9014=VERTEX_POINT('',#9012);
#9015=CARTESIAN_POINT('',(-4.75E0,-2.5E-1,-1.15E0));
#9016=CARTESIAN_POINT('',(-4.75E0,2.5E-1,-1.15E0));
#9017=VERTEX_POINT('',#9015);
#9018=VERTEX_POINT('',#9016);
#9019=CARTESIAN_POINT('',(-5.25E0,-2.5E-1,-1.15E0));
#9020=CARTESIAN_POINT('',(-5.25E0,2.5E-1,-1.15E0));
#9021=VERTEX_POINT('',#9019);
#9022=VERTEX_POINT('',#9020);
#9023=CARTESIAN_POINT('',(-7.5E-1,-2.5E-1,4.E0));
#9024=CARTESIAN_POINT('',(-7.5E-1,2.5E-1,4.E0));
#9025=VERTEX_POINT('',#9023);
#9026=VERTEX_POINT('',#9024);
#9027=CARTESIAN_POINT('',(-7.5E-1,2.5E-1,-1.75E0));
#9028=CARTESIAN_POINT('',(-7.5E-1,-7.5E-1,-2.75E0));
#9029=VERTEX_POINT('',#9027);
#9030=VERTEX_POINT('',#9028);
#9031=CARTESIAN_POINT('',(-7.5E-1,-2.25E0,-2.75E0));
#9032=VERTEX_POINT('',#9031);
#9033=CARTESIAN_POINT('',(-7.5E-1,-2.25E0,-2.25E0));
#9034=VERTEX_POINT('',#9033);
#9035=CARTESIAN_POINT('',(-7.5E-1,-7.5E-1,-2.25E0));
#9036=VERTEX_POINT('',#9035);
#9037=CARTESIAN_POINT('',(-7.5E-1,-2.5E-1,-1.75E0));
#9038=VERTEX_POINT('',#9037);
#9039=CARTESIAN_POINT('',(-1.25E0,-2.5E-1,4.E0));
#9040=CARTESIAN_POINT('',(-1.25E0,2.5E-1,4.E0));
#9041=VERTEX_POINT('',#9039);
#9042=VERTEX_POINT('',#9040);
#9043=CARTESIAN_POINT('',(-1.25E0,2.5E-1,-1.75E0));
#9044=CARTESIAN_POINT('',(-1.25E0,-7.5E-1,-2.75E0));
#9045=VERTEX_POINT('',#9043);
#9046=VERTEX_POINT('',#9044);
#9047=CARTESIAN_POINT('',(-1.25E0,-2.25E0,-2.75E0));
#9048=VERTEX_POINT('',#9047);
#9049=CARTESIAN_POINT('',(-1.25E0,-2.25E0,-2.25E0));
#9050=VERTEX_POINT('',#9049);
#9051=CARTESIAN_POINT('',(-1.25E0,-7.5E-1,-2.25E0));
#9052=VERTEX_POINT('',#9051);
#9053=CARTESIAN_POINT('',(-1.25E0,-2.5E-1,-1.75E0));
#9054=VERTEX_POINT('',#9053);
#9055=CARTESIAN_POINT('',(-7.5E-1,-2.5E-1,0.E0));
#9056=CARTESIAN_POINT('',(-7.5E-1,2.5E-1,0.E0));
#9057=VERTEX_POINT('',#9055);
#9058=VERTEX_POINT('',#9056);
#9059=CARTESIAN_POINT('',(-1.25E0,-2.5E-1,0.E0));
#9060=CARTESIAN_POINT('',(-1.25E0,2.5E-1,0.E0));
#9061=VERTEX_POINT('',#9059);
#9062=VERTEX_POINT('',#9060);
#9063=CARTESIAN_POINT('',(-7.5E-1,-2.5E-1,-1.15E0));
#9064=CARTESIAN_POINT('',(-7.5E-1,2.5E-1,-1.15E0));
#9065=VERTEX_POINT('',#9063);
#9066=VERTEX_POINT('',#9064);
#9067=CARTESIAN_POINT('',(-1.25E0,-2.5E-1,-1.15E0));
#9068=CARTESIAN_POINT('',(-1.25E0,2.5E-1,-1.15E0));
#9069=VERTEX_POINT('',#9067);
#9070=VERTEX_POINT('',#9068);
#9071=CARTESIAN_POINT('',(3.25E0,-2.5E-1,4.E0));
#9072=CARTESIAN_POINT('',(3.25E0,2.5E-1,4.E0));
#9073=VERTEX_POINT('',#9071);
#9074=VERTEX_POINT('',#9072);
#9075=CARTESIAN_POINT('',(3.25E0,2.5E-1,-1.75E0));
#9076=CARTESIAN_POINT('',(3.25E0,-7.5E-1,-2.75E0));
#9077=VERTEX_POINT('',#9075);
#9078=VERTEX_POINT('',#9076);
#9079=CARTESIAN_POINT('',(3.25E0,-2.25E0,-2.75E0));
#9080=VERTEX_POINT('',#9079);
#9081=CARTESIAN_POINT('',(3.25E0,-2.25E0,-2.25E0));
#9082=VERTEX_POINT('',#9081);
#9083=CARTESIAN_POINT('',(3.25E0,-7.5E-1,-2.25E0));
#9084=VERTEX_POINT('',#9083);
#9085=CARTESIAN_POINT('',(3.25E0,-2.5E-1,-1.75E0));
#9086=VERTEX_POINT('',#9085);
#9087=CARTESIAN_POINT('',(2.75E0,-2.5E-1,4.E0));
#9088=CARTESIAN_POINT('',(2.75E0,2.5E-1,4.E0));
#9089=VERTEX_POINT('',#9087);
#9090=VERTEX_POINT('',#9088);
#9091=CARTESIAN_POINT('',(2.75E0,2.5E-1,-1.75E0));
#9092=CARTESIAN_POINT('',(2.75E0,-7.5E-1,-2.75E0));
#9093=VERTEX_POINT('',#9091);
#9094=VERTEX_POINT('',#9092);
#9095=CARTESIAN_POINT('',(2.75E0,-2.25E0,-2.75E0));
#9096=VERTEX_POINT('',#9095);
#9097=CARTESIAN_POINT('',(2.75E0,-2.25E0,-2.25E0));
#9098=VERTEX_POINT('',#9097);
#9099=CARTESIAN_POINT('',(2.75E0,-7.5E-1,-2.25E0));
#9100=VERTEX_POINT('',#9099);
#9101=CARTESIAN_POINT('',(2.75E0,-2.5E-1,-1.75E0));
#9102=VERTEX_POINT('',#9101);
#9103=CARTESIAN_POINT('',(3.25E0,-2.5E-1,0.E0));
#9104=CARTESIAN_POINT('',(3.25E0,2.5E-1,0.E0));
#9105=VERTEX_POINT('',#9103);
#9106=VERTEX_POINT('',#9104);
#9107=CARTESIAN_POINT('',(2.75E0,-2.5E-1,0.E0));
#9108=CARTESIAN_POINT('',(2.75E0,2.5E-1,0.E0));
#9109=VERTEX_POINT('',#9107);
#9110=VERTEX_POINT('',#9108);
#9111=CARTESIAN_POINT('',(3.25E0,-2.5E-1,-1.15E0));
#9112=CARTESIAN_POINT('',(3.25E0,2.5E-1,-1.15E0));
#9113=VERTEX_POINT('',#9111);
#9114=VERTEX_POINT('',#9112);
#9115=CARTESIAN_POINT('',(2.75E0,-2.5E-1,-1.15E0));
#9116=CARTESIAN_POINT('',(2.75E0,2.5E-1,-1.15E0));
#9117=VERTEX_POINT('',#9115);
#9118=VERTEX_POINT('',#9116);
#9119=CARTESIAN_POINT('',(7.25E0,-2.5E-1,4.E0));
#9120=CARTESIAN_POINT('',(7.25E0,2.5E-1,4.E0));
#9121=VERTEX_POINT('',#9119);
#9122=VERTEX_POINT('',#9120);
#9123=CARTESIAN_POINT('',(7.25E0,2.5E-1,-1.75E0));
#9124=CARTESIAN_POINT('',(7.25E0,-7.5E-1,-2.75E0));
#9125=VERTEX_POINT('',#9123);
#9126=VERTEX_POINT('',#9124);
#9127=CARTESIAN_POINT('',(7.25E0,-2.25E0,-2.75E0));
#9128=VERTEX_POINT('',#9127);
#9129=CARTESIAN_POINT('',(7.25E0,-2.25E0,-2.25E0));
#9130=VERTEX_POINT('',#9129);
#9131=CARTESIAN_POINT('',(7.25E0,-7.5E-1,-2.25E0));
#9132=VERTEX_POINT('',#9131);
#9133=CARTESIAN_POINT('',(7.25E0,-2.5E-1,-1.75E0));
#9134=VERTEX_POINT('',#9133);
#9135=CARTESIAN_POINT('',(6.75E0,-2.5E-1,4.E0));
#9136=CARTESIAN_POINT('',(6.75E0,2.5E-1,4.E0));
#9137=VERTEX_POINT('',#9135);
#9138=VERTEX_POINT('',#9136);
#9139=CARTESIAN_POINT('',(6.75E0,2.5E-1,-1.75E0));
#9140=CARTESIAN_POINT('',(6.75E0,-7.5E-1,-2.75E0));
#9141=VERTEX_POINT('',#9139);
#9142=VERTEX_POINT('',#9140);
#9143=CARTESIAN_POINT('',(6.75E0,-2.25E0,-2.75E0));
#9144=VERTEX_POINT('',#9143);
#9145=CARTESIAN_POINT('',(6.75E0,-2.25E0,-2.25E0));
#9146=VERTEX_POINT('',#9145);
#9147=CARTESIAN_POINT('',(6.75E0,-7.5E-1,-2.25E0));
#9148=VERTEX_POINT('',#9147);
#9149=CARTESIAN_POINT('',(6.75E0,-2.5E-1,-1.75E0));
#9150=VERTEX_POINT('',#9149);
#9151=CARTESIAN_POINT('',(7.25E0,-2.5E-1,0.E0));
#9152=CARTESIAN_POINT('',(7.25E0,2.5E-1,0.E0));
#9153=VERTEX_POINT('',#9151);
#9154=VERTEX_POINT('',#9152);
#9155=CARTESIAN_POINT('',(6.75E0,-2.5E-1,0.E0));
#9156=CARTESIAN_POINT('',(6.75E0,2.5E-1,0.E0));
#9157=VERTEX_POINT('',#9155);
#9158=VERTEX_POINT('',#9156);
#9159=CARTESIAN_POINT('',(7.25E0,-2.5E-1,-1.15E0));
#9160=CARTESIAN_POINT('',(7.25E0,2.5E-1,-1.15E0));
#9161=VERTEX_POINT('',#9159);
#9162=VERTEX_POINT('',#9160);
#9163=CARTESIAN_POINT('',(6.75E0,-2.5E-1,-1.15E0));
#9164=CARTESIAN_POINT('',(6.75E0,2.5E-1,-1.15E0));
#9165=VERTEX_POINT('',#9163);
#9166=VERTEX_POINT('',#9164);
#9167=CARTESIAN_POINT('',(1.125E1,-2.5E-1,4.E0));
#9168=CARTESIAN_POINT('',(1.125E1,2.5E-1,4.E0));
#9169=VERTEX_POINT('',#9167);
#9170=VERTEX_POINT('',#9168);
#9171=CARTESIAN_POINT('',(1.125E1,2.5E-1,-1.75E0));
#9172=CARTESIAN_POINT('',(1.125E1,-7.5E-1,-2.75E0));
#9173=VERTEX_POINT('',#9171);
#9174=VERTEX_POINT('',#9172);
#9175=CARTESIAN_POINT('',(1.125E1,-2.25E0,-2.75E0));
#9176=VERTEX_POINT('',#9175);
#9177=CARTESIAN_POINT('',(1.125E1,-2.25E0,-2.25E0));
#9178=VERTEX_POINT('',#9177);
#9179=CARTESIAN_POINT('',(1.125E1,-7.5E-1,-2.25E0));
#9180=VERTEX_POINT('',#9179);
#9181=CARTESIAN_POINT('',(1.125E1,-2.5E-1,-1.75E0));
#9182=VERTEX_POINT('',#9181);
#9183=CARTESIAN_POINT('',(1.075E1,-2.5E-1,4.E0));
#9184=CARTESIAN_POINT('',(1.075E1,2.5E-1,4.E0));
#9185=VERTEX_POINT('',#9183);
#9186=VERTEX_POINT('',#9184);
#9187=CARTESIAN_POINT('',(1.075E1,2.5E-1,-1.75E0));
#9188=CARTESIAN_POINT('',(1.075E1,-7.5E-1,-2.75E0));
#9189=VERTEX_POINT('',#9187);
#9190=VERTEX_POINT('',#9188);
#9191=CARTESIAN_POINT('',(1.075E1,-2.25E0,-2.75E0));
#9192=VERTEX_POINT('',#9191);
#9193=CARTESIAN_POINT('',(1.075E1,-2.25E0,-2.25E0));
#9194=VERTEX_POINT('',#9193);
#9195=CARTESIAN_POINT('',(1.075E1,-7.5E-1,-2.25E0));
#9196=VERTEX_POINT('',#9195);
#9197=CARTESIAN_POINT('',(1.075E1,-2.5E-1,-1.75E0));
#9198=VERTEX_POINT('',#9197);
#9199=CARTESIAN_POINT('',(1.125E1,-2.5E-1,0.E0));
#9200=CARTESIAN_POINT('',(1.125E1,2.5E-1,0.E0));
#9201=VERTEX_POINT('',#9199);
#9202=VERTEX_POINT('',#9200);
#9203=CARTESIAN_POINT('',(1.075E1,-2.5E-1,0.E0));
#9204=CARTESIAN_POINT('',(1.075E1,2.5E-1,0.E0));
#9205=VERTEX_POINT('',#9203);
#9206=VERTEX_POINT('',#9204);
#9207=CARTESIAN_POINT('',(1.125E1,-2.5E-1,-1.15E0));
#9208=CARTESIAN_POINT('',(1.125E1,2.5E-1,-1.15E0));
#9209=VERTEX_POINT('',#9207);
#9210=VERTEX_POINT('',#9208);
#9211=CARTESIAN_POINT('',(1.075E1,-2.5E-1,-1.15E0));
#9212=CARTESIAN_POINT('',(1.075E1,2.5E-1,-1.15E0));
#9213=VERTEX_POINT('',#9211);
#9214=VERTEX_POINT('',#9212);
#9215=CARTESIAN_POINT('',(1.525E1,-2.5E-1,4.E0));
#9216=CARTESIAN_POINT('',(1.525E1,2.5E-1,4.E0));
#9217=VERTEX_POINT('',#9215);
#9218=VERTEX_POINT('',#9216);
#9219=CARTESIAN_POINT('',(1.525E1,2.5E-1,-1.75E0));
#9220=CARTESIAN_POINT('',(1.525E1,-7.5E-1,-2.75E0));
#9221=VERTEX_POINT('',#9219);
#9222=VERTEX_POINT('',#9220);
#9223=CARTESIAN_POINT('',(1.525E1,-2.25E0,-2.75E0));
#9224=VERTEX_POINT('',#9223);
#9225=CARTESIAN_POINT('',(1.525E1,-2.25E0,-2.25E0));
#9226=VERTEX_POINT('',#9225);
#9227=CARTESIAN_POINT('',(1.525E1,-7.5E-1,-2.25E0));
#9228=VERTEX_POINT('',#9227);
#9229=CARTESIAN_POINT('',(1.525E1,-2.5E-1,-1.75E0));
#9230=VERTEX_POINT('',#9229);
#9231=CARTESIAN_POINT('',(1.475E1,-2.5E-1,4.E0));
#9232=CARTESIAN_POINT('',(1.475E1,2.5E-1,4.E0));
#9233=VERTEX_POINT('',#9231);
#9234=VERTEX_POINT('',#9232);
#9235=CARTESIAN_POINT('',(1.475E1,2.5E-1,-1.75E0));
#9236=CARTESIAN_POINT('',(1.475E1,-7.5E-1,-2.75E0));
#9237=VERTEX_POINT('',#9235);
#9238=VERTEX_POINT('',#9236);
#9239=CARTESIAN_POINT('',(1.475E1,-2.25E0,-2.75E0));
#9240=VERTEX_POINT('',#9239);
#9241=CARTESIAN_POINT('',(1.475E1,-2.25E0,-2.25E0));
#9242=VERTEX_POINT('',#9241);
#9243=CARTESIAN_POINT('',(1.475E1,-7.5E-1,-2.25E0));
#9244=VERTEX_POINT('',#9243);
#9245=CARTESIAN_POINT('',(1.475E1,-2.5E-1,-1.75E0));
#9246=VERTEX_POINT('',#9245);
#9247=CARTESIAN_POINT('',(1.525E1,-2.5E-1,0.E0));
#9248=CARTESIAN_POINT('',(1.525E1,2.5E-1,0.E0));
#9249=VERTEX_POINT('',#9247);
#9250=VERTEX_POINT('',#9248);
#9251=CARTESIAN_POINT('',(1.475E1,-2.5E-1,0.E0));
#9252=CARTESIAN_POINT('',(1.475E1,2.5E-1,0.E0));
#9253=VERTEX_POINT('',#9251);
#9254=VERTEX_POINT('',#9252);
#9255=CARTESIAN_POINT('',(1.525E1,-2.5E-1,-1.15E0));
#9256=CARTESIAN_POINT('',(1.525E1,2.5E-1,-1.15E0));
#9257=VERTEX_POINT('',#9255);
#9258=VERTEX_POINT('',#9256);
#9259=CARTESIAN_POINT('',(1.475E1,-2.5E-1,-1.15E0));
#9260=CARTESIAN_POINT('',(1.475E1,2.5E-1,-1.15E0));
#9261=VERTEX_POINT('',#9259);
#9262=VERTEX_POINT('',#9260);
#9263=CARTESIAN_POINT('',(1.925E1,-2.5E-1,4.E0));
#9264=CARTESIAN_POINT('',(1.925E1,2.5E-1,4.E0));
#9265=VERTEX_POINT('',#9263);
#9266=VERTEX_POINT('',#9264);
#9267=CARTESIAN_POINT('',(1.925E1,2.5E-1,-1.75E0));
#9268=CARTESIAN_POINT('',(1.925E1,-7.5E-1,-2.75E0));
#9269=VERTEX_POINT('',#9267);
#9270=VERTEX_POINT('',#9268);
#9271=CARTESIAN_POINT('',(1.925E1,-2.25E0,-2.75E0));
#9272=VERTEX_POINT('',#9271);
#9273=CARTESIAN_POINT('',(1.925E1,-2.25E0,-2.25E0));
#9274=VERTEX_POINT('',#9273);
#9275=CARTESIAN_POINT('',(1.925E1,-7.5E-1,-2.25E0));
#9276=VERTEX_POINT('',#9275);
#9277=CARTESIAN_POINT('',(1.925E1,-2.5E-1,-1.75E0));
#9278=VERTEX_POINT('',#9277);
#9279=CARTESIAN_POINT('',(1.875E1,-2.5E-1,4.E0));
#9280=CARTESIAN_POINT('',(1.875E1,2.5E-1,4.E0));
#9281=VERTEX_POINT('',#9279);
#9282=VERTEX_POINT('',#9280);
#9283=CARTESIAN_POINT('',(1.875E1,2.5E-1,-1.75E0));
#9284=CARTESIAN_POINT('',(1.875E1,-7.5E-1,-2.75E0));
#9285=VERTEX_POINT('',#9283);
#9286=VERTEX_POINT('',#9284);
#9287=CARTESIAN_POINT('',(1.875E1,-2.25E0,-2.75E0));
#9288=VERTEX_POINT('',#9287);
#9289=CARTESIAN_POINT('',(1.875E1,-2.25E0,-2.25E0));
#9290=VERTEX_POINT('',#9289);
#9291=CARTESIAN_POINT('',(1.875E1,-7.5E-1,-2.25E0));
#9292=VERTEX_POINT('',#9291);
#9293=CARTESIAN_POINT('',(1.875E1,-2.5E-1,-1.75E0));
#9294=VERTEX_POINT('',#9293);
#9295=CARTESIAN_POINT('',(1.925E1,-2.5E-1,0.E0));
#9296=CARTESIAN_POINT('',(1.925E1,2.5E-1,0.E0));
#9297=VERTEX_POINT('',#9295);
#9298=VERTEX_POINT('',#9296);
#9299=CARTESIAN_POINT('',(1.875E1,-2.5E-1,0.E0));
#9300=CARTESIAN_POINT('',(1.875E1,2.5E-1,0.E0));
#9301=VERTEX_POINT('',#9299);
#9302=VERTEX_POINT('',#9300);
#9303=CARTESIAN_POINT('',(1.925E1,-2.5E-1,-1.15E0));
#9304=CARTESIAN_POINT('',(1.925E1,2.5E-1,-1.15E0));
#9305=VERTEX_POINT('',#9303);
#9306=VERTEX_POINT('',#9304);
#9307=CARTESIAN_POINT('',(1.875E1,-2.5E-1,-1.15E0));
#9308=CARTESIAN_POINT('',(1.875E1,2.5E-1,-1.15E0));
#9309=VERTEX_POINT('',#9307);
#9310=VERTEX_POINT('',#9308);
#9311=CARTESIAN_POINT('',(-2.E1,0.E0,0.E0));
#9312=DIRECTION('',(1.E0,0.E0,0.E0));
#9313=DIRECTION('',(0.E0,-1.E0,0.E0));
#9314=AXIS2_PLACEMENT_3D('',#9311,#9312,#9313);
#9315=PLANE('',#9314);
#9317=ORIENTED_EDGE('',*,*,#9316,.F.);
#9319=ORIENTED_EDGE('',*,*,#9318,.T.);
#9321=ORIENTED_EDGE('',*,*,#9320,.T.);
#9323=ORIENTED_EDGE('',*,*,#9322,.F.);
#9325=ORIENTED_EDGE('',*,*,#9324,.F.);
#9326=EDGE_LOOP('',(#9317,#9319,#9321,#9323,#9325));
#9327=FACE_OUTER_BOUND('',#9326,.F.);
#9329=CARTESIAN_POINT('',(-2.E1,0.E0,0.E0));
#9330=DIRECTION('',(1.E0,0.E0,0.E0));
#9331=DIRECTION('',(0.E0,-1.E0,0.E0));
#9332=AXIS2_PLACEMENT_3D('',#9329,#9330,#9331);
#9333=PLANE('',#9332);
#9335=ORIENTED_EDGE('',*,*,#9334,.F.);
#9337=ORIENTED_EDGE('',*,*,#9336,.T.);
#9339=ORIENTED_EDGE('',*,*,#9338,.F.);
#9341=ORIENTED_EDGE('',*,*,#9340,.F.);
#9343=ORIENTED_EDGE('',*,*,#9342,.F.);
#9344=EDGE_LOOP('',(#9335,#9337,#9339,#9341,#9343));
#9345=FACE_OUTER_BOUND('',#9344,.F.);
#9347=CARTESIAN_POINT('',(-1.9925E1,8.E-1,-7.5E-2));
#9348=DIRECTION('',(-7.071067811865E-1,0.E0,7.071067811866E-1));
#9349=DIRECTION('',(7.071067811866E-1,0.E0,7.071067811865E-1));
#9350=AXIS2_PLACEMENT_3D('',#9347,#9348,#9349);
#9351=PLANE('',#9350);
#9353=ORIENTED_EDGE('',*,*,#9352,.T.);
#9354=ORIENTED_EDGE('',*,*,#9316,.T.);
#9356=ORIENTED_EDGE('',*,*,#9355,.F.);
#9358=ORIENTED_EDGE('',*,*,#9357,.F.);
#9359=EDGE_LOOP('',(#9353,#9354,#9356,#9358));
#9360=FACE_OUTER_BOUND('',#9359,.F.);
#9362=CARTESIAN_POINT('',(-1.985E1,5.E-1,0.E0));
#9363=DIRECTION('',(5.547001962252E-1,8.320502943378E-1,0.E0));
#9364=DIRECTION('',(-8.320502943378E-1,5.547001962252E-1,0.E0));
#9365=AXIS2_PLACEMENT_3D('',#9362,#9363,#9364);
#9366=PLANE('',#9365);
#9367=ORIENTED_EDGE('',*,*,#9352,.F.);
#9369=ORIENTED_EDGE('',*,*,#9368,.T.);
#9371=ORIENTED_EDGE('',*,*,#9370,.T.);
#9372=ORIENTED_EDGE('',*,*,#9318,.F.);
#9373=EDGE_LOOP('',(#9367,#9369,#9371,#9372));
#9374=FACE_OUTER_BOUND('',#9373,.F.);
#9376=CARTESIAN_POINT('',(-1.985E1,-5.E-1,0.E0));
#9377=DIRECTION('',(1.E0,0.E0,0.E0));
#9378=DIRECTION('',(0.E0,1.E0,0.E0));
#9379=AXIS2_PLACEMENT_3D('',#9376,#9377,#9378);
#9380=PLANE('',#9379);
#9382=ORIENTED_EDGE('',*,*,#9381,.F.);
#9384=ORIENTED_EDGE('',*,*,#9383,.T.);
#9386=ORIENTED_EDGE('',*,*,#9385,.T.);
#9387=ORIENTED_EDGE('',*,*,#9368,.F.);
#9388=EDGE_LOOP('',(#9382,#9384,#9386,#9387));
#9389=FACE_OUTER_BOUND('',#9388,.F.);
#9391=CARTESIAN_POINT('',(-2.E1,1.E0,0.E0));
#9392=DIRECTION('',(0.E0,0.E0,1.E0));
#9393=DIRECTION('',(0.E0,-1.E0,0.E0));
#9394=AXIS2_PLACEMENT_3D('',#9391,#9392,#9393);
#9395=PLANE('',#9394);
#9397=ORIENTED_EDGE('',*,*,#9396,.T.);
#9399=ORIENTED_EDGE('',*,*,#9398,.F.);
#9401=ORIENTED_EDGE('',*,*,#9400,.F.);
#9403=ORIENTED_EDGE('',*,*,#9402,.T.);
#9404=EDGE_LOOP('',(#9397,#9399,#9401,#9403));
#9405=FACE_OUTER_BOUND('',#9404,.F.);
#9407=ORIENTED_EDGE('',*,*,#9406,.F.);
#9409=ORIENTED_EDGE('',*,*,#9408,.T.);
#9411=ORIENTED_EDGE('',*,*,#9410,.T.);
#9413=ORIENTED_EDGE('',*,*,#9412,.F.);
#9414=EDGE_LOOP('',(#9407,#9409,#9411,#9413));
#9415=FACE_BOUND('',#9414,.F.);
#9417=CARTESIAN_POINT('',(-2.E1,1.E0,0.E0));
#9418=DIRECTION('',(0.E0,0.E0,1.E0));
#9419=DIRECTION('',(0.E0,-1.E0,0.E0));
#9420=AXIS2_PLACEMENT_3D('',#9417,#9418,#9419);
#9421=PLANE('',#9420);
#9423=ORIENTED_EDGE('',*,*,#9422,.T.);
#9425=ORIENTED_EDGE('',*,*,#9424,.F.);
#9427=ORIENTED_EDGE('',*,*,#9426,.F.);
#9429=ORIENTED_EDGE('',*,*,#9428,.T.);
#9430=EDGE_LOOP('',(#9423,#9425,#9427,#9429));
#9431=FACE_OUTER_BOUND('',#9430,.F.);
#9433=ORIENTED_EDGE('',*,*,#9432,.F.);
#9435=ORIENTED_EDGE('',*,*,#9434,.T.);
#9437=ORIENTED_EDGE('',*,*,#9436,.T.);
#9439=ORIENTED_EDGE('',*,*,#9438,.F.);
#9440=EDGE_LOOP('',(#9433,#9435,#9437,#9439));
#9441=FACE_BOUND('',#9440,.F.);
#9443=CARTESIAN_POINT('',(-2.E1,1.E0,0.E0));
#9444=DIRECTION('',(0.E0,0.E0,1.E0));
#9445=DIRECTION('',(0.E0,-1.E0,0.E0));
#9446=AXIS2_PLACEMENT_3D('',#9443,#9444,#9445);
#9447=PLANE('',#9446);
#9449=ORIENTED_EDGE('',*,*,#9448,.T.);
#9451=ORIENTED_EDGE('',*,*,#9450,.F.);
#9453=ORIENTED_EDGE('',*,*,#9452,.F.);
#9455=ORIENTED_EDGE('',*,*,#9454,.T.);
#9456=EDGE_LOOP('',(#9449,#9451,#9453,#9455));
#9457=FACE_OUTER_BOUND('',#9456,.F.);
#9459=ORIENTED_EDGE('',*,*,#9458,.T.);
#9461=ORIENTED_EDGE('',*,*,#9460,.T.);
#9463=ORIENTED_EDGE('',*,*,#9462,.F.);
#9465=ORIENTED_EDGE('',*,*,#9464,.F.);
#9466=EDGE_LOOP('',(#9459,#9461,#9463,#9465));
#9467=FACE_BOUND('',#9466,.F.);
#9469=CARTESIAN_POINT('',(-2.E1,1.E0,0.E0));
#9470=DIRECTION('',(0.E0,0.E0,1.E0));
#9471=DIRECTION('',(0.E0,-1.E0,0.E0));
#9472=AXIS2_PLACEMENT_3D('',#9469,#9470,#9471);
#9473=PLANE('',#9472);
#9475=ORIENTED_EDGE('',*,*,#9474,.T.);
#9477=ORIENTED_EDGE('',*,*,#9476,.F.);
#9479=ORIENTED_EDGE('',*,*,#9478,.F.);
#9481=ORIENTED_EDGE('',*,*,#9480,.T.);
#9482=EDGE_LOOP('',(#9475,#9477,#9479,#9481));
#9483=FACE_OUTER_BOUND('',#9482,.F.);
#9485=ORIENTED_EDGE('',*,*,#9484,.F.);
#9487=ORIENTED_EDGE('',*,*,#9486,.T.);
#9489=ORIENTED_EDGE('',*,*,#9488,.T.);
#9491=ORIENTED_EDGE('',*,*,#9490,.F.);
#9492=EDGE_LOOP('',(#9485,#9487,#9489,#9491));
#9493=FACE_BOUND('',#9492,.F.);
#9495=CARTESIAN_POINT('',(-2.E1,1.E0,0.E0));
#9496=DIRECTION('',(0.E0,0.E0,1.E0));
#9497=DIRECTION('',(0.E0,-1.E0,0.E0));
#9498=AXIS2_PLACEMENT_3D('',#9495,#9496,#9497);
#9499=PLANE('',#9498);
#9501=ORIENTED_EDGE('',*,*,#9500,.T.);
#9503=ORIENTED_EDGE('',*,*,#9502,.F.);
#9505=ORIENTED_EDGE('',*,*,#9504,.F.);
#9507=ORIENTED_EDGE('',*,*,#9506,.T.);
#9508=EDGE_LOOP('',(#9501,#9503,#9505,#9507));
#9509=FACE_OUTER_BOUND('',#9508,.F.);
#9511=ORIENTED_EDGE('',*,*,#9510,.T.);
#9513=ORIENTED_EDGE('',*,*,#9512,.T.);
#9515=ORIENTED_EDGE('',*,*,#9514,.F.);
#9517=ORIENTED_EDGE('',*,*,#9516,.F.);
#9518=EDGE_LOOP('',(#9511,#9513,#9515,#9517));
#9519=FACE_BOUND('',#9518,.F.);
#9521=CARTESIAN_POINT('',(-2.E1,1.E0,0.E0));
#9522=DIRECTION('',(0.E0,0.E0,1.E0));
#9523=DIRECTION('',(0.E0,-1.E0,0.E0));
#9524=AXIS2_PLACEMENT_3D('',#9521,#9522,#9523);
#9525=PLANE('',#9524);
#9527=ORIENTED_EDGE('',*,*,#9526,.T.);
#9529=ORIENTED_EDGE('',*,*,#9528,.F.);
#9531=ORIENTED_EDGE('',*,*,#9530,.F.);
#9533=ORIENTED_EDGE('',*,*,#9532,.T.);
#9534=EDGE_LOOP('',(#9527,#9529,#9531,#9533));
#9535=FACE_OUTER_BOUND('',#9534,.F.);
#9537=ORIENTED_EDGE('',*,*,#9536,.F.);
#9539=ORIENTED_EDGE('',*,*,#9538,.T.);
#9541=ORIENTED_EDGE('',*,*,#9540,.T.);
#9543=ORIENTED_EDGE('',*,*,#9542,.F.);
#9544=EDGE_LOOP('',(#9537,#9539,#9541,#9543));
#9545=FACE_BOUND('',#9544,.F.);
#9547=CARTESIAN_POINT('',(-2.E1,1.E0,0.E0));
#9548=DIRECTION('',(0.E0,0.E0,1.E0));
#9549=DIRECTION('',(0.E0,-1.E0,0.E0));
#9550=AXIS2_PLACEMENT_3D('',#9547,#9548,#9549);
#9551=PLANE('',#9550);
#9553=ORIENTED_EDGE('',*,*,#9552,.T.);
#9555=ORIENTED_EDGE('',*,*,#9554,.F.);
#9557=ORIENTED_EDGE('',*,*,#9556,.F.);
#9559=ORIENTED_EDGE('',*,*,#9558,.T.);
#9560=EDGE_LOOP('',(#9553,#9555,#9557,#9559));
#9561=FACE_OUTER_BOUND('',#9560,.F.);
#9563=ORIENTED_EDGE('',*,*,#9562,.T.);
#9565=ORIENTED_EDGE('',*,*,#9564,.T.);
#9567=ORIENTED_EDGE('',*,*,#9566,.F.);
#9569=ORIENTED_EDGE('',*,*,#9568,.F.);
#9570=EDGE_LOOP('',(#9563,#9565,#9567,#9569));
#9571=FACE_BOUND('',#9570,.F.);
#9573=CARTESIAN_POINT('',(-2.E1,1.E0,0.E0));
#9574=DIRECTION('',(0.E0,0.E0,1.E0));
#9575=DIRECTION('',(0.E0,-1.E0,0.E0));
#9576=AXIS2_PLACEMENT_3D('',#9573,#9574,#9575);
#9577=PLANE('',#9576);
#9579=ORIENTED_EDGE('',*,*,#9578,.T.);
#9581=ORIENTED_EDGE('',*,*,#9580,.F.);
#9583=ORIENTED_EDGE('',*,*,#9582,.F.);
#9585=ORIENTED_EDGE('',*,*,#9584,.T.);
#9586=EDGE_LOOP('',(#9579,#9581,#9583,#9585));
#9587=FACE_OUTER_BOUND('',#9586,.F.);
#9589=ORIENTED_EDGE('',*,*,#9588,.F.);
#9591=ORIENTED_EDGE('',*,*,#9590,.T.);
#9593=ORIENTED_EDGE('',*,*,#9592,.T.);
#9595=ORIENTED_EDGE('',*,*,#9594,.F.);
#9596=EDGE_LOOP('',(#9589,#9591,#9593,#9595));
#9597=FACE_BOUND('',#9596,.F.);
#9599=CARTESIAN_POINT('',(-2.E1,1.E0,0.E0));
#9600=DIRECTION('',(0.E0,0.E0,1.E0));
#9601=DIRECTION('',(0.E0,-1.E0,0.E0));
#9602=AXIS2_PLACEMENT_3D('',#9599,#9600,#9601);
#9603=PLANE('',#9602);
#9605=ORIENTED_EDGE('',*,*,#9604,.T.);
#9607=ORIENTED_EDGE('',*,*,#9606,.F.);
#9609=ORIENTED_EDGE('',*,*,#9608,.F.);
#9611=ORIENTED_EDGE('',*,*,#9610,.T.);
#9612=EDGE_LOOP('',(#9605,#9607,#9609,#9611));
#9613=FACE_OUTER_BOUND('',#9612,.F.);
#9615=ORIENTED_EDGE('',*,*,#9614,.T.);
#9617=ORIENTED_EDGE('',*,*,#9616,.T.);
#9619=ORIENTED_EDGE('',*,*,#9618,.F.);
#9621=ORIENTED_EDGE('',*,*,#9620,.F.);
#9622=EDGE_LOOP('',(#9615,#9617,#9619,#9621));
#9623=FACE_BOUND('',#9622,.F.);
#9625=CARTESIAN_POINT('',(-2.E1,1.E0,0.E0));
#9626=DIRECTION('',(0.E0,0.E0,1.E0));
#9627=DIRECTION('',(0.E0,-1.E0,0.E0));
#9628=AXIS2_PLACEMENT_3D('',#9625,#9626,#9627);
#9629=PLANE('',#9628);
#9631=ORIENTED_EDGE('',*,*,#9630,.T.);
#9633=ORIENTED_EDGE('',*,*,#9632,.F.);
#9635=ORIENTED_EDGE('',*,*,#9634,.F.);
#9637=ORIENTED_EDGE('',*,*,#9636,.T.);
#9638=EDGE_LOOP('',(#9631,#9633,#9635,#9637));
#9639=FACE_OUTER_BOUND('',#9638,.F.);
#9641=ORIENTED_EDGE('',*,*,#9640,.F.);
#9643=ORIENTED_EDGE('',*,*,#9642,.T.);
#9645=ORIENTED_EDGE('',*,*,#9644,.T.);
#9647=ORIENTED_EDGE('',*,*,#9646,.F.);
#9648=EDGE_LOOP('',(#9641,#9643,#9645,#9647));
#9649=FACE_BOUND('',#9648,.F.);
#9651=CARTESIAN_POINT('',(-2.E1,1.E0,0.E0));
#9652=DIRECTION('',(0.E0,0.E0,1.E0));
#9653=DIRECTION('',(0.E0,-1.E0,0.E0));
#9654=AXIS2_PLACEMENT_3D('',#9651,#9652,#9653);
#9655=PLANE('',#9654);
#9657=ORIENTED_EDGE('',*,*,#9656,.T.);
#9659=ORIENTED_EDGE('',*,*,#9658,.F.);
#9661=ORIENTED_EDGE('',*,*,#9660,.F.);
#9663=ORIENTED_EDGE('',*,*,#9662,.T.);
#9664=EDGE_LOOP('',(#9657,#9659,#9661,#9663));
#9665=FACE_OUTER_BOUND('',#9664,.F.);
#9667=ORIENTED_EDGE('',*,*,#9666,.T.);
#9669=ORIENTED_EDGE('',*,*,#9668,.T.);
#9671=ORIENTED_EDGE('',*,*,#9670,.F.);
#9673=ORIENTED_EDGE('',*,*,#9672,.F.);
#9674=EDGE_LOOP('',(#9667,#9669,#9671,#9673));
#9675=FACE_BOUND('',#9674,.F.);
#9677=CARTESIAN_POINT('',(-2.E1,1.E0,0.E0));
#9678=DIRECTION('',(0.E0,0.E0,1.E0));
#9679=DIRECTION('',(0.E0,-1.E0,0.E0));
#9680=AXIS2_PLACEMENT_3D('',#9677,#9678,#9679);
#9681=PLANE('',#9680);
#9683=ORIENTED_EDGE('',*,*,#9682,.T.);
#9685=ORIENTED_EDGE('',*,*,#9684,.F.);
#9687=ORIENTED_EDGE('',*,*,#9686,.F.);
#9689=ORIENTED_EDGE('',*,*,#9688,.T.);
#9690=EDGE_LOOP('',(#9683,#9685,#9687,#9689));
#9691=FACE_OUTER_BOUND('',#9690,.F.);
#9693=ORIENTED_EDGE('',*,*,#9692,.F.);
#9695=ORIENTED_EDGE('',*,*,#9694,.T.);
#9697=ORIENTED_EDGE('',*,*,#9696,.T.);
#9699=ORIENTED_EDGE('',*,*,#9698,.F.);
#9700=EDGE_LOOP('',(#9693,#9695,#9697,#9699));
#9701=FACE_BOUND('',#9700,.F.);
#9703=CARTESIAN_POINT('',(-2.E1,1.E0,0.E0));
#9704=DIRECTION('',(0.E0,0.E0,1.E0));
#9705=DIRECTION('',(0.E0,-1.E0,0.E0));
#9706=AXIS2_PLACEMENT_3D('',#9703,#9704,#9705);
#9707=PLANE('',#9706);
#9709=ORIENTED_EDGE('',*,*,#9708,.T.);
#9711=ORIENTED_EDGE('',*,*,#9710,.F.);
#9713=ORIENTED_EDGE('',*,*,#9712,.F.);
#9715=ORIENTED_EDGE('',*,*,#9714,.T.);
#9716=EDGE_LOOP('',(#9709,#9711,#9713,#9715));
#9717=FACE_OUTER_BOUND('',#9716,.F.);
#9719=ORIENTED_EDGE('',*,*,#9718,.T.);
#9721=ORIENTED_EDGE('',*,*,#9720,.T.);
#9723=ORIENTED_EDGE('',*,*,#9722,.F.);
#9725=ORIENTED_EDGE('',*,*,#9724,.F.);
#9726=EDGE_LOOP('',(#9719,#9721,#9723,#9725));
#9727=FACE_BOUND('',#9726,.F.);
#9729=CARTESIAN_POINT('',(-2.E1,1.E0,0.E0));
#9730=DIRECTION('',(0.E0,0.E0,1.E0));
#9731=DIRECTION('',(0.E0,-1.E0,0.E0));
#9732=AXIS2_PLACEMENT_3D('',#9729,#9730,#9731);
#9733=PLANE('',#9732);
#9735=ORIENTED_EDGE('',*,*,#9734,.T.);
#9737=ORIENTED_EDGE('',*,*,#9736,.F.);
#9739=ORIENTED_EDGE('',*,*,#9738,.F.);
#9741=ORIENTED_EDGE('',*,*,#9740,.T.);
#9742=EDGE_LOOP('',(#9735,#9737,#9739,#9741));
#9743=FACE_OUTER_BOUND('',#9742,.F.);
#9745=ORIENTED_EDGE('',*,*,#9744,.F.);
#9747=ORIENTED_EDGE('',*,*,#9746,.T.);
#9749=ORIENTED_EDGE('',*,*,#9748,.T.);
#9751=ORIENTED_EDGE('',*,*,#9750,.F.);
#9752=EDGE_LOOP('',(#9745,#9747,#9749,#9751));
#9753=FACE_BOUND('',#9752,.F.);
#9755=CARTESIAN_POINT('',(-2.E1,1.E0,0.E0));
#9756=DIRECTION('',(0.E0,0.E0,1.E0));
#9757=DIRECTION('',(0.E0,-1.E0,0.E0));
#9758=AXIS2_PLACEMENT_3D('',#9755,#9756,#9757);
#9759=PLANE('',#9758);
#9761=ORIENTED_EDGE('',*,*,#9760,.T.);
#9763=ORIENTED_EDGE('',*,*,#9762,.F.);
#9765=ORIENTED_EDGE('',*,*,#9764,.F.);
#9767=ORIENTED_EDGE('',*,*,#9766,.T.);
#9768=EDGE_LOOP('',(#9761,#9763,#9765,#9767));
#9769=FACE_OUTER_BOUND('',#9768,.F.);
#9771=ORIENTED_EDGE('',*,*,#9770,.T.);
#9773=ORIENTED_EDGE('',*,*,#9772,.T.);
#9775=ORIENTED_EDGE('',*,*,#9774,.F.);
#9777=ORIENTED_EDGE('',*,*,#9776,.F.);
#9778=EDGE_LOOP('',(#9771,#9773,#9775,#9777));
#9779=FACE_BOUND('',#9778,.F.);
#9781=CARTESIAN_POINT('',(-2.E1,1.E0,0.E0));
#9782=DIRECTION('',(0.E0,0.E0,1.E0));
#9783=DIRECTION('',(0.E0,-1.E0,0.E0));
#9784=AXIS2_PLACEMENT_3D('',#9781,#9782,#9783);
#9785=PLANE('',#9784);
#9787=ORIENTED_EDGE('',*,*,#9786,.T.);
#9789=ORIENTED_EDGE('',*,*,#9788,.F.);
#9791=ORIENTED_EDGE('',*,*,#9790,.F.);
#9793=ORIENTED_EDGE('',*,*,#9792,.T.);
#9794=EDGE_LOOP('',(#9787,#9789,#9791,#9793));
#9795=FACE_OUTER_BOUND('',#9794,.F.);
#9797=ORIENTED_EDGE('',*,*,#9796,.F.);
#9799=ORIENTED_EDGE('',*,*,#9798,.T.);
#9801=ORIENTED_EDGE('',*,*,#9800,.T.);
#9803=ORIENTED_EDGE('',*,*,#9802,.F.);
#9804=EDGE_LOOP('',(#9797,#9799,#9801,#9803));
#9805=FACE_BOUND('',#9804,.F.);
#9807=CARTESIAN_POINT('',(-2.E1,1.E0,0.E0));
#9808=DIRECTION('',(0.E0,0.E0,1.E0));
#9809=DIRECTION('',(0.E0,-1.E0,0.E0));
#9810=AXIS2_PLACEMENT_3D('',#9807,#9808,#9809);
#9811=PLANE('',#9810);
#9813=ORIENTED_EDGE('',*,*,#9812,.T.);
#9815=ORIENTED_EDGE('',*,*,#9814,.F.);
#9817=ORIENTED_EDGE('',*,*,#9816,.F.);
#9819=ORIENTED_EDGE('',*,*,#9818,.T.);
#9820=EDGE_LOOP('',(#9813,#9815,#9817,#9819));
#9821=FACE_OUTER_BOUND('',#9820,.F.);
#9823=ORIENTED_EDGE('',*,*,#9822,.T.);
#9825=ORIENTED_EDGE('',*,*,#9824,.T.);
#9827=ORIENTED_EDGE('',*,*,#9826,.F.);
#9829=ORIENTED_EDGE('',*,*,#9828,.F.);
#9830=EDGE_LOOP('',(#9823,#9825,#9827,#9829));
#9831=FACE_BOUND('',#9830,.F.);
#9833=CARTESIAN_POINT('',(-2.E1,1.E0,0.E0));
#9834=DIRECTION('',(0.E0,0.E0,1.E0));
#9835=DIRECTION('',(0.E0,-1.E0,0.E0));
#9836=AXIS2_PLACEMENT_3D('',#9833,#9834,#9835);
#9837=PLANE('',#9836);
#9839=ORIENTED_EDGE('',*,*,#9838,.T.);
#9841=ORIENTED_EDGE('',*,*,#9840,.F.);
#9843=ORIENTED_EDGE('',*,*,#9842,.F.);
#9845=ORIENTED_EDGE('',*,*,#9844,.T.);
#9846=EDGE_LOOP('',(#9839,#9841,#9843,#9845));
#9847=FACE_OUTER_BOUND('',#9846,.F.);
#9849=ORIENTED_EDGE('',*,*,#9848,.F.);
#9851=ORIENTED_EDGE('',*,*,#9850,.T.);
#9853=ORIENTED_EDGE('',*,*,#9852,.T.);
#9855=ORIENTED_EDGE('',*,*,#9854,.F.);
#9856=EDGE_LOOP('',(#9849,#9851,#9853,#9855));
#9857=FACE_BOUND('',#9856,.F.);
#9859=CARTESIAN_POINT('',(-2.E1,1.E0,0.E0));
#9860=DIRECTION('',(0.E0,0.E0,1.E0));
#9861=DIRECTION('',(0.E0,-1.E0,0.E0));
#9862=AXIS2_PLACEMENT_3D('',#9859,#9860,#9861);
#9863=PLANE('',#9862);
#9865=ORIENTED_EDGE('',*,*,#9864,.T.);
#9867=ORIENTED_EDGE('',*,*,#9866,.F.);
#9869=ORIENTED_EDGE('',*,*,#9868,.F.);
#9871=ORIENTED_EDGE('',*,*,#9870,.T.);
#9872=EDGE_LOOP('',(#9865,#9867,#9869,#9871));
#9873=FACE_OUTER_BOUND('',#9872,.F.);
#9875=ORIENTED_EDGE('',*,*,#9874,.T.);
#9877=ORIENTED_EDGE('',*,*,#9876,.T.);
#9879=ORIENTED_EDGE('',*,*,#9878,.F.);
#9881=ORIENTED_EDGE('',*,*,#9880,.F.);
#9882=EDGE_LOOP('',(#9875,#9877,#9879,#9881));
#9883=FACE_BOUND('',#9882,.F.);
#9885=CARTESIAN_POINT('',(-2.E1,1.E0,0.E0));
#9886=DIRECTION('',(0.E0,0.E0,1.E0));
#9887=DIRECTION('',(0.E0,-1.E0,0.E0));
#9888=AXIS2_PLACEMENT_3D('',#9885,#9886,#9887);
#9889=PLANE('',#9888);
#9890=ORIENTED_EDGE('',*,*,#9357,.T.);
#9892=ORIENTED_EDGE('',*,*,#9891,.T.);
#9894=ORIENTED_EDGE('',*,*,#9893,.T.);
#9896=ORIENTED_EDGE('',*,*,#9895,.F.);
#9898=ORIENTED_EDGE('',*,*,#9897,.T.);
#9899=ORIENTED_EDGE('',*,*,#9381,.T.);
#9900=EDGE_LOOP('',(#9890,#9892,#9894,#9896,#9898,#9899));
#9901=FACE_OUTER_BOUND('',#9900,.F.);
#9903=ORIENTED_EDGE('',*,*,#9902,.T.);
#9905=ORIENTED_EDGE('',*,*,#9904,.T.);
#9907=ORIENTED_EDGE('',*,*,#9906,.F.);
#9909=ORIENTED_EDGE('',*,*,#9908,.F.);
#9910=EDGE_LOOP('',(#9903,#9905,#9907,#9909));
#9911=FACE_BOUND('',#9910,.F.);
#9913=CARTESIAN_POINT('',(-1.604543487266E1,1.E0,-4.242752122286E-1));
#9914=DIRECTION('',(-8.574929257125E-1,0.E0,-5.144957554275E-1));
#9915=DIRECTION('',(-5.144957554275E-1,0.E0,8.574929257125E-1));
#9916=AXIS2_PLACEMENT_3D('',#9913,#9914,#9915);
#9917=PLANE('',#9916);
#9919=ORIENTED_EDGE('',*,*,#9918,.T.);
#9921=ORIENTED_EDGE('',*,*,#9920,.F.);
#9922=ORIENTED_EDGE('',*,*,#9396,.F.);
#9924=ORIENTED_EDGE('',*,*,#9923,.F.);
#9925=EDGE_LOOP('',(#9919,#9921,#9922,#9924));
#9926=FACE_OUTER_BOUND('',#9925,.F.);
#9928=CARTESIAN_POINT('',(-1.6E1,1.E0,-3.970142886309E-1));
#9929=DIRECTION('',(0.E0,1.E0,0.E0));
#9930=DIRECTION('',(1.E0,0.E0,0.E0));
#9931=AXIS2_PLACEMENT_3D('',#9928,#9929,#9930);
#9932=CYLINDRICAL_SURFACE('',#9931,5.298571136907E-2);
#9934=ORIENTED_EDGE('',*,*,#9933,.T.);
#9936=ORIENTED_EDGE('',*,*,#9935,.T.);
#9937=ORIENTED_EDGE('',*,*,#9918,.F.);
#9939=ORIENTED_EDGE('',*,*,#9938,.T.);
#9940=EDGE_LOOP('',(#9934,#9936,#9937,#9939));
#9941=FACE_OUTER_BOUND('',#9940,.F.);
#9943=CARTESIAN_POINT('',(-1.57E1,1.E0,0.E0));
#9944=DIRECTION('',(8.574929257125E-1,0.E0,-5.144957554275E-1));
#9945=DIRECTION('',(-5.144957554275E-1,0.E0,-8.574929257125E-1));
#9946=AXIS2_PLACEMENT_3D('',#9943,#9944,#9945);
#9947=PLANE('',#9946);
#9948=ORIENTED_EDGE('',*,*,#9933,.F.);
#9950=ORIENTED_EDGE('',*,*,#9949,.F.);
#9951=ORIENTED_EDGE('',*,*,#9426,.T.);
#9953=ORIENTED_EDGE('',*,*,#9952,.F.);
#9954=EDGE_LOOP('',(#9948,#9950,#9951,#9953));
#9955=FACE_OUTER_BOUND('',#9954,.F.);
#9957=CARTESIAN_POINT('',(-1.57E1,1.E0,-1.5E0));
#9958=DIRECTION('',(8.574929257125E-1,-5.144957554275E-1,0.E0));
#9959=DIRECTION('',(-5.144957554275E-1,-8.574929257125E-1,0.E0));
#9960=AXIS2_PLACEMENT_3D('',#9957,#9958,#9959);
#9961=PLANE('',#9960);
#9963=ORIENTED_EDGE('',*,*,#9962,.F.);
#9965=ORIENTED_EDGE('',*,*,#9964,.T.);
#9966=ORIENTED_EDGE('',*,*,#9949,.T.);
#9968=ORIENTED_EDGE('',*,*,#9967,.F.);
#9969=EDGE_LOOP('',(#9963,#9965,#9966,#9968));
#9970=FACE_OUTER_BOUND('',#9969,.F.);
#9972=CARTESIAN_POINT('',(-2.E1,-6.E-1,-1.15E0));
#9973=DIRECTION('',(0.E0,0.E0,-1.E0));
#9974=DIRECTION('',(0.E0,1.E0,0.E0));
#9975=AXIS2_PLACEMENT_3D('',#9972,#9973,#9974);
#9976=PLANE('',#9975);
#9978=ORIENTED_EDGE('',*,*,#9977,.F.);
#9980=ORIENTED_EDGE('',*,*,#9979,.T.);
#9982=ORIENTED_EDGE('',*,*,#9981,.F.);
#9984=ORIENTED_EDGE('',*,*,#9983,.F.);
#9986=ORIENTED_EDGE('',*,*,#9985,.F.);
#9988=ORIENTED_EDGE('',*,*,#9987,.F.);
#9990=ORIENTED_EDGE('',*,*,#9989,.T.);
#9992=ORIENTED_EDGE('',*,*,#9991,.T.);
#9994=ORIENTED_EDGE('',*,*,#9993,.T.);
#9996=ORIENTED_EDGE('',*,*,#9995,.F.);
#9998=ORIENTED_EDGE('',*,*,#9997,.F.);
#10000=ORIENTED_EDGE('',*,*,#9999,.F.);
#10002=ORIENTED_EDGE('',*,*,#10001,.T.);
#10004=ORIENTED_EDGE('',*,*,#10003,.T.);
#10006=ORIENTED_EDGE('',*,*,#10005,.T.);
#10008=ORIENTED_EDGE('',*,*,#10007,.F.);
#10010=ORIENTED_EDGE('',*,*,#10009,.F.);
#10012=ORIENTED_EDGE('',*,*,#10011,.F.);
#10014=ORIENTED_EDGE('',*,*,#10013,.T.);
#10016=ORIENTED_EDGE('',*,*,#10015,.T.);
#10018=ORIENTED_EDGE('',*,*,#10017,.T.);
#10020=ORIENTED_EDGE('',*,*,#10019,.F.);
#10022=ORIENTED_EDGE('',*,*,#10021,.F.);
#10024=ORIENTED_EDGE('',*,*,#10023,.F.);
#10026=ORIENTED_EDGE('',*,*,#10025,.T.);
#10028=ORIENTED_EDGE('',*,*,#10027,.T.);
#10030=ORIENTED_EDGE('',*,*,#10029,.T.);
#10032=ORIENTED_EDGE('',*,*,#10031,.F.);
#10034=ORIENTED_EDGE('',*,*,#10033,.F.);
#10036=ORIENTED_EDGE('',*,*,#10035,.F.);
#10038=ORIENTED_EDGE('',*,*,#10037,.T.);
#10040=ORIENTED_EDGE('',*,*,#10039,.T.);
#10042=ORIENTED_EDGE('',*,*,#10041,.T.);
#10044=ORIENTED_EDGE('',*,*,#10043,.F.);
#10046=ORIENTED_EDGE('',*,*,#10045,.F.);
#10048=ORIENTED_EDGE('',*,*,#10047,.F.);
#10050=ORIENTED_EDGE('',*,*,#10049,.T.);
#10052=ORIENTED_EDGE('',*,*,#10051,.T.);
#10054=ORIENTED_EDGE('',*,*,#10053,.T.);
#10056=ORIENTED_EDGE('',*,*,#10055,.F.);
#10058=ORIENTED_EDGE('',*,*,#10057,.F.);
#10060=ORIENTED_EDGE('',*,*,#10059,.F.);
#10062=ORIENTED_EDGE('',*,*,#10061,.T.);
#10064=ORIENTED_EDGE('',*,*,#10063,.T.);
#10066=ORIENTED_EDGE('',*,*,#10065,.T.);
#10068=ORIENTED_EDGE('',*,*,#10067,.F.);
#10070=ORIENTED_EDGE('',*,*,#10069,.F.);
#10072=ORIENTED_EDGE('',*,*,#10071,.F.);
#10074=ORIENTED_EDGE('',*,*,#10073,.T.);
#10076=ORIENTED_EDGE('',*,*,#10075,.T.);
#10078=ORIENTED_EDGE('',*,*,#10077,.T.);
#10080=ORIENTED_EDGE('',*,*,#10079,.F.);
#10082=ORIENTED_EDGE('',*,*,#10081,.F.);
#10084=ORIENTED_EDGE('',*,*,#10083,.F.);
#10086=ORIENTED_EDGE('',*,*,#10085,.T.);
#10088=ORIENTED_EDGE('',*,*,#10087,.T.);
#10090=ORIENTED_EDGE('',*,*,#10089,.T.);
#10092=ORIENTED_EDGE('',*,*,#10091,.F.);
#10094=ORIENTED_EDGE('',*,*,#10093,.F.);
#10096=ORIENTED_EDGE('',*,*,#10095,.F.);
#10098=ORIENTED_EDGE('',*,*,#10097,.T.);
#10100=ORIENTED_EDGE('',*,*,#10099,.T.);
#10102=ORIENTED_EDGE('',*,*,#10101,.T.);
#10104=ORIENTED_EDGE('',*,*,#10103,.F.);
#10106=ORIENTED_EDGE('',*,*,#10105,.F.);
#10108=ORIENTED_EDGE('',*,*,#10107,.F.);
#10110=ORIENTED_EDGE('',*,*,#10109,.T.);
#10112=ORIENTED_EDGE('',*,*,#10111,.T.);
#10114=ORIENTED_EDGE('',*,*,#10113,.T.);
#10116=ORIENTED_EDGE('',*,*,#10115,.F.);
#10118=ORIENTED_EDGE('',*,*,#10117,.F.);
#10120=ORIENTED_EDGE('',*,*,#10119,.F.);
#10122=ORIENTED_EDGE('',*,*,#10121,.T.);
#10124=ORIENTED_EDGE('',*,*,#10123,.T.);
#10126=ORIENTED_EDGE('',*,*,#10125,.T.);
#10128=ORIENTED_EDGE('',*,*,#10127,.F.);
#10130=ORIENTED_EDGE('',*,*,#10129,.F.);
#10132=ORIENTED_EDGE('',*,*,#10131,.F.);
#10134=ORIENTED_EDGE('',*,*,#10133,.T.);
#10136=ORIENTED_EDGE('',*,*,#10135,.T.);
#10138=ORIENTED_EDGE('',*,*,#10137,.T.);
#10140=ORIENTED_EDGE('',*,*,#10139,.F.);
#10142=ORIENTED_EDGE('',*,*,#10141,.F.);
#10144=ORIENTED_EDGE('',*,*,#10143,.F.);
#10146=ORIENTED_EDGE('',*,*,#10145,.T.);
#10148=ORIENTED_EDGE('',*,*,#10147,.T.);
#10150=ORIENTED_EDGE('',*,*,#10149,.T.);
#10152=ORIENTED_EDGE('',*,*,#10151,.F.);
#10154=ORIENTED_EDGE('',*,*,#10153,.F.);
#10156=ORIENTED_EDGE('',*,*,#10155,.F.);
#10158=ORIENTED_EDGE('',*,*,#10157,.T.);
#10160=ORIENTED_EDGE('',*,*,#10159,.T.);
#10162=ORIENTED_EDGE('',*,*,#10161,.T.);
#10164=ORIENTED_EDGE('',*,*,#10163,.F.);
#10166=ORIENTED_EDGE('',*,*,#10165,.F.);
#10168=ORIENTED_EDGE('',*,*,#10167,.F.);
#10170=ORIENTED_EDGE('',*,*,#10169,.T.);
#10172=ORIENTED_EDGE('',*,*,#10171,.T.);
#10174=ORIENTED_EDGE('',*,*,#10173,.T.);
#10176=ORIENTED_EDGE('',*,*,#10175,.F.);
#10178=ORIENTED_EDGE('',*,*,#10177,.F.);
#10180=ORIENTED_EDGE('',*,*,#10179,.F.);
#10182=ORIENTED_EDGE('',*,*,#10181,.T.);
#10184=ORIENTED_EDGE('',*,*,#10183,.T.);
#10186=ORIENTED_EDGE('',*,*,#10185,.T.);
#10188=ORIENTED_EDGE('',*,*,#10187,.F.);
#10190=ORIENTED_EDGE('',*,*,#10189,.F.);
#10192=ORIENTED_EDGE('',*,*,#10191,.F.);
#10193=ORIENTED_EDGE('',*,*,#9962,.T.);
#10195=ORIENTED_EDGE('',*,*,#10194,.T.);
#10197=ORIENTED_EDGE('',*,*,#10196,.T.);
#10199=ORIENTED_EDGE('',*,*,#10198,.F.);
#10201=ORIENTED_EDGE('',*,*,#10200,.F.);
#10203=ORIENTED_EDGE('',*,*,#10202,.F.);
#10205=ORIENTED_EDGE('',*,*,#10204,.T.);
#10207=ORIENTED_EDGE('',*,*,#10206,.T.);
#10209=ORIENTED_EDGE('',*,*,#10208,.T.);
#10211=ORIENTED_EDGE('',*,*,#10210,.F.);
#10213=ORIENTED_EDGE('',*,*,#10212,.F.);
#10214=ORIENTED_EDGE('',*,*,#9370,.F.);
#10215=ORIENTED_EDGE('',*,*,#9385,.F.);
#10217=ORIENTED_EDGE('',*,*,#10216,.F.);
#10219=ORIENTED_EDGE('',*,*,#10218,.T.);
#10221=ORIENTED_EDGE('',*,*,#10220,.F.);
#10223=ORIENTED_EDGE('',*,*,#10222,.T.);
#10225=ORIENTED_EDGE('',*,*,#10224,.F.);
#10227=ORIENTED_EDGE('',*,*,#10226,.T.);
#10229=ORIENTED_EDGE('',*,*,#10228,.F.);
#10231=ORIENTED_EDGE('',*,*,#10230,.T.);
#10233=ORIENTED_EDGE('',*,*,#10232,.F.);
#10235=ORIENTED_EDGE('',*,*,#10234,.T.);
#10237=ORIENTED_EDGE('',*,*,#10236,.T.);
#10239=ORIENTED_EDGE('',*,*,#10238,.T.);
#10241=ORIENTED_EDGE('',*,*,#10240,.F.);
#10243=ORIENTED_EDGE('',*,*,#10242,.T.);
#10245=ORIENTED_EDGE('',*,*,#10244,.F.);
#10247=ORIENTED_EDGE('',*,*,#10246,.T.);
#10249=ORIENTED_EDGE('',*,*,#10248,.T.);
#10251=ORIENTED_EDGE('',*,*,#10250,.T.);
#10253=ORIENTED_EDGE('',*,*,#10252,.F.);
#10255=ORIENTED_EDGE('',*,*,#10254,.T.);
#10257=ORIENTED_EDGE('',*,*,#10256,.F.);
#10259=ORIENTED_EDGE('',*,*,#10258,.T.);
#10261=ORIENTED_EDGE('',*,*,#10260,.T.);
#10263=ORIENTED_EDGE('',*,*,#10262,.T.);
#10265=ORIENTED_EDGE('',*,*,#10264,.F.);
#10267=ORIENTED_EDGE('',*,*,#10266,.T.);
#10269=ORIENTED_EDGE('',*,*,#10268,.F.);
#10271=ORIENTED_EDGE('',*,*,#10270,.T.);
#10273=ORIENTED_EDGE('',*,*,#10272,.T.);
#10275=ORIENTED_EDGE('',*,*,#10274,.T.);
#10277=ORIENTED_EDGE('',*,*,#10276,.F.);
#10279=ORIENTED_EDGE('',*,*,#10278,.T.);
#10281=ORIENTED_EDGE('',*,*,#10280,.F.);
#10283=ORIENTED_EDGE('',*,*,#10282,.T.);
#10285=ORIENTED_EDGE('',*,*,#10284,.T.);
#10287=ORIENTED_EDGE('',*,*,#10286,.T.);
#10289=ORIENTED_EDGE('',*,*,#10288,.F.);
#10291=ORIENTED_EDGE('',*,*,#10290,.T.);
#10293=ORIENTED_EDGE('',*,*,#10292,.F.);
#10295=ORIENTED_EDGE('',*,*,#10294,.T.);
#10297=ORIENTED_EDGE('',*,*,#10296,.T.);
#10299=ORIENTED_EDGE('',*,*,#10298,.T.);
#10301=ORIENTED_EDGE('',*,*,#10300,.F.);
#10303=ORIENTED_EDGE('',*,*,#10302,.T.);
#10305=ORIENTED_EDGE('',*,*,#10304,.F.);
#10307=ORIENTED_EDGE('',*,*,#10306,.T.);
#10309=ORIENTED_EDGE('',*,*,#10308,.T.);
#10311=ORIENTED_EDGE('',*,*,#10310,.T.);
#10313=ORIENTED_EDGE('',*,*,#10312,.F.);
#10315=ORIENTED_EDGE('',*,*,#10314,.T.);
#10317=ORIENTED_EDGE('',*,*,#10316,.F.);
#10319=ORIENTED_EDGE('',*,*,#10318,.T.);
#10321=ORIENTED_EDGE('',*,*,#10320,.T.);
#10323=ORIENTED_EDGE('',*,*,#10322,.T.);
#10325=ORIENTED_EDGE('',*,*,#10324,.F.);
#10327=ORIENTED_EDGE('',*,*,#10326,.T.);
#10329=ORIENTED_EDGE('',*,*,#10328,.F.);
#10331=ORIENTED_EDGE('',*,*,#10330,.T.);
#10333=ORIENTED_EDGE('',*,*,#10332,.T.);
#10335=ORIENTED_EDGE('',*,*,#10334,.T.);
#10337=ORIENTED_EDGE('',*,*,#10336,.F.);
#10339=ORIENTED_EDGE('',*,*,#10338,.T.);
#10341=ORIENTED_EDGE('',*,*,#10340,.F.);
#10343=ORIENTED_EDGE('',*,*,#10342,.T.);
#10345=ORIENTED_EDGE('',*,*,#10344,.T.);
#10347=ORIENTED_EDGE('',*,*,#10346,.T.);
#10349=ORIENTED_EDGE('',*,*,#10348,.F.);
#10351=ORIENTED_EDGE('',*,*,#10350,.T.);
#10353=ORIENTED_EDGE('',*,*,#10352,.F.);
#10355=ORIENTED_EDGE('',*,*,#10354,.T.);
#10357=ORIENTED_EDGE('',*,*,#10356,.T.);
#10359=ORIENTED_EDGE('',*,*,#10358,.T.);
#10361=ORIENTED_EDGE('',*,*,#10360,.F.);
#10363=ORIENTED_EDGE('',*,*,#10362,.T.);
#10365=ORIENTED_EDGE('',*,*,#10364,.F.);
#10367=ORIENTED_EDGE('',*,*,#10366,.T.);
#10369=ORIENTED_EDGE('',*,*,#10368,.T.);
#10371=ORIENTED_EDGE('',*,*,#10370,.T.);
#10373=ORIENTED_EDGE('',*,*,#10372,.F.);
#10375=ORIENTED_EDGE('',*,*,#10374,.T.);
#10377=ORIENTED_EDGE('',*,*,#10376,.F.);
#10379=ORIENTED_EDGE('',*,*,#10378,.T.);
#10381=ORIENTED_EDGE('',*,*,#10380,.T.);
#10383=ORIENTED_EDGE('',*,*,#10382,.T.);
#10385=ORIENTED_EDGE('',*,*,#10384,.F.);
#10387=ORIENTED_EDGE('',*,*,#10386,.T.);
#10389=ORIENTED_EDGE('',*,*,#10388,.F.);
#10391=ORIENTED_EDGE('',*,*,#10390,.T.);
#10393=ORIENTED_EDGE('',*,*,#10392,.T.);
#10395=ORIENTED_EDGE('',*,*,#10394,.T.);
#10397=ORIENTED_EDGE('',*,*,#10396,.F.);
#10399=ORIENTED_EDGE('',*,*,#10398,.T.);
#10401=ORIENTED_EDGE('',*,*,#10400,.F.);
#10403=ORIENTED_EDGE('',*,*,#10402,.T.);
#10405=ORIENTED_EDGE('',*,*,#10404,.T.);
#10407=ORIENTED_EDGE('',*,*,#10406,.T.);
#10409=ORIENTED_EDGE('',*,*,#10408,.F.);
#10411=ORIENTED_EDGE('',*,*,#10410,.T.);
#10413=ORIENTED_EDGE('',*,*,#10412,.F.);
#10415=ORIENTED_EDGE('',*,*,#10414,.T.);
#10417=ORIENTED_EDGE('',*,*,#10416,.T.);
#10419=ORIENTED_EDGE('',*,*,#10418,.T.);
#10421=ORIENTED_EDGE('',*,*,#10420,.F.);
#10423=ORIENTED_EDGE('',*,*,#10422,.T.);
#10425=ORIENTED_EDGE('',*,*,#10424,.F.);
#10427=ORIENTED_EDGE('',*,*,#10426,.T.);
#10429=ORIENTED_EDGE('',*,*,#10428,.T.);
#10431=ORIENTED_EDGE('',*,*,#10430,.T.);
#10433=ORIENTED_EDGE('',*,*,#10432,.F.);
#10435=ORIENTED_EDGE('',*,*,#10434,.T.);
#10437=ORIENTED_EDGE('',*,*,#10436,.F.);
#10439=ORIENTED_EDGE('',*,*,#10438,.T.);
#10441=ORIENTED_EDGE('',*,*,#10440,.T.);
#10443=ORIENTED_EDGE('',*,*,#10442,.T.);
#10445=ORIENTED_EDGE('',*,*,#10444,.F.);
#10447=ORIENTED_EDGE('',*,*,#10446,.T.);
#10449=ORIENTED_EDGE('',*,*,#10448,.F.);
#10450=EDGE_LOOP('',(#9978,#9980,#9982,#9984,#9986,#9988,#9990,#9992,#9994,
#9996,#9998,#10000,#10002,#10004,#10006,#10008,#10010,#10012,#10014,#10016,
#10018,#10020,#10022,#10024,#10026,#10028,#10030,#10032,#10034,#10036,#10038,
#10040,#10042,#10044,#10046,#10048,#10050,#10052,#10054,#10056,#10058,#10060,
#10062,#10064,#10066,#10068,#10070,#10072,#10074,#10076,#10078,#10080,#10082,
#10084,#10086,#10088,#10090,#10092,#10094,#10096,#10098,#10100,#10102,#10104,
#10106,#10108,#10110,#10112,#10114,#10116,#10118,#10120,#10122,#10124,#10126,
#10128,#10130,#10132,#10134,#10136,#10138,#10140,#10142,#10144,#10146,#10148,
#10150,#10152,#10154,#10156,#10158,#10160,#10162,#10164,#10166,#10168,#10170,
#10172,#10174,#10176,#10178,#10180,#10182,#10184,#10186,#10188,#10190,#10192,
#10193,#10195,#10197,#10199,#10201,#10203,#10205,#10207,#10209,#10211,#10213,
#10214,#10215,#10217,#10219,#10221,#10223,#10225,#10227,#10229,#10231,#10233,
#10235,#10237,#10239,#10241,#10243,#10245,#10247,#10249,#10251,#10253,#10255,
#10257,#10259,#10261,#10263,#10265,#10267,#10269,#10271,#10273,#10275,#10277,
#10279,#10281,#10283,#10285,#10287,#10289,#10291,#10293,#10295,#10297,#10299,
#10301,#10303,#10305,#10307,#10309,#10311,#10313,#10315,#10317,#10319,#10321,
#10323,#10325,#10327,#10329,#10331,#10333,#10335,#10337,#10339,#10341,#10343,
#10345,#10347,#10349,#10351,#10353,#10355,#10357,#10359,#10361,#10363,#10365,
#10367,#10369,#10371,#10373,#10375,#10377,#10379,#10381,#10383,#10385,#10387,
#10389,#10391,#10393,#10395,#10397,#10399,#10401,#10403,#10405,#10407,#10409,
#10411,#10413,#10415,#10417,#10419,#10421,#10423,#10425,#10427,#10429,#10431,
#10433,#10435,#10437,#10439,#10441,#10443,#10445,#10447,#10449));
#10451=FACE_OUTER_BOUND('',#10450,.F.);
#10453=ORIENTED_EDGE('',*,*,#10452,.F.);
#10455=ORIENTED_EDGE('',*,*,#10454,.T.);
#10457=ORIENTED_EDGE('',*,*,#10456,.T.);
#10459=ORIENTED_EDGE('',*,*,#10458,.F.);
#10460=EDGE_LOOP('',(#10453,#10455,#10457,#10459));
#10461=FACE_BOUND('',#10460,.F.);
#10463=ORIENTED_EDGE('',*,*,#10462,.T.);
#10465=ORIENTED_EDGE('',*,*,#10464,.T.);
#10467=ORIENTED_EDGE('',*,*,#10466,.F.);
#10469=ORIENTED_EDGE('',*,*,#10468,.F.);
#10470=EDGE_LOOP('',(#10463,#10465,#10467,#10469));
#10471=FACE_BOUND('',#10470,.F.);
#10473=ORIENTED_EDGE('',*,*,#10472,.T.);
#10475=ORIENTED_EDGE('',*,*,#10474,.T.);
#10477=ORIENTED_EDGE('',*,*,#10476,.F.);
#10479=ORIENTED_EDGE('',*,*,#10478,.F.);
#10480=EDGE_LOOP('',(#10473,#10475,#10477,#10479));
#10481=FACE_BOUND('',#10480,.F.);
#10483=ORIENTED_EDGE('',*,*,#10482,.T.);
#10485=ORIENTED_EDGE('',*,*,#10484,.T.);
#10487=ORIENTED_EDGE('',*,*,#10486,.F.);
#10489=ORIENTED_EDGE('',*,*,#10488,.F.);
#10490=EDGE_LOOP('',(#10483,#10485,#10487,#10489));
#10491=FACE_BOUND('',#10490,.F.);
#10493=ORIENTED_EDGE('',*,*,#10492,.T.);
#10495=ORIENTED_EDGE('',*,*,#10494,.T.);
#10497=ORIENTED_EDGE('',*,*,#10496,.F.);
#10499=ORIENTED_EDGE('',*,*,#10498,.F.);
#10500=EDGE_LOOP('',(#10493,#10495,#10497,#10499));
#10501=FACE_BOUND('',#10500,.F.);
#10503=ORIENTED_EDGE('',*,*,#10502,.T.);
#10505=ORIENTED_EDGE('',*,*,#10504,.T.);
#10507=ORIENTED_EDGE('',*,*,#10506,.F.);
#10509=ORIENTED_EDGE('',*,*,#10508,.F.);
#10510=EDGE_LOOP('',(#10503,#10505,#10507,#10509));
#10511=FACE_BOUND('',#10510,.F.);
#10513=ORIENTED_EDGE('',*,*,#10512,.T.);
#10515=ORIENTED_EDGE('',*,*,#10514,.T.);
#10517=ORIENTED_EDGE('',*,*,#10516,.F.);
#10519=ORIENTED_EDGE('',*,*,#10518,.F.);
#10520=EDGE_LOOP('',(#10513,#10515,#10517,#10519));
#10521=FACE_BOUND('',#10520,.F.);
#10523=ORIENTED_EDGE('',*,*,#10522,.T.);
#10525=ORIENTED_EDGE('',*,*,#10524,.T.);
#10527=ORIENTED_EDGE('',*,*,#10526,.F.);
#10529=ORIENTED_EDGE('',*,*,#10528,.F.);
#10530=EDGE_LOOP('',(#10523,#10525,#10527,#10529));
#10531=FACE_BOUND('',#10530,.F.);
#10533=ORIENTED_EDGE('',*,*,#10532,.T.);
#10535=ORIENTED_EDGE('',*,*,#10534,.T.);
#10537=ORIENTED_EDGE('',*,*,#10536,.F.);
#10539=ORIENTED_EDGE('',*,*,#10538,.F.);
#10540=EDGE_LOOP('',(#10533,#10535,#10537,#10539));
#10541=FACE_BOUND('',#10540,.F.);
#10543=ORIENTED_EDGE('',*,*,#10542,.T.);
#10545=ORIENTED_EDGE('',*,*,#10544,.T.);
#10547=ORIENTED_EDGE('',*,*,#10546,.F.);
#10549=ORIENTED_EDGE('',*,*,#10548,.F.);
#10550=EDGE_LOOP('',(#10543,#10545,#10547,#10549));
#10551=FACE_BOUND('',#10550,.F.);
#10553=ORIENTED_EDGE('',*,*,#10552,.T.);
#10555=ORIENTED_EDGE('',*,*,#10554,.T.);
#10557=ORIENTED_EDGE('',*,*,#10556,.F.);
#10559=ORIENTED_EDGE('',*,*,#10558,.F.);
#10560=EDGE_LOOP('',(#10553,#10555,#10557,#10559));
#10561=FACE_BOUND('',#10560,.F.);
#10563=ORIENTED_EDGE('',*,*,#10562,.F.);
#10565=ORIENTED_EDGE('',*,*,#10564,.T.);
#10567=ORIENTED_EDGE('',*,*,#10566,.T.);
#10569=ORIENTED_EDGE('',*,*,#10568,.F.);
#10570=EDGE_LOOP('',(#10563,#10565,#10567,#10569));
#10571=FACE_BOUND('',#10570,.F.);
#10573=ORIENTED_EDGE('',*,*,#10572,.F.);
#10575=ORIENTED_EDGE('',*,*,#10574,.T.);
#10577=ORIENTED_EDGE('',*,*,#10576,.T.);
#10579=ORIENTED_EDGE('',*,*,#10578,.F.);
#10580=EDGE_LOOP('',(#10573,#10575,#10577,#10579));
#10581=FACE_BOUND('',#10580,.F.);
#10583=ORIENTED_EDGE('',*,*,#10582,.F.);
#10585=ORIENTED_EDGE('',*,*,#10584,.T.);
#10587=ORIENTED_EDGE('',*,*,#10586,.T.);
#10589=ORIENTED_EDGE('',*,*,#10588,.F.);
#10590=EDGE_LOOP('',(#10583,#10585,#10587,#10589));
#10591=FACE_BOUND('',#10590,.F.);
#10593=ORIENTED_EDGE('',*,*,#10592,.F.);
#10595=ORIENTED_EDGE('',*,*,#10594,.T.);
#10597=ORIENTED_EDGE('',*,*,#10596,.T.);
#10599=ORIENTED_EDGE('',*,*,#10598,.F.);
#10600=EDGE_LOOP('',(#10593,#10595,#10597,#10599));
#10601=FACE_BOUND('',#10600,.F.);
#10603=ORIENTED_EDGE('',*,*,#10602,.F.);
#10605=ORIENTED_EDGE('',*,*,#10604,.T.);
#10607=ORIENTED_EDGE('',*,*,#10606,.T.);
#10609=ORIENTED_EDGE('',*,*,#10608,.F.);
#10610=EDGE_LOOP('',(#10603,#10605,#10607,#10609));
#10611=FACE_BOUND('',#10610,.F.);
#10613=ORIENTED_EDGE('',*,*,#10612,.F.);
#10615=ORIENTED_EDGE('',*,*,#10614,.T.);
#10617=ORIENTED_EDGE('',*,*,#10616,.T.);
#10619=ORIENTED_EDGE('',*,*,#10618,.F.);
#10620=EDGE_LOOP('',(#10613,#10615,#10617,#10619));
#10621=FACE_BOUND('',#10620,.F.);
#10623=ORIENTED_EDGE('',*,*,#10622,.F.);
#10625=ORIENTED_EDGE('',*,*,#10624,.T.);
#10627=ORIENTED_EDGE('',*,*,#10626,.T.);
#10629=ORIENTED_EDGE('',*,*,#10628,.F.);
#10630=EDGE_LOOP('',(#10623,#10625,#10627,#10629));
#10631=FACE_BOUND('',#10630,.F.);
#10633=ORIENTED_EDGE('',*,*,#10632,.F.);
#10635=ORIENTED_EDGE('',*,*,#10634,.T.);
#10637=ORIENTED_EDGE('',*,*,#10636,.T.);
#10639=ORIENTED_EDGE('',*,*,#10638,.F.);
#10640=EDGE_LOOP('',(#10633,#10635,#10637,#10639));
#10641=FACE_BOUND('',#10640,.F.);
#10643=ORIENTED_EDGE('',*,*,#10642,.F.);
#10645=ORIENTED_EDGE('',*,*,#10644,.T.);
#10647=ORIENTED_EDGE('',*,*,#10646,.T.);
#10649=ORIENTED_EDGE('',*,*,#10648,.F.);
#10650=EDGE_LOOP('',(#10643,#10645,#10647,#10649));
#10651=FACE_BOUND('',#10650,.F.);
#10653=CARTESIAN_POINT('',(2.E1,-5.E-1,0.E0));
#10654=DIRECTION('',(-8.574929257125E-1,5.144957554275E-1,0.E0));
#10655=DIRECTION('',(-5.144957554275E-1,-8.574929257125E-1,0.E0));
#10656=AXIS2_PLACEMENT_3D('',#10653,#10654,#10655);
#10657=PLANE('',#10656);
#10659=ORIENTED_EDGE('',*,*,#10658,.T.);
#10660=ORIENTED_EDGE('',*,*,#9977,.T.);
#10662=ORIENTED_EDGE('',*,*,#10661,.F.);
#10664=ORIENTED_EDGE('',*,*,#10663,.F.);
#10665=EDGE_LOOP('',(#10659,#10660,#10662,#10664));
#10666=FACE_OUTER_BOUND('',#10665,.F.);
#10668=CARTESIAN_POINT('',(2.E1,0.E0,0.E0));
#10669=DIRECTION('',(1.E0,0.E0,0.E0));
#10670=DIRECTION('',(0.E0,-1.E0,0.E0));
#10671=AXIS2_PLACEMENT_3D('',#10668,#10669,#10670);
#10672=PLANE('',#10671);
#10673=ORIENTED_EDGE('',*,*,#10658,.F.);
#10675=ORIENTED_EDGE('',*,*,#10674,.F.);
#10677=ORIENTED_EDGE('',*,*,#10676,.T.);
#10678=ORIENTED_EDGE('',*,*,#9979,.F.);
#10679=EDGE_LOOP('',(#10673,#10675,#10677,#10678));
#10680=FACE_OUTER_BOUND('',#10679,.F.);
#10682=CARTESIAN_POINT('',(2.E1,-6.666666666667E-1,-5.E-1));
#10683=DIRECTION('',(-8.574929257125E-1,0.E0,-5.144957554275E-1));
#10684=DIRECTION('',(-5.144957554275E-1,0.E0,8.574929257125E-1));
#10685=AXIS2_PLACEMENT_3D('',#10682,#10683,#10684);
#10686=PLANE('',#10685);
#10687=ORIENTED_EDGE('',*,*,#10663,.T.);
#10688=ORIENTED_EDGE('',*,*,#9864,.F.);
#10690=ORIENTED_EDGE('',*,*,#10689,.T.);
#10691=ORIENTED_EDGE('',*,*,#10674,.T.);
#10692=EDGE_LOOP('',(#10687,#10688,#10690,#10691));
#10693=FACE_OUTER_BOUND('',#10692,.F.);
#10695=CARTESIAN_POINT('',(1.97E1,1.E0,0.E0));
#10696=DIRECTION('',(-8.574929257125E-1,-5.144957554275E-1,0.E0));
#10697=DIRECTION('',(5.144957554275E-1,-8.574929257125E-1,0.E0));
#10698=AXIS2_PLACEMENT_3D('',#10695,#10696,#10697);
#10699=PLANE('',#10698);
#10700=ORIENTED_EDGE('',*,*,#10676,.F.);
#10701=ORIENTED_EDGE('',*,*,#10689,.F.);
#10703=ORIENTED_EDGE('',*,*,#10702,.F.);
#10704=ORIENTED_EDGE('',*,*,#9981,.T.);
#10705=EDGE_LOOP('',(#10700,#10701,#10703,#10704));
#10706=FACE_OUTER_BOUND('',#10705,.F.);
#10708=CARTESIAN_POINT('',(-2.E1,1.E0,-1.5E0));
#10709=DIRECTION('',(0.E0,1.E0,0.E0));
#10710=DIRECTION('',(0.E0,0.E0,1.E0));
#10711=AXIS2_PLACEMENT_3D('',#10708,#10709,#10710);
#10712=PLANE('',#10711);
#10714=ORIENTED_EDGE('',*,*,#10713,.T.);
#10715=ORIENTED_EDGE('',*,*,#9402,.F.);
#10717=ORIENTED_EDGE('',*,*,#10716,.F.);
#10719=ORIENTED_EDGE('',*,*,#10718,.F.);
#10721=ORIENTED_EDGE('',*,*,#10720,.T.);
#10723=ORIENTED_EDGE('',*,*,#10722,.T.);
#10724=EDGE_LOOP('',(#10714,#10715,#10717,#10719,#10721,#10723));
#10725=FACE_OUTER_BOUND('',#10724,.F.);
#10727=CARTESIAN_POINT('',(-2.E1,1.E0,-1.5E0));
#10728=DIRECTION('',(0.E0,1.E0,0.E0));
#10729=DIRECTION('',(0.E0,0.E0,1.E0));
#10730=AXIS2_PLACEMENT_3D('',#10727,#10728,#10729);
#10731=PLANE('',#10730);
#10733=ORIENTED_EDGE('',*,*,#10732,.T.);
#10734=ORIENTED_EDGE('',*,*,#9428,.F.);
#10735=ORIENTED_EDGE('',*,*,#9964,.F.);
#10737=ORIENTED_EDGE('',*,*,#10736,.F.);
#10739=ORIENTED_EDGE('',*,*,#10738,.T.);
#10741=ORIENTED_EDGE('',*,*,#10740,.T.);
#10742=EDGE_LOOP('',(#10733,#10734,#10735,#10737,#10739,#10741));
#10743=FACE_OUTER_BOUND('',#10742,.F.);
#10745=CARTESIAN_POINT('',(-2.E1,1.E0,-1.5E0));
#10746=DIRECTION('',(0.E0,1.E0,0.E0));
#10747=DIRECTION('',(0.E0,0.E0,1.E0));
#10748=AXIS2_PLACEMENT_3D('',#10745,#10746,#10747);
#10749=PLANE('',#10748);
#10751=ORIENTED_EDGE('',*,*,#10750,.T.);
#10752=ORIENTED_EDGE('',*,*,#9454,.F.);
#10754=ORIENTED_EDGE('',*,*,#10753,.F.);
#10756=ORIENTED_EDGE('',*,*,#10755,.F.);
#10758=ORIENTED_EDGE('',*,*,#10757,.T.);
#10760=ORIENTED_EDGE('',*,*,#10759,.T.);
#10761=EDGE_LOOP('',(#10751,#10752,#10754,#10756,#10758,#10760));
#10762=FACE_OUTER_BOUND('',#10761,.F.);
#10764=CARTESIAN_POINT('',(-2.E1,1.E0,-1.5E0));
#10765=DIRECTION('',(0.E0,1.E0,0.E0));
#10766=DIRECTION('',(0.E0,0.E0,1.E0));
#10767=AXIS2_PLACEMENT_3D('',#10764,#10765,#10766);
#10768=PLANE('',#10767);
#10770=ORIENTED_EDGE('',*,*,#10769,.T.);
#10771=ORIENTED_EDGE('',*,*,#9480,.F.);
#10773=ORIENTED_EDGE('',*,*,#10772,.F.);
#10775=ORIENTED_EDGE('',*,*,#10774,.F.);
#10777=ORIENTED_EDGE('',*,*,#10776,.T.);
#10779=ORIENTED_EDGE('',*,*,#10778,.T.);
#10780=EDGE_LOOP('',(#10770,#10771,#10773,#10775,#10777,#10779));
#10781=FACE_OUTER_BOUND('',#10780,.F.);
#10783=CARTESIAN_POINT('',(-2.E1,1.E0,-1.5E0));
#10784=DIRECTION('',(0.E0,1.E0,0.E0));
#10785=DIRECTION('',(0.E0,0.E0,1.E0));
#10786=AXIS2_PLACEMENT_3D('',#10783,#10784,#10785);
#10787=PLANE('',#10786);
#10789=ORIENTED_EDGE('',*,*,#10788,.T.);
#10790=ORIENTED_EDGE('',*,*,#9506,.F.);
#10792=ORIENTED_EDGE('',*,*,#10791,.F.);
#10794=ORIENTED_EDGE('',*,*,#10793,.F.);
#10796=ORIENTED_EDGE('',*,*,#10795,.T.);
#10798=ORIENTED_EDGE('',*,*,#10797,.T.);
#10799=EDGE_LOOP('',(#10789,#10790,#10792,#10794,#10796,#10798));
#10800=FACE_OUTER_BOUND('',#10799,.F.);
#10802=CARTESIAN_POINT('',(-2.E1,1.E0,-1.5E0));
#10803=DIRECTION('',(0.E0,1.E0,0.E0));
#10804=DIRECTION('',(0.E0,0.E0,1.E0));
#10805=AXIS2_PLACEMENT_3D('',#10802,#10803,#10804);
#10806=PLANE('',#10805);
#10808=ORIENTED_EDGE('',*,*,#10807,.T.);
#10809=ORIENTED_EDGE('',*,*,#9532,.F.);
#10811=ORIENTED_EDGE('',*,*,#10810,.F.);
#10813=ORIENTED_EDGE('',*,*,#10812,.F.);
#10815=ORIENTED_EDGE('',*,*,#10814,.T.);
#10817=ORIENTED_EDGE('',*,*,#10816,.T.);
#10818=EDGE_LOOP('',(#10808,#10809,#10811,#10813,#10815,#10817));
#10819=FACE_OUTER_BOUND('',#10818,.F.);
#10821=CARTESIAN_POINT('',(-2.E1,1.E0,-1.5E0));
#10822=DIRECTION('',(0.E0,1.E0,0.E0));
#10823=DIRECTION('',(0.E0,0.E0,1.E0));
#10824=AXIS2_PLACEMENT_3D('',#10821,#10822,#10823);
#10825=PLANE('',#10824);
#10827=ORIENTED_EDGE('',*,*,#10826,.T.);
#10828=ORIENTED_EDGE('',*,*,#9558,.F.);
#10830=ORIENTED_EDGE('',*,*,#10829,.F.);
#10832=ORIENTED_EDGE('',*,*,#10831,.F.);
#10834=ORIENTED_EDGE('',*,*,#10833,.T.);
#10836=ORIENTED_EDGE('',*,*,#10835,.T.);
#10837=EDGE_LOOP('',(#10827,#10828,#10830,#10832,#10834,#10836));
#10838=FACE_OUTER_BOUND('',#10837,.F.);
#10840=CARTESIAN_POINT('',(-2.E1,1.E0,-1.5E0));
#10841=DIRECTION('',(0.E0,1.E0,0.E0));
#10842=DIRECTION('',(0.E0,0.E0,1.E0));
#10843=AXIS2_PLACEMENT_3D('',#10840,#10841,#10842);
#10844=PLANE('',#10843);
#10846=ORIENTED_EDGE('',*,*,#10845,.T.);
#10847=ORIENTED_EDGE('',*,*,#9584,.F.);
#10849=ORIENTED_EDGE('',*,*,#10848,.F.);
#10851=ORIENTED_EDGE('',*,*,#10850,.F.);
#10853=ORIENTED_EDGE('',*,*,#10852,.T.);
#10855=ORIENTED_EDGE('',*,*,#10854,.T.);
#10856=EDGE_LOOP('',(#10846,#10847,#10849,#10851,#10853,#10855));
#10857=FACE_OUTER_BOUND('',#10856,.F.);
#10859=CARTESIAN_POINT('',(-2.E1,1.E0,-1.5E0));
#10860=DIRECTION('',(0.E0,1.E0,0.E0));
#10861=DIRECTION('',(0.E0,0.E0,1.E0));
#10862=AXIS2_PLACEMENT_3D('',#10859,#10860,#10861);
#10863=PLANE('',#10862);
#10865=ORIENTED_EDGE('',*,*,#10864,.T.);
#10866=ORIENTED_EDGE('',*,*,#9610,.F.);
#10868=ORIENTED_EDGE('',*,*,#10867,.F.);
#10870=ORIENTED_EDGE('',*,*,#10869,.F.);
#10872=ORIENTED_EDGE('',*,*,#10871,.T.);
#10874=ORIENTED_EDGE('',*,*,#10873,.T.);
#10875=EDGE_LOOP('',(#10865,#10866,#10868,#10870,#10872,#10874));
#10876=FACE_OUTER_BOUND('',#10875,.F.);
#10878=CARTESIAN_POINT('',(-2.E1,1.E0,-1.5E0));
#10879=DIRECTION('',(0.E0,1.E0,0.E0));
#10880=DIRECTION('',(0.E0,0.E0,1.E0));
#10881=AXIS2_PLACEMENT_3D('',#10878,#10879,#10880);
#10882=PLANE('',#10881);
#10884=ORIENTED_EDGE('',*,*,#10883,.T.);
#10885=ORIENTED_EDGE('',*,*,#9636,.F.);
#10887=ORIENTED_EDGE('',*,*,#10886,.F.);
#10889=ORIENTED_EDGE('',*,*,#10888,.F.);
#10891=ORIENTED_EDGE('',*,*,#10890,.T.);
#10893=ORIENTED_EDGE('',*,*,#10892,.T.);
#10894=EDGE_LOOP('',(#10884,#10885,#10887,#10889,#10891,#10893));
#10895=FACE_OUTER_BOUND('',#10894,.F.);
#10897=CARTESIAN_POINT('',(-2.E1,1.E0,-1.5E0));
#10898=DIRECTION('',(0.E0,1.E0,0.E0));
#10899=DIRECTION('',(0.E0,0.E0,1.E0));
#10900=AXIS2_PLACEMENT_3D('',#10897,#10898,#10899);
#10901=PLANE('',#10900);
#10903=ORIENTED_EDGE('',*,*,#10902,.T.);
#10904=ORIENTED_EDGE('',*,*,#9662,.F.);
#10906=ORIENTED_EDGE('',*,*,#10905,.F.);
#10908=ORIENTED_EDGE('',*,*,#10907,.F.);
#10910=ORIENTED_EDGE('',*,*,#10909,.T.);
#10912=ORIENTED_EDGE('',*,*,#10911,.T.);
#10913=EDGE_LOOP('',(#10903,#10904,#10906,#10908,#10910,#10912));
#10914=FACE_OUTER_BOUND('',#10913,.F.);
#10916=CARTESIAN_POINT('',(-2.E1,1.E0,-1.5E0));
#10917=DIRECTION('',(0.E0,1.E0,0.E0));
#10918=DIRECTION('',(0.E0,0.E0,1.E0));
#10919=AXIS2_PLACEMENT_3D('',#10916,#10917,#10918);
#10920=PLANE('',#10919);
#10922=ORIENTED_EDGE('',*,*,#10921,.T.);
#10923=ORIENTED_EDGE('',*,*,#9688,.F.);
#10925=ORIENTED_EDGE('',*,*,#10924,.F.);
#10927=ORIENTED_EDGE('',*,*,#10926,.F.);
#10929=ORIENTED_EDGE('',*,*,#10928,.T.);
#10931=ORIENTED_EDGE('',*,*,#10930,.T.);
#10932=EDGE_LOOP('',(#10922,#10923,#10925,#10927,#10929,#10931));
#10933=FACE_OUTER_BOUND('',#10932,.F.);
#10935=CARTESIAN_POINT('',(-2.E1,1.E0,-1.5E0));
#10936=DIRECTION('',(0.E0,1.E0,0.E0));
#10937=DIRECTION('',(0.E0,0.E0,1.E0));
#10938=AXIS2_PLACEMENT_3D('',#10935,#10936,#10937);
#10939=PLANE('',#10938);
#10941=ORIENTED_EDGE('',*,*,#10940,.T.);
#10942=ORIENTED_EDGE('',*,*,#9714,.F.);
#10944=ORIENTED_EDGE('',*,*,#10943,.F.);
#10946=ORIENTED_EDGE('',*,*,#10945,.F.);
#10948=ORIENTED_EDGE('',*,*,#10947,.T.);
#10950=ORIENTED_EDGE('',*,*,#10949,.T.);
#10951=EDGE_LOOP('',(#10941,#10942,#10944,#10946,#10948,#10950));
#10952=FACE_OUTER_BOUND('',#10951,.F.);
#10954=CARTESIAN_POINT('',(-2.E1,1.E0,-1.5E0));
#10955=DIRECTION('',(0.E0,1.E0,0.E0));
#10956=DIRECTION('',(0.E0,0.E0,1.E0));
#10957=AXIS2_PLACEMENT_3D('',#10954,#10955,#10956);
#10958=PLANE('',#10957);
#10960=ORIENTED_EDGE('',*,*,#10959,.T.);
#10961=ORIENTED_EDGE('',*,*,#9740,.F.);
#10963=ORIENTED_EDGE('',*,*,#10962,.F.);
#10965=ORIENTED_EDGE('',*,*,#10964,.F.);
#10967=ORIENTED_EDGE('',*,*,#10966,.T.);
#10969=ORIENTED_EDGE('',*,*,#10968,.T.);
#10970=EDGE_LOOP('',(#10960,#10961,#10963,#10965,#10967,#10969));
#10971=FACE_OUTER_BOUND('',#10970,.F.);
#10973=CARTESIAN_POINT('',(-2.E1,1.E0,-1.5E0));
#10974=DIRECTION('',(0.E0,1.E0,0.E0));
#10975=DIRECTION('',(0.E0,0.E0,1.E0));
#10976=AXIS2_PLACEMENT_3D('',#10973,#10974,#10975);
#10977=PLANE('',#10976);
#10979=ORIENTED_EDGE('',*,*,#10978,.T.);
#10980=ORIENTED_EDGE('',*,*,#9766,.F.);
#10982=ORIENTED_EDGE('',*,*,#10981,.F.);
#10984=ORIENTED_EDGE('',*,*,#10983,.F.);
#10986=ORIENTED_EDGE('',*,*,#10985,.T.);
#10988=ORIENTED_EDGE('',*,*,#10987,.T.);
#10989=EDGE_LOOP('',(#10979,#10980,#10982,#10984,#10986,#10988));
#10990=FACE_OUTER_BOUND('',#10989,.F.);
#10992=CARTESIAN_POINT('',(-2.E1,1.E0,-1.5E0));
#10993=DIRECTION('',(0.E0,1.E0,0.E0));
#10994=DIRECTION('',(0.E0,0.E0,1.E0));
#10995=AXIS2_PLACEMENT_3D('',#10992,#10993,#10994);
#10996=PLANE('',#10995);
#10998=ORIENTED_EDGE('',*,*,#10997,.T.);
#10999=ORIENTED_EDGE('',*,*,#9792,.F.);
#11001=ORIENTED_EDGE('',*,*,#11000,.F.);
#11003=ORIENTED_EDGE('',*,*,#11002,.F.);
#11005=ORIENTED_EDGE('',*,*,#11004,.T.);
#11007=ORIENTED_EDGE('',*,*,#11006,.T.);
#11008=EDGE_LOOP('',(#10998,#10999,#11001,#11003,#11005,#11007));
#11009=FACE_OUTER_BOUND('',#11008,.F.);
#11011=CARTESIAN_POINT('',(-2.E1,1.E0,-1.5E0));
#11012=DIRECTION('',(0.E0,1.E0,0.E0));
#11013=DIRECTION('',(0.E0,0.E0,1.E0));
#11014=AXIS2_PLACEMENT_3D('',#11011,#11012,#11013);
#11015=PLANE('',#11014);
#11017=ORIENTED_EDGE('',*,*,#11016,.T.);
#11018=ORIENTED_EDGE('',*,*,#9818,.F.);
#11020=ORIENTED_EDGE('',*,*,#11019,.F.);
#11022=ORIENTED_EDGE('',*,*,#11021,.F.);
#11024=ORIENTED_EDGE('',*,*,#11023,.T.);
#11026=ORIENTED_EDGE('',*,*,#11025,.T.);
#11027=EDGE_LOOP('',(#11017,#11018,#11020,#11022,#11024,#11026));
#11028=FACE_OUTER_BOUND('',#11027,.F.);
#11030=CARTESIAN_POINT('',(-2.E1,1.E0,-1.5E0));
#11031=DIRECTION('',(0.E0,1.E0,0.E0));
#11032=DIRECTION('',(0.E0,0.E0,1.E0));
#11033=AXIS2_PLACEMENT_3D('',#11030,#11031,#11032);
#11034=PLANE('',#11033);
#11036=ORIENTED_EDGE('',*,*,#11035,.T.);
#11037=ORIENTED_EDGE('',*,*,#9844,.F.);
#11039=ORIENTED_EDGE('',*,*,#11038,.F.);
#11041=ORIENTED_EDGE('',*,*,#11040,.F.);
#11043=ORIENTED_EDGE('',*,*,#11042,.T.);
#11045=ORIENTED_EDGE('',*,*,#11044,.T.);
#11046=EDGE_LOOP('',(#11036,#11037,#11039,#11041,#11043,#11045));
#11047=FACE_OUTER_BOUND('',#11046,.F.);
#11049=CARTESIAN_POINT('',(-2.E1,1.E0,-1.5E0));
#11050=DIRECTION('',(0.E0,1.E0,0.E0));
#11051=DIRECTION('',(0.E0,0.E0,1.E0));
#11052=AXIS2_PLACEMENT_3D('',#11049,#11050,#11051);
#11053=PLANE('',#11052);
#11054=ORIENTED_EDGE('',*,*,#10702,.T.);
#11055=ORIENTED_EDGE('',*,*,#9870,.F.);
#11057=ORIENTED_EDGE('',*,*,#11056,.F.);
#11059=ORIENTED_EDGE('',*,*,#11058,.F.);
#11061=ORIENTED_EDGE('',*,*,#11060,.T.);
#11063=ORIENTED_EDGE('',*,*,#11062,.T.);
#11064=EDGE_LOOP('',(#11054,#11055,#11057,#11059,#11061,#11063));
#11065=FACE_OUTER_BOUND('',#11064,.F.);
#11067=CARTESIAN_POINT('',(-2.E1,1.E0,-1.5E0));
#11068=DIRECTION('',(0.E0,1.E0,0.E0));
#11069=DIRECTION('',(0.E0,0.E0,1.E0));
#11070=AXIS2_PLACEMENT_3D('',#11067,#11068,#11069);
#11071=PLANE('',#11070);
#11073=ORIENTED_EDGE('',*,*,#11072,.T.);
#11075=ORIENTED_EDGE('',*,*,#11074,.T.);
#11077=ORIENTED_EDGE('',*,*,#11076,.T.);
#11079=ORIENTED_EDGE('',*,*,#11078,.T.);
#11080=ORIENTED_EDGE('',*,*,#9891,.F.);
#11081=EDGE_LOOP('',(#11073,#11075,#11077,#11079,#11080));
#11082=FACE_OUTER_BOUND('',#11081,.F.);
#11084=CARTESIAN_POINT('',(-1.604543487266E1,5.757247877714E-1,-1.5E0));
#11085=DIRECTION('',(-8.574929257125E-1,-5.144957554275E-1,0.E0));
#11086=DIRECTION('',(-5.144957554275E-1,8.574929257125E-1,0.E0));
#11087=AXIS2_PLACEMENT_3D('',#11084,#11085,#11086);
#11088=PLANE('',#11087);
#11089=ORIENTED_EDGE('',*,*,#10196,.F.);
#11091=ORIENTED_EDGE('',*,*,#11090,.T.);
#11092=ORIENTED_EDGE('',*,*,#9923,.T.);
#11093=ORIENTED_EDGE('',*,*,#10713,.F.);
#11094=EDGE_LOOP('',(#11089,#11091,#11092,#11093));
#11095=FACE_OUTER_BOUND('',#11094,.F.);
#11097=CARTESIAN_POINT('',(-1.6E1,6.029857113691E-1,-1.5E0));
#11098=DIRECTION('',(0.E0,0.E0,-1.E0));
#11099=DIRECTION('',(1.E0,0.E0,0.E0));
#11100=AXIS2_PLACEMENT_3D('',#11097,#11098,#11099);
#11101=CYLINDRICAL_SURFACE('',#11100,5.298571136907E-2);
#11102=ORIENTED_EDGE('',*,*,#11090,.F.);
#11103=ORIENTED_EDGE('',*,*,#10194,.F.);
#11104=ORIENTED_EDGE('',*,*,#9967,.T.);
#11105=ORIENTED_EDGE('',*,*,#9938,.F.);
#11106=EDGE_LOOP('',(#11102,#11103,#11104,#11105));
#11107=FACE_OUTER_BOUND('',#11106,.F.);
#11109=CARTESIAN_POINT('',(-1.77E1,1.E0,-1.5E0));
#11110=DIRECTION('',(8.574929257125E-1,-5.144957554275E-1,0.E0));
#11111=DIRECTION('',(-5.144957554275E-1,-8.574929257125E-1,0.E0));
#11112=AXIS2_PLACEMENT_3D('',#11109,#11110,#11111);
#11113=PLANE('',#11112);
#11114=ORIENTED_EDGE('',*,*,#10204,.F.);
#11115=ORIENTED_EDGE('',*,*,#10716,.T.);
#11117=ORIENTED_EDGE('',*,*,#11116,.T.);
#11119=ORIENTED_EDGE('',*,*,#11118,.F.);
#11120=EDGE_LOOP('',(#11114,#11115,#11117,#11119));
#11121=FACE_OUTER_BOUND('',#11120,.F.);
#11123=CARTESIAN_POINT('',(-1.77E1,1.E0,0.E0));
#11124=DIRECTION('',(8.574929257125E-1,0.E0,-5.144957554275E-1));
#11125=DIRECTION('',(-5.144957554275E-1,0.E0,-8.574929257125E-1));
#11126=AXIS2_PLACEMENT_3D('',#11123,#11124,#11125);
#11127=PLANE('',#11126);
#11128=ORIENTED_EDGE('',*,*,#9400,.T.);
#11130=ORIENTED_EDGE('',*,*,#11129,.T.);
#11132=ORIENTED_EDGE('',*,*,#11131,.F.);
#11133=ORIENTED_EDGE('',*,*,#11116,.F.);
#11134=EDGE_LOOP('',(#11128,#11130,#11132,#11133));
#11135=FACE_OUTER_BOUND('',#11134,.F.);
#11137=CARTESIAN_POINT('',(-1.795456512734E1,-5.757247877714E-1,-1.5E0));
#11138=DIRECTION('',(8.574929257125E-1,5.144957554275E-1,0.E0));
#11139=DIRECTION('',(5.144957554275E-1,-8.574929257125E-1,0.E0));
#11140=AXIS2_PLACEMENT_3D('',#11137,#11138,#11139);
#11141=PLANE('',#11140);
#11142=ORIENTED_EDGE('',*,*,#10226,.F.);
#11144=ORIENTED_EDGE('',*,*,#11143,.T.);
#11145=ORIENTED_EDGE('',*,*,#11129,.F.);
#11147=ORIENTED_EDGE('',*,*,#11146,.T.);
#11148=EDGE_LOOP('',(#11142,#11144,#11145,#11147));
#11149=FACE_OUTER_BOUND('',#11148,.F.);
#11151=CARTESIAN_POINT('',(-1.8E1,-6.029857113691E-1,-1.5E0));
#11152=DIRECTION('',(0.E0,0.E0,-1.E0));
#11153=DIRECTION('',(1.E0,0.E0,0.E0));
#11154=AXIS2_PLACEMENT_3D('',#11151,#11152,#11153);
#11155=CYLINDRICAL_SURFACE('',#11154,5.298571136907E-2);
#11157=ORIENTED_EDGE('',*,*,#11156,.F.);
#11158=ORIENTED_EDGE('',*,*,#11143,.F.);
#11159=ORIENTED_EDGE('',*,*,#10224,.T.);
#11161=ORIENTED_EDGE('',*,*,#11160,.T.);
#11162=EDGE_LOOP('',(#11157,#11158,#11159,#11161));
#11163=FACE_OUTER_BOUND('',#11162,.F.);
#11165=CARTESIAN_POINT('',(-1.8E1,1.E0,-3.970142886309E-1));
#11166=DIRECTION('',(0.E0,1.E0,0.E0));
#11167=DIRECTION('',(1.E0,0.E0,0.E0));
#11168=AXIS2_PLACEMENT_3D('',#11165,#11166,#11167);
#11169=CYLINDRICAL_SURFACE('',#11168,5.298571136907E-2);
#11170=ORIENTED_EDGE('',*,*,#11156,.T.);
#11172=ORIENTED_EDGE('',*,*,#11171,.F.);
#11174=ORIENTED_EDGE('',*,*,#11173,.T.);
#11175=ORIENTED_EDGE('',*,*,#11131,.T.);
#11176=EDGE_LOOP('',(#11170,#11172,#11174,#11175));
#11177=FACE_OUTER_BOUND('',#11176,.F.);
#11179=CARTESIAN_POINT('',(-1.804543487266E1,1.E0,-4.242752122286E-1));
#11180=DIRECTION('',(-8.574929257125E-1,0.E0,-5.144957554275E-1));
#11181=DIRECTION('',(-5.144957554275E-1,0.E0,8.574929257125E-1));
#11182=AXIS2_PLACEMENT_3D('',#11179,#11180,#11181);
#11183=PLANE('',#11182);
#11184=ORIENTED_EDGE('',*,*,#9893,.F.);
#11186=ORIENTED_EDGE('',*,*,#11185,.F.);
#11187=ORIENTED_EDGE('',*,*,#11171,.T.);
#11189=ORIENTED_EDGE('',*,*,#11188,.T.);
#11190=EDGE_LOOP('',(#11184,#11186,#11187,#11189));
#11191=FACE_OUTER_BOUND('',#11190,.F.);
#11193=CARTESIAN_POINT('',(-1.804543487266E1,5.757247877714E-1,-1.5E0));
#11194=DIRECTION('',(-8.574929257125E-1,-5.144957554275E-1,0.E0));
#11195=DIRECTION('',(-5.144957554275E-1,8.574929257125E-1,0.E0));
#11196=AXIS2_PLACEMENT_3D('',#11193,#11194,#11195);
#11197=PLANE('',#11196);
#11198=ORIENTED_EDGE('',*,*,#10208,.F.);
#11200=ORIENTED_EDGE('',*,*,#11199,.T.);
#11201=ORIENTED_EDGE('',*,*,#11185,.T.);
#11202=ORIENTED_EDGE('',*,*,#11078,.F.);
#11203=EDGE_LOOP('',(#11198,#11200,#11201,#11202));
#11204=FACE_OUTER_BOUND('',#11203,.F.);
#11206=CARTESIAN_POINT('',(-1.8E1,6.029857113691E-1,-1.5E0));
#11207=DIRECTION('',(0.E0,0.E0,-1.E0));
#11208=DIRECTION('',(1.E0,0.E0,0.E0));
#11209=AXIS2_PLACEMENT_3D('',#11206,#11207,#11208);
#11210=CYLINDRICAL_SURFACE('',#11209,5.298571136907E-2);
#11211=ORIENTED_EDGE('',*,*,#11173,.F.);
#11212=ORIENTED_EDGE('',*,*,#11199,.F.);
#11213=ORIENTED_EDGE('',*,*,#10206,.F.);
#11214=ORIENTED_EDGE('',*,*,#11118,.T.);
#11215=EDGE_LOOP('',(#11211,#11212,#11213,#11214));
#11216=FACE_OUTER_BOUND('',#11215,.F.);
#11218=CARTESIAN_POINT('',(-1.83E1,-1.E0,-1.5E0));
#11219=DIRECTION('',(-8.574929257125E-1,5.144957554275E-1,0.E0));
#11220=DIRECTION('',(5.144957554275E-1,8.574929257125E-1,0.E0));
#11221=AXIS2_PLACEMENT_3D('',#11218,#11219,#11220);
#11222=PLANE('',#11221);
#11223=ORIENTED_EDGE('',*,*,#10222,.F.);
#11225=ORIENTED_EDGE('',*,*,#11224,.F.);
#11226=ORIENTED_EDGE('',*,*,#11188,.F.);
#11227=ORIENTED_EDGE('',*,*,#11160,.F.);
#11228=EDGE_LOOP('',(#11223,#11225,#11226,#11227));
#11229=FACE_OUTER_BOUND('',#11228,.F.);
#11231=CARTESIAN_POINT('',(-2.E1,-1.E0,0.E0));
#11232=DIRECTION('',(0.E0,-1.E0,0.E0));
#11233=DIRECTION('',(0.E0,0.E0,-1.E0));
#11234=AXIS2_PLACEMENT_3D('',#11231,#11232,#11233);
#11235=PLANE('',#11234);
#11237=ORIENTED_EDGE('',*,*,#11236,.F.);
#11239=ORIENTED_EDGE('',*,*,#11238,.T.);
#11240=ORIENTED_EDGE('',*,*,#11146,.F.);
#11241=ORIENTED_EDGE('',*,*,#9398,.T.);
#11243=ORIENTED_EDGE('',*,*,#11242,.T.);
#11245=ORIENTED_EDGE('',*,*,#11244,.F.);
#11246=EDGE_LOOP('',(#11237,#11239,#11240,#11241,#11243,#11245));
#11247=FACE_OUTER_BOUND('',#11246,.F.);
#11249=CARTESIAN_POINT('',(-2.E1,-1.E0,0.E0));
#11250=DIRECTION('',(0.E0,-1.E0,0.E0));
#11251=DIRECTION('',(0.E0,0.E0,-1.E0));
#11252=AXIS2_PLACEMENT_3D('',#11249,#11250,#11251);
#11253=PLANE('',#11252);
#11255=ORIENTED_EDGE('',*,*,#11254,.F.);
#11257=ORIENTED_EDGE('',*,*,#11256,.T.);
#11259=ORIENTED_EDGE('',*,*,#11258,.F.);
#11260=ORIENTED_EDGE('',*,*,#9424,.T.);
#11262=ORIENTED_EDGE('',*,*,#11261,.T.);
#11264=ORIENTED_EDGE('',*,*,#11263,.F.);
#11265=EDGE_LOOP('',(#11255,#11257,#11259,#11260,#11262,#11264));
#11266=FACE_OUTER_BOUND('',#11265,.F.);
#11268=CARTESIAN_POINT('',(-2.E1,-1.E0,0.E0));
#11269=DIRECTION('',(0.E0,-1.E0,0.E0));
#11270=DIRECTION('',(0.E0,0.E0,-1.E0));
#11271=AXIS2_PLACEMENT_3D('',#11268,#11269,#11270);
#11272=PLANE('',#11271);
#11274=ORIENTED_EDGE('',*,*,#11273,.F.);
#11276=ORIENTED_EDGE('',*,*,#11275,.T.);
#11278=ORIENTED_EDGE('',*,*,#11277,.F.);
#11279=ORIENTED_EDGE('',*,*,#9450,.T.);
#11281=ORIENTED_EDGE('',*,*,#11280,.T.);
#11283=ORIENTED_EDGE('',*,*,#11282,.F.);
#11284=EDGE_LOOP('',(#11274,#11276,#11278,#11279,#11281,#11283));
#11285=FACE_OUTER_BOUND('',#11284,.F.);
#11287=CARTESIAN_POINT('',(-2.E1,-1.E0,0.E0));
#11288=DIRECTION('',(0.E0,-1.E0,0.E0));
#11289=DIRECTION('',(0.E0,0.E0,-1.E0));
#11290=AXIS2_PLACEMENT_3D('',#11287,#11288,#11289);
#11291=PLANE('',#11290);
#11293=ORIENTED_EDGE('',*,*,#11292,.F.);
#11295=ORIENTED_EDGE('',*,*,#11294,.T.);
#11297=ORIENTED_EDGE('',*,*,#11296,.F.);
#11298=ORIENTED_EDGE('',*,*,#9476,.T.);
#11300=ORIENTED_EDGE('',*,*,#11299,.T.);
#11302=ORIENTED_EDGE('',*,*,#11301,.F.);
#11303=EDGE_LOOP('',(#11293,#11295,#11297,#11298,#11300,#11302));
#11304=FACE_OUTER_BOUND('',#11303,.F.);
#11306=CARTESIAN_POINT('',(-2.E1,-1.E0,0.E0));
#11307=DIRECTION('',(0.E0,-1.E0,0.E0));
#11308=DIRECTION('',(0.E0,0.E0,-1.E0));
#11309=AXIS2_PLACEMENT_3D('',#11306,#11307,#11308);
#11310=PLANE('',#11309);
#11312=ORIENTED_EDGE('',*,*,#11311,.F.);
#11314=ORIENTED_EDGE('',*,*,#11313,.T.);
#11316=ORIENTED_EDGE('',*,*,#11315,.F.);
#11317=ORIENTED_EDGE('',*,*,#9502,.T.);
#11319=ORIENTED_EDGE('',*,*,#11318,.T.);
#11321=ORIENTED_EDGE('',*,*,#11320,.F.);
#11322=EDGE_LOOP('',(#11312,#11314,#11316,#11317,#11319,#11321));
#11323=FACE_OUTER_BOUND('',#11322,.F.);
#11325=CARTESIAN_POINT('',(-2.E1,-1.E0,0.E0));
#11326=DIRECTION('',(0.E0,-1.E0,0.E0));
#11327=DIRECTION('',(0.E0,0.E0,-1.E0));
#11328=AXIS2_PLACEMENT_3D('',#11325,#11326,#11327);
#11329=PLANE('',#11328);
#11331=ORIENTED_EDGE('',*,*,#11330,.F.);
#11333=ORIENTED_EDGE('',*,*,#11332,.T.);
#11335=ORIENTED_EDGE('',*,*,#11334,.F.);
#11336=ORIENTED_EDGE('',*,*,#9528,.T.);
#11338=ORIENTED_EDGE('',*,*,#11337,.T.);
#11340=ORIENTED_EDGE('',*,*,#11339,.F.);
#11341=EDGE_LOOP('',(#11331,#11333,#11335,#11336,#11338,#11340));
#11342=FACE_OUTER_BOUND('',#11341,.F.);
#11344=CARTESIAN_POINT('',(-2.E1,-1.E0,0.E0));
#11345=DIRECTION('',(0.E0,-1.E0,0.E0));
#11346=DIRECTION('',(0.E0,0.E0,-1.E0));
#11347=AXIS2_PLACEMENT_3D('',#11344,#11345,#11346);
#11348=PLANE('',#11347);
#11350=ORIENTED_EDGE('',*,*,#11349,.F.);
#11352=ORIENTED_EDGE('',*,*,#11351,.T.);
#11354=ORIENTED_EDGE('',*,*,#11353,.F.);
#11355=ORIENTED_EDGE('',*,*,#9554,.T.);
#11357=ORIENTED_EDGE('',*,*,#11356,.T.);
#11359=ORIENTED_EDGE('',*,*,#11358,.F.);
#11360=EDGE_LOOP('',(#11350,#11352,#11354,#11355,#11357,#11359));
#11361=FACE_OUTER_BOUND('',#11360,.F.);
#11363=CARTESIAN_POINT('',(-2.E1,-1.E0,0.E0));
#11364=DIRECTION('',(0.E0,-1.E0,0.E0));
#11365=DIRECTION('',(0.E0,0.E0,-1.E0));
#11366=AXIS2_PLACEMENT_3D('',#11363,#11364,#11365);
#11367=PLANE('',#11366);
#11369=ORIENTED_EDGE('',*,*,#11368,.F.);
#11371=ORIENTED_EDGE('',*,*,#11370,.T.);
#11373=ORIENTED_EDGE('',*,*,#11372,.F.);
#11374=ORIENTED_EDGE('',*,*,#9580,.T.);
#11376=ORIENTED_EDGE('',*,*,#11375,.T.);
#11378=ORIENTED_EDGE('',*,*,#11377,.F.);
#11379=EDGE_LOOP('',(#11369,#11371,#11373,#11374,#11376,#11378));
#11380=FACE_OUTER_BOUND('',#11379,.F.);
#11382=CARTESIAN_POINT('',(-2.E1,-1.E0,0.E0));
#11383=DIRECTION('',(0.E0,-1.E0,0.E0));
#11384=DIRECTION('',(0.E0,0.E0,-1.E0));
#11385=AXIS2_PLACEMENT_3D('',#11382,#11383,#11384);
#11386=PLANE('',#11385);
#11388=ORIENTED_EDGE('',*,*,#11387,.F.);
#11390=ORIENTED_EDGE('',*,*,#11389,.T.);
#11392=ORIENTED_EDGE('',*,*,#11391,.F.);
#11393=ORIENTED_EDGE('',*,*,#9606,.T.);
#11395=ORIENTED_EDGE('',*,*,#11394,.T.);
#11397=ORIENTED_EDGE('',*,*,#11396,.F.);
#11398=EDGE_LOOP('',(#11388,#11390,#11392,#11393,#11395,#11397));
#11399=FACE_OUTER_BOUND('',#11398,.F.);
#11401=CARTESIAN_POINT('',(-2.E1,-1.E0,0.E0));
#11402=DIRECTION('',(0.E0,-1.E0,0.E0));
#11403=DIRECTION('',(0.E0,0.E0,-1.E0));
#11404=AXIS2_PLACEMENT_3D('',#11401,#11402,#11403);
#11405=PLANE('',#11404);
#11407=ORIENTED_EDGE('',*,*,#11406,.F.);
#11409=ORIENTED_EDGE('',*,*,#11408,.T.);
#11411=ORIENTED_EDGE('',*,*,#11410,.F.);
#11412=ORIENTED_EDGE('',*,*,#9632,.T.);
#11414=ORIENTED_EDGE('',*,*,#11413,.T.);
#11416=ORIENTED_EDGE('',*,*,#11415,.F.);
#11417=EDGE_LOOP('',(#11407,#11409,#11411,#11412,#11414,#11416));
#11418=FACE_OUTER_BOUND('',#11417,.F.);
#11420=CARTESIAN_POINT('',(-2.E1,-1.E0,0.E0));
#11421=DIRECTION('',(0.E0,-1.E0,0.E0));
#11422=DIRECTION('',(0.E0,0.E0,-1.E0));
#11423=AXIS2_PLACEMENT_3D('',#11420,#11421,#11422);
#11424=PLANE('',#11423);
#11426=ORIENTED_EDGE('',*,*,#11425,.F.);
#11428=ORIENTED_EDGE('',*,*,#11427,.T.);
#11430=ORIENTED_EDGE('',*,*,#11429,.F.);
#11431=ORIENTED_EDGE('',*,*,#9658,.T.);
#11433=ORIENTED_EDGE('',*,*,#11432,.T.);
#11435=ORIENTED_EDGE('',*,*,#11434,.F.);
#11436=EDGE_LOOP('',(#11426,#11428,#11430,#11431,#11433,#11435));
#11437=FACE_OUTER_BOUND('',#11436,.F.);
#11439=CARTESIAN_POINT('',(-2.E1,-1.E0,0.E0));
#11440=DIRECTION('',(0.E0,-1.E0,0.E0));
#11441=DIRECTION('',(0.E0,0.E0,-1.E0));
#11442=AXIS2_PLACEMENT_3D('',#11439,#11440,#11441);
#11443=PLANE('',#11442);
#11445=ORIENTED_EDGE('',*,*,#11444,.F.);
#11447=ORIENTED_EDGE('',*,*,#11446,.T.);
#11449=ORIENTED_EDGE('',*,*,#11448,.F.);
#11450=ORIENTED_EDGE('',*,*,#9684,.T.);
#11452=ORIENTED_EDGE('',*,*,#11451,.T.);
#11454=ORIENTED_EDGE('',*,*,#11453,.F.);
#11455=EDGE_LOOP('',(#11445,#11447,#11449,#11450,#11452,#11454));
#11456=FACE_OUTER_BOUND('',#11455,.F.);
#11458=CARTESIAN_POINT('',(-2.E1,-1.E0,0.E0));
#11459=DIRECTION('',(0.E0,-1.E0,0.E0));
#11460=DIRECTION('',(0.E0,0.E0,-1.E0));
#11461=AXIS2_PLACEMENT_3D('',#11458,#11459,#11460);
#11462=PLANE('',#11461);
#11464=ORIENTED_EDGE('',*,*,#11463,.F.);
#11466=ORIENTED_EDGE('',*,*,#11465,.T.);
#11468=ORIENTED_EDGE('',*,*,#11467,.F.);
#11469=ORIENTED_EDGE('',*,*,#9710,.T.);
#11471=ORIENTED_EDGE('',*,*,#11470,.T.);
#11473=ORIENTED_EDGE('',*,*,#11472,.F.);
#11474=EDGE_LOOP('',(#11464,#11466,#11468,#11469,#11471,#11473));
#11475=FACE_OUTER_BOUND('',#11474,.F.);
#11477=CARTESIAN_POINT('',(-2.E1,-1.E0,0.E0));
#11478=DIRECTION('',(0.E0,-1.E0,0.E0));
#11479=DIRECTION('',(0.E0,0.E0,-1.E0));
#11480=AXIS2_PLACEMENT_3D('',#11477,#11478,#11479);
#11481=PLANE('',#11480);
#11483=ORIENTED_EDGE('',*,*,#11482,.F.);
#11485=ORIENTED_EDGE('',*,*,#11484,.T.);
#11487=ORIENTED_EDGE('',*,*,#11486,.F.);
#11488=ORIENTED_EDGE('',*,*,#9736,.T.);
#11490=ORIENTED_EDGE('',*,*,#11489,.T.);
#11492=ORIENTED_EDGE('',*,*,#11491,.F.);
#11493=EDGE_LOOP('',(#11483,#11485,#11487,#11488,#11490,#11492));
#11494=FACE_OUTER_BOUND('',#11493,.F.);
#11496=CARTESIAN_POINT('',(-2.E1,-1.E0,0.E0));
#11497=DIRECTION('',(0.E0,-1.E0,0.E0));
#11498=DIRECTION('',(0.E0,0.E0,-1.E0));
#11499=AXIS2_PLACEMENT_3D('',#11496,#11497,#11498);
#11500=PLANE('',#11499);
#11502=ORIENTED_EDGE('',*,*,#11501,.F.);
#11504=ORIENTED_EDGE('',*,*,#11503,.T.);
#11506=ORIENTED_EDGE('',*,*,#11505,.F.);
#11507=ORIENTED_EDGE('',*,*,#9762,.T.);
#11509=ORIENTED_EDGE('',*,*,#11508,.T.);
#11511=ORIENTED_EDGE('',*,*,#11510,.F.);
#11512=EDGE_LOOP('',(#11502,#11504,#11506,#11507,#11509,#11511));
#11513=FACE_OUTER_BOUND('',#11512,.F.);
#11515=CARTESIAN_POINT('',(-2.E1,-1.E0,0.E0));
#11516=DIRECTION('',(0.E0,-1.E0,0.E0));
#11517=DIRECTION('',(0.E0,0.E0,-1.E0));
#11518=AXIS2_PLACEMENT_3D('',#11515,#11516,#11517);
#11519=PLANE('',#11518);
#11521=ORIENTED_EDGE('',*,*,#11520,.F.);
#11523=ORIENTED_EDGE('',*,*,#11522,.T.);
#11525=ORIENTED_EDGE('',*,*,#11524,.F.);
#11526=ORIENTED_EDGE('',*,*,#9788,.T.);
#11528=ORIENTED_EDGE('',*,*,#11527,.T.);
#11530=ORIENTED_EDGE('',*,*,#11529,.F.);
#11531=EDGE_LOOP('',(#11521,#11523,#11525,#11526,#11528,#11530));
#11532=FACE_OUTER_BOUND('',#11531,.F.);
#11534=CARTESIAN_POINT('',(-2.E1,-1.E0,0.E0));
#11535=DIRECTION('',(0.E0,-1.E0,0.E0));
#11536=DIRECTION('',(0.E0,0.E0,-1.E0));
#11537=AXIS2_PLACEMENT_3D('',#11534,#11535,#11536);
#11538=PLANE('',#11537);
#11540=ORIENTED_EDGE('',*,*,#11539,.F.);
#11542=ORIENTED_EDGE('',*,*,#11541,.T.);
#11544=ORIENTED_EDGE('',*,*,#11543,.F.);
#11545=ORIENTED_EDGE('',*,*,#9814,.T.);
#11547=ORIENTED_EDGE('',*,*,#11546,.T.);
#11549=ORIENTED_EDGE('',*,*,#11548,.F.);
#11550=EDGE_LOOP('',(#11540,#11542,#11544,#11545,#11547,#11549));
#11551=FACE_OUTER_BOUND('',#11550,.F.);
#11553=CARTESIAN_POINT('',(-2.E1,-1.E0,0.E0));
#11554=DIRECTION('',(0.E0,-1.E0,0.E0));
#11555=DIRECTION('',(0.E0,0.E0,-1.E0));
#11556=AXIS2_PLACEMENT_3D('',#11553,#11554,#11555);
#11557=PLANE('',#11556);
#11559=ORIENTED_EDGE('',*,*,#11558,.F.);
#11561=ORIENTED_EDGE('',*,*,#11560,.T.);
#11563=ORIENTED_EDGE('',*,*,#11562,.F.);
#11564=ORIENTED_EDGE('',*,*,#9840,.T.);
#11566=ORIENTED_EDGE('',*,*,#11565,.T.);
#11568=ORIENTED_EDGE('',*,*,#11567,.F.);
#11569=EDGE_LOOP('',(#11559,#11561,#11563,#11564,#11566,#11568));
#11570=FACE_OUTER_BOUND('',#11569,.F.);
#11572=CARTESIAN_POINT('',(-2.E1,-1.E0,0.E0));
#11573=DIRECTION('',(0.E0,-1.E0,0.E0));
#11574=DIRECTION('',(0.E0,0.E0,-1.E0));
#11575=AXIS2_PLACEMENT_3D('',#11572,#11573,#11574);
#11576=PLANE('',#11575);
#11578=ORIENTED_EDGE('',*,*,#11577,.F.);
#11580=ORIENTED_EDGE('',*,*,#11579,.T.);
#11582=ORIENTED_EDGE('',*,*,#11581,.F.);
#11583=ORIENTED_EDGE('',*,*,#9866,.T.);
#11584=ORIENTED_EDGE('',*,*,#10661,.T.);
#11586=ORIENTED_EDGE('',*,*,#11585,.F.);
#11587=EDGE_LOOP('',(#11578,#11580,#11582,#11583,#11584,#11586));
#11588=FACE_OUTER_BOUND('',#11587,.F.);
#11590=CARTESIAN_POINT('',(-2.E1,-1.E0,0.E0));
#11591=DIRECTION('',(0.E0,-1.E0,0.E0));
#11592=DIRECTION('',(0.E0,0.E0,-1.E0));
#11593=AXIS2_PLACEMENT_3D('',#11590,#11591,#11592);
#11594=PLANE('',#11593);
#11596=ORIENTED_EDGE('',*,*,#11595,.T.);
#11597=ORIENTED_EDGE('',*,*,#9895,.T.);
#11598=ORIENTED_EDGE('',*,*,#11224,.T.);
#11600=ORIENTED_EDGE('',*,*,#11599,.F.);
#11602=ORIENTED_EDGE('',*,*,#11601,.F.);
#11603=EDGE_LOOP('',(#11596,#11597,#11598,#11600,#11602));
#11604=FACE_OUTER_BOUND('',#11603,.F.);
#11606=CARTESIAN_POINT('',(-2.E1,-1.E0,-1.5E0));
#11607=DIRECTION('',(0.E0,0.E0,-1.E0));
#11608=DIRECTION('',(0.E0,1.E0,0.E0));
#11609=AXIS2_PLACEMENT_3D('',#11606,#11607,#11608);
#11610=PLANE('',#11609);
#11612=ORIENTED_EDGE('',*,*,#11611,.T.);
#11614=ORIENTED_EDGE('',*,*,#11613,.F.);
#11616=ORIENTED_EDGE('',*,*,#11615,.F.);
#11617=ORIENTED_EDGE('',*,*,#11236,.T.);
#11618=EDGE_LOOP('',(#11612,#11614,#11616,#11617));
#11619=FACE_OUTER_BOUND('',#11618,.F.);
#11621=CARTESIAN_POINT('',(-2.E1,-1.E0,-1.5E0));
#11622=DIRECTION('',(0.E0,0.E0,-1.E0));
#11623=DIRECTION('',(0.E0,1.E0,0.E0));
#11624=AXIS2_PLACEMENT_3D('',#11621,#11622,#11623);
#11625=PLANE('',#11624);
#11627=ORIENTED_EDGE('',*,*,#11626,.T.);
#11629=ORIENTED_EDGE('',*,*,#11628,.F.);
#11631=ORIENTED_EDGE('',*,*,#11630,.F.);
#11632=ORIENTED_EDGE('',*,*,#11254,.T.);
#11633=EDGE_LOOP('',(#11627,#11629,#11631,#11632));
#11634=FACE_OUTER_BOUND('',#11633,.F.);
#11636=CARTESIAN_POINT('',(-2.E1,-1.E0,-1.5E0));
#11637=DIRECTION('',(0.E0,0.E0,-1.E0));
#11638=DIRECTION('',(0.E0,1.E0,0.E0));
#11639=AXIS2_PLACEMENT_3D('',#11636,#11637,#11638);
#11640=PLANE('',#11639);
#11642=ORIENTED_EDGE('',*,*,#11641,.T.);
#11644=ORIENTED_EDGE('',*,*,#11643,.F.);
#11646=ORIENTED_EDGE('',*,*,#11645,.F.);
#11647=ORIENTED_EDGE('',*,*,#11273,.T.);
#11648=EDGE_LOOP('',(#11642,#11644,#11646,#11647));
#11649=FACE_OUTER_BOUND('',#11648,.F.);
#11651=CARTESIAN_POINT('',(-2.E1,-1.E0,-1.5E0));
#11652=DIRECTION('',(0.E0,0.E0,-1.E0));
#11653=DIRECTION('',(0.E0,1.E0,0.E0));
#11654=AXIS2_PLACEMENT_3D('',#11651,#11652,#11653);
#11655=PLANE('',#11654);
#11657=ORIENTED_EDGE('',*,*,#11656,.T.);
#11659=ORIENTED_EDGE('',*,*,#11658,.F.);
#11661=ORIENTED_EDGE('',*,*,#11660,.F.);
#11662=ORIENTED_EDGE('',*,*,#11292,.T.);
#11663=EDGE_LOOP('',(#11657,#11659,#11661,#11662));
#11664=FACE_OUTER_BOUND('',#11663,.F.);
#11666=CARTESIAN_POINT('',(-2.E1,-1.E0,-1.5E0));
#11667=DIRECTION('',(0.E0,0.E0,-1.E0));
#11668=DIRECTION('',(0.E0,1.E0,0.E0));
#11669=AXIS2_PLACEMENT_3D('',#11666,#11667,#11668);
#11670=PLANE('',#11669);
#11672=ORIENTED_EDGE('',*,*,#11671,.T.);
#11674=ORIENTED_EDGE('',*,*,#11673,.F.);
#11676=ORIENTED_EDGE('',*,*,#11675,.F.);
#11677=ORIENTED_EDGE('',*,*,#11311,.T.);
#11678=EDGE_LOOP('',(#11672,#11674,#11676,#11677));
#11679=FACE_OUTER_BOUND('',#11678,.F.);
#11681=CARTESIAN_POINT('',(-2.E1,-1.E0,-1.5E0));
#11682=DIRECTION('',(0.E0,0.E0,-1.E0));
#11683=DIRECTION('',(0.E0,1.E0,0.E0));
#11684=AXIS2_PLACEMENT_3D('',#11681,#11682,#11683);
#11685=PLANE('',#11684);
#11687=ORIENTED_EDGE('',*,*,#11686,.T.);
#11689=ORIENTED_EDGE('',*,*,#11688,.F.);
#11691=ORIENTED_EDGE('',*,*,#11690,.F.);
#11692=ORIENTED_EDGE('',*,*,#11330,.T.);
#11693=EDGE_LOOP('',(#11687,#11689,#11691,#11692));
#11694=FACE_OUTER_BOUND('',#11693,.F.);
#11696=CARTESIAN_POINT('',(-2.E1,-1.E0,-1.5E0));
#11697=DIRECTION('',(0.E0,0.E0,-1.E0));
#11698=DIRECTION('',(0.E0,1.E0,0.E0));
#11699=AXIS2_PLACEMENT_3D('',#11696,#11697,#11698);
#11700=PLANE('',#11699);
#11702=ORIENTED_EDGE('',*,*,#11701,.T.);
#11704=ORIENTED_EDGE('',*,*,#11703,.F.);
#11706=ORIENTED_EDGE('',*,*,#11705,.F.);
#11707=ORIENTED_EDGE('',*,*,#11349,.T.);
#11708=EDGE_LOOP('',(#11702,#11704,#11706,#11707));
#11709=FACE_OUTER_BOUND('',#11708,.F.);
#11711=CARTESIAN_POINT('',(-2.E1,-1.E0,-1.5E0));
#11712=DIRECTION('',(0.E0,0.E0,-1.E0));
#11713=DIRECTION('',(0.E0,1.E0,0.E0));
#11714=AXIS2_PLACEMENT_3D('',#11711,#11712,#11713);
#11715=PLANE('',#11714);
#11717=ORIENTED_EDGE('',*,*,#11716,.T.);
#11719=ORIENTED_EDGE('',*,*,#11718,.F.);
#11721=ORIENTED_EDGE('',*,*,#11720,.F.);
#11722=ORIENTED_EDGE('',*,*,#11368,.T.);
#11723=EDGE_LOOP('',(#11717,#11719,#11721,#11722));
#11724=FACE_OUTER_BOUND('',#11723,.F.);
#11726=CARTESIAN_POINT('',(-2.E1,-1.E0,-1.5E0));
#11727=DIRECTION('',(0.E0,0.E0,-1.E0));
#11728=DIRECTION('',(0.E0,1.E0,0.E0));
#11729=AXIS2_PLACEMENT_3D('',#11726,#11727,#11728);
#11730=PLANE('',#11729);
#11732=ORIENTED_EDGE('',*,*,#11731,.T.);
#11734=ORIENTED_EDGE('',*,*,#11733,.F.);
#11736=ORIENTED_EDGE('',*,*,#11735,.F.);
#11737=ORIENTED_EDGE('',*,*,#11387,.T.);
#11738=EDGE_LOOP('',(#11732,#11734,#11736,#11737));
#11739=FACE_OUTER_BOUND('',#11738,.F.);
#11741=CARTESIAN_POINT('',(-2.E1,-1.E0,-1.5E0));
#11742=DIRECTION('',(0.E0,0.E0,-1.E0));
#11743=DIRECTION('',(0.E0,1.E0,0.E0));
#11744=AXIS2_PLACEMENT_3D('',#11741,#11742,#11743);
#11745=PLANE('',#11744);
#11747=ORIENTED_EDGE('',*,*,#11746,.T.);
#11749=ORIENTED_EDGE('',*,*,#11748,.F.);
#11751=ORIENTED_EDGE('',*,*,#11750,.F.);
#11752=ORIENTED_EDGE('',*,*,#11406,.T.);
#11753=EDGE_LOOP('',(#11747,#11749,#11751,#11752));
#11754=FACE_OUTER_BOUND('',#11753,.F.);
#11756=CARTESIAN_POINT('',(-2.E1,-1.E0,-1.5E0));
#11757=DIRECTION('',(0.E0,0.E0,-1.E0));
#11758=DIRECTION('',(0.E0,1.E0,0.E0));
#11759=AXIS2_PLACEMENT_3D('',#11756,#11757,#11758);
#11760=PLANE('',#11759);
#11762=ORIENTED_EDGE('',*,*,#11761,.T.);
#11764=ORIENTED_EDGE('',*,*,#11763,.F.);
#11766=ORIENTED_EDGE('',*,*,#11765,.F.);
#11767=ORIENTED_EDGE('',*,*,#11425,.T.);
#11768=EDGE_LOOP('',(#11762,#11764,#11766,#11767));
#11769=FACE_OUTER_BOUND('',#11768,.F.);
#11771=CARTESIAN_POINT('',(-2.E1,-1.E0,-1.5E0));
#11772=DIRECTION('',(0.E0,0.E0,-1.E0));
#11773=DIRECTION('',(0.E0,1.E0,0.E0));
#11774=AXIS2_PLACEMENT_3D('',#11771,#11772,#11773);
#11775=PLANE('',#11774);
#11777=ORIENTED_EDGE('',*,*,#11776,.T.);
#11779=ORIENTED_EDGE('',*,*,#11778,.F.);
#11781=ORIENTED_EDGE('',*,*,#11780,.F.);
#11782=ORIENTED_EDGE('',*,*,#11444,.T.);
#11783=EDGE_LOOP('',(#11777,#11779,#11781,#11782));
#11784=FACE_OUTER_BOUND('',#11783,.F.);
#11786=CARTESIAN_POINT('',(-2.E1,-1.E0,-1.5E0));
#11787=DIRECTION('',(0.E0,0.E0,-1.E0));
#11788=DIRECTION('',(0.E0,1.E0,0.E0));
#11789=AXIS2_PLACEMENT_3D('',#11786,#11787,#11788);
#11790=PLANE('',#11789);
#11792=ORIENTED_EDGE('',*,*,#11791,.T.);
#11794=ORIENTED_EDGE('',*,*,#11793,.F.);
#11796=ORIENTED_EDGE('',*,*,#11795,.F.);
#11797=ORIENTED_EDGE('',*,*,#11463,.T.);
#11798=EDGE_LOOP('',(#11792,#11794,#11796,#11797));
#11799=FACE_OUTER_BOUND('',#11798,.F.);
#11801=CARTESIAN_POINT('',(-2.E1,-1.E0,-1.5E0));
#11802=DIRECTION('',(0.E0,0.E0,-1.E0));
#11803=DIRECTION('',(0.E0,1.E0,0.E0));
#11804=AXIS2_PLACEMENT_3D('',#11801,#11802,#11803);
#11805=PLANE('',#11804);
#11807=ORIENTED_EDGE('',*,*,#11806,.T.);
#11809=ORIENTED_EDGE('',*,*,#11808,.F.);
#11811=ORIENTED_EDGE('',*,*,#11810,.F.);
#11812=ORIENTED_EDGE('',*,*,#11482,.T.);
#11813=EDGE_LOOP('',(#11807,#11809,#11811,#11812));
#11814=FACE_OUTER_BOUND('',#11813,.F.);
#11816=CARTESIAN_POINT('',(-2.E1,-1.E0,-1.5E0));
#11817=DIRECTION('',(0.E0,0.E0,-1.E0));
#11818=DIRECTION('',(0.E0,1.E0,0.E0));
#11819=AXIS2_PLACEMENT_3D('',#11816,#11817,#11818);
#11820=PLANE('',#11819);
#11822=ORIENTED_EDGE('',*,*,#11821,.T.);
#11824=ORIENTED_EDGE('',*,*,#11823,.F.);
#11826=ORIENTED_EDGE('',*,*,#11825,.F.);
#11827=ORIENTED_EDGE('',*,*,#11501,.T.);
#11828=EDGE_LOOP('',(#11822,#11824,#11826,#11827));
#11829=FACE_OUTER_BOUND('',#11828,.F.);
#11831=CARTESIAN_POINT('',(-2.E1,-1.E0,-1.5E0));
#11832=DIRECTION('',(0.E0,0.E0,-1.E0));
#11833=DIRECTION('',(0.E0,1.E0,0.E0));
#11834=AXIS2_PLACEMENT_3D('',#11831,#11832,#11833);
#11835=PLANE('',#11834);
#11837=ORIENTED_EDGE('',*,*,#11836,.T.);
#11839=ORIENTED_EDGE('',*,*,#11838,.F.);
#11841=ORIENTED_EDGE('',*,*,#11840,.F.);
#11842=ORIENTED_EDGE('',*,*,#11520,.T.);
#11843=EDGE_LOOP('',(#11837,#11839,#11841,#11842));
#11844=FACE_OUTER_BOUND('',#11843,.F.);
#11846=CARTESIAN_POINT('',(-2.E1,-1.E0,-1.5E0));
#11847=DIRECTION('',(0.E0,0.E0,-1.E0));
#11848=DIRECTION('',(0.E0,1.E0,0.E0));
#11849=AXIS2_PLACEMENT_3D('',#11846,#11847,#11848);
#11850=PLANE('',#11849);
#11852=ORIENTED_EDGE('',*,*,#11851,.T.);
#11854=ORIENTED_EDGE('',*,*,#11853,.F.);
#11856=ORIENTED_EDGE('',*,*,#11855,.F.);
#11857=ORIENTED_EDGE('',*,*,#11539,.T.);
#11858=EDGE_LOOP('',(#11852,#11854,#11856,#11857));
#11859=FACE_OUTER_BOUND('',#11858,.F.);
#11861=CARTESIAN_POINT('',(-2.E1,-1.E0,-1.5E0));
#11862=DIRECTION('',(0.E0,0.E0,-1.E0));
#11863=DIRECTION('',(0.E0,1.E0,0.E0));
#11864=AXIS2_PLACEMENT_3D('',#11861,#11862,#11863);
#11865=PLANE('',#11864);
#11867=ORIENTED_EDGE('',*,*,#11866,.T.);
#11869=ORIENTED_EDGE('',*,*,#11868,.F.);
#11871=ORIENTED_EDGE('',*,*,#11870,.F.);
#11872=ORIENTED_EDGE('',*,*,#11558,.T.);
#11873=EDGE_LOOP('',(#11867,#11869,#11871,#11872));
#11874=FACE_OUTER_BOUND('',#11873,.F.);
#11876=CARTESIAN_POINT('',(-2.E1,-1.E0,-1.5E0));
#11877=DIRECTION('',(0.E0,0.E0,-1.E0));
#11878=DIRECTION('',(0.E0,1.E0,0.E0));
#11879=AXIS2_PLACEMENT_3D('',#11876,#11877,#11878);
#11880=PLANE('',#11879);
#11882=ORIENTED_EDGE('',*,*,#11881,.T.);
#11884=ORIENTED_EDGE('',*,*,#11883,.F.);
#11886=ORIENTED_EDGE('',*,*,#11885,.F.);
#11887=ORIENTED_EDGE('',*,*,#11577,.T.);
#11888=EDGE_LOOP('',(#11882,#11884,#11886,#11887));
#11889=FACE_OUTER_BOUND('',#11888,.F.);
#11891=CARTESIAN_POINT('',(-2.E1,-1.E0,-1.5E0));
#11892=DIRECTION('',(0.E0,0.E0,-1.E0));
#11893=DIRECTION('',(0.E0,1.E0,0.E0));
#11894=AXIS2_PLACEMENT_3D('',#11891,#11892,#11893);
#11895=PLANE('',#11894);
#11897=ORIENTED_EDGE('',*,*,#11896,.T.);
#11898=ORIENTED_EDGE('',*,*,#11601,.T.);
#11900=ORIENTED_EDGE('',*,*,#11899,.T.);
#11902=ORIENTED_EDGE('',*,*,#11901,.F.);
#11903=EDGE_LOOP('',(#11897,#11898,#11900,#11902));
#11904=FACE_OUTER_BOUND('',#11903,.F.);
#11906=CARTESIAN_POINT('',(-1.63E1,-1.E0,-1.5E0));
#11907=DIRECTION('',(-1.E0,0.E0,0.E0));
#11908=DIRECTION('',(0.E0,1.E0,0.E0));
#11909=AXIS2_PLACEMENT_3D('',#11906,#11907,#11908);
#11910=PLANE('',#11909);
#11911=ORIENTED_EDGE('',*,*,#10232,.T.);
#11913=ORIENTED_EDGE('',*,*,#11912,.F.);
#11914=ORIENTED_EDGE('',*,*,#11611,.F.);
#11915=ORIENTED_EDGE('',*,*,#11244,.T.);
#11916=EDGE_LOOP('',(#11911,#11913,#11914,#11915));
#11917=FACE_OUTER_BOUND('',#11916,.F.);
#11919=CARTESIAN_POINT('',(-2.E1,-6.E-1,-1.5E0));
#11920=DIRECTION('',(0.E0,1.E0,0.E0));
#11921=DIRECTION('',(0.E0,0.E0,1.E0));
#11922=AXIS2_PLACEMENT_3D('',#11919,#11920,#11921);
#11923=PLANE('',#11922);
#11924=ORIENTED_EDGE('',*,*,#11912,.T.);
#11925=ORIENTED_EDGE('',*,*,#10230,.F.);
#11927=ORIENTED_EDGE('',*,*,#11926,.F.);
#11928=ORIENTED_EDGE('',*,*,#11613,.T.);
#11929=EDGE_LOOP('',(#11924,#11925,#11927,#11928));
#11930=FACE_OUTER_BOUND('',#11929,.F.);
#11932=CARTESIAN_POINT('',(-2.E1,-6.E-1,-1.5E0));
#11933=DIRECTION('',(0.E0,1.E0,0.E0));
#11934=DIRECTION('',(0.E0,0.E0,1.E0));
#11935=AXIS2_PLACEMENT_3D('',#11932,#11933,#11934);
#11936=PLANE('',#11935);
#11938=ORIENTED_EDGE('',*,*,#11937,.T.);
#11939=ORIENTED_EDGE('',*,*,#10242,.F.);
#11941=ORIENTED_EDGE('',*,*,#11940,.F.);
#11942=ORIENTED_EDGE('',*,*,#11628,.T.);
#11943=EDGE_LOOP('',(#11938,#11939,#11941,#11942));
#11944=FACE_OUTER_BOUND('',#11943,.F.);
#11946=CARTESIAN_POINT('',(-2.E1,-6.E-1,-1.5E0));
#11947=DIRECTION('',(0.E0,1.E0,0.E0));
#11948=DIRECTION('',(0.E0,0.E0,1.E0));
#11949=AXIS2_PLACEMENT_3D('',#11946,#11947,#11948);
#11950=PLANE('',#11949);
#11952=ORIENTED_EDGE('',*,*,#11951,.T.);
#11953=ORIENTED_EDGE('',*,*,#10254,.F.);
#11955=ORIENTED_EDGE('',*,*,#11954,.F.);
#11956=ORIENTED_EDGE('',*,*,#11643,.T.);
#11957=EDGE_LOOP('',(#11952,#11953,#11955,#11956));
#11958=FACE_OUTER_BOUND('',#11957,.F.);
#11960=CARTESIAN_POINT('',(-2.E1,-6.E-1,-1.5E0));
#11961=DIRECTION('',(0.E0,1.E0,0.E0));
#11962=DIRECTION('',(0.E0,0.E0,1.E0));
#11963=AXIS2_PLACEMENT_3D('',#11960,#11961,#11962);
#11964=PLANE('',#11963);
#11966=ORIENTED_EDGE('',*,*,#11965,.T.);
#11967=ORIENTED_EDGE('',*,*,#10266,.F.);
#11969=ORIENTED_EDGE('',*,*,#11968,.F.);
#11970=ORIENTED_EDGE('',*,*,#11658,.T.);
#11971=EDGE_LOOP('',(#11966,#11967,#11969,#11970));
#11972=FACE_OUTER_BOUND('',#11971,.F.);
#11974=CARTESIAN_POINT('',(-2.E1,-6.E-1,-1.5E0));
#11975=DIRECTION('',(0.E0,1.E0,0.E0));
#11976=DIRECTION('',(0.E0,0.E0,1.E0));
#11977=AXIS2_PLACEMENT_3D('',#11974,#11975,#11976);
#11978=PLANE('',#11977);
#11980=ORIENTED_EDGE('',*,*,#11979,.T.);
#11981=ORIENTED_EDGE('',*,*,#10278,.F.);
#11983=ORIENTED_EDGE('',*,*,#11982,.F.);
#11984=ORIENTED_EDGE('',*,*,#11673,.T.);
#11985=EDGE_LOOP('',(#11980,#11981,#11983,#11984));
#11986=FACE_OUTER_BOUND('',#11985,.F.);
#11988=CARTESIAN_POINT('',(-2.E1,-6.E-1,-1.5E0));
#11989=DIRECTION('',(0.E0,1.E0,0.E0));
#11990=DIRECTION('',(0.E0,0.E0,1.E0));
#11991=AXIS2_PLACEMENT_3D('',#11988,#11989,#11990);
#11992=PLANE('',#11991);
#11994=ORIENTED_EDGE('',*,*,#11993,.T.);
#11995=ORIENTED_EDGE('',*,*,#10290,.F.);
#11997=ORIENTED_EDGE('',*,*,#11996,.F.);
#11998=ORIENTED_EDGE('',*,*,#11688,.T.);
#11999=EDGE_LOOP('',(#11994,#11995,#11997,#11998));
#12000=FACE_OUTER_BOUND('',#11999,.F.);
#12002=CARTESIAN_POINT('',(-2.E1,-6.E-1,-1.5E0));
#12003=DIRECTION('',(0.E0,1.E0,0.E0));
#12004=DIRECTION('',(0.E0,0.E0,1.E0));
#12005=AXIS2_PLACEMENT_3D('',#12002,#12003,#12004);
#12006=PLANE('',#12005);
#12008=ORIENTED_EDGE('',*,*,#12007,.T.);
#12009=ORIENTED_EDGE('',*,*,#10302,.F.);
#12011=ORIENTED_EDGE('',*,*,#12010,.F.);
#12012=ORIENTED_EDGE('',*,*,#11703,.T.);
#12013=EDGE_LOOP('',(#12008,#12009,#12011,#12012));
#12014=FACE_OUTER_BOUND('',#12013,.F.);
#12016=CARTESIAN_POINT('',(-2.E1,-6.E-1,-1.5E0));
#12017=DIRECTION('',(0.E0,1.E0,0.E0));
#12018=DIRECTION('',(0.E0,0.E0,1.E0));
#12019=AXIS2_PLACEMENT_3D('',#12016,#12017,#12018);
#12020=PLANE('',#12019);
#12022=ORIENTED_EDGE('',*,*,#12021,.T.);
#12023=ORIENTED_EDGE('',*,*,#10314,.F.);
#12025=ORIENTED_EDGE('',*,*,#12024,.F.);
#12026=ORIENTED_EDGE('',*,*,#11718,.T.);
#12027=EDGE_LOOP('',(#12022,#12023,#12025,#12026));
#12028=FACE_OUTER_BOUND('',#12027,.F.);
#12030=CARTESIAN_POINT('',(-2.E1,-6.E-1,-1.5E0));
#12031=DIRECTION('',(0.E0,1.E0,0.E0));
#12032=DIRECTION('',(0.E0,0.E0,1.E0));
#12033=AXIS2_PLACEMENT_3D('',#12030,#12031,#12032);
#12034=PLANE('',#12033);
#12036=ORIENTED_EDGE('',*,*,#12035,.T.);
#12037=ORIENTED_EDGE('',*,*,#10326,.F.);
#12039=ORIENTED_EDGE('',*,*,#12038,.F.);
#12040=ORIENTED_EDGE('',*,*,#11733,.T.);
#12041=EDGE_LOOP('',(#12036,#12037,#12039,#12040));
#12042=FACE_OUTER_BOUND('',#12041,.F.);
#12044=CARTESIAN_POINT('',(-2.E1,-6.E-1,-1.5E0));
#12045=DIRECTION('',(0.E0,1.E0,0.E0));
#12046=DIRECTION('',(0.E0,0.E0,1.E0));
#12047=AXIS2_PLACEMENT_3D('',#12044,#12045,#12046);
#12048=PLANE('',#12047);
#12050=ORIENTED_EDGE('',*,*,#12049,.T.);
#12051=ORIENTED_EDGE('',*,*,#10338,.F.);
#12053=ORIENTED_EDGE('',*,*,#12052,.F.);
#12054=ORIENTED_EDGE('',*,*,#11748,.T.);
#12055=EDGE_LOOP('',(#12050,#12051,#12053,#12054));
#12056=FACE_OUTER_BOUND('',#12055,.F.);
#12058=CARTESIAN_POINT('',(-2.E1,-6.E-1,-1.5E0));
#12059=DIRECTION('',(0.E0,1.E0,0.E0));
#12060=DIRECTION('',(0.E0,0.E0,1.E0));
#12061=AXIS2_PLACEMENT_3D('',#12058,#12059,#12060);
#12062=PLANE('',#12061);
#12064=ORIENTED_EDGE('',*,*,#12063,.T.);
#12065=ORIENTED_EDGE('',*,*,#10350,.F.);
#12067=ORIENTED_EDGE('',*,*,#12066,.F.);
#12068=ORIENTED_EDGE('',*,*,#11763,.T.);
#12069=EDGE_LOOP('',(#12064,#12065,#12067,#12068));
#12070=FACE_OUTER_BOUND('',#12069,.F.);
#12072=CARTESIAN_POINT('',(-2.E1,-6.E-1,-1.5E0));
#12073=DIRECTION('',(0.E0,1.E0,0.E0));
#12074=DIRECTION('',(0.E0,0.E0,1.E0));
#12075=AXIS2_PLACEMENT_3D('',#12072,#12073,#12074);
#12076=PLANE('',#12075);
#12078=ORIENTED_EDGE('',*,*,#12077,.T.);
#12079=ORIENTED_EDGE('',*,*,#10362,.F.);
#12081=ORIENTED_EDGE('',*,*,#12080,.F.);
#12082=ORIENTED_EDGE('',*,*,#11778,.T.);
#12083=EDGE_LOOP('',(#12078,#12079,#12081,#12082));
#12084=FACE_OUTER_BOUND('',#12083,.F.);
#12086=CARTESIAN_POINT('',(-2.E1,-6.E-1,-1.5E0));
#12087=DIRECTION('',(0.E0,1.E0,0.E0));
#12088=DIRECTION('',(0.E0,0.E0,1.E0));
#12089=AXIS2_PLACEMENT_3D('',#12086,#12087,#12088);
#12090=PLANE('',#12089);
#12092=ORIENTED_EDGE('',*,*,#12091,.T.);
#12093=ORIENTED_EDGE('',*,*,#10374,.F.);
#12095=ORIENTED_EDGE('',*,*,#12094,.F.);
#12096=ORIENTED_EDGE('',*,*,#11793,.T.);
#12097=EDGE_LOOP('',(#12092,#12093,#12095,#12096));
#12098=FACE_OUTER_BOUND('',#12097,.F.);
#12100=CARTESIAN_POINT('',(-2.E1,-6.E-1,-1.5E0));
#12101=DIRECTION('',(0.E0,1.E0,0.E0));
#12102=DIRECTION('',(0.E0,0.E0,1.E0));
#12103=AXIS2_PLACEMENT_3D('',#12100,#12101,#12102);
#12104=PLANE('',#12103);
#12106=ORIENTED_EDGE('',*,*,#12105,.T.);
#12107=ORIENTED_EDGE('',*,*,#10386,.F.);
#12109=ORIENTED_EDGE('',*,*,#12108,.F.);
#12110=ORIENTED_EDGE('',*,*,#11808,.T.);
#12111=EDGE_LOOP('',(#12106,#12107,#12109,#12110));
#12112=FACE_OUTER_BOUND('',#12111,.F.);
#12114=CARTESIAN_POINT('',(-2.E1,-6.E-1,-1.5E0));
#12115=DIRECTION('',(0.E0,1.E0,0.E0));
#12116=DIRECTION('',(0.E0,0.E0,1.E0));
#12117=AXIS2_PLACEMENT_3D('',#12114,#12115,#12116);
#12118=PLANE('',#12117);
#12120=ORIENTED_EDGE('',*,*,#12119,.T.);
#12121=ORIENTED_EDGE('',*,*,#10398,.F.);
#12123=ORIENTED_EDGE('',*,*,#12122,.F.);
#12124=ORIENTED_EDGE('',*,*,#11823,.T.);
#12125=EDGE_LOOP('',(#12120,#12121,#12123,#12124));
#12126=FACE_OUTER_BOUND('',#12125,.F.);
#12128=CARTESIAN_POINT('',(-2.E1,-6.E-1,-1.5E0));
#12129=DIRECTION('',(0.E0,1.E0,0.E0));
#12130=DIRECTION('',(0.E0,0.E0,1.E0));
#12131=AXIS2_PLACEMENT_3D('',#12128,#12129,#12130);
#12132=PLANE('',#12131);
#12134=ORIENTED_EDGE('',*,*,#12133,.T.);
#12135=ORIENTED_EDGE('',*,*,#10410,.F.);
#12137=ORIENTED_EDGE('',*,*,#12136,.F.);
#12138=ORIENTED_EDGE('',*,*,#11838,.T.);
#12139=EDGE_LOOP('',(#12134,#12135,#12137,#12138));
#12140=FACE_OUTER_BOUND('',#12139,.F.);
#12142=CARTESIAN_POINT('',(-2.E1,-6.E-1,-1.5E0));
#12143=DIRECTION('',(0.E0,1.E0,0.E0));
#12144=DIRECTION('',(0.E0,0.E0,1.E0));
#12145=AXIS2_PLACEMENT_3D('',#12142,#12143,#12144);
#12146=PLANE('',#12145);
#12148=ORIENTED_EDGE('',*,*,#12147,.T.);
#12149=ORIENTED_EDGE('',*,*,#10422,.F.);
#12151=ORIENTED_EDGE('',*,*,#12150,.F.);
#12152=ORIENTED_EDGE('',*,*,#11853,.T.);
#12153=EDGE_LOOP('',(#12148,#12149,#12151,#12152));
#12154=FACE_OUTER_BOUND('',#12153,.F.);
#12156=CARTESIAN_POINT('',(-2.E1,-6.E-1,-1.5E0));
#12157=DIRECTION('',(0.E0,1.E0,0.E0));
#12158=DIRECTION('',(0.E0,0.E0,1.E0));
#12159=AXIS2_PLACEMENT_3D('',#12156,#12157,#12158);
#12160=PLANE('',#12159);
#12162=ORIENTED_EDGE('',*,*,#12161,.T.);
#12163=ORIENTED_EDGE('',*,*,#10434,.F.);
#12165=ORIENTED_EDGE('',*,*,#12164,.F.);
#12166=ORIENTED_EDGE('',*,*,#11868,.T.);
#12167=EDGE_LOOP('',(#12162,#12163,#12165,#12166));
#12168=FACE_OUTER_BOUND('',#12167,.F.);
#12170=CARTESIAN_POINT('',(-2.E1,-6.E-1,-1.5E0));
#12171=DIRECTION('',(0.E0,1.E0,0.E0));
#12172=DIRECTION('',(0.E0,0.E0,1.E0));
#12173=AXIS2_PLACEMENT_3D('',#12170,#12171,#12172);
#12174=PLANE('',#12173);
#12176=ORIENTED_EDGE('',*,*,#12175,.T.);
#12177=ORIENTED_EDGE('',*,*,#10446,.F.);
#12179=ORIENTED_EDGE('',*,*,#12178,.F.);
#12180=ORIENTED_EDGE('',*,*,#11883,.T.);
#12181=EDGE_LOOP('',(#12176,#12177,#12179,#12180));
#12182=FACE_OUTER_BOUND('',#12181,.F.);
#12184=CARTESIAN_POINT('',(-2.E1,-6.E-1,-1.5E0));
#12185=DIRECTION('',(0.E0,1.E0,0.E0));
#12186=DIRECTION('',(0.E0,0.E0,1.E0));
#12187=AXIS2_PLACEMENT_3D('',#12184,#12185,#12186);
#12188=PLANE('',#12187);
#12190=ORIENTED_EDGE('',*,*,#12189,.F.);
#12191=ORIENTED_EDGE('',*,*,#11901,.T.);
#12193=ORIENTED_EDGE('',*,*,#12192,.T.);
#12194=ORIENTED_EDGE('',*,*,#10218,.F.);
#12195=ORIENTED_EDGE('',*,*,#9336,.F.);
#12196=EDGE_LOOP('',(#12190,#12191,#12193,#12194,#12195));
#12197=FACE_OUTER_BOUND('',#12196,.F.);
#12199=CARTESIAN_POINT('',(-1.77E1,-6.E-1,-1.5E0));
#12200=DIRECTION('',(1.E0,0.E0,0.E0));
#12201=DIRECTION('',(0.E0,-1.E0,0.E0));
#12202=AXIS2_PLACEMENT_3D('',#12199,#12200,#12201);
#12203=PLANE('',#12202);
#12204=ORIENTED_EDGE('',*,*,#11238,.F.);
#12205=ORIENTED_EDGE('',*,*,#11615,.T.);
#12206=ORIENTED_EDGE('',*,*,#11926,.T.);
#12207=ORIENTED_EDGE('',*,*,#10228,.T.);
#12208=EDGE_LOOP('',(#12204,#12205,#12206,#12207));
#12209=FACE_OUTER_BOUND('',#12208,.F.);
#12211=CARTESIAN_POINT('',(-1.43E1,-1.E0,-1.5E0));
#12212=DIRECTION('',(-1.E0,0.E0,0.E0));
#12213=DIRECTION('',(0.E0,1.E0,0.E0));
#12214=AXIS2_PLACEMENT_3D('',#12211,#12212,#12213);
#12215=PLANE('',#12214);
#12216=ORIENTED_EDGE('',*,*,#10244,.T.);
#12217=ORIENTED_EDGE('',*,*,#11937,.F.);
#12218=ORIENTED_EDGE('',*,*,#11626,.F.);
#12219=ORIENTED_EDGE('',*,*,#11263,.T.);
#12220=EDGE_LOOP('',(#12216,#12217,#12218,#12219));
#12221=FACE_OUTER_BOUND('',#12220,.F.);
#12223=CARTESIAN_POINT('',(-1.57E1,-6.E-1,-1.5E0));
#12224=DIRECTION('',(1.E0,0.E0,0.E0));
#12225=DIRECTION('',(0.E0,-1.E0,0.E0));
#12226=AXIS2_PLACEMENT_3D('',#12223,#12224,#12225);
#12227=PLANE('',#12226);
#12228=ORIENTED_EDGE('',*,*,#10240,.T.);
#12229=ORIENTED_EDGE('',*,*,#11256,.F.);
#12230=ORIENTED_EDGE('',*,*,#11630,.T.);
#12231=ORIENTED_EDGE('',*,*,#11940,.T.);
#12232=EDGE_LOOP('',(#12228,#12229,#12230,#12231));
#12233=FACE_OUTER_BOUND('',#12232,.F.);
#12235=CARTESIAN_POINT('',(-1.23E1,-1.E0,-1.5E0));
#12236=DIRECTION('',(-1.E0,0.E0,0.E0));
#12237=DIRECTION('',(0.E0,1.E0,0.E0));
#12238=AXIS2_PLACEMENT_3D('',#12235,#12236,#12237);
#12239=PLANE('',#12238);
#12240=ORIENTED_EDGE('',*,*,#10256,.T.);
#12241=ORIENTED_EDGE('',*,*,#11951,.F.);
#12242=ORIENTED_EDGE('',*,*,#11641,.F.);
#12243=ORIENTED_EDGE('',*,*,#11282,.T.);
#12244=EDGE_LOOP('',(#12240,#12241,#12242,#12243));
#12245=FACE_OUTER_BOUND('',#12244,.F.);
#12247=CARTESIAN_POINT('',(-1.37E1,-6.E-1,-1.5E0));
#12248=DIRECTION('',(1.E0,0.E0,0.E0));
#12249=DIRECTION('',(0.E0,-1.E0,0.E0));
#12250=AXIS2_PLACEMENT_3D('',#12247,#12248,#12249);
#12251=PLANE('',#12250);
#12252=ORIENTED_EDGE('',*,*,#10252,.T.);
#12253=ORIENTED_EDGE('',*,*,#11275,.F.);
#12254=ORIENTED_EDGE('',*,*,#11645,.T.);
#12255=ORIENTED_EDGE('',*,*,#11954,.T.);
#12256=EDGE_LOOP('',(#12252,#12253,#12254,#12255));
#12257=FACE_OUTER_BOUND('',#12256,.F.);
#12259=CARTESIAN_POINT('',(-1.03E1,-1.E0,-1.5E0));
#12260=DIRECTION('',(-1.E0,0.E0,0.E0));
#12261=DIRECTION('',(0.E0,1.E0,0.E0));
#12262=AXIS2_PLACEMENT_3D('',#12259,#12260,#12261);
#12263=PLANE('',#12262);
#12264=ORIENTED_EDGE('',*,*,#10268,.T.);
#12265=ORIENTED_EDGE('',*,*,#11965,.F.);
#12266=ORIENTED_EDGE('',*,*,#11656,.F.);
#12267=ORIENTED_EDGE('',*,*,#11301,.T.);
#12268=EDGE_LOOP('',(#12264,#12265,#12266,#12267));
#12269=FACE_OUTER_BOUND('',#12268,.F.);
#12271=CARTESIAN_POINT('',(-1.17E1,-6.E-1,-1.5E0));
#12272=DIRECTION('',(1.E0,0.E0,0.E0));
#12273=DIRECTION('',(0.E0,-1.E0,0.E0));
#12274=AXIS2_PLACEMENT_3D('',#12271,#12272,#12273);
#12275=PLANE('',#12274);
#12276=ORIENTED_EDGE('',*,*,#10264,.T.);
#12277=ORIENTED_EDGE('',*,*,#11294,.F.);
#12278=ORIENTED_EDGE('',*,*,#11660,.T.);
#12279=ORIENTED_EDGE('',*,*,#11968,.T.);
#12280=EDGE_LOOP('',(#12276,#12277,#12278,#12279));
#12281=FACE_OUTER_BOUND('',#12280,.F.);
#12283=CARTESIAN_POINT('',(-8.3E0,-1.E0,-1.5E0));
#12284=DIRECTION('',(-1.E0,0.E0,0.E0));
#12285=DIRECTION('',(0.E0,1.E0,0.E0));
#12286=AXIS2_PLACEMENT_3D('',#12283,#12284,#12285);
#12287=PLANE('',#12286);
#12288=ORIENTED_EDGE('',*,*,#10280,.T.);
#12289=ORIENTED_EDGE('',*,*,#11979,.F.);
#12290=ORIENTED_EDGE('',*,*,#11671,.F.);
#12291=ORIENTED_EDGE('',*,*,#11320,.T.);
#12292=EDGE_LOOP('',(#12288,#12289,#12290,#12291));
#12293=FACE_OUTER_BOUND('',#12292,.F.);
#12295=CARTESIAN_POINT('',(-9.7E0,-6.E-1,-1.5E0));
#12296=DIRECTION('',(1.E0,0.E0,0.E0));
#12297=DIRECTION('',(0.E0,-1.E0,0.E0));
#12298=AXIS2_PLACEMENT_3D('',#12295,#12296,#12297);
#12299=PLANE('',#12298);
#12300=ORIENTED_EDGE('',*,*,#10276,.T.);
#12301=ORIENTED_EDGE('',*,*,#11313,.F.);
#12302=ORIENTED_EDGE('',*,*,#11675,.T.);
#12303=ORIENTED_EDGE('',*,*,#11982,.T.);
#12304=EDGE_LOOP('',(#12300,#12301,#12302,#12303));
#12305=FACE_OUTER_BOUND('',#12304,.F.);
#12307=CARTESIAN_POINT('',(-6.3E0,-1.E0,-1.5E0));
#12308=DIRECTION('',(-1.E0,0.E0,0.E0));
#12309=DIRECTION('',(0.E0,1.E0,0.E0));
#12310=AXIS2_PLACEMENT_3D('',#12307,#12308,#12309);
#12311=PLANE('',#12310);
#12312=ORIENTED_EDGE('',*,*,#10292,.T.);
#12313=ORIENTED_EDGE('',*,*,#11993,.F.);
#12314=ORIENTED_EDGE('',*,*,#11686,.F.);
#12315=ORIENTED_EDGE('',*,*,#11339,.T.);
#12316=EDGE_LOOP('',(#12312,#12313,#12314,#12315));
#12317=FACE_OUTER_BOUND('',#12316,.F.);
#12319=CARTESIAN_POINT('',(-7.7E0,-6.E-1,-1.5E0));
#12320=DIRECTION('',(1.E0,0.E0,0.E0));
#12321=DIRECTION('',(0.E0,-1.E0,0.E0));
#12322=AXIS2_PLACEMENT_3D('',#12319,#12320,#12321);
#12323=PLANE('',#12322);
#12324=ORIENTED_EDGE('',*,*,#10288,.T.);
#12325=ORIENTED_EDGE('',*,*,#11332,.F.);
#12326=ORIENTED_EDGE('',*,*,#11690,.T.);
#12327=ORIENTED_EDGE('',*,*,#11996,.T.);
#12328=EDGE_LOOP('',(#12324,#12325,#12326,#12327));
#12329=FACE_OUTER_BOUND('',#12328,.F.);
#12331=CARTESIAN_POINT('',(-4.3E0,-1.E0,-1.5E0));
#12332=DIRECTION('',(-1.E0,0.E0,0.E0));
#12333=DIRECTION('',(0.E0,1.E0,0.E0));
#12334=AXIS2_PLACEMENT_3D('',#12331,#12332,#12333);
#12335=PLANE('',#12334);
#12336=ORIENTED_EDGE('',*,*,#10304,.T.);
#12337=ORIENTED_EDGE('',*,*,#12007,.F.);
#12338=ORIENTED_EDGE('',*,*,#11701,.F.);
#12339=ORIENTED_EDGE('',*,*,#11358,.T.);
#12340=EDGE_LOOP('',(#12336,#12337,#12338,#12339));
#12341=FACE_OUTER_BOUND('',#12340,.F.);
#12343=CARTESIAN_POINT('',(-5.7E0,-6.E-1,-1.5E0));
#12344=DIRECTION('',(1.E0,0.E0,0.E0));
#12345=DIRECTION('',(0.E0,-1.E0,0.E0));
#12346=AXIS2_PLACEMENT_3D('',#12343,#12344,#12345);
#12347=PLANE('',#12346);
#12348=ORIENTED_EDGE('',*,*,#10300,.T.);
#12349=ORIENTED_EDGE('',*,*,#11351,.F.);
#12350=ORIENTED_EDGE('',*,*,#11705,.T.);
#12351=ORIENTED_EDGE('',*,*,#12010,.T.);
#12352=EDGE_LOOP('',(#12348,#12349,#12350,#12351));
#12353=FACE_OUTER_BOUND('',#12352,.F.);
#12355=CARTESIAN_POINT('',(-2.3E0,-1.E0,-1.5E0));
#12356=DIRECTION('',(-1.E0,0.E0,0.E0));
#12357=DIRECTION('',(0.E0,1.E0,0.E0));
#12358=AXIS2_PLACEMENT_3D('',#12355,#12356,#12357);
#12359=PLANE('',#12358);
#12360=ORIENTED_EDGE('',*,*,#10316,.T.);
#12361=ORIENTED_EDGE('',*,*,#12021,.F.);
#12362=ORIENTED_EDGE('',*,*,#11716,.F.);
#12363=ORIENTED_EDGE('',*,*,#11377,.T.);
#12364=EDGE_LOOP('',(#12360,#12361,#12362,#12363));
#12365=FACE_OUTER_BOUND('',#12364,.F.);
#12367=CARTESIAN_POINT('',(-3.7E0,-6.E-1,-1.5E0));
#12368=DIRECTION('',(1.E0,0.E0,0.E0));
#12369=DIRECTION('',(0.E0,-1.E0,0.E0));
#12370=AXIS2_PLACEMENT_3D('',#12367,#12368,#12369);
#12371=PLANE('',#12370);
#12372=ORIENTED_EDGE('',*,*,#10312,.T.);
#12373=ORIENTED_EDGE('',*,*,#11370,.F.);
#12374=ORIENTED_EDGE('',*,*,#11720,.T.);
#12375=ORIENTED_EDGE('',*,*,#12024,.T.);
#12376=EDGE_LOOP('',(#12372,#12373,#12374,#12375));
#12377=FACE_OUTER_BOUND('',#12376,.F.);
#12379=CARTESIAN_POINT('',(-3.E-1,-1.E0,-1.5E0));
#12380=DIRECTION('',(-1.E0,0.E0,0.E0));
#12381=DIRECTION('',(0.E0,1.E0,0.E0));
#12382=AXIS2_PLACEMENT_3D('',#12379,#12380,#12381);
#12383=PLANE('',#12382);
#12384=ORIENTED_EDGE('',*,*,#10328,.T.);
#12385=ORIENTED_EDGE('',*,*,#12035,.F.);
#12386=ORIENTED_EDGE('',*,*,#11731,.F.);
#12387=ORIENTED_EDGE('',*,*,#11396,.T.);
#12388=EDGE_LOOP('',(#12384,#12385,#12386,#12387));
#12389=FACE_OUTER_BOUND('',#12388,.F.);
#12391=CARTESIAN_POINT('',(-1.7E0,-6.E-1,-1.5E0));
#12392=DIRECTION('',(1.E0,0.E0,0.E0));
#12393=DIRECTION('',(0.E0,-1.E0,0.E0));
#12394=AXIS2_PLACEMENT_3D('',#12391,#12392,#12393);
#12395=PLANE('',#12394);
#12396=ORIENTED_EDGE('',*,*,#10324,.T.);
#12397=ORIENTED_EDGE('',*,*,#11389,.F.);
#12398=ORIENTED_EDGE('',*,*,#11735,.T.);
#12399=ORIENTED_EDGE('',*,*,#12038,.T.);
#12400=EDGE_LOOP('',(#12396,#12397,#12398,#12399));
#12401=FACE_OUTER_BOUND('',#12400,.F.);
#12403=CARTESIAN_POINT('',(1.7E0,-1.E0,-1.5E0));
#12404=DIRECTION('',(-1.E0,0.E0,0.E0));
#12405=DIRECTION('',(0.E0,1.E0,0.E0));
#12406=AXIS2_PLACEMENT_3D('',#12403,#12404,#12405);
#12407=PLANE('',#12406);
#12408=ORIENTED_EDGE('',*,*,#10340,.T.);
#12409=ORIENTED_EDGE('',*,*,#12049,.F.);
#12410=ORIENTED_EDGE('',*,*,#11746,.F.);
#12411=ORIENTED_EDGE('',*,*,#11415,.T.);
#12412=EDGE_LOOP('',(#12408,#12409,#12410,#12411));
#12413=FACE_OUTER_BOUND('',#12412,.F.);
#12415=CARTESIAN_POINT('',(3.E-1,-6.E-1,-1.5E0));
#12416=DIRECTION('',(1.E0,0.E0,0.E0));
#12417=DIRECTION('',(0.E0,-1.E0,0.E0));
#12418=AXIS2_PLACEMENT_3D('',#12415,#12416,#12417);
#12419=PLANE('',#12418);
#12420=ORIENTED_EDGE('',*,*,#10336,.T.);
#12421=ORIENTED_EDGE('',*,*,#11408,.F.);
#12422=ORIENTED_EDGE('',*,*,#11750,.T.);
#12423=ORIENTED_EDGE('',*,*,#12052,.T.);
#12424=EDGE_LOOP('',(#12420,#12421,#12422,#12423));
#12425=FACE_OUTER_BOUND('',#12424,.F.);
#12427=CARTESIAN_POINT('',(3.7E0,-1.E0,-1.5E0));
#12428=DIRECTION('',(-1.E0,0.E0,0.E0));
#12429=DIRECTION('',(0.E0,1.E0,0.E0));
#12430=AXIS2_PLACEMENT_3D('',#12427,#12428,#12429);
#12431=PLANE('',#12430);
#12432=ORIENTED_EDGE('',*,*,#10352,.T.);
#12433=ORIENTED_EDGE('',*,*,#12063,.F.);
#12434=ORIENTED_EDGE('',*,*,#11761,.F.);
#12435=ORIENTED_EDGE('',*,*,#11434,.T.);
#12436=EDGE_LOOP('',(#12432,#12433,#12434,#12435));
#12437=FACE_OUTER_BOUND('',#12436,.F.);
#12439=CARTESIAN_POINT('',(2.3E0,-6.E-1,-1.5E0));
#12440=DIRECTION('',(1.E0,0.E0,0.E0));
#12441=DIRECTION('',(0.E0,-1.E0,0.E0));
#12442=AXIS2_PLACEMENT_3D('',#12439,#12440,#12441);
#12443=PLANE('',#12442);
#12444=ORIENTED_EDGE('',*,*,#10348,.T.);
#12445=ORIENTED_EDGE('',*,*,#11427,.F.);
#12446=ORIENTED_EDGE('',*,*,#11765,.T.);
#12447=ORIENTED_EDGE('',*,*,#12066,.T.);
#12448=EDGE_LOOP('',(#12444,#12445,#12446,#12447));
#12449=FACE_OUTER_BOUND('',#12448,.F.);
#12451=CARTESIAN_POINT('',(5.7E0,-1.E0,-1.5E0));
#12452=DIRECTION('',(-1.E0,0.E0,0.E0));
#12453=DIRECTION('',(0.E0,1.E0,0.E0));
#12454=AXIS2_PLACEMENT_3D('',#12451,#12452,#12453);
#12455=PLANE('',#12454);
#12456=ORIENTED_EDGE('',*,*,#10364,.T.);
#12457=ORIENTED_EDGE('',*,*,#12077,.F.);
#12458=ORIENTED_EDGE('',*,*,#11776,.F.);
#12459=ORIENTED_EDGE('',*,*,#11453,.T.);
#12460=EDGE_LOOP('',(#12456,#12457,#12458,#12459));
#12461=FACE_OUTER_BOUND('',#12460,.F.);
#12463=CARTESIAN_POINT('',(4.3E0,-6.E-1,-1.5E0));
#12464=DIRECTION('',(1.E0,0.E0,0.E0));
#12465=DIRECTION('',(0.E0,-1.E0,0.E0));
#12466=AXIS2_PLACEMENT_3D('',#12463,#12464,#12465);
#12467=PLANE('',#12466);
#12468=ORIENTED_EDGE('',*,*,#10360,.T.);
#12469=ORIENTED_EDGE('',*,*,#11446,.F.);
#12470=ORIENTED_EDGE('',*,*,#11780,.T.);
#12471=ORIENTED_EDGE('',*,*,#12080,.T.);
#12472=EDGE_LOOP('',(#12468,#12469,#12470,#12471));
#12473=FACE_OUTER_BOUND('',#12472,.F.);
#12475=CARTESIAN_POINT('',(7.7E0,-1.E0,-1.5E0));
#12476=DIRECTION('',(-1.E0,0.E0,0.E0));
#12477=DIRECTION('',(0.E0,1.E0,0.E0));
#12478=AXIS2_PLACEMENT_3D('',#12475,#12476,#12477);
#12479=PLANE('',#12478);
#12480=ORIENTED_EDGE('',*,*,#10376,.T.);
#12481=ORIENTED_EDGE('',*,*,#12091,.F.);
#12482=ORIENTED_EDGE('',*,*,#11791,.F.);
#12483=ORIENTED_EDGE('',*,*,#11472,.T.);
#12484=EDGE_LOOP('',(#12480,#12481,#12482,#12483));
#12485=FACE_OUTER_BOUND('',#12484,.F.);
#12487=CARTESIAN_POINT('',(6.3E0,-6.E-1,-1.5E0));
#12488=DIRECTION('',(1.E0,0.E0,0.E0));
#12489=DIRECTION('',(0.E0,-1.E0,0.E0));
#12490=AXIS2_PLACEMENT_3D('',#12487,#12488,#12489);
#12491=PLANE('',#12490);
#12492=ORIENTED_EDGE('',*,*,#10372,.T.);
#12493=ORIENTED_EDGE('',*,*,#11465,.F.);
#12494=ORIENTED_EDGE('',*,*,#11795,.T.);
#12495=ORIENTED_EDGE('',*,*,#12094,.T.);
#12496=EDGE_LOOP('',(#12492,#12493,#12494,#12495));
#12497=FACE_OUTER_BOUND('',#12496,.F.);
#12499=CARTESIAN_POINT('',(9.7E0,-1.E0,-1.5E0));
#12500=DIRECTION('',(-1.E0,0.E0,0.E0));
#12501=DIRECTION('',(0.E0,1.E0,0.E0));
#12502=AXIS2_PLACEMENT_3D('',#12499,#12500,#12501);
#12503=PLANE('',#12502);
#12504=ORIENTED_EDGE('',*,*,#10388,.T.);
#12505=ORIENTED_EDGE('',*,*,#12105,.F.);
#12506=ORIENTED_EDGE('',*,*,#11806,.F.);
#12507=ORIENTED_EDGE('',*,*,#11491,.T.);
#12508=EDGE_LOOP('',(#12504,#12505,#12506,#12507));
#12509=FACE_OUTER_BOUND('',#12508,.F.);
#12511=CARTESIAN_POINT('',(8.3E0,-6.E-1,-1.5E0));
#12512=DIRECTION('',(1.E0,0.E0,0.E0));
#12513=DIRECTION('',(0.E0,-1.E0,0.E0));
#12514=AXIS2_PLACEMENT_3D('',#12511,#12512,#12513);
#12515=PLANE('',#12514);
#12516=ORIENTED_EDGE('',*,*,#10384,.T.);
#12517=ORIENTED_EDGE('',*,*,#11484,.F.);
#12518=ORIENTED_EDGE('',*,*,#11810,.T.);
#12519=ORIENTED_EDGE('',*,*,#12108,.T.);
#12520=EDGE_LOOP('',(#12516,#12517,#12518,#12519));
#12521=FACE_OUTER_BOUND('',#12520,.F.);
#12523=CARTESIAN_POINT('',(1.17E1,-1.E0,-1.5E0));
#12524=DIRECTION('',(-1.E0,0.E0,0.E0));
#12525=DIRECTION('',(0.E0,1.E0,0.E0));
#12526=AXIS2_PLACEMENT_3D('',#12523,#12524,#12525);
#12527=PLANE('',#12526);
#12528=ORIENTED_EDGE('',*,*,#10400,.T.);
#12529=ORIENTED_EDGE('',*,*,#12119,.F.);
#12530=ORIENTED_EDGE('',*,*,#11821,.F.);
#12531=ORIENTED_EDGE('',*,*,#11510,.T.);
#12532=EDGE_LOOP('',(#12528,#12529,#12530,#12531));
#12533=FACE_OUTER_BOUND('',#12532,.F.);
#12535=CARTESIAN_POINT('',(1.03E1,-6.E-1,-1.5E0));
#12536=DIRECTION('',(1.E0,0.E0,0.E0));
#12537=DIRECTION('',(0.E0,-1.E0,0.E0));
#12538=AXIS2_PLACEMENT_3D('',#12535,#12536,#12537);
#12539=PLANE('',#12538);
#12540=ORIENTED_EDGE('',*,*,#10396,.T.);
#12541=ORIENTED_EDGE('',*,*,#11503,.F.);
#12542=ORIENTED_EDGE('',*,*,#11825,.T.);
#12543=ORIENTED_EDGE('',*,*,#12122,.T.);
#12544=EDGE_LOOP('',(#12540,#12541,#12542,#12543));
#12545=FACE_OUTER_BOUND('',#12544,.F.);
#12547=CARTESIAN_POINT('',(1.37E1,-1.E0,-1.5E0));
#12548=DIRECTION('',(-1.E0,0.E0,0.E0));
#12549=DIRECTION('',(0.E0,1.E0,0.E0));
#12550=AXIS2_PLACEMENT_3D('',#12547,#12548,#12549);
#12551=PLANE('',#12550);
#12552=ORIENTED_EDGE('',*,*,#10412,.T.);
#12553=ORIENTED_EDGE('',*,*,#12133,.F.);
#12554=ORIENTED_EDGE('',*,*,#11836,.F.);
#12555=ORIENTED_EDGE('',*,*,#11529,.T.);
#12556=EDGE_LOOP('',(#12552,#12553,#12554,#12555));
#12557=FACE_OUTER_BOUND('',#12556,.F.);
#12559=CARTESIAN_POINT('',(1.23E1,-6.E-1,-1.5E0));
#12560=DIRECTION('',(1.E0,0.E0,0.E0));
#12561=DIRECTION('',(0.E0,-1.E0,0.E0));
#12562=AXIS2_PLACEMENT_3D('',#12559,#12560,#12561);
#12563=PLANE('',#12562);
#12564=ORIENTED_EDGE('',*,*,#10408,.T.);
#12565=ORIENTED_EDGE('',*,*,#11522,.F.);
#12566=ORIENTED_EDGE('',*,*,#11840,.T.);
#12567=ORIENTED_EDGE('',*,*,#12136,.T.);
#12568=EDGE_LOOP('',(#12564,#12565,#12566,#12567));
#12569=FACE_OUTER_BOUND('',#12568,.F.);
#12571=CARTESIAN_POINT('',(1.57E1,-1.E0,-1.5E0));
#12572=DIRECTION('',(-1.E0,0.E0,0.E0));
#12573=DIRECTION('',(0.E0,1.E0,0.E0));
#12574=AXIS2_PLACEMENT_3D('',#12571,#12572,#12573);
#12575=PLANE('',#12574);
#12576=ORIENTED_EDGE('',*,*,#10424,.T.);
#12577=ORIENTED_EDGE('',*,*,#12147,.F.);
#12578=ORIENTED_EDGE('',*,*,#11851,.F.);
#12579=ORIENTED_EDGE('',*,*,#11548,.T.);
#12580=EDGE_LOOP('',(#12576,#12577,#12578,#12579));
#12581=FACE_OUTER_BOUND('',#12580,.F.);
#12583=CARTESIAN_POINT('',(1.43E1,-6.E-1,-1.5E0));
#12584=DIRECTION('',(1.E0,0.E0,0.E0));
#12585=DIRECTION('',(0.E0,-1.E0,0.E0));
#12586=AXIS2_PLACEMENT_3D('',#12583,#12584,#12585);
#12587=PLANE('',#12586);
#12588=ORIENTED_EDGE('',*,*,#10420,.T.);
#12589=ORIENTED_EDGE('',*,*,#11541,.F.);
#12590=ORIENTED_EDGE('',*,*,#11855,.T.);
#12591=ORIENTED_EDGE('',*,*,#12150,.T.);
#12592=EDGE_LOOP('',(#12588,#12589,#12590,#12591));
#12593=FACE_OUTER_BOUND('',#12592,.F.);
#12595=CARTESIAN_POINT('',(1.77E1,-1.E0,-1.5E0));
#12596=DIRECTION('',(-1.E0,0.E0,0.E0));
#12597=DIRECTION('',(0.E0,1.E0,0.E0));
#12598=AXIS2_PLACEMENT_3D('',#12595,#12596,#12597);
#12599=PLANE('',#12598);
#12600=ORIENTED_EDGE('',*,*,#10436,.T.);
#12601=ORIENTED_EDGE('',*,*,#12161,.F.);
#12602=ORIENTED_EDGE('',*,*,#11866,.F.);
#12603=ORIENTED_EDGE('',*,*,#11567,.T.);
#12604=EDGE_LOOP('',(#12600,#12601,#12602,#12603));
#12605=FACE_OUTER_BOUND('',#12604,.F.);
#12607=CARTESIAN_POINT('',(1.63E1,-6.E-1,-1.5E0));
#12608=DIRECTION('',(1.E0,0.E0,0.E0));
#12609=DIRECTION('',(0.E0,-1.E0,0.E0));
#12610=AXIS2_PLACEMENT_3D('',#12607,#12608,#12609);
#12611=PLANE('',#12610);
#12612=ORIENTED_EDGE('',*,*,#10432,.T.);
#12613=ORIENTED_EDGE('',*,*,#11560,.F.);
#12614=ORIENTED_EDGE('',*,*,#11870,.T.);
#12615=ORIENTED_EDGE('',*,*,#12164,.T.);
#12616=EDGE_LOOP('',(#12612,#12613,#12614,#12615));
#12617=FACE_OUTER_BOUND('',#12616,.F.);
#12619=CARTESIAN_POINT('',(1.97E1,-1.E0,-1.5E0));
#12620=DIRECTION('',(-1.E0,0.E0,0.E0));
#12621=DIRECTION('',(0.E0,1.E0,0.E0));
#12622=AXIS2_PLACEMENT_3D('',#12619,#12620,#12621);
#12623=PLANE('',#12622);
#12624=ORIENTED_EDGE('',*,*,#10448,.T.);
#12625=ORIENTED_EDGE('',*,*,#12175,.F.);
#12626=ORIENTED_EDGE('',*,*,#11881,.F.);
#12627=ORIENTED_EDGE('',*,*,#11585,.T.);
#12628=EDGE_LOOP('',(#12624,#12625,#12626,#12627));
#12629=FACE_OUTER_BOUND('',#12628,.F.);
#12631=CARTESIAN_POINT('',(1.83E1,-6.E-1,-1.5E0));
#12632=DIRECTION('',(1.E0,0.E0,0.E0));
#12633=DIRECTION('',(0.E0,-1.E0,0.E0));
#12634=AXIS2_PLACEMENT_3D('',#12631,#12632,#12633);
#12635=PLANE('',#12634);
#12636=ORIENTED_EDGE('',*,*,#10444,.T.);
#12637=ORIENTED_EDGE('',*,*,#11579,.F.);
#12638=ORIENTED_EDGE('',*,*,#11885,.T.);
#12639=ORIENTED_EDGE('',*,*,#12178,.T.);
#12640=EDGE_LOOP('',(#12636,#12637,#12638,#12639));
#12641=FACE_OUTER_BOUND('',#12640,.F.);
#12643=CARTESIAN_POINT('',(-1.9925E1,-8.E-1,-1.425E0));
#12644=DIRECTION('',(-7.071067811865E-1,0.E0,-7.071067811866E-1));
#12645=DIRECTION('',(7.071067811866E-1,0.E0,-7.071067811865E-1));
#12646=AXIS2_PLACEMENT_3D('',#12643,#12644,#12645);
#12647=PLANE('',#12646);
#12648=ORIENTED_EDGE('',*,*,#12189,.T.);
#12649=ORIENTED_EDGE('',*,*,#9334,.T.);
#12651=ORIENTED_EDGE('',*,*,#12650,.F.);
#12652=ORIENTED_EDGE('',*,*,#11896,.F.);
#12653=EDGE_LOOP('',(#12648,#12649,#12651,#12652));
#12654=FACE_OUTER_BOUND('',#12653,.F.);
#12656=CARTESIAN_POINT('',(-1.9925E1,-9.25E-1,-7.5E-1));
#12657=DIRECTION('',(-7.071067811865E-1,-7.071067811866E-1,0.E0));
#12658=DIRECTION('',(7.071067811866E-1,-7.071067811865E-1,0.E0));
#12659=AXIS2_PLACEMENT_3D('',#12656,#12657,#12658);
#12660=PLANE('',#12659);
#12661=ORIENTED_EDGE('',*,*,#9342,.T.);
#12663=ORIENTED_EDGE('',*,*,#12662,.F.);
#12664=ORIENTED_EDGE('',*,*,#11595,.F.);
#12665=ORIENTED_EDGE('',*,*,#12650,.T.);
#12666=EDGE_LOOP('',(#12661,#12663,#12664,#12665));
#12667=FACE_OUTER_BOUND('',#12666,.F.);
#12669=CARTESIAN_POINT('',(-1.9925E1,-8.E-1,-7.5E-2));
#12670=DIRECTION('',(-7.071067811865E-1,0.E0,7.071067811866E-1));
#12671=DIRECTION('',(7.071067811866E-1,0.E0,7.071067811865E-1));
#12672=AXIS2_PLACEMENT_3D('',#12669,#12670,#12671);
#12673=PLANE('',#12672);
#12675=ORIENTED_EDGE('',*,*,#12674,.T.);
#12676=ORIENTED_EDGE('',*,*,#9897,.F.);
#12677=ORIENTED_EDGE('',*,*,#12662,.T.);
#12678=ORIENTED_EDGE('',*,*,#9340,.T.);
#12679=EDGE_LOOP('',(#12675,#12676,#12677,#12678));
#12680=FACE_OUTER_BOUND('',#12679,.F.);
#12682=CARTESIAN_POINT('',(-2.E1,-6.E-1,0.E0));
#12683=DIRECTION('',(5.547001962252E-1,-8.320502943378E-1,0.E0));
#12684=DIRECTION('',(8.320502943378E-1,5.547001962252E-1,0.E0));
#12685=AXIS2_PLACEMENT_3D('',#12682,#12683,#12684);
#12686=PLANE('',#12685);
#12687=ORIENTED_EDGE('',*,*,#12674,.F.);
#12688=ORIENTED_EDGE('',*,*,#9338,.T.);
#12689=ORIENTED_EDGE('',*,*,#10216,.T.);
#12690=ORIENTED_EDGE('',*,*,#9383,.F.);
#12691=EDGE_LOOP('',(#12687,#12688,#12689,#12690));
#12692=FACE_OUTER_BOUND('',#12691,.F.);
#12694=CARTESIAN_POINT('',(-1.83E1,-1.E0,-1.5E0));
#12695=DIRECTION('',(-1.E0,0.E0,0.E0));
#12696=DIRECTION('',(0.E0,1.E0,0.E0));
#12697=AXIS2_PLACEMENT_3D('',#12694,#12695,#12696);
#12698=PLANE('',#12697);
#12699=ORIENTED_EDGE('',*,*,#11599,.T.);
#12700=ORIENTED_EDGE('',*,*,#10220,.T.);
#12701=ORIENTED_EDGE('',*,*,#12192,.F.);
#12702=ORIENTED_EDGE('',*,*,#11899,.F.);
#12703=EDGE_LOOP('',(#12699,#12700,#12701,#12702));
#12704=FACE_OUTER_BOUND('',#12703,.F.);
#12706=CARTESIAN_POINT('',(-1.63E1,-1.E0,-1.5E0));
#12707=DIRECTION('',(-8.574929257125E-1,5.144957554275E-1,0.E0));
#12708=DIRECTION('',(5.144957554275E-1,8.574929257125E-1,0.E0));
#12709=AXIS2_PLACEMENT_3D('',#12706,#12707,#12708);
#12710=PLANE('',#12709);
#12711=ORIENTED_EDGE('',*,*,#10234,.F.);
#12712=ORIENTED_EDGE('',*,*,#11242,.F.);
#12713=ORIENTED_EDGE('',*,*,#9920,.T.);
#12715=ORIENTED_EDGE('',*,*,#12714,.F.);
#12716=EDGE_LOOP('',(#12711,#12712,#12713,#12715));
#12717=FACE_OUTER_BOUND('',#12716,.F.);
#12719=CARTESIAN_POINT('',(-1.6E1,-6.029857113691E-1,-1.5E0));
#12720=DIRECTION('',(0.E0,0.E0,-1.E0));
#12721=DIRECTION('',(1.E0,0.E0,0.E0));
#12722=AXIS2_PLACEMENT_3D('',#12719,#12720,#12721);
#12723=CYLINDRICAL_SURFACE('',#12722,5.298571136907E-2);
#12724=ORIENTED_EDGE('',*,*,#12714,.T.);
#12725=ORIENTED_EDGE('',*,*,#9935,.F.);
#12727=ORIENTED_EDGE('',*,*,#12726,.F.);
#12728=ORIENTED_EDGE('',*,*,#10236,.F.);
#12729=EDGE_LOOP('',(#12724,#12725,#12727,#12728));
#12730=FACE_OUTER_BOUND('',#12729,.F.);
#12732=CARTESIAN_POINT('',(-1.595456512734E1,-5.757247877714E-1,-1.5E0));
#12733=DIRECTION('',(8.574929257125E-1,5.144957554275E-1,0.E0));
#12734=DIRECTION('',(5.144957554275E-1,-8.574929257125E-1,0.E0));
#12735=AXIS2_PLACEMENT_3D('',#12732,#12733,#12734);
#12736=PLANE('',#12735);
#12737=ORIENTED_EDGE('',*,*,#10238,.F.);
#12738=ORIENTED_EDGE('',*,*,#12726,.T.);
#12739=ORIENTED_EDGE('',*,*,#9952,.T.);
#12740=ORIENTED_EDGE('',*,*,#11258,.T.);
#12741=EDGE_LOOP('',(#12737,#12738,#12739,#12740));
#12742=FACE_OUTER_BOUND('',#12741,.F.);
#12744=CARTESIAN_POINT('',(-1.43E1,-1.E0,-1.5E0));
#12745=DIRECTION('',(-8.574929257125E-1,5.144957554275E-1,0.E0));
#12746=DIRECTION('',(5.144957554275E-1,8.574929257125E-1,0.E0));
#12747=AXIS2_PLACEMENT_3D('',#12744,#12745,#12746);
#12748=PLANE('',#12747);
#12749=ORIENTED_EDGE('',*,*,#10246,.F.);
#12750=ORIENTED_EDGE('',*,*,#11261,.F.);
#12752=ORIENTED_EDGE('',*,*,#12751,.T.);
#12754=ORIENTED_EDGE('',*,*,#12753,.F.);
#12755=EDGE_LOOP('',(#12749,#12750,#12752,#12754));
#12756=FACE_OUTER_BOUND('',#12755,.F.);
#12758=CARTESIAN_POINT('',(-1.404543487266E1,1.E0,-4.242752122286E-1));
#12759=DIRECTION('',(-8.574929257125E-1,0.E0,-5.144957554275E-1));
#12760=DIRECTION('',(-5.144957554275E-1,0.E0,8.574929257125E-1));
#12761=AXIS2_PLACEMENT_3D('',#12758,#12759,#12760);
#12762=PLANE('',#12761);
#12764=ORIENTED_EDGE('',*,*,#12763,.T.);
#12765=ORIENTED_EDGE('',*,*,#12751,.F.);
#12766=ORIENTED_EDGE('',*,*,#9422,.F.);
#12768=ORIENTED_EDGE('',*,*,#12767,.F.);
#12769=EDGE_LOOP('',(#12764,#12765,#12766,#12768));
#12770=FACE_OUTER_BOUND('',#12769,.F.);
#12772=CARTESIAN_POINT('',(-1.4E1,1.E0,-3.970142886309E-1));
#12773=DIRECTION('',(0.E0,1.E0,0.E0));
#12774=DIRECTION('',(1.E0,0.E0,0.E0));
#12775=AXIS2_PLACEMENT_3D('',#12772,#12773,#12774);
#12776=CYLINDRICAL_SURFACE('',#12775,5.298571136907E-2);
#12778=ORIENTED_EDGE('',*,*,#12777,.T.);
#12780=ORIENTED_EDGE('',*,*,#12779,.T.);
#12781=ORIENTED_EDGE('',*,*,#12763,.F.);
#12783=ORIENTED_EDGE('',*,*,#12782,.T.);
#12784=EDGE_LOOP('',(#12778,#12780,#12781,#12783));
#12785=FACE_OUTER_BOUND('',#12784,.F.);
#12787=CARTESIAN_POINT('',(-1.37E1,1.E0,0.E0));
#12788=DIRECTION('',(8.574929257125E-1,0.E0,-5.144957554275E-1));
#12789=DIRECTION('',(-5.144957554275E-1,0.E0,-8.574929257125E-1));
#12790=AXIS2_PLACEMENT_3D('',#12787,#12788,#12789);
#12791=PLANE('',#12790);
#12792=ORIENTED_EDGE('',*,*,#12777,.F.);
#12794=ORIENTED_EDGE('',*,*,#12793,.F.);
#12795=ORIENTED_EDGE('',*,*,#9452,.T.);
#12797=ORIENTED_EDGE('',*,*,#12796,.F.);
#12798=EDGE_LOOP('',(#12792,#12794,#12795,#12797));
#12799=FACE_OUTER_BOUND('',#12798,.F.);
#12801=CARTESIAN_POINT('',(-1.37E1,1.E0,-1.5E0));
#12802=DIRECTION('',(8.574929257125E-1,-5.144957554275E-1,0.E0));
#12803=DIRECTION('',(-5.144957554275E-1,-8.574929257125E-1,0.E0));
#12804=AXIS2_PLACEMENT_3D('',#12801,#12802,#12803);
#12805=PLANE('',#12804);
#12806=ORIENTED_EDGE('',*,*,#10181,.F.);
#12807=ORIENTED_EDGE('',*,*,#10753,.T.);
#12808=ORIENTED_EDGE('',*,*,#12793,.T.);
#12810=ORIENTED_EDGE('',*,*,#12809,.F.);
#12811=EDGE_LOOP('',(#12806,#12807,#12808,#12810));
#12812=FACE_OUTER_BOUND('',#12811,.F.);
#12814=CARTESIAN_POINT('',(-1.4E1,6.029857113691E-1,-1.5E0));
#12815=DIRECTION('',(0.E0,0.E0,-1.E0));
#12816=DIRECTION('',(1.E0,0.E0,0.E0));
#12817=AXIS2_PLACEMENT_3D('',#12814,#12815,#12816);
#12818=CYLINDRICAL_SURFACE('',#12817,5.298571136907E-2);
#12820=ORIENTED_EDGE('',*,*,#12819,.F.);
#12821=ORIENTED_EDGE('',*,*,#10183,.F.);
#12822=ORIENTED_EDGE('',*,*,#12809,.T.);
#12823=ORIENTED_EDGE('',*,*,#12782,.F.);
#12824=EDGE_LOOP('',(#12820,#12821,#12822,#12823));
#12825=FACE_OUTER_BOUND('',#12824,.F.);
#12827=CARTESIAN_POINT('',(-1.404543487266E1,5.757247877714E-1,-1.5E0));
#12828=DIRECTION('',(-8.574929257125E-1,-5.144957554275E-1,0.E0));
#12829=DIRECTION('',(-5.144957554275E-1,8.574929257125E-1,0.E0));
#12830=AXIS2_PLACEMENT_3D('',#12827,#12828,#12829);
#12831=PLANE('',#12830);
#12832=ORIENTED_EDGE('',*,*,#10185,.F.);
#12833=ORIENTED_EDGE('',*,*,#12819,.T.);
#12834=ORIENTED_EDGE('',*,*,#12767,.T.);
#12835=ORIENTED_EDGE('',*,*,#10732,.F.);
#12836=EDGE_LOOP('',(#12832,#12833,#12834,#12835));
#12837=FACE_OUTER_BOUND('',#12836,.F.);
#12839=CARTESIAN_POINT('',(-1.395456512734E1,-5.757247877714E-1,-1.5E0));
#12840=DIRECTION('',(8.574929257125E-1,5.144957554275E-1,0.E0));
#12841=DIRECTION('',(5.144957554275E-1,-8.574929257125E-1,0.E0));
#12842=AXIS2_PLACEMENT_3D('',#12839,#12840,#12841);
#12843=PLANE('',#12842);
#12844=ORIENTED_EDGE('',*,*,#10250,.F.);
#12846=ORIENTED_EDGE('',*,*,#12845,.T.);
#12847=ORIENTED_EDGE('',*,*,#12796,.T.);
#12848=ORIENTED_EDGE('',*,*,#11277,.T.);
#12849=EDGE_LOOP('',(#12844,#12846,#12847,#12848));
#12850=FACE_OUTER_BOUND('',#12849,.F.);
#12852=CARTESIAN_POINT('',(-1.4E1,-6.029857113691E-1,-1.5E0));
#12853=DIRECTION('',(0.E0,0.E0,-1.E0));
#12854=DIRECTION('',(1.E0,0.E0,0.E0));
#12855=AXIS2_PLACEMENT_3D('',#12852,#12853,#12854);
#12856=CYLINDRICAL_SURFACE('',#12855,5.298571136907E-2);
#12857=ORIENTED_EDGE('',*,*,#12753,.T.);
#12858=ORIENTED_EDGE('',*,*,#12779,.F.);
#12859=ORIENTED_EDGE('',*,*,#12845,.F.);
#12860=ORIENTED_EDGE('',*,*,#10248,.F.);
#12861=EDGE_LOOP('',(#12857,#12858,#12859,#12860));
#12862=FACE_OUTER_BOUND('',#12861,.F.);
#12864=CARTESIAN_POINT('',(-1.23E1,-1.E0,-1.5E0));
#12865=DIRECTION('',(-8.574929257125E-1,5.144957554275E-1,0.E0));
#12866=DIRECTION('',(5.144957554275E-1,8.574929257125E-1,0.E0));
#12867=AXIS2_PLACEMENT_3D('',#12864,#12865,#12866);
#12868=PLANE('',#12867);
#12869=ORIENTED_EDGE('',*,*,#10258,.F.);
#12870=ORIENTED_EDGE('',*,*,#11280,.F.);
#12872=ORIENTED_EDGE('',*,*,#12871,.T.);
#12874=ORIENTED_EDGE('',*,*,#12873,.F.);
#12875=EDGE_LOOP('',(#12869,#12870,#12872,#12874));
#12876=FACE_OUTER_BOUND('',#12875,.F.);
#12878=CARTESIAN_POINT('',(-1.204543487266E1,1.E0,-4.242752122286E-1));
#12879=DIRECTION('',(-8.574929257125E-1,0.E0,-5.144957554275E-1));
#12880=DIRECTION('',(-5.144957554275E-1,0.E0,8.574929257125E-1));
#12881=AXIS2_PLACEMENT_3D('',#12878,#12879,#12880);
#12882=PLANE('',#12881);
#12884=ORIENTED_EDGE('',*,*,#12883,.T.);
#12885=ORIENTED_EDGE('',*,*,#12871,.F.);
#12886=ORIENTED_EDGE('',*,*,#9448,.F.);
#12888=ORIENTED_EDGE('',*,*,#12887,.F.);
#12889=EDGE_LOOP('',(#12884,#12885,#12886,#12888));
#12890=FACE_OUTER_BOUND('',#12889,.F.);
#12892=CARTESIAN_POINT('',(-1.2E1,1.E0,-3.970142886309E-1));
#12893=DIRECTION('',(0.E0,1.E0,0.E0));
#12894=DIRECTION('',(1.E0,0.E0,0.E0));
#12895=AXIS2_PLACEMENT_3D('',#12892,#12893,#12894);
#12896=CYLINDRICAL_SURFACE('',#12895,5.298571136907E-2);
#12898=ORIENTED_EDGE('',*,*,#12897,.T.);
#12900=ORIENTED_EDGE('',*,*,#12899,.T.);
#12901=ORIENTED_EDGE('',*,*,#12883,.F.);
#12903=ORIENTED_EDGE('',*,*,#12902,.T.);
#12904=EDGE_LOOP('',(#12898,#12900,#12901,#12903));
#12905=FACE_OUTER_BOUND('',#12904,.F.);
#12907=CARTESIAN_POINT('',(-1.17E1,1.E0,0.E0));
#12908=DIRECTION('',(8.574929257125E-1,0.E0,-5.144957554275E-1));
#12909=DIRECTION('',(-5.144957554275E-1,0.E0,-8.574929257125E-1));
#12910=AXIS2_PLACEMENT_3D('',#12907,#12908,#12909);
#12911=PLANE('',#12910);
#12912=ORIENTED_EDGE('',*,*,#12897,.F.);
#12914=ORIENTED_EDGE('',*,*,#12913,.F.);
#12915=ORIENTED_EDGE('',*,*,#9478,.T.);
#12917=ORIENTED_EDGE('',*,*,#12916,.F.);
#12918=EDGE_LOOP('',(#12912,#12914,#12915,#12917));
#12919=FACE_OUTER_BOUND('',#12918,.F.);
#12921=CARTESIAN_POINT('',(-1.17E1,1.E0,-1.5E0));
#12922=DIRECTION('',(8.574929257125E-1,-5.144957554275E-1,0.E0));
#12923=DIRECTION('',(-5.144957554275E-1,-8.574929257125E-1,0.E0));
#12924=AXIS2_PLACEMENT_3D('',#12921,#12922,#12923);
#12925=PLANE('',#12924);
#12926=ORIENTED_EDGE('',*,*,#10169,.F.);
#12927=ORIENTED_EDGE('',*,*,#10772,.T.);
#12928=ORIENTED_EDGE('',*,*,#12913,.T.);
#12930=ORIENTED_EDGE('',*,*,#12929,.F.);
#12931=EDGE_LOOP('',(#12926,#12927,#12928,#12930));
#12932=FACE_OUTER_BOUND('',#12931,.F.);
#12934=CARTESIAN_POINT('',(-1.2E1,6.029857113691E-1,-1.5E0));
#12935=DIRECTION('',(0.E0,0.E0,-1.E0));
#12936=DIRECTION('',(1.E0,0.E0,0.E0));
#12937=AXIS2_PLACEMENT_3D('',#12934,#12935,#12936);
#12938=CYLINDRICAL_SURFACE('',#12937,5.298571136907E-2);
#12940=ORIENTED_EDGE('',*,*,#12939,.F.);
#12941=ORIENTED_EDGE('',*,*,#10171,.F.);
#12942=ORIENTED_EDGE('',*,*,#12929,.T.);
#12943=ORIENTED_EDGE('',*,*,#12902,.F.);
#12944=EDGE_LOOP('',(#12940,#12941,#12942,#12943));
#12945=FACE_OUTER_BOUND('',#12944,.F.);
#12947=CARTESIAN_POINT('',(-1.204543487266E1,5.757247877714E-1,-1.5E0));
#12948=DIRECTION('',(-8.574929257125E-1,-5.144957554275E-1,0.E0));
#12949=DIRECTION('',(-5.144957554275E-1,8.574929257125E-1,0.E0));
#12950=AXIS2_PLACEMENT_3D('',#12947,#12948,#12949);
#12951=PLANE('',#12950);
#12952=ORIENTED_EDGE('',*,*,#10173,.F.);
#12953=ORIENTED_EDGE('',*,*,#12939,.T.);
#12954=ORIENTED_EDGE('',*,*,#12887,.T.);
#12955=ORIENTED_EDGE('',*,*,#10750,.F.);
#12956=EDGE_LOOP('',(#12952,#12953,#12954,#12955));
#12957=FACE_OUTER_BOUND('',#12956,.F.);
#12959=CARTESIAN_POINT('',(-1.195456512734E1,-5.757247877714E-1,-1.5E0));
#12960=DIRECTION('',(8.574929257125E-1,5.144957554275E-1,0.E0));
#12961=DIRECTION('',(5.144957554275E-1,-8.574929257125E-1,0.E0));
#12962=AXIS2_PLACEMENT_3D('',#12959,#12960,#12961);
#12963=PLANE('',#12962);
#12964=ORIENTED_EDGE('',*,*,#10262,.F.);
#12966=ORIENTED_EDGE('',*,*,#12965,.T.);
#12967=ORIENTED_EDGE('',*,*,#12916,.T.);
#12968=ORIENTED_EDGE('',*,*,#11296,.T.);
#12969=EDGE_LOOP('',(#12964,#12966,#12967,#12968));
#12970=FACE_OUTER_BOUND('',#12969,.F.);
#12972=CARTESIAN_POINT('',(-1.2E1,-6.029857113691E-1,-1.5E0));
#12973=DIRECTION('',(0.E0,0.E0,-1.E0));
#12974=DIRECTION('',(1.E0,0.E0,0.E0));
#12975=AXIS2_PLACEMENT_3D('',#12972,#12973,#12974);
#12976=CYLINDRICAL_SURFACE('',#12975,5.298571136907E-2);
#12977=ORIENTED_EDGE('',*,*,#12873,.T.);
#12978=ORIENTED_EDGE('',*,*,#12899,.F.);
#12979=ORIENTED_EDGE('',*,*,#12965,.F.);
#12980=ORIENTED_EDGE('',*,*,#10260,.F.);
#12981=EDGE_LOOP('',(#12977,#12978,#12979,#12980));
#12982=FACE_OUTER_BOUND('',#12981,.F.);
#12984=CARTESIAN_POINT('',(-1.03E1,-1.E0,-1.5E0));
#12985=DIRECTION('',(-8.574929257125E-1,5.144957554275E-1,0.E0));
#12986=DIRECTION('',(5.144957554275E-1,8.574929257125E-1,0.E0));
#12987=AXIS2_PLACEMENT_3D('',#12984,#12985,#12986);
#12988=PLANE('',#12987);
#12989=ORIENTED_EDGE('',*,*,#10270,.F.);
#12990=ORIENTED_EDGE('',*,*,#11299,.F.);
#12992=ORIENTED_EDGE('',*,*,#12991,.T.);
#12994=ORIENTED_EDGE('',*,*,#12993,.F.);
#12995=EDGE_LOOP('',(#12989,#12990,#12992,#12994));
#12996=FACE_OUTER_BOUND('',#12995,.F.);
#12998=CARTESIAN_POINT('',(-1.004543487266E1,1.E0,-4.242752122286E-1));
#12999=DIRECTION('',(-8.574929257125E-1,0.E0,-5.144957554275E-1));
#13000=DIRECTION('',(-5.144957554275E-1,0.E0,8.574929257125E-1));
#13001=AXIS2_PLACEMENT_3D('',#12998,#12999,#13000);
#13002=PLANE('',#13001);
#13004=ORIENTED_EDGE('',*,*,#13003,.T.);
#13005=ORIENTED_EDGE('',*,*,#12991,.F.);
#13006=ORIENTED_EDGE('',*,*,#9474,.F.);
#13008=ORIENTED_EDGE('',*,*,#13007,.F.);
#13009=EDGE_LOOP('',(#13004,#13005,#13006,#13008));
#13010=FACE_OUTER_BOUND('',#13009,.F.);
#13012=CARTESIAN_POINT('',(-1.E1,1.E0,-3.970142886309E-1));
#13013=DIRECTION('',(0.E0,1.E0,0.E0));
#13014=DIRECTION('',(1.E0,0.E0,0.E0));
#13015=AXIS2_PLACEMENT_3D('',#13012,#13013,#13014);
#13016=CYLINDRICAL_SURFACE('',#13015,5.298571136907E-2);
#13018=ORIENTED_EDGE('',*,*,#13017,.T.);
#13020=ORIENTED_EDGE('',*,*,#13019,.T.);
#13021=ORIENTED_EDGE('',*,*,#13003,.F.);
#13023=ORIENTED_EDGE('',*,*,#13022,.T.);
#13024=EDGE_LOOP('',(#13018,#13020,#13021,#13023));
#13025=FACE_OUTER_BOUND('',#13024,.F.);
#13027=CARTESIAN_POINT('',(-9.7E0,1.E0,0.E0));
#13028=DIRECTION('',(8.574929257125E-1,0.E0,-5.144957554275E-1));
#13029=DIRECTION('',(-5.144957554275E-1,0.E0,-8.574929257125E-1));
#13030=AXIS2_PLACEMENT_3D('',#13027,#13028,#13029);
#13031=PLANE('',#13030);
#13032=ORIENTED_EDGE('',*,*,#13017,.F.);
#13034=ORIENTED_EDGE('',*,*,#13033,.F.);
#13035=ORIENTED_EDGE('',*,*,#9504,.T.);
#13037=ORIENTED_EDGE('',*,*,#13036,.F.);
#13038=EDGE_LOOP('',(#13032,#13034,#13035,#13037));
#13039=FACE_OUTER_BOUND('',#13038,.F.);
#13041=CARTESIAN_POINT('',(-9.7E0,1.E0,-1.5E0));
#13042=DIRECTION('',(8.574929257125E-1,-5.144957554275E-1,0.E0));
#13043=DIRECTION('',(-5.144957554275E-1,-8.574929257125E-1,0.E0));
#13044=AXIS2_PLACEMENT_3D('',#13041,#13042,#13043);
#13045=PLANE('',#13044);
#13046=ORIENTED_EDGE('',*,*,#10157,.F.);
#13047=ORIENTED_EDGE('',*,*,#10791,.T.);
#13048=ORIENTED_EDGE('',*,*,#13033,.T.);
#13050=ORIENTED_EDGE('',*,*,#13049,.F.);
#13051=EDGE_LOOP('',(#13046,#13047,#13048,#13050));
#13052=FACE_OUTER_BOUND('',#13051,.F.);
#13054=CARTESIAN_POINT('',(-1.E1,6.029857113691E-1,-1.5E0));
#13055=DIRECTION('',(0.E0,0.E0,-1.E0));
#13056=DIRECTION('',(1.E0,0.E0,0.E0));
#13057=AXIS2_PLACEMENT_3D('',#13054,#13055,#13056);
#13058=CYLINDRICAL_SURFACE('',#13057,5.298571136907E-2);
#13060=ORIENTED_EDGE('',*,*,#13059,.F.);
#13061=ORIENTED_EDGE('',*,*,#10159,.F.);
#13062=ORIENTED_EDGE('',*,*,#13049,.T.);
#13063=ORIENTED_EDGE('',*,*,#13022,.F.);
#13064=EDGE_LOOP('',(#13060,#13061,#13062,#13063));
#13065=FACE_OUTER_BOUND('',#13064,.F.);
#13067=CARTESIAN_POINT('',(-1.004543487266E1,5.757247877714E-1,-1.5E0));
#13068=DIRECTION('',(-8.574929257125E-1,-5.144957554275E-1,0.E0));
#13069=DIRECTION('',(-5.144957554275E-1,8.574929257125E-1,0.E0));
#13070=AXIS2_PLACEMENT_3D('',#13067,#13068,#13069);
#13071=PLANE('',#13070);
#13072=ORIENTED_EDGE('',*,*,#10161,.F.);
#13073=ORIENTED_EDGE('',*,*,#13059,.T.);
#13074=ORIENTED_EDGE('',*,*,#13007,.T.);
#13075=ORIENTED_EDGE('',*,*,#10769,.F.);
#13076=EDGE_LOOP('',(#13072,#13073,#13074,#13075));
#13077=FACE_OUTER_BOUND('',#13076,.F.);
#13079=CARTESIAN_POINT('',(-9.954565127337E0,-5.757247877714E-1,-1.5E0));
#13080=DIRECTION('',(8.574929257125E-1,5.144957554275E-1,0.E0));
#13081=DIRECTION('',(5.144957554275E-1,-8.574929257125E-1,0.E0));
#13082=AXIS2_PLACEMENT_3D('',#13079,#13080,#13081);
#13083=PLANE('',#13082);
#13084=ORIENTED_EDGE('',*,*,#10274,.F.);
#13086=ORIENTED_EDGE('',*,*,#13085,.T.);
#13087=ORIENTED_EDGE('',*,*,#13036,.T.);
#13088=ORIENTED_EDGE('',*,*,#11315,.T.);
#13089=EDGE_LOOP('',(#13084,#13086,#13087,#13088));
#13090=FACE_OUTER_BOUND('',#13089,.F.);
#13092=CARTESIAN_POINT('',(-1.E1,-6.029857113691E-1,-1.5E0));
#13093=DIRECTION('',(0.E0,0.E0,-1.E0));
#13094=DIRECTION('',(1.E0,0.E0,0.E0));
#13095=AXIS2_PLACEMENT_3D('',#13092,#13093,#13094);
#13096=CYLINDRICAL_SURFACE('',#13095,5.298571136907E-2);
#13097=ORIENTED_EDGE('',*,*,#12993,.T.);
#13098=ORIENTED_EDGE('',*,*,#13019,.F.);
#13099=ORIENTED_EDGE('',*,*,#13085,.F.);
#13100=ORIENTED_EDGE('',*,*,#10272,.F.);
#13101=EDGE_LOOP('',(#13097,#13098,#13099,#13100));
#13102=FACE_OUTER_BOUND('',#13101,.F.);
#13104=CARTESIAN_POINT('',(-8.3E0,-1.E0,-1.5E0));
#13105=DIRECTION('',(-8.574929257125E-1,5.144957554275E-1,0.E0));
#13106=DIRECTION('',(5.144957554275E-1,8.574929257125E-1,0.E0));
#13107=AXIS2_PLACEMENT_3D('',#13104,#13105,#13106);
#13108=PLANE('',#13107);
#13109=ORIENTED_EDGE('',*,*,#10282,.F.);
#13110=ORIENTED_EDGE('',*,*,#11318,.F.);
#13112=ORIENTED_EDGE('',*,*,#13111,.T.);
#13114=ORIENTED_EDGE('',*,*,#13113,.F.);
#13115=EDGE_LOOP('',(#13109,#13110,#13112,#13114));
#13116=FACE_OUTER_BOUND('',#13115,.F.);
#13118=CARTESIAN_POINT('',(-8.045434872663E0,1.E0,-4.242752122286E-1));
#13119=DIRECTION('',(-8.574929257125E-1,0.E0,-5.144957554275E-1));
#13120=DIRECTION('',(-5.144957554275E-1,0.E0,8.574929257125E-1));
#13121=AXIS2_PLACEMENT_3D('',#13118,#13119,#13120);
#13122=PLANE('',#13121);
#13124=ORIENTED_EDGE('',*,*,#13123,.T.);
#13125=ORIENTED_EDGE('',*,*,#13111,.F.);
#13126=ORIENTED_EDGE('',*,*,#9500,.F.);
#13128=ORIENTED_EDGE('',*,*,#13127,.F.);
#13129=EDGE_LOOP('',(#13124,#13125,#13126,#13128));
#13130=FACE_OUTER_BOUND('',#13129,.F.);
#13132=CARTESIAN_POINT('',(-8.E0,1.E0,-3.970142886309E-1));
#13133=DIRECTION('',(0.E0,1.E0,0.E0));
#13134=DIRECTION('',(1.E0,0.E0,0.E0));
#13135=AXIS2_PLACEMENT_3D('',#13132,#13133,#13134);
#13136=CYLINDRICAL_SURFACE('',#13135,5.298571136907E-2);
#13138=ORIENTED_EDGE('',*,*,#13137,.T.);
#13140=ORIENTED_EDGE('',*,*,#13139,.T.);
#13141=ORIENTED_EDGE('',*,*,#13123,.F.);
#13143=ORIENTED_EDGE('',*,*,#13142,.T.);
#13144=EDGE_LOOP('',(#13138,#13140,#13141,#13143));
#13145=FACE_OUTER_BOUND('',#13144,.F.);
#13147=CARTESIAN_POINT('',(-7.7E0,1.E0,0.E0));
#13148=DIRECTION('',(8.574929257125E-1,0.E0,-5.144957554275E-1));
#13149=DIRECTION('',(-5.144957554275E-1,0.E0,-8.574929257125E-1));
#13150=AXIS2_PLACEMENT_3D('',#13147,#13148,#13149);
#13151=PLANE('',#13150);
#13152=ORIENTED_EDGE('',*,*,#13137,.F.);
#13154=ORIENTED_EDGE('',*,*,#13153,.F.);
#13155=ORIENTED_EDGE('',*,*,#9530,.T.);
#13157=ORIENTED_EDGE('',*,*,#13156,.F.);
#13158=EDGE_LOOP('',(#13152,#13154,#13155,#13157));
#13159=FACE_OUTER_BOUND('',#13158,.F.);
#13161=CARTESIAN_POINT('',(-7.7E0,1.E0,-1.5E0));
#13162=DIRECTION('',(8.574929257125E-1,-5.144957554275E-1,0.E0));
#13163=DIRECTION('',(-5.144957554275E-1,-8.574929257125E-1,0.E0));
#13164=AXIS2_PLACEMENT_3D('',#13161,#13162,#13163);
#13165=PLANE('',#13164);
#13166=ORIENTED_EDGE('',*,*,#10145,.F.);
#13167=ORIENTED_EDGE('',*,*,#10810,.T.);
#13168=ORIENTED_EDGE('',*,*,#13153,.T.);
#13170=ORIENTED_EDGE('',*,*,#13169,.F.);
#13171=EDGE_LOOP('',(#13166,#13167,#13168,#13170));
#13172=FACE_OUTER_BOUND('',#13171,.F.);
#13174=CARTESIAN_POINT('',(-8.E0,6.029857113691E-1,-1.5E0));
#13175=DIRECTION('',(0.E0,0.E0,-1.E0));
#13176=DIRECTION('',(1.E0,0.E0,0.E0));
#13177=AXIS2_PLACEMENT_3D('',#13174,#13175,#13176);
#13178=CYLINDRICAL_SURFACE('',#13177,5.298571136907E-2);
#13180=ORIENTED_EDGE('',*,*,#13179,.F.);
#13181=ORIENTED_EDGE('',*,*,#10147,.F.);
#13182=ORIENTED_EDGE('',*,*,#13169,.T.);
#13183=ORIENTED_EDGE('',*,*,#13142,.F.);
#13184=EDGE_LOOP('',(#13180,#13181,#13182,#13183));
#13185=FACE_OUTER_BOUND('',#13184,.F.);
#13187=CARTESIAN_POINT('',(-8.045434872663E0,5.757247877714E-1,-1.5E0));
#13188=DIRECTION('',(-8.574929257125E-1,-5.144957554275E-1,0.E0));
#13189=DIRECTION('',(-5.144957554275E-1,8.574929257125E-1,0.E0));
#13190=AXIS2_PLACEMENT_3D('',#13187,#13188,#13189);
#13191=PLANE('',#13190);
#13192=ORIENTED_EDGE('',*,*,#10149,.F.);
#13193=ORIENTED_EDGE('',*,*,#13179,.T.);
#13194=ORIENTED_EDGE('',*,*,#13127,.T.);
#13195=ORIENTED_EDGE('',*,*,#10788,.F.);
#13196=EDGE_LOOP('',(#13192,#13193,#13194,#13195));
#13197=FACE_OUTER_BOUND('',#13196,.F.);
#13199=CARTESIAN_POINT('',(-7.954565127337E0,-5.757247877714E-1,-1.5E0));
#13200=DIRECTION('',(8.574929257125E-1,5.144957554275E-1,0.E0));
#13201=DIRECTION('',(5.144957554275E-1,-8.574929257125E-1,0.E0));
#13202=AXIS2_PLACEMENT_3D('',#13199,#13200,#13201);
#13203=PLANE('',#13202);
#13204=ORIENTED_EDGE('',*,*,#10286,.F.);
#13206=ORIENTED_EDGE('',*,*,#13205,.T.);
#13207=ORIENTED_EDGE('',*,*,#13156,.T.);
#13208=ORIENTED_EDGE('',*,*,#11334,.T.);
#13209=EDGE_LOOP('',(#13204,#13206,#13207,#13208));
#13210=FACE_OUTER_BOUND('',#13209,.F.);
#13212=CARTESIAN_POINT('',(-8.E0,-6.029857113691E-1,-1.5E0));
#13213=DIRECTION('',(0.E0,0.E0,-1.E0));
#13214=DIRECTION('',(1.E0,0.E0,0.E0));
#13215=AXIS2_PLACEMENT_3D('',#13212,#13213,#13214);
#13216=CYLINDRICAL_SURFACE('',#13215,5.298571136907E-2);
#13217=ORIENTED_EDGE('',*,*,#13113,.T.);
#13218=ORIENTED_EDGE('',*,*,#13139,.F.);
#13219=ORIENTED_EDGE('',*,*,#13205,.F.);
#13220=ORIENTED_EDGE('',*,*,#10284,.F.);
#13221=EDGE_LOOP('',(#13217,#13218,#13219,#13220));
#13222=FACE_OUTER_BOUND('',#13221,.F.);
#13224=CARTESIAN_POINT('',(-6.3E0,-1.E0,-1.5E0));
#13225=DIRECTION('',(-8.574929257125E-1,5.144957554275E-1,0.E0));
#13226=DIRECTION('',(5.144957554275E-1,8.574929257125E-1,0.E0));
#13227=AXIS2_PLACEMENT_3D('',#13224,#13225,#13226);
#13228=PLANE('',#13227);
#13229=ORIENTED_EDGE('',*,*,#10294,.F.);
#13230=ORIENTED_EDGE('',*,*,#11337,.F.);
#13232=ORIENTED_EDGE('',*,*,#13231,.T.);
#13234=ORIENTED_EDGE('',*,*,#13233,.F.);
#13235=EDGE_LOOP('',(#13229,#13230,#13232,#13234));
#13236=FACE_OUTER_BOUND('',#13235,.F.);
#13238=CARTESIAN_POINT('',(-6.045434872663E0,1.E0,-4.242752122286E-1));
#13239=DIRECTION('',(-8.574929257125E-1,0.E0,-5.144957554275E-1));
#13240=DIRECTION('',(-5.144957554275E-1,0.E0,8.574929257125E-1));
#13241=AXIS2_PLACEMENT_3D('',#13238,#13239,#13240);
#13242=PLANE('',#13241);
#13244=ORIENTED_EDGE('',*,*,#13243,.T.);
#13245=ORIENTED_EDGE('',*,*,#13231,.F.);
#13246=ORIENTED_EDGE('',*,*,#9526,.F.);
#13248=ORIENTED_EDGE('',*,*,#13247,.F.);
#13249=EDGE_LOOP('',(#13244,#13245,#13246,#13248));
#13250=FACE_OUTER_BOUND('',#13249,.F.);
#13252=CARTESIAN_POINT('',(-6.E0,1.E0,-3.970142886309E-1));
#13253=DIRECTION('',(0.E0,1.E0,0.E0));
#13254=DIRECTION('',(1.E0,0.E0,0.E0));
#13255=AXIS2_PLACEMENT_3D('',#13252,#13253,#13254);
#13256=CYLINDRICAL_SURFACE('',#13255,5.298571136907E-2);
#13258=ORIENTED_EDGE('',*,*,#13257,.T.);
#13260=ORIENTED_EDGE('',*,*,#13259,.T.);
#13261=ORIENTED_EDGE('',*,*,#13243,.F.);
#13263=ORIENTED_EDGE('',*,*,#13262,.T.);
#13264=EDGE_LOOP('',(#13258,#13260,#13261,#13263));
#13265=FACE_OUTER_BOUND('',#13264,.F.);
#13267=CARTESIAN_POINT('',(-5.7E0,1.E0,0.E0));
#13268=DIRECTION('',(8.574929257125E-1,0.E0,-5.144957554275E-1));
#13269=DIRECTION('',(-5.144957554275E-1,0.E0,-8.574929257125E-1));
#13270=AXIS2_PLACEMENT_3D('',#13267,#13268,#13269);
#13271=PLANE('',#13270);
#13272=ORIENTED_EDGE('',*,*,#13257,.F.);
#13274=ORIENTED_EDGE('',*,*,#13273,.F.);
#13275=ORIENTED_EDGE('',*,*,#9556,.T.);
#13277=ORIENTED_EDGE('',*,*,#13276,.F.);
#13278=EDGE_LOOP('',(#13272,#13274,#13275,#13277));
#13279=FACE_OUTER_BOUND('',#13278,.F.);
#13281=CARTESIAN_POINT('',(-5.7E0,1.E0,-1.5E0));
#13282=DIRECTION('',(8.574929257125E-1,-5.144957554275E-1,0.E0));
#13283=DIRECTION('',(-5.144957554275E-1,-8.574929257125E-1,0.E0));
#13284=AXIS2_PLACEMENT_3D('',#13281,#13282,#13283);
#13285=PLANE('',#13284);
#13286=ORIENTED_EDGE('',*,*,#10133,.F.);
#13287=ORIENTED_EDGE('',*,*,#10829,.T.);
#13288=ORIENTED_EDGE('',*,*,#13273,.T.);
#13290=ORIENTED_EDGE('',*,*,#13289,.F.);
#13291=EDGE_LOOP('',(#13286,#13287,#13288,#13290));
#13292=FACE_OUTER_BOUND('',#13291,.F.);
#13294=CARTESIAN_POINT('',(-6.E0,6.029857113691E-1,-1.5E0));
#13295=DIRECTION('',(0.E0,0.E0,-1.E0));
#13296=DIRECTION('',(1.E0,0.E0,0.E0));
#13297=AXIS2_PLACEMENT_3D('',#13294,#13295,#13296);
#13298=CYLINDRICAL_SURFACE('',#13297,5.298571136907E-2);
#13300=ORIENTED_EDGE('',*,*,#13299,.F.);
#13301=ORIENTED_EDGE('',*,*,#10135,.F.);
#13302=ORIENTED_EDGE('',*,*,#13289,.T.);
#13303=ORIENTED_EDGE('',*,*,#13262,.F.);
#13304=EDGE_LOOP('',(#13300,#13301,#13302,#13303));
#13305=FACE_OUTER_BOUND('',#13304,.F.);
#13307=CARTESIAN_POINT('',(-6.045434872663E0,5.757247877714E-1,-1.5E0));
#13308=DIRECTION('',(-8.574929257125E-1,-5.144957554275E-1,0.E0));
#13309=DIRECTION('',(-5.144957554275E-1,8.574929257125E-1,0.E0));
#13310=AXIS2_PLACEMENT_3D('',#13307,#13308,#13309);
#13311=PLANE('',#13310);
#13312=ORIENTED_EDGE('',*,*,#10137,.F.);
#13313=ORIENTED_EDGE('',*,*,#13299,.T.);
#13314=ORIENTED_EDGE('',*,*,#13247,.T.);
#13315=ORIENTED_EDGE('',*,*,#10807,.F.);
#13316=EDGE_LOOP('',(#13312,#13313,#13314,#13315));
#13317=FACE_OUTER_BOUND('',#13316,.F.);
#13319=CARTESIAN_POINT('',(-5.954565127337E0,-5.757247877714E-1,-1.5E0));
#13320=DIRECTION('',(8.574929257125E-1,5.144957554275E-1,0.E0));
#13321=DIRECTION('',(5.144957554275E-1,-8.574929257125E-1,0.E0));
#13322=AXIS2_PLACEMENT_3D('',#13319,#13320,#13321);
#13323=PLANE('',#13322);
#13324=ORIENTED_EDGE('',*,*,#10298,.F.);
#13326=ORIENTED_EDGE('',*,*,#13325,.T.);
#13327=ORIENTED_EDGE('',*,*,#13276,.T.);
#13328=ORIENTED_EDGE('',*,*,#11353,.T.);
#13329=EDGE_LOOP('',(#13324,#13326,#13327,#13328));
#13330=FACE_OUTER_BOUND('',#13329,.F.);
#13332=CARTESIAN_POINT('',(-6.E0,-6.029857113691E-1,-1.5E0));
#13333=DIRECTION('',(0.E0,0.E0,-1.E0));
#13334=DIRECTION('',(1.E0,0.E0,0.E0));
#13335=AXIS2_PLACEMENT_3D('',#13332,#13333,#13334);
#13336=CYLINDRICAL_SURFACE('',#13335,5.298571136907E-2);
#13337=ORIENTED_EDGE('',*,*,#13233,.T.);
#13338=ORIENTED_EDGE('',*,*,#13259,.F.);
#13339=ORIENTED_EDGE('',*,*,#13325,.F.);
#13340=ORIENTED_EDGE('',*,*,#10296,.F.);
#13341=EDGE_LOOP('',(#13337,#13338,#13339,#13340));
#13342=FACE_OUTER_BOUND('',#13341,.F.);
#13344=CARTESIAN_POINT('',(-4.3E0,-1.E0,-1.5E0));
#13345=DIRECTION('',(-8.574929257125E-1,5.144957554275E-1,0.E0));
#13346=DIRECTION('',(5.144957554275E-1,8.574929257125E-1,0.E0));
#13347=AXIS2_PLACEMENT_3D('',#13344,#13345,#13346);
#13348=PLANE('',#13347);
#13349=ORIENTED_EDGE('',*,*,#10306,.F.);
#13350=ORIENTED_EDGE('',*,*,#11356,.F.);
#13352=ORIENTED_EDGE('',*,*,#13351,.T.);
#13354=ORIENTED_EDGE('',*,*,#13353,.F.);
#13355=EDGE_LOOP('',(#13349,#13350,#13352,#13354));
#13356=FACE_OUTER_BOUND('',#13355,.F.);
#13358=CARTESIAN_POINT('',(-4.045434872663E0,1.E0,-4.242752122286E-1));
#13359=DIRECTION('',(-8.574929257125E-1,0.E0,-5.144957554275E-1));
#13360=DIRECTION('',(-5.144957554275E-1,0.E0,8.574929257125E-1));
#13361=AXIS2_PLACEMENT_3D('',#13358,#13359,#13360);
#13362=PLANE('',#13361);
#13364=ORIENTED_EDGE('',*,*,#13363,.T.);
#13365=ORIENTED_EDGE('',*,*,#13351,.F.);
#13366=ORIENTED_EDGE('',*,*,#9552,.F.);
#13368=ORIENTED_EDGE('',*,*,#13367,.F.);
#13369=EDGE_LOOP('',(#13364,#13365,#13366,#13368));
#13370=FACE_OUTER_BOUND('',#13369,.F.);
#13372=CARTESIAN_POINT('',(-4.E0,1.E0,-3.970142886309E-1));
#13373=DIRECTION('',(0.E0,1.E0,0.E0));
#13374=DIRECTION('',(1.E0,0.E0,0.E0));
#13375=AXIS2_PLACEMENT_3D('',#13372,#13373,#13374);
#13376=CYLINDRICAL_SURFACE('',#13375,5.298571136907E-2);
#13378=ORIENTED_EDGE('',*,*,#13377,.T.);
#13380=ORIENTED_EDGE('',*,*,#13379,.T.);
#13381=ORIENTED_EDGE('',*,*,#13363,.F.);
#13383=ORIENTED_EDGE('',*,*,#13382,.T.);
#13384=EDGE_LOOP('',(#13378,#13380,#13381,#13383));
#13385=FACE_OUTER_BOUND('',#13384,.F.);
#13387=CARTESIAN_POINT('',(-3.7E0,1.E0,0.E0));
#13388=DIRECTION('',(8.574929257125E-1,0.E0,-5.144957554275E-1));
#13389=DIRECTION('',(-5.144957554275E-1,0.E0,-8.574929257125E-1));
#13390=AXIS2_PLACEMENT_3D('',#13387,#13388,#13389);
#13391=PLANE('',#13390);
#13392=ORIENTED_EDGE('',*,*,#13377,.F.);
#13394=ORIENTED_EDGE('',*,*,#13393,.F.);
#13395=ORIENTED_EDGE('',*,*,#9582,.T.);
#13397=ORIENTED_EDGE('',*,*,#13396,.F.);
#13398=EDGE_LOOP('',(#13392,#13394,#13395,#13397));
#13399=FACE_OUTER_BOUND('',#13398,.F.);
#13401=CARTESIAN_POINT('',(-3.7E0,1.E0,-1.5E0));
#13402=DIRECTION('',(8.574929257125E-1,-5.144957554275E-1,0.E0));
#13403=DIRECTION('',(-5.144957554275E-1,-8.574929257125E-1,0.E0));
#13404=AXIS2_PLACEMENT_3D('',#13401,#13402,#13403);
#13405=PLANE('',#13404);
#13406=ORIENTED_EDGE('',*,*,#10121,.F.);
#13407=ORIENTED_EDGE('',*,*,#10848,.T.);
#13408=ORIENTED_EDGE('',*,*,#13393,.T.);
#13410=ORIENTED_EDGE('',*,*,#13409,.F.);
#13411=EDGE_LOOP('',(#13406,#13407,#13408,#13410));
#13412=FACE_OUTER_BOUND('',#13411,.F.);
#13414=CARTESIAN_POINT('',(-4.E0,6.029857113691E-1,-1.5E0));
#13415=DIRECTION('',(0.E0,0.E0,-1.E0));
#13416=DIRECTION('',(1.E0,0.E0,0.E0));
#13417=AXIS2_PLACEMENT_3D('',#13414,#13415,#13416);
#13418=CYLINDRICAL_SURFACE('',#13417,5.298571136907E-2);
#13420=ORIENTED_EDGE('',*,*,#13419,.F.);
#13421=ORIENTED_EDGE('',*,*,#10123,.F.);
#13422=ORIENTED_EDGE('',*,*,#13409,.T.);
#13423=ORIENTED_EDGE('',*,*,#13382,.F.);
#13424=EDGE_LOOP('',(#13420,#13421,#13422,#13423));
#13425=FACE_OUTER_BOUND('',#13424,.F.);
#13427=CARTESIAN_POINT('',(-4.045434872663E0,5.757247877714E-1,-1.5E0));
#13428=DIRECTION('',(-8.574929257125E-1,-5.144957554275E-1,0.E0));
#13429=DIRECTION('',(-5.144957554275E-1,8.574929257125E-1,0.E0));
#13430=AXIS2_PLACEMENT_3D('',#13427,#13428,#13429);
#13431=PLANE('',#13430);
#13432=ORIENTED_EDGE('',*,*,#10125,.F.);
#13433=ORIENTED_EDGE('',*,*,#13419,.T.);
#13434=ORIENTED_EDGE('',*,*,#13367,.T.);
#13435=ORIENTED_EDGE('',*,*,#10826,.F.);
#13436=EDGE_LOOP('',(#13432,#13433,#13434,#13435));
#13437=FACE_OUTER_BOUND('',#13436,.F.);
#13439=CARTESIAN_POINT('',(-3.954565127337E0,-5.757247877714E-1,-1.5E0));
#13440=DIRECTION('',(8.574929257125E-1,5.144957554275E-1,0.E0));
#13441=DIRECTION('',(5.144957554275E-1,-8.574929257125E-1,0.E0));
#13442=AXIS2_PLACEMENT_3D('',#13439,#13440,#13441);
#13443=PLANE('',#13442);
#13444=ORIENTED_EDGE('',*,*,#10310,.F.);
#13446=ORIENTED_EDGE('',*,*,#13445,.T.);
#13447=ORIENTED_EDGE('',*,*,#13396,.T.);
#13448=ORIENTED_EDGE('',*,*,#11372,.T.);
#13449=EDGE_LOOP('',(#13444,#13446,#13447,#13448));
#13450=FACE_OUTER_BOUND('',#13449,.F.);
#13452=CARTESIAN_POINT('',(-4.E0,-6.029857113691E-1,-1.5E0));
#13453=DIRECTION('',(0.E0,0.E0,-1.E0));
#13454=DIRECTION('',(1.E0,0.E0,0.E0));
#13455=AXIS2_PLACEMENT_3D('',#13452,#13453,#13454);
#13456=CYLINDRICAL_SURFACE('',#13455,5.298571136907E-2);
#13457=ORIENTED_EDGE('',*,*,#13353,.T.);
#13458=ORIENTED_EDGE('',*,*,#13379,.F.);
#13459=ORIENTED_EDGE('',*,*,#13445,.F.);
#13460=ORIENTED_EDGE('',*,*,#10308,.F.);
#13461=EDGE_LOOP('',(#13457,#13458,#13459,#13460));
#13462=FACE_OUTER_BOUND('',#13461,.F.);
#13464=CARTESIAN_POINT('',(-2.3E0,-1.E0,-1.5E0));
#13465=DIRECTION('',(-8.574929257125E-1,5.144957554275E-1,0.E0));
#13466=DIRECTION('',(5.144957554275E-1,8.574929257125E-1,0.E0));
#13467=AXIS2_PLACEMENT_3D('',#13464,#13465,#13466);
#13468=PLANE('',#13467);
#13469=ORIENTED_EDGE('',*,*,#10318,.F.);
#13470=ORIENTED_EDGE('',*,*,#11375,.F.);
#13472=ORIENTED_EDGE('',*,*,#13471,.T.);
#13474=ORIENTED_EDGE('',*,*,#13473,.F.);
#13475=EDGE_LOOP('',(#13469,#13470,#13472,#13474));
#13476=FACE_OUTER_BOUND('',#13475,.F.);
#13478=CARTESIAN_POINT('',(-2.045434872663E0,1.E0,-4.242752122286E-1));
#13479=DIRECTION('',(-8.574929257125E-1,0.E0,-5.144957554275E-1));
#13480=DIRECTION('',(-5.144957554275E-1,0.E0,8.574929257125E-1));
#13481=AXIS2_PLACEMENT_3D('',#13478,#13479,#13480);
#13482=PLANE('',#13481);
#13484=ORIENTED_EDGE('',*,*,#13483,.T.);
#13485=ORIENTED_EDGE('',*,*,#13471,.F.);
#13486=ORIENTED_EDGE('',*,*,#9578,.F.);
#13488=ORIENTED_EDGE('',*,*,#13487,.F.);
#13489=EDGE_LOOP('',(#13484,#13485,#13486,#13488));
#13490=FACE_OUTER_BOUND('',#13489,.F.);
#13492=CARTESIAN_POINT('',(-2.E0,1.E0,-3.970142886309E-1));
#13493=DIRECTION('',(0.E0,1.E0,0.E0));
#13494=DIRECTION('',(1.E0,0.E0,0.E0));
#13495=AXIS2_PLACEMENT_3D('',#13492,#13493,#13494);
#13496=CYLINDRICAL_SURFACE('',#13495,5.298571136907E-2);
#13498=ORIENTED_EDGE('',*,*,#13497,.T.);
#13500=ORIENTED_EDGE('',*,*,#13499,.T.);
#13501=ORIENTED_EDGE('',*,*,#13483,.F.);
#13503=ORIENTED_EDGE('',*,*,#13502,.T.);
#13504=EDGE_LOOP('',(#13498,#13500,#13501,#13503));
#13505=FACE_OUTER_BOUND('',#13504,.F.);
#13507=CARTESIAN_POINT('',(-1.7E0,1.E0,0.E0));
#13508=DIRECTION('',(8.574929257125E-1,0.E0,-5.144957554275E-1));
#13509=DIRECTION('',(-5.144957554275E-1,0.E0,-8.574929257125E-1));
#13510=AXIS2_PLACEMENT_3D('',#13507,#13508,#13509);
#13511=PLANE('',#13510);
#13512=ORIENTED_EDGE('',*,*,#13497,.F.);
#13514=ORIENTED_EDGE('',*,*,#13513,.F.);
#13515=ORIENTED_EDGE('',*,*,#9608,.T.);
#13517=ORIENTED_EDGE('',*,*,#13516,.F.);
#13518=EDGE_LOOP('',(#13512,#13514,#13515,#13517));
#13519=FACE_OUTER_BOUND('',#13518,.F.);
#13521=CARTESIAN_POINT('',(-1.7E0,1.E0,-1.5E0));
#13522=DIRECTION('',(8.574929257125E-1,-5.144957554275E-1,0.E0));
#13523=DIRECTION('',(-5.144957554275E-1,-8.574929257125E-1,0.E0));
#13524=AXIS2_PLACEMENT_3D('',#13521,#13522,#13523);
#13525=PLANE('',#13524);
#13526=ORIENTED_EDGE('',*,*,#10109,.F.);
#13527=ORIENTED_EDGE('',*,*,#10867,.T.);
#13528=ORIENTED_EDGE('',*,*,#13513,.T.);
#13530=ORIENTED_EDGE('',*,*,#13529,.F.);
#13531=EDGE_LOOP('',(#13526,#13527,#13528,#13530));
#13532=FACE_OUTER_BOUND('',#13531,.F.);
#13534=CARTESIAN_POINT('',(-2.E0,6.029857113691E-1,-1.5E0));
#13535=DIRECTION('',(0.E0,0.E0,-1.E0));
#13536=DIRECTION('',(1.E0,0.E0,0.E0));
#13537=AXIS2_PLACEMENT_3D('',#13534,#13535,#13536);
#13538=CYLINDRICAL_SURFACE('',#13537,5.298571136907E-2);
#13540=ORIENTED_EDGE('',*,*,#13539,.F.);
#13541=ORIENTED_EDGE('',*,*,#10111,.F.);
#13542=ORIENTED_EDGE('',*,*,#13529,.T.);
#13543=ORIENTED_EDGE('',*,*,#13502,.F.);
#13544=EDGE_LOOP('',(#13540,#13541,#13542,#13543));
#13545=FACE_OUTER_BOUND('',#13544,.F.);
#13547=CARTESIAN_POINT('',(-2.045434872663E0,5.757247877714E-1,-1.5E0));
#13548=DIRECTION('',(-8.574929257125E-1,-5.144957554275E-1,0.E0));
#13549=DIRECTION('',(-5.144957554275E-1,8.574929257125E-1,0.E0));
#13550=AXIS2_PLACEMENT_3D('',#13547,#13548,#13549);
#13551=PLANE('',#13550);
#13552=ORIENTED_EDGE('',*,*,#10113,.F.);
#13553=ORIENTED_EDGE('',*,*,#13539,.T.);
#13554=ORIENTED_EDGE('',*,*,#13487,.T.);
#13555=ORIENTED_EDGE('',*,*,#10845,.F.);
#13556=EDGE_LOOP('',(#13552,#13553,#13554,#13555));
#13557=FACE_OUTER_BOUND('',#13556,.F.);
#13559=CARTESIAN_POINT('',(-1.954565127337E0,-5.757247877714E-1,-1.5E0));
#13560=DIRECTION('',(8.574929257125E-1,5.144957554275E-1,0.E0));
#13561=DIRECTION('',(5.144957554275E-1,-8.574929257125E-1,0.E0));
#13562=AXIS2_PLACEMENT_3D('',#13559,#13560,#13561);
#13563=PLANE('',#13562);
#13564=ORIENTED_EDGE('',*,*,#10322,.F.);
#13566=ORIENTED_EDGE('',*,*,#13565,.T.);
#13567=ORIENTED_EDGE('',*,*,#13516,.T.);
#13568=ORIENTED_EDGE('',*,*,#11391,.T.);
#13569=EDGE_LOOP('',(#13564,#13566,#13567,#13568));
#13570=FACE_OUTER_BOUND('',#13569,.F.);
#13572=CARTESIAN_POINT('',(-2.E0,-6.029857113691E-1,-1.5E0));
#13573=DIRECTION('',(0.E0,0.E0,-1.E0));
#13574=DIRECTION('',(1.E0,0.E0,0.E0));
#13575=AXIS2_PLACEMENT_3D('',#13572,#13573,#13574);
#13576=CYLINDRICAL_SURFACE('',#13575,5.298571136907E-2);
#13577=ORIENTED_EDGE('',*,*,#13473,.T.);
#13578=ORIENTED_EDGE('',*,*,#13499,.F.);
#13579=ORIENTED_EDGE('',*,*,#13565,.F.);
#13580=ORIENTED_EDGE('',*,*,#10320,.F.);
#13581=EDGE_LOOP('',(#13577,#13578,#13579,#13580));
#13582=FACE_OUTER_BOUND('',#13581,.F.);
#13584=CARTESIAN_POINT('',(-3.E-1,-1.E0,-1.5E0));
#13585=DIRECTION('',(-8.574929257125E-1,5.144957554275E-1,0.E0));
#13586=DIRECTION('',(5.144957554275E-1,8.574929257125E-1,0.E0));
#13587=AXIS2_PLACEMENT_3D('',#13584,#13585,#13586);
#13588=PLANE('',#13587);
#13589=ORIENTED_EDGE('',*,*,#10330,.F.);
#13590=ORIENTED_EDGE('',*,*,#11394,.F.);
#13592=ORIENTED_EDGE('',*,*,#13591,.T.);
#13594=ORIENTED_EDGE('',*,*,#13593,.F.);
#13595=EDGE_LOOP('',(#13589,#13590,#13592,#13594));
#13596=FACE_OUTER_BOUND('',#13595,.F.);
#13598=CARTESIAN_POINT('',(-4.543487266282E-2,1.E0,-4.242752122286E-1));
#13599=DIRECTION('',(-8.574929257125E-1,0.E0,-5.144957554275E-1));
#13600=DIRECTION('',(-5.144957554275E-1,0.E0,8.574929257125E-1));
#13601=AXIS2_PLACEMENT_3D('',#13598,#13599,#13600);
#13602=PLANE('',#13601);
#13604=ORIENTED_EDGE('',*,*,#13603,.T.);
#13605=ORIENTED_EDGE('',*,*,#13591,.F.);
#13606=ORIENTED_EDGE('',*,*,#9604,.F.);
#13608=ORIENTED_EDGE('',*,*,#13607,.F.);
#13609=EDGE_LOOP('',(#13604,#13605,#13606,#13608));
#13610=FACE_OUTER_BOUND('',#13609,.F.);
#13612=CARTESIAN_POINT('',(0.E0,1.E0,-3.970142886309E-1));
#13613=DIRECTION('',(0.E0,1.E0,0.E0));
#13614=DIRECTION('',(1.E0,0.E0,0.E0));
#13615=AXIS2_PLACEMENT_3D('',#13612,#13613,#13614);
#13616=CYLINDRICAL_SURFACE('',#13615,5.298571136907E-2);
#13618=ORIENTED_EDGE('',*,*,#13617,.T.);
#13620=ORIENTED_EDGE('',*,*,#13619,.T.);
#13621=ORIENTED_EDGE('',*,*,#13603,.F.);
#13623=ORIENTED_EDGE('',*,*,#13622,.T.);
#13624=EDGE_LOOP('',(#13618,#13620,#13621,#13623));
#13625=FACE_OUTER_BOUND('',#13624,.F.);
#13627=CARTESIAN_POINT('',(3.E-1,1.E0,0.E0));
#13628=DIRECTION('',(8.574929257125E-1,0.E0,-5.144957554275E-1));
#13629=DIRECTION('',(-5.144957554275E-1,0.E0,-8.574929257125E-1));
#13630=AXIS2_PLACEMENT_3D('',#13627,#13628,#13629);
#13631=PLANE('',#13630);
#13632=ORIENTED_EDGE('',*,*,#13617,.F.);
#13634=ORIENTED_EDGE('',*,*,#13633,.F.);
#13635=ORIENTED_EDGE('',*,*,#9634,.T.);
#13637=ORIENTED_EDGE('',*,*,#13636,.F.);
#13638=EDGE_LOOP('',(#13632,#13634,#13635,#13637));
#13639=FACE_OUTER_BOUND('',#13638,.F.);
#13641=CARTESIAN_POINT('',(3.E-1,1.E0,-1.5E0));
#13642=DIRECTION('',(8.574929257125E-1,-5.144957554275E-1,0.E0));
#13643=DIRECTION('',(-5.144957554275E-1,-8.574929257125E-1,0.E0));
#13644=AXIS2_PLACEMENT_3D('',#13641,#13642,#13643);
#13645=PLANE('',#13644);
#13646=ORIENTED_EDGE('',*,*,#10097,.F.);
#13647=ORIENTED_EDGE('',*,*,#10886,.T.);
#13648=ORIENTED_EDGE('',*,*,#13633,.T.);
#13650=ORIENTED_EDGE('',*,*,#13649,.F.);
#13651=EDGE_LOOP('',(#13646,#13647,#13648,#13650));
#13652=FACE_OUTER_BOUND('',#13651,.F.);
#13654=CARTESIAN_POINT('',(0.E0,6.029857113691E-1,-1.5E0));
#13655=DIRECTION('',(0.E0,0.E0,-1.E0));
#13656=DIRECTION('',(1.E0,0.E0,0.E0));
#13657=AXIS2_PLACEMENT_3D('',#13654,#13655,#13656);
#13658=CYLINDRICAL_SURFACE('',#13657,5.298571136907E-2);
#13660=ORIENTED_EDGE('',*,*,#13659,.F.);
#13661=ORIENTED_EDGE('',*,*,#10099,.F.);
#13662=ORIENTED_EDGE('',*,*,#13649,.T.);
#13663=ORIENTED_EDGE('',*,*,#13622,.F.);
#13664=EDGE_LOOP('',(#13660,#13661,#13662,#13663));
#13665=FACE_OUTER_BOUND('',#13664,.F.);
#13667=CARTESIAN_POINT('',(-4.543487266282E-2,5.757247877714E-1,-1.5E0));
#13668=DIRECTION('',(-8.574929257125E-1,-5.144957554275E-1,0.E0));
#13669=DIRECTION('',(-5.144957554275E-1,8.574929257125E-1,0.E0));
#13670=AXIS2_PLACEMENT_3D('',#13667,#13668,#13669);
#13671=PLANE('',#13670);
#13672=ORIENTED_EDGE('',*,*,#10101,.F.);
#13673=ORIENTED_EDGE('',*,*,#13659,.T.);
#13674=ORIENTED_EDGE('',*,*,#13607,.T.);
#13675=ORIENTED_EDGE('',*,*,#10864,.F.);
#13676=EDGE_LOOP('',(#13672,#13673,#13674,#13675));
#13677=FACE_OUTER_BOUND('',#13676,.F.);
#13679=CARTESIAN_POINT('',(4.543487266282E-2,-5.757247877714E-1,-1.5E0));
#13680=DIRECTION('',(8.574929257125E-1,5.144957554275E-1,0.E0));
#13681=DIRECTION('',(5.144957554275E-1,-8.574929257125E-1,0.E0));
#13682=AXIS2_PLACEMENT_3D('',#13679,#13680,#13681);
#13683=PLANE('',#13682);
#13684=ORIENTED_EDGE('',*,*,#10334,.F.);
#13686=ORIENTED_EDGE('',*,*,#13685,.T.);
#13687=ORIENTED_EDGE('',*,*,#13636,.T.);
#13688=ORIENTED_EDGE('',*,*,#11410,.T.);
#13689=EDGE_LOOP('',(#13684,#13686,#13687,#13688));
#13690=FACE_OUTER_BOUND('',#13689,.F.);
#13692=CARTESIAN_POINT('',(0.E0,-6.029857113691E-1,-1.5E0));
#13693=DIRECTION('',(0.E0,0.E0,-1.E0));
#13694=DIRECTION('',(1.E0,0.E0,0.E0));
#13695=AXIS2_PLACEMENT_3D('',#13692,#13693,#13694);
#13696=CYLINDRICAL_SURFACE('',#13695,5.298571136907E-2);
#13697=ORIENTED_EDGE('',*,*,#13593,.T.);
#13698=ORIENTED_EDGE('',*,*,#13619,.F.);
#13699=ORIENTED_EDGE('',*,*,#13685,.F.);
#13700=ORIENTED_EDGE('',*,*,#10332,.F.);
#13701=EDGE_LOOP('',(#13697,#13698,#13699,#13700));
#13702=FACE_OUTER_BOUND('',#13701,.F.);
#13704=CARTESIAN_POINT('',(1.7E0,-1.E0,-1.5E0));
#13705=DIRECTION('',(-8.574929257125E-1,5.144957554275E-1,0.E0));
#13706=DIRECTION('',(5.144957554275E-1,8.574929257125E-1,0.E0));
#13707=AXIS2_PLACEMENT_3D('',#13704,#13705,#13706);
#13708=PLANE('',#13707);
#13709=ORIENTED_EDGE('',*,*,#10342,.F.);
#13710=ORIENTED_EDGE('',*,*,#11413,.F.);
#13712=ORIENTED_EDGE('',*,*,#13711,.T.);
#13714=ORIENTED_EDGE('',*,*,#13713,.F.);
#13715=EDGE_LOOP('',(#13709,#13710,#13712,#13714));
#13716=FACE_OUTER_BOUND('',#13715,.F.);
#13718=CARTESIAN_POINT('',(1.954565127337E0,1.E0,-4.242752122286E-1));
#13719=DIRECTION('',(-8.574929257125E-1,0.E0,-5.144957554275E-1));
#13720=DIRECTION('',(-5.144957554275E-1,0.E0,8.574929257125E-1));
#13721=AXIS2_PLACEMENT_3D('',#13718,#13719,#13720);
#13722=PLANE('',#13721);
#13724=ORIENTED_EDGE('',*,*,#13723,.T.);
#13725=ORIENTED_EDGE('',*,*,#13711,.F.);
#13726=ORIENTED_EDGE('',*,*,#9630,.F.);
#13728=ORIENTED_EDGE('',*,*,#13727,.F.);
#13729=EDGE_LOOP('',(#13724,#13725,#13726,#13728));
#13730=FACE_OUTER_BOUND('',#13729,.F.);
#13732=CARTESIAN_POINT('',(2.E0,1.E0,-3.970142886309E-1));
#13733=DIRECTION('',(0.E0,1.E0,0.E0));
#13734=DIRECTION('',(1.E0,0.E0,0.E0));
#13735=AXIS2_PLACEMENT_3D('',#13732,#13733,#13734);
#13736=CYLINDRICAL_SURFACE('',#13735,5.298571136907E-2);
#13738=ORIENTED_EDGE('',*,*,#13737,.T.);
#13740=ORIENTED_EDGE('',*,*,#13739,.T.);
#13741=ORIENTED_EDGE('',*,*,#13723,.F.);
#13743=ORIENTED_EDGE('',*,*,#13742,.T.);
#13744=EDGE_LOOP('',(#13738,#13740,#13741,#13743));
#13745=FACE_OUTER_BOUND('',#13744,.F.);
#13747=CARTESIAN_POINT('',(2.3E0,1.E0,0.E0));
#13748=DIRECTION('',(8.574929257125E-1,0.E0,-5.144957554275E-1));
#13749=DIRECTION('',(-5.144957554275E-1,0.E0,-8.574929257125E-1));
#13750=AXIS2_PLACEMENT_3D('',#13747,#13748,#13749);
#13751=PLANE('',#13750);
#13752=ORIENTED_EDGE('',*,*,#13737,.F.);
#13754=ORIENTED_EDGE('',*,*,#13753,.F.);
#13755=ORIENTED_EDGE('',*,*,#9660,.T.);
#13757=ORIENTED_EDGE('',*,*,#13756,.F.);
#13758=EDGE_LOOP('',(#13752,#13754,#13755,#13757));
#13759=FACE_OUTER_BOUND('',#13758,.F.);
#13761=CARTESIAN_POINT('',(2.3E0,1.E0,-1.5E0));
#13762=DIRECTION('',(8.574929257125E-1,-5.144957554275E-1,0.E0));
#13763=DIRECTION('',(-5.144957554275E-1,-8.574929257125E-1,0.E0));
#13764=AXIS2_PLACEMENT_3D('',#13761,#13762,#13763);
#13765=PLANE('',#13764);
#13766=ORIENTED_EDGE('',*,*,#10085,.F.);
#13767=ORIENTED_EDGE('',*,*,#10905,.T.);
#13768=ORIENTED_EDGE('',*,*,#13753,.T.);
#13770=ORIENTED_EDGE('',*,*,#13769,.F.);
#13771=EDGE_LOOP('',(#13766,#13767,#13768,#13770));
#13772=FACE_OUTER_BOUND('',#13771,.F.);
#13774=CARTESIAN_POINT('',(2.E0,6.029857113691E-1,-1.5E0));
#13775=DIRECTION('',(0.E0,0.E0,-1.E0));
#13776=DIRECTION('',(1.E0,0.E0,0.E0));
#13777=AXIS2_PLACEMENT_3D('',#13774,#13775,#13776);
#13778=CYLINDRICAL_SURFACE('',#13777,5.298571136907E-2);
#13780=ORIENTED_EDGE('',*,*,#13779,.F.);
#13781=ORIENTED_EDGE('',*,*,#10087,.F.);
#13782=ORIENTED_EDGE('',*,*,#13769,.T.);
#13783=ORIENTED_EDGE('',*,*,#13742,.F.);
#13784=EDGE_LOOP('',(#13780,#13781,#13782,#13783));
#13785=FACE_OUTER_BOUND('',#13784,.F.);
#13787=CARTESIAN_POINT('',(1.954565127337E0,5.757247877714E-1,-1.5E0));
#13788=DIRECTION('',(-8.574929257125E-1,-5.144957554275E-1,0.E0));
#13789=DIRECTION('',(-5.144957554275E-1,8.574929257125E-1,0.E0));
#13790=AXIS2_PLACEMENT_3D('',#13787,#13788,#13789);
#13791=PLANE('',#13790);
#13792=ORIENTED_EDGE('',*,*,#10089,.F.);
#13793=ORIENTED_EDGE('',*,*,#13779,.T.);
#13794=ORIENTED_EDGE('',*,*,#13727,.T.);
#13795=ORIENTED_EDGE('',*,*,#10883,.F.);
#13796=EDGE_LOOP('',(#13792,#13793,#13794,#13795));
#13797=FACE_OUTER_BOUND('',#13796,.F.);
#13799=CARTESIAN_POINT('',(2.045434872663E0,-5.757247877714E-1,-1.5E0));
#13800=DIRECTION('',(8.574929257125E-1,5.144957554275E-1,0.E0));
#13801=DIRECTION('',(5.144957554275E-1,-8.574929257125E-1,0.E0));
#13802=AXIS2_PLACEMENT_3D('',#13799,#13800,#13801);
#13803=PLANE('',#13802);
#13804=ORIENTED_EDGE('',*,*,#10346,.F.);
#13806=ORIENTED_EDGE('',*,*,#13805,.T.);
#13807=ORIENTED_EDGE('',*,*,#13756,.T.);
#13808=ORIENTED_EDGE('',*,*,#11429,.T.);
#13809=EDGE_LOOP('',(#13804,#13806,#13807,#13808));
#13810=FACE_OUTER_BOUND('',#13809,.F.);
#13812=CARTESIAN_POINT('',(2.E0,-6.029857113691E-1,-1.5E0));
#13813=DIRECTION('',(0.E0,0.E0,-1.E0));
#13814=DIRECTION('',(1.E0,0.E0,0.E0));
#13815=AXIS2_PLACEMENT_3D('',#13812,#13813,#13814);
#13816=CYLINDRICAL_SURFACE('',#13815,5.298571136907E-2);
#13817=ORIENTED_EDGE('',*,*,#13713,.T.);
#13818=ORIENTED_EDGE('',*,*,#13739,.F.);
#13819=ORIENTED_EDGE('',*,*,#13805,.F.);
#13820=ORIENTED_EDGE('',*,*,#10344,.F.);
#13821=EDGE_LOOP('',(#13817,#13818,#13819,#13820));
#13822=FACE_OUTER_BOUND('',#13821,.F.);
#13824=CARTESIAN_POINT('',(3.7E0,-1.E0,-1.5E0));
#13825=DIRECTION('',(-8.574929257125E-1,5.144957554275E-1,0.E0));
#13826=DIRECTION('',(5.144957554275E-1,8.574929257125E-1,0.E0));
#13827=AXIS2_PLACEMENT_3D('',#13824,#13825,#13826);
#13828=PLANE('',#13827);
#13829=ORIENTED_EDGE('',*,*,#10354,.F.);
#13830=ORIENTED_EDGE('',*,*,#11432,.F.);
#13832=ORIENTED_EDGE('',*,*,#13831,.T.);
#13834=ORIENTED_EDGE('',*,*,#13833,.F.);
#13835=EDGE_LOOP('',(#13829,#13830,#13832,#13834));
#13836=FACE_OUTER_BOUND('',#13835,.F.);
#13838=CARTESIAN_POINT('',(3.954565127337E0,1.E0,-4.242752122286E-1));
#13839=DIRECTION('',(-8.574929257125E-1,0.E0,-5.144957554275E-1));
#13840=DIRECTION('',(-5.144957554275E-1,0.E0,8.574929257125E-1));
#13841=AXIS2_PLACEMENT_3D('',#13838,#13839,#13840);
#13842=PLANE('',#13841);
#13844=ORIENTED_EDGE('',*,*,#13843,.T.);
#13845=ORIENTED_EDGE('',*,*,#13831,.F.);
#13846=ORIENTED_EDGE('',*,*,#9656,.F.);
#13848=ORIENTED_EDGE('',*,*,#13847,.F.);
#13849=EDGE_LOOP('',(#13844,#13845,#13846,#13848));
#13850=FACE_OUTER_BOUND('',#13849,.F.);
#13852=CARTESIAN_POINT('',(4.E0,1.E0,-3.970142886309E-1));
#13853=DIRECTION('',(0.E0,1.E0,0.E0));
#13854=DIRECTION('',(1.E0,0.E0,0.E0));
#13855=AXIS2_PLACEMENT_3D('',#13852,#13853,#13854);
#13856=CYLINDRICAL_SURFACE('',#13855,5.298571136907E-2);
#13858=ORIENTED_EDGE('',*,*,#13857,.T.);
#13860=ORIENTED_EDGE('',*,*,#13859,.T.);
#13861=ORIENTED_EDGE('',*,*,#13843,.F.);
#13863=ORIENTED_EDGE('',*,*,#13862,.T.);
#13864=EDGE_LOOP('',(#13858,#13860,#13861,#13863));
#13865=FACE_OUTER_BOUND('',#13864,.F.);
#13867=CARTESIAN_POINT('',(4.3E0,1.E0,0.E0));
#13868=DIRECTION('',(8.574929257125E-1,0.E0,-5.144957554275E-1));
#13869=DIRECTION('',(-5.144957554275E-1,0.E0,-8.574929257125E-1));
#13870=AXIS2_PLACEMENT_3D('',#13867,#13868,#13869);
#13871=PLANE('',#13870);
#13872=ORIENTED_EDGE('',*,*,#13857,.F.);
#13874=ORIENTED_EDGE('',*,*,#13873,.F.);
#13875=ORIENTED_EDGE('',*,*,#9686,.T.);
#13877=ORIENTED_EDGE('',*,*,#13876,.F.);
#13878=EDGE_LOOP('',(#13872,#13874,#13875,#13877));
#13879=FACE_OUTER_BOUND('',#13878,.F.);
#13881=CARTESIAN_POINT('',(4.3E0,1.E0,-1.5E0));
#13882=DIRECTION('',(8.574929257125E-1,-5.144957554275E-1,0.E0));
#13883=DIRECTION('',(-5.144957554275E-1,-8.574929257125E-1,0.E0));
#13884=AXIS2_PLACEMENT_3D('',#13881,#13882,#13883);
#13885=PLANE('',#13884);
#13886=ORIENTED_EDGE('',*,*,#10073,.F.);
#13887=ORIENTED_EDGE('',*,*,#10924,.T.);
#13888=ORIENTED_EDGE('',*,*,#13873,.T.);
#13890=ORIENTED_EDGE('',*,*,#13889,.F.);
#13891=EDGE_LOOP('',(#13886,#13887,#13888,#13890));
#13892=FACE_OUTER_BOUND('',#13891,.F.);
#13894=CARTESIAN_POINT('',(4.E0,6.029857113691E-1,-1.5E0));
#13895=DIRECTION('',(0.E0,0.E0,-1.E0));
#13896=DIRECTION('',(1.E0,0.E0,0.E0));
#13897=AXIS2_PLACEMENT_3D('',#13894,#13895,#13896);
#13898=CYLINDRICAL_SURFACE('',#13897,5.298571136907E-2);
#13900=ORIENTED_EDGE('',*,*,#13899,.F.);
#13901=ORIENTED_EDGE('',*,*,#10075,.F.);
#13902=ORIENTED_EDGE('',*,*,#13889,.T.);
#13903=ORIENTED_EDGE('',*,*,#13862,.F.);
#13904=EDGE_LOOP('',(#13900,#13901,#13902,#13903));
#13905=FACE_OUTER_BOUND('',#13904,.F.);
#13907=CARTESIAN_POINT('',(3.954565127337E0,5.757247877714E-1,-1.5E0));
#13908=DIRECTION('',(-8.574929257125E-1,-5.144957554275E-1,0.E0));
#13909=DIRECTION('',(-5.144957554275E-1,8.574929257125E-1,0.E0));
#13910=AXIS2_PLACEMENT_3D('',#13907,#13908,#13909);
#13911=PLANE('',#13910);
#13912=ORIENTED_EDGE('',*,*,#10077,.F.);
#13913=ORIENTED_EDGE('',*,*,#13899,.T.);
#13914=ORIENTED_EDGE('',*,*,#13847,.T.);
#13915=ORIENTED_EDGE('',*,*,#10902,.F.);
#13916=EDGE_LOOP('',(#13912,#13913,#13914,#13915));
#13917=FACE_OUTER_BOUND('',#13916,.F.);
#13919=CARTESIAN_POINT('',(4.045434872663E0,-5.757247877714E-1,-1.5E0));
#13920=DIRECTION('',(8.574929257125E-1,5.144957554275E-1,0.E0));
#13921=DIRECTION('',(5.144957554275E-1,-8.574929257125E-1,0.E0));
#13922=AXIS2_PLACEMENT_3D('',#13919,#13920,#13921);
#13923=PLANE('',#13922);
#13924=ORIENTED_EDGE('',*,*,#10358,.F.);
#13926=ORIENTED_EDGE('',*,*,#13925,.T.);
#13927=ORIENTED_EDGE('',*,*,#13876,.T.);
#13928=ORIENTED_EDGE('',*,*,#11448,.T.);
#13929=EDGE_LOOP('',(#13924,#13926,#13927,#13928));
#13930=FACE_OUTER_BOUND('',#13929,.F.);
#13932=CARTESIAN_POINT('',(4.E0,-6.029857113691E-1,-1.5E0));
#13933=DIRECTION('',(0.E0,0.E0,-1.E0));
#13934=DIRECTION('',(1.E0,0.E0,0.E0));
#13935=AXIS2_PLACEMENT_3D('',#13932,#13933,#13934);
#13936=CYLINDRICAL_SURFACE('',#13935,5.298571136907E-2);
#13937=ORIENTED_EDGE('',*,*,#13833,.T.);
#13938=ORIENTED_EDGE('',*,*,#13859,.F.);
#13939=ORIENTED_EDGE('',*,*,#13925,.F.);
#13940=ORIENTED_EDGE('',*,*,#10356,.F.);
#13941=EDGE_LOOP('',(#13937,#13938,#13939,#13940));
#13942=FACE_OUTER_BOUND('',#13941,.F.);
#13944=CARTESIAN_POINT('',(5.7E0,-1.E0,-1.5E0));
#13945=DIRECTION('',(-8.574929257125E-1,5.144957554275E-1,0.E0));
#13946=DIRECTION('',(5.144957554275E-1,8.574929257125E-1,0.E0));
#13947=AXIS2_PLACEMENT_3D('',#13944,#13945,#13946);
#13948=PLANE('',#13947);
#13949=ORIENTED_EDGE('',*,*,#10366,.F.);
#13950=ORIENTED_EDGE('',*,*,#11451,.F.);
#13952=ORIENTED_EDGE('',*,*,#13951,.T.);
#13954=ORIENTED_EDGE('',*,*,#13953,.F.);
#13955=EDGE_LOOP('',(#13949,#13950,#13952,#13954));
#13956=FACE_OUTER_BOUND('',#13955,.F.);
#13958=CARTESIAN_POINT('',(5.954565127337E0,1.E0,-4.242752122286E-1));
#13959=DIRECTION('',(-8.574929257125E-1,0.E0,-5.144957554275E-1));
#13960=DIRECTION('',(-5.144957554275E-1,0.E0,8.574929257125E-1));
#13961=AXIS2_PLACEMENT_3D('',#13958,#13959,#13960);
#13962=PLANE('',#13961);
#13964=ORIENTED_EDGE('',*,*,#13963,.T.);
#13965=ORIENTED_EDGE('',*,*,#13951,.F.);
#13966=ORIENTED_EDGE('',*,*,#9682,.F.);
#13968=ORIENTED_EDGE('',*,*,#13967,.F.);
#13969=EDGE_LOOP('',(#13964,#13965,#13966,#13968));
#13970=FACE_OUTER_BOUND('',#13969,.F.);
#13972=CARTESIAN_POINT('',(6.E0,1.E0,-3.970142886309E-1));
#13973=DIRECTION('',(0.E0,1.E0,0.E0));
#13974=DIRECTION('',(1.E0,0.E0,0.E0));
#13975=AXIS2_PLACEMENT_3D('',#13972,#13973,#13974);
#13976=CYLINDRICAL_SURFACE('',#13975,5.298571136907E-2);
#13978=ORIENTED_EDGE('',*,*,#13977,.T.);
#13980=ORIENTED_EDGE('',*,*,#13979,.T.);
#13981=ORIENTED_EDGE('',*,*,#13963,.F.);
#13983=ORIENTED_EDGE('',*,*,#13982,.T.);
#13984=EDGE_LOOP('',(#13978,#13980,#13981,#13983));
#13985=FACE_OUTER_BOUND('',#13984,.F.);
#13987=CARTESIAN_POINT('',(6.3E0,1.E0,0.E0));
#13988=DIRECTION('',(8.574929257125E-1,0.E0,-5.144957554275E-1));
#13989=DIRECTION('',(-5.144957554275E-1,0.E0,-8.574929257125E-1));
#13990=AXIS2_PLACEMENT_3D('',#13987,#13988,#13989);
#13991=PLANE('',#13990);
#13992=ORIENTED_EDGE('',*,*,#13977,.F.);
#13994=ORIENTED_EDGE('',*,*,#13993,.F.);
#13995=ORIENTED_EDGE('',*,*,#9712,.T.);
#13997=ORIENTED_EDGE('',*,*,#13996,.F.);
#13998=EDGE_LOOP('',(#13992,#13994,#13995,#13997));
#13999=FACE_OUTER_BOUND('',#13998,.F.);
#14001=CARTESIAN_POINT('',(6.3E0,1.E0,-1.5E0));
#14002=DIRECTION('',(8.574929257125E-1,-5.144957554275E-1,0.E0));
#14003=DIRECTION('',(-5.144957554275E-1,-8.574929257125E-1,0.E0));
#14004=AXIS2_PLACEMENT_3D('',#14001,#14002,#14003);
#14005=PLANE('',#14004);
#14006=ORIENTED_EDGE('',*,*,#10061,.F.);
#14007=ORIENTED_EDGE('',*,*,#10943,.T.);
#14008=ORIENTED_EDGE('',*,*,#13993,.T.);
#14010=ORIENTED_EDGE('',*,*,#14009,.F.);
#14011=EDGE_LOOP('',(#14006,#14007,#14008,#14010));
#14012=FACE_OUTER_BOUND('',#14011,.F.);
#14014=CARTESIAN_POINT('',(6.E0,6.029857113691E-1,-1.5E0));
#14015=DIRECTION('',(0.E0,0.E0,-1.E0));
#14016=DIRECTION('',(1.E0,0.E0,0.E0));
#14017=AXIS2_PLACEMENT_3D('',#14014,#14015,#14016);
#14018=CYLINDRICAL_SURFACE('',#14017,5.298571136907E-2);
#14020=ORIENTED_EDGE('',*,*,#14019,.F.);
#14021=ORIENTED_EDGE('',*,*,#10063,.F.);
#14022=ORIENTED_EDGE('',*,*,#14009,.T.);
#14023=ORIENTED_EDGE('',*,*,#13982,.F.);
#14024=EDGE_LOOP('',(#14020,#14021,#14022,#14023));
#14025=FACE_OUTER_BOUND('',#14024,.F.);
#14027=CARTESIAN_POINT('',(5.954565127337E0,5.757247877714E-1,-1.5E0));
#14028=DIRECTION('',(-8.574929257125E-1,-5.144957554275E-1,0.E0));
#14029=DIRECTION('',(-5.144957554275E-1,8.574929257125E-1,0.E0));
#14030=AXIS2_PLACEMENT_3D('',#14027,#14028,#14029);
#14031=PLANE('',#14030);
#14032=ORIENTED_EDGE('',*,*,#10065,.F.);
#14033=ORIENTED_EDGE('',*,*,#14019,.T.);
#14034=ORIENTED_EDGE('',*,*,#13967,.T.);
#14035=ORIENTED_EDGE('',*,*,#10921,.F.);
#14036=EDGE_LOOP('',(#14032,#14033,#14034,#14035));
#14037=FACE_OUTER_BOUND('',#14036,.F.);
#14039=CARTESIAN_POINT('',(6.045434872663E0,-5.757247877714E-1,-1.5E0));
#14040=DIRECTION('',(8.574929257125E-1,5.144957554275E-1,0.E0));
#14041=DIRECTION('',(5.144957554275E-1,-8.574929257125E-1,0.E0));
#14042=AXIS2_PLACEMENT_3D('',#14039,#14040,#14041);
#14043=PLANE('',#14042);
#14044=ORIENTED_EDGE('',*,*,#10370,.F.);
#14046=ORIENTED_EDGE('',*,*,#14045,.T.);
#14047=ORIENTED_EDGE('',*,*,#13996,.T.);
#14048=ORIENTED_EDGE('',*,*,#11467,.T.);
#14049=EDGE_LOOP('',(#14044,#14046,#14047,#14048));
#14050=FACE_OUTER_BOUND('',#14049,.F.);
#14052=CARTESIAN_POINT('',(6.E0,-6.029857113691E-1,-1.5E0));
#14053=DIRECTION('',(0.E0,0.E0,-1.E0));
#14054=DIRECTION('',(1.E0,0.E0,0.E0));
#14055=AXIS2_PLACEMENT_3D('',#14052,#14053,#14054);
#14056=CYLINDRICAL_SURFACE('',#14055,5.298571136907E-2);
#14057=ORIENTED_EDGE('',*,*,#13953,.T.);
#14058=ORIENTED_EDGE('',*,*,#13979,.F.);
#14059=ORIENTED_EDGE('',*,*,#14045,.F.);
#14060=ORIENTED_EDGE('',*,*,#10368,.F.);
#14061=EDGE_LOOP('',(#14057,#14058,#14059,#14060));
#14062=FACE_OUTER_BOUND('',#14061,.F.);
#14064=CARTESIAN_POINT('',(7.7E0,-1.E0,-1.5E0));
#14065=DIRECTION('',(-8.574929257125E-1,5.144957554275E-1,0.E0));
#14066=DIRECTION('',(5.144957554275E-1,8.574929257125E-1,0.E0));
#14067=AXIS2_PLACEMENT_3D('',#14064,#14065,#14066);
#14068=PLANE('',#14067);
#14069=ORIENTED_EDGE('',*,*,#10378,.F.);
#14070=ORIENTED_EDGE('',*,*,#11470,.F.);
#14072=ORIENTED_EDGE('',*,*,#14071,.T.);
#14074=ORIENTED_EDGE('',*,*,#14073,.F.);
#14075=EDGE_LOOP('',(#14069,#14070,#14072,#14074));
#14076=FACE_OUTER_BOUND('',#14075,.F.);
#14078=CARTESIAN_POINT('',(7.954565127337E0,1.E0,-4.242752122286E-1));
#14079=DIRECTION('',(-8.574929257125E-1,0.E0,-5.144957554275E-1));
#14080=DIRECTION('',(-5.144957554275E-1,0.E0,8.574929257125E-1));
#14081=AXIS2_PLACEMENT_3D('',#14078,#14079,#14080);
#14082=PLANE('',#14081);
#14084=ORIENTED_EDGE('',*,*,#14083,.T.);
#14085=ORIENTED_EDGE('',*,*,#14071,.F.);
#14086=ORIENTED_EDGE('',*,*,#9708,.F.);
#14088=ORIENTED_EDGE('',*,*,#14087,.F.);
#14089=EDGE_LOOP('',(#14084,#14085,#14086,#14088));
#14090=FACE_OUTER_BOUND('',#14089,.F.);
#14092=CARTESIAN_POINT('',(8.E0,1.E0,-3.970142886309E-1));
#14093=DIRECTION('',(0.E0,1.E0,0.E0));
#14094=DIRECTION('',(1.E0,0.E0,0.E0));
#14095=AXIS2_PLACEMENT_3D('',#14092,#14093,#14094);
#14096=CYLINDRICAL_SURFACE('',#14095,5.298571136907E-2);
#14098=ORIENTED_EDGE('',*,*,#14097,.T.);
#14100=ORIENTED_EDGE('',*,*,#14099,.T.);
#14101=ORIENTED_EDGE('',*,*,#14083,.F.);
#14103=ORIENTED_EDGE('',*,*,#14102,.T.);
#14104=EDGE_LOOP('',(#14098,#14100,#14101,#14103));
#14105=FACE_OUTER_BOUND('',#14104,.F.);
#14107=CARTESIAN_POINT('',(8.3E0,1.E0,0.E0));
#14108=DIRECTION('',(8.574929257125E-1,0.E0,-5.144957554275E-1));
#14109=DIRECTION('',(-5.144957554275E-1,0.E0,-8.574929257125E-1));
#14110=AXIS2_PLACEMENT_3D('',#14107,#14108,#14109);
#14111=PLANE('',#14110);
#14112=ORIENTED_EDGE('',*,*,#14097,.F.);
#14114=ORIENTED_EDGE('',*,*,#14113,.F.);
#14115=ORIENTED_EDGE('',*,*,#9738,.T.);
#14117=ORIENTED_EDGE('',*,*,#14116,.F.);
#14118=EDGE_LOOP('',(#14112,#14114,#14115,#14117));
#14119=FACE_OUTER_BOUND('',#14118,.F.);
#14121=CARTESIAN_POINT('',(8.3E0,1.E0,-1.5E0));
#14122=DIRECTION('',(8.574929257125E-1,-5.144957554275E-1,0.E0));
#14123=DIRECTION('',(-5.144957554275E-1,-8.574929257125E-1,0.E0));
#14124=AXIS2_PLACEMENT_3D('',#14121,#14122,#14123);
#14125=PLANE('',#14124);
#14126=ORIENTED_EDGE('',*,*,#10049,.F.);
#14127=ORIENTED_EDGE('',*,*,#10962,.T.);
#14128=ORIENTED_EDGE('',*,*,#14113,.T.);
#14130=ORIENTED_EDGE('',*,*,#14129,.F.);
#14131=EDGE_LOOP('',(#14126,#14127,#14128,#14130));
#14132=FACE_OUTER_BOUND('',#14131,.F.);
#14134=CARTESIAN_POINT('',(8.E0,6.029857113691E-1,-1.5E0));
#14135=DIRECTION('',(0.E0,0.E0,-1.E0));
#14136=DIRECTION('',(1.E0,0.E0,0.E0));
#14137=AXIS2_PLACEMENT_3D('',#14134,#14135,#14136);
#14138=CYLINDRICAL_SURFACE('',#14137,5.298571136907E-2);
#14140=ORIENTED_EDGE('',*,*,#14139,.F.);
#14141=ORIENTED_EDGE('',*,*,#10051,.F.);
#14142=ORIENTED_EDGE('',*,*,#14129,.T.);
#14143=ORIENTED_EDGE('',*,*,#14102,.F.);
#14144=EDGE_LOOP('',(#14140,#14141,#14142,#14143));
#14145=FACE_OUTER_BOUND('',#14144,.F.);
#14147=CARTESIAN_POINT('',(7.954565127337E0,5.757247877714E-1,-1.5E0));
#14148=DIRECTION('',(-8.574929257125E-1,-5.144957554275E-1,0.E0));
#14149=DIRECTION('',(-5.144957554275E-1,8.574929257125E-1,0.E0));
#14150=AXIS2_PLACEMENT_3D('',#14147,#14148,#14149);
#14151=PLANE('',#14150);
#14152=ORIENTED_EDGE('',*,*,#10053,.F.);
#14153=ORIENTED_EDGE('',*,*,#14139,.T.);
#14154=ORIENTED_EDGE('',*,*,#14087,.T.);
#14155=ORIENTED_EDGE('',*,*,#10940,.F.);
#14156=EDGE_LOOP('',(#14152,#14153,#14154,#14155));
#14157=FACE_OUTER_BOUND('',#14156,.F.);
#14159=CARTESIAN_POINT('',(8.045434872663E0,-5.757247877714E-1,-1.5E0));
#14160=DIRECTION('',(8.574929257125E-1,5.144957554275E-1,0.E0));
#14161=DIRECTION('',(5.144957554275E-1,-8.574929257125E-1,0.E0));
#14162=AXIS2_PLACEMENT_3D('',#14159,#14160,#14161);
#14163=PLANE('',#14162);
#14164=ORIENTED_EDGE('',*,*,#10382,.F.);
#14166=ORIENTED_EDGE('',*,*,#14165,.T.);
#14167=ORIENTED_EDGE('',*,*,#14116,.T.);
#14168=ORIENTED_EDGE('',*,*,#11486,.T.);
#14169=EDGE_LOOP('',(#14164,#14166,#14167,#14168));
#14170=FACE_OUTER_BOUND('',#14169,.F.);
#14172=CARTESIAN_POINT('',(8.E0,-6.029857113691E-1,-1.5E0));
#14173=DIRECTION('',(0.E0,0.E0,-1.E0));
#14174=DIRECTION('',(1.E0,0.E0,0.E0));
#14175=AXIS2_PLACEMENT_3D('',#14172,#14173,#14174);
#14176=CYLINDRICAL_SURFACE('',#14175,5.298571136907E-2);
#14177=ORIENTED_EDGE('',*,*,#14073,.T.);
#14178=ORIENTED_EDGE('',*,*,#14099,.F.);
#14179=ORIENTED_EDGE('',*,*,#14165,.F.);
#14180=ORIENTED_EDGE('',*,*,#10380,.F.);
#14181=EDGE_LOOP('',(#14177,#14178,#14179,#14180));
#14182=FACE_OUTER_BOUND('',#14181,.F.);
#14184=CARTESIAN_POINT('',(9.7E0,-1.E0,-1.5E0));
#14185=DIRECTION('',(-8.574929257125E-1,5.144957554275E-1,0.E0));
#14186=DIRECTION('',(5.144957554275E-1,8.574929257125E-1,0.E0));
#14187=AXIS2_PLACEMENT_3D('',#14184,#14185,#14186);
#14188=PLANE('',#14187);
#14189=ORIENTED_EDGE('',*,*,#10390,.F.);
#14190=ORIENTED_EDGE('',*,*,#11489,.F.);
#14192=ORIENTED_EDGE('',*,*,#14191,.T.);
#14194=ORIENTED_EDGE('',*,*,#14193,.F.);
#14195=EDGE_LOOP('',(#14189,#14190,#14192,#14194));
#14196=FACE_OUTER_BOUND('',#14195,.F.);
#14198=CARTESIAN_POINT('',(9.954565127337E0,1.E0,-4.242752122286E-1));
#14199=DIRECTION('',(-8.574929257125E-1,0.E0,-5.144957554275E-1));
#14200=DIRECTION('',(-5.144957554275E-1,0.E0,8.574929257125E-1));
#14201=AXIS2_PLACEMENT_3D('',#14198,#14199,#14200);
#14202=PLANE('',#14201);
#14204=ORIENTED_EDGE('',*,*,#14203,.T.);
#14205=ORIENTED_EDGE('',*,*,#14191,.F.);
#14206=ORIENTED_EDGE('',*,*,#9734,.F.);
#14208=ORIENTED_EDGE('',*,*,#14207,.F.);
#14209=EDGE_LOOP('',(#14204,#14205,#14206,#14208));
#14210=FACE_OUTER_BOUND('',#14209,.F.);
#14212=CARTESIAN_POINT('',(1.E1,1.E0,-3.970142886309E-1));
#14213=DIRECTION('',(0.E0,1.E0,0.E0));
#14214=DIRECTION('',(1.E0,0.E0,0.E0));
#14215=AXIS2_PLACEMENT_3D('',#14212,#14213,#14214);
#14216=CYLINDRICAL_SURFACE('',#14215,5.298571136907E-2);
#14218=ORIENTED_EDGE('',*,*,#14217,.T.);
#14220=ORIENTED_EDGE('',*,*,#14219,.T.);
#14221=ORIENTED_EDGE('',*,*,#14203,.F.);
#14223=ORIENTED_EDGE('',*,*,#14222,.T.);
#14224=EDGE_LOOP('',(#14218,#14220,#14221,#14223));
#14225=FACE_OUTER_BOUND('',#14224,.F.);
#14227=CARTESIAN_POINT('',(1.03E1,1.E0,0.E0));
#14228=DIRECTION('',(8.574929257125E-1,0.E0,-5.144957554275E-1));
#14229=DIRECTION('',(-5.144957554275E-1,0.E0,-8.574929257125E-1));
#14230=AXIS2_PLACEMENT_3D('',#14227,#14228,#14229);
#14231=PLANE('',#14230);
#14232=ORIENTED_EDGE('',*,*,#14217,.F.);
#14234=ORIENTED_EDGE('',*,*,#14233,.F.);
#14235=ORIENTED_EDGE('',*,*,#9764,.T.);
#14237=ORIENTED_EDGE('',*,*,#14236,.F.);
#14238=EDGE_LOOP('',(#14232,#14234,#14235,#14237));
#14239=FACE_OUTER_BOUND('',#14238,.F.);
#14241=CARTESIAN_POINT('',(1.03E1,1.E0,-1.5E0));
#14242=DIRECTION('',(8.574929257125E-1,-5.144957554275E-1,0.E0));
#14243=DIRECTION('',(-5.144957554275E-1,-8.574929257125E-1,0.E0));
#14244=AXIS2_PLACEMENT_3D('',#14241,#14242,#14243);
#14245=PLANE('',#14244);
#14246=ORIENTED_EDGE('',*,*,#10037,.F.);
#14247=ORIENTED_EDGE('',*,*,#10981,.T.);
#14248=ORIENTED_EDGE('',*,*,#14233,.T.);
#14250=ORIENTED_EDGE('',*,*,#14249,.F.);
#14251=EDGE_LOOP('',(#14246,#14247,#14248,#14250));
#14252=FACE_OUTER_BOUND('',#14251,.F.);
#14254=CARTESIAN_POINT('',(1.E1,6.029857113691E-1,-1.5E0));
#14255=DIRECTION('',(0.E0,0.E0,-1.E0));
#14256=DIRECTION('',(1.E0,0.E0,0.E0));
#14257=AXIS2_PLACEMENT_3D('',#14254,#14255,#14256);
#14258=CYLINDRICAL_SURFACE('',#14257,5.298571136907E-2);
#14260=ORIENTED_EDGE('',*,*,#14259,.F.);
#14261=ORIENTED_EDGE('',*,*,#10039,.F.);
#14262=ORIENTED_EDGE('',*,*,#14249,.T.);
#14263=ORIENTED_EDGE('',*,*,#14222,.F.);
#14264=EDGE_LOOP('',(#14260,#14261,#14262,#14263));
#14265=FACE_OUTER_BOUND('',#14264,.F.);
#14267=CARTESIAN_POINT('',(9.954565127337E0,5.757247877714E-1,-1.5E0));
#14268=DIRECTION('',(-8.574929257125E-1,-5.144957554275E-1,0.E0));
#14269=DIRECTION('',(-5.144957554275E-1,8.574929257125E-1,0.E0));
#14270=AXIS2_PLACEMENT_3D('',#14267,#14268,#14269);
#14271=PLANE('',#14270);
#14272=ORIENTED_EDGE('',*,*,#10041,.F.);
#14273=ORIENTED_EDGE('',*,*,#14259,.T.);
#14274=ORIENTED_EDGE('',*,*,#14207,.T.);
#14275=ORIENTED_EDGE('',*,*,#10959,.F.);
#14276=EDGE_LOOP('',(#14272,#14273,#14274,#14275));
#14277=FACE_OUTER_BOUND('',#14276,.F.);
#14279=CARTESIAN_POINT('',(1.004543487266E1,-5.757247877714E-1,-1.5E0));
#14280=DIRECTION('',(8.574929257125E-1,5.144957554275E-1,0.E0));
#14281=DIRECTION('',(5.144957554275E-1,-8.574929257125E-1,0.E0));
#14282=AXIS2_PLACEMENT_3D('',#14279,#14280,#14281);
#14283=PLANE('',#14282);
#14284=ORIENTED_EDGE('',*,*,#10394,.F.);
#14286=ORIENTED_EDGE('',*,*,#14285,.T.);
#14287=ORIENTED_EDGE('',*,*,#14236,.T.);
#14288=ORIENTED_EDGE('',*,*,#11505,.T.);
#14289=EDGE_LOOP('',(#14284,#14286,#14287,#14288));
#14290=FACE_OUTER_BOUND('',#14289,.F.);
#14292=CARTESIAN_POINT('',(1.E1,-6.029857113691E-1,-1.5E0));
#14293=DIRECTION('',(0.E0,0.E0,-1.E0));
#14294=DIRECTION('',(1.E0,0.E0,0.E0));
#14295=AXIS2_PLACEMENT_3D('',#14292,#14293,#14294);
#14296=CYLINDRICAL_SURFACE('',#14295,5.298571136907E-2);
#14297=ORIENTED_EDGE('',*,*,#14193,.T.);
#14298=ORIENTED_EDGE('',*,*,#14219,.F.);
#14299=ORIENTED_EDGE('',*,*,#14285,.F.);
#14300=ORIENTED_EDGE('',*,*,#10392,.F.);
#14301=EDGE_LOOP('',(#14297,#14298,#14299,#14300));
#14302=FACE_OUTER_BOUND('',#14301,.F.);
#14304=CARTESIAN_POINT('',(1.17E1,-1.E0,-1.5E0));
#14305=DIRECTION('',(-8.574929257125E-1,5.144957554275E-1,0.E0));
#14306=DIRECTION('',(5.144957554275E-1,8.574929257125E-1,0.E0));
#14307=AXIS2_PLACEMENT_3D('',#14304,#14305,#14306);
#14308=PLANE('',#14307);
#14309=ORIENTED_EDGE('',*,*,#10402,.F.);
#14310=ORIENTED_EDGE('',*,*,#11508,.F.);
#14312=ORIENTED_EDGE('',*,*,#14311,.T.);
#14314=ORIENTED_EDGE('',*,*,#14313,.F.);
#14315=EDGE_LOOP('',(#14309,#14310,#14312,#14314));
#14316=FACE_OUTER_BOUND('',#14315,.F.);
#14318=CARTESIAN_POINT('',(1.195456512734E1,1.E0,-4.242752122286E-1));
#14319=DIRECTION('',(-8.574929257125E-1,0.E0,-5.144957554275E-1));
#14320=DIRECTION('',(-5.144957554275E-1,0.E0,8.574929257125E-1));
#14321=AXIS2_PLACEMENT_3D('',#14318,#14319,#14320);
#14322=PLANE('',#14321);
#14324=ORIENTED_EDGE('',*,*,#14323,.T.);
#14325=ORIENTED_EDGE('',*,*,#14311,.F.);
#14326=ORIENTED_EDGE('',*,*,#9760,.F.);
#14328=ORIENTED_EDGE('',*,*,#14327,.F.);
#14329=EDGE_LOOP('',(#14324,#14325,#14326,#14328));
#14330=FACE_OUTER_BOUND('',#14329,.F.);
#14332=CARTESIAN_POINT('',(1.2E1,1.E0,-3.970142886309E-1));
#14333=DIRECTION('',(0.E0,1.E0,0.E0));
#14334=DIRECTION('',(1.E0,0.E0,0.E0));
#14335=AXIS2_PLACEMENT_3D('',#14332,#14333,#14334);
#14336=CYLINDRICAL_SURFACE('',#14335,5.298571136907E-2);
#14338=ORIENTED_EDGE('',*,*,#14337,.T.);
#14340=ORIENTED_EDGE('',*,*,#14339,.T.);
#14341=ORIENTED_EDGE('',*,*,#14323,.F.);
#14343=ORIENTED_EDGE('',*,*,#14342,.T.);
#14344=EDGE_LOOP('',(#14338,#14340,#14341,#14343));
#14345=FACE_OUTER_BOUND('',#14344,.F.);
#14347=CARTESIAN_POINT('',(1.23E1,1.E0,0.E0));
#14348=DIRECTION('',(8.574929257125E-1,0.E0,-5.144957554275E-1));
#14349=DIRECTION('',(-5.144957554275E-1,0.E0,-8.574929257125E-1));
#14350=AXIS2_PLACEMENT_3D('',#14347,#14348,#14349);
#14351=PLANE('',#14350);
#14352=ORIENTED_EDGE('',*,*,#14337,.F.);
#14354=ORIENTED_EDGE('',*,*,#14353,.F.);
#14355=ORIENTED_EDGE('',*,*,#9790,.T.);
#14357=ORIENTED_EDGE('',*,*,#14356,.F.);
#14358=EDGE_LOOP('',(#14352,#14354,#14355,#14357));
#14359=FACE_OUTER_BOUND('',#14358,.F.);
#14361=CARTESIAN_POINT('',(1.23E1,1.E0,-1.5E0));
#14362=DIRECTION('',(8.574929257125E-1,-5.144957554275E-1,0.E0));
#14363=DIRECTION('',(-5.144957554275E-1,-8.574929257125E-1,0.E0));
#14364=AXIS2_PLACEMENT_3D('',#14361,#14362,#14363);
#14365=PLANE('',#14364);
#14366=ORIENTED_EDGE('',*,*,#10025,.F.);
#14367=ORIENTED_EDGE('',*,*,#11000,.T.);
#14368=ORIENTED_EDGE('',*,*,#14353,.T.);
#14370=ORIENTED_EDGE('',*,*,#14369,.F.);
#14371=EDGE_LOOP('',(#14366,#14367,#14368,#14370));
#14372=FACE_OUTER_BOUND('',#14371,.F.);
#14374=CARTESIAN_POINT('',(1.2E1,6.029857113691E-1,-1.5E0));
#14375=DIRECTION('',(0.E0,0.E0,-1.E0));
#14376=DIRECTION('',(1.E0,0.E0,0.E0));
#14377=AXIS2_PLACEMENT_3D('',#14374,#14375,#14376);
#14378=CYLINDRICAL_SURFACE('',#14377,5.298571136907E-2);
#14379=ORIENTED_EDGE('',*,*,#14342,.F.);
#14381=ORIENTED_EDGE('',*,*,#14380,.F.);
#14382=ORIENTED_EDGE('',*,*,#10027,.F.);
#14383=ORIENTED_EDGE('',*,*,#14369,.T.);
#14384=EDGE_LOOP('',(#14379,#14381,#14382,#14383));
#14385=FACE_OUTER_BOUND('',#14384,.F.);
#14387=CARTESIAN_POINT('',(1.195456512734E1,5.757247877714E-1,-1.5E0));
#14388=DIRECTION('',(-8.574929257125E-1,-5.144957554275E-1,0.E0));
#14389=DIRECTION('',(-5.144957554275E-1,8.574929257125E-1,0.E0));
#14390=AXIS2_PLACEMENT_3D('',#14387,#14388,#14389);
#14391=PLANE('',#14390);
#14392=ORIENTED_EDGE('',*,*,#10029,.F.);
#14393=ORIENTED_EDGE('',*,*,#14380,.T.);
#14394=ORIENTED_EDGE('',*,*,#14327,.T.);
#14395=ORIENTED_EDGE('',*,*,#10978,.F.);
#14396=EDGE_LOOP('',(#14392,#14393,#14394,#14395));
#14397=FACE_OUTER_BOUND('',#14396,.F.);
#14399=CARTESIAN_POINT('',(1.204543487266E1,-5.757247877714E-1,-1.5E0));
#14400=DIRECTION('',(8.574929257125E-1,5.144957554275E-1,0.E0));
#14401=DIRECTION('',(5.144957554275E-1,-8.574929257125E-1,0.E0));
#14402=AXIS2_PLACEMENT_3D('',#14399,#14400,#14401);
#14403=PLANE('',#14402);
#14404=ORIENTED_EDGE('',*,*,#10406,.F.);
#14406=ORIENTED_EDGE('',*,*,#14405,.T.);
#14407=ORIENTED_EDGE('',*,*,#14356,.T.);
#14408=ORIENTED_EDGE('',*,*,#11524,.T.);
#14409=EDGE_LOOP('',(#14404,#14406,#14407,#14408));
#14410=FACE_OUTER_BOUND('',#14409,.F.);
#14412=CARTESIAN_POINT('',(1.2E1,-6.029857113691E-1,-1.5E0));
#14413=DIRECTION('',(0.E0,0.E0,-1.E0));
#14414=DIRECTION('',(1.E0,0.E0,0.E0));
#14415=AXIS2_PLACEMENT_3D('',#14412,#14413,#14414);
#14416=CYLINDRICAL_SURFACE('',#14415,5.298571136907E-2);
#14417=ORIENTED_EDGE('',*,*,#14339,.F.);
#14418=ORIENTED_EDGE('',*,*,#14405,.F.);
#14419=ORIENTED_EDGE('',*,*,#10404,.F.);
#14420=ORIENTED_EDGE('',*,*,#14313,.T.);
#14421=EDGE_LOOP('',(#14417,#14418,#14419,#14420));
#14422=FACE_OUTER_BOUND('',#14421,.F.);
#14424=CARTESIAN_POINT('',(1.37E1,-1.E0,-1.5E0));
#14425=DIRECTION('',(-8.574929257125E-1,5.144957554275E-1,0.E0));
#14426=DIRECTION('',(5.144957554275E-1,8.574929257125E-1,0.E0));
#14427=AXIS2_PLACEMENT_3D('',#14424,#14425,#14426);
#14428=PLANE('',#14427);
#14429=ORIENTED_EDGE('',*,*,#10414,.F.);
#14430=ORIENTED_EDGE('',*,*,#11527,.F.);
#14432=ORIENTED_EDGE('',*,*,#14431,.T.);
#14434=ORIENTED_EDGE('',*,*,#14433,.F.);
#14435=EDGE_LOOP('',(#14429,#14430,#14432,#14434));
#14436=FACE_OUTER_BOUND('',#14435,.F.);
#14438=CARTESIAN_POINT('',(1.395456512734E1,1.E0,-4.242752122286E-1));
#14439=DIRECTION('',(-8.574929257125E-1,0.E0,-5.144957554275E-1));
#14440=DIRECTION('',(-5.144957554275E-1,0.E0,8.574929257125E-1));
#14441=AXIS2_PLACEMENT_3D('',#14438,#14439,#14440);
#14442=PLANE('',#14441);
#14444=ORIENTED_EDGE('',*,*,#14443,.T.);
#14445=ORIENTED_EDGE('',*,*,#14431,.F.);
#14446=ORIENTED_EDGE('',*,*,#9786,.F.);
#14448=ORIENTED_EDGE('',*,*,#14447,.F.);
#14449=EDGE_LOOP('',(#14444,#14445,#14446,#14448));
#14450=FACE_OUTER_BOUND('',#14449,.F.);
#14452=CARTESIAN_POINT('',(1.4E1,1.E0,-3.970142886309E-1));
#14453=DIRECTION('',(0.E0,1.E0,0.E0));
#14454=DIRECTION('',(1.E0,0.E0,0.E0));
#14455=AXIS2_PLACEMENT_3D('',#14452,#14453,#14454);
#14456=CYLINDRICAL_SURFACE('',#14455,5.298571136907E-2);
#14458=ORIENTED_EDGE('',*,*,#14457,.T.);
#14460=ORIENTED_EDGE('',*,*,#14459,.T.);
#14461=ORIENTED_EDGE('',*,*,#14443,.F.);
#14463=ORIENTED_EDGE('',*,*,#14462,.T.);
#14464=EDGE_LOOP('',(#14458,#14460,#14461,#14463));
#14465=FACE_OUTER_BOUND('',#14464,.F.);
#14467=CARTESIAN_POINT('',(1.43E1,1.E0,0.E0));
#14468=DIRECTION('',(8.574929257125E-1,0.E0,-5.144957554275E-1));
#14469=DIRECTION('',(-5.144957554275E-1,0.E0,-8.574929257125E-1));
#14470=AXIS2_PLACEMENT_3D('',#14467,#14468,#14469);
#14471=PLANE('',#14470);
#14472=ORIENTED_EDGE('',*,*,#14457,.F.);
#14474=ORIENTED_EDGE('',*,*,#14473,.F.);
#14475=ORIENTED_EDGE('',*,*,#9816,.T.);
#14477=ORIENTED_EDGE('',*,*,#14476,.F.);
#14478=EDGE_LOOP('',(#14472,#14474,#14475,#14477));
#14479=FACE_OUTER_BOUND('',#14478,.F.);
#14481=CARTESIAN_POINT('',(1.43E1,1.E0,-1.5E0));
#14482=DIRECTION('',(8.574929257125E-1,-5.144957554275E-1,0.E0));
#14483=DIRECTION('',(-5.144957554275E-1,-8.574929257125E-1,0.E0));
#14484=AXIS2_PLACEMENT_3D('',#14481,#14482,#14483);
#14485=PLANE('',#14484);
#14486=ORIENTED_EDGE('',*,*,#10013,.F.);
#14487=ORIENTED_EDGE('',*,*,#11019,.T.);
#14488=ORIENTED_EDGE('',*,*,#14473,.T.);
#14490=ORIENTED_EDGE('',*,*,#14489,.F.);
#14491=EDGE_LOOP('',(#14486,#14487,#14488,#14490));
#14492=FACE_OUTER_BOUND('',#14491,.F.);
#14494=CARTESIAN_POINT('',(1.4E1,6.029857113691E-1,-1.5E0));
#14495=DIRECTION('',(0.E0,0.E0,-1.E0));
#14496=DIRECTION('',(1.E0,0.E0,0.E0));
#14497=AXIS2_PLACEMENT_3D('',#14494,#14495,#14496);
#14498=CYLINDRICAL_SURFACE('',#14497,5.298571136907E-2);
#14499=ORIENTED_EDGE('',*,*,#14462,.F.);
#14501=ORIENTED_EDGE('',*,*,#14500,.F.);
#14502=ORIENTED_EDGE('',*,*,#10015,.F.);
#14503=ORIENTED_EDGE('',*,*,#14489,.T.);
#14504=EDGE_LOOP('',(#14499,#14501,#14502,#14503));
#14505=FACE_OUTER_BOUND('',#14504,.F.);
#14507=CARTESIAN_POINT('',(1.395456512734E1,5.757247877714E-1,-1.5E0));
#14508=DIRECTION('',(-8.574929257125E-1,-5.144957554275E-1,0.E0));
#14509=DIRECTION('',(-5.144957554275E-1,8.574929257125E-1,0.E0));
#14510=AXIS2_PLACEMENT_3D('',#14507,#14508,#14509);
#14511=PLANE('',#14510);
#14512=ORIENTED_EDGE('',*,*,#10017,.F.);
#14513=ORIENTED_EDGE('',*,*,#14500,.T.);
#14514=ORIENTED_EDGE('',*,*,#14447,.T.);
#14515=ORIENTED_EDGE('',*,*,#10997,.F.);
#14516=EDGE_LOOP('',(#14512,#14513,#14514,#14515));
#14517=FACE_OUTER_BOUND('',#14516,.F.);
#14519=CARTESIAN_POINT('',(1.404543487266E1,-5.757247877714E-1,-1.5E0));
#14520=DIRECTION('',(8.574929257125E-1,5.144957554275E-1,0.E0));
#14521=DIRECTION('',(5.144957554275E-1,-8.574929257125E-1,0.E0));
#14522=AXIS2_PLACEMENT_3D('',#14519,#14520,#14521);
#14523=PLANE('',#14522);
#14524=ORIENTED_EDGE('',*,*,#10418,.F.);
#14526=ORIENTED_EDGE('',*,*,#14525,.T.);
#14527=ORIENTED_EDGE('',*,*,#14476,.T.);
#14528=ORIENTED_EDGE('',*,*,#11543,.T.);
#14529=EDGE_LOOP('',(#14524,#14526,#14527,#14528));
#14530=FACE_OUTER_BOUND('',#14529,.F.);
#14532=CARTESIAN_POINT('',(1.4E1,-6.029857113691E-1,-1.5E0));
#14533=DIRECTION('',(0.E0,0.E0,-1.E0));
#14534=DIRECTION('',(1.E0,0.E0,0.E0));
#14535=AXIS2_PLACEMENT_3D('',#14532,#14533,#14534);
#14536=CYLINDRICAL_SURFACE('',#14535,5.298571136907E-2);
#14537=ORIENTED_EDGE('',*,*,#14459,.F.);
#14538=ORIENTED_EDGE('',*,*,#14525,.F.);
#14539=ORIENTED_EDGE('',*,*,#10416,.F.);
#14540=ORIENTED_EDGE('',*,*,#14433,.T.);
#14541=EDGE_LOOP('',(#14537,#14538,#14539,#14540));
#14542=FACE_OUTER_BOUND('',#14541,.F.);
#14544=CARTESIAN_POINT('',(1.57E1,-1.E0,-1.5E0));
#14545=DIRECTION('',(-8.574929257125E-1,5.144957554275E-1,0.E0));
#14546=DIRECTION('',(5.144957554275E-1,8.574929257125E-1,0.E0));
#14547=AXIS2_PLACEMENT_3D('',#14544,#14545,#14546);
#14548=PLANE('',#14547);
#14549=ORIENTED_EDGE('',*,*,#10426,.F.);
#14550=ORIENTED_EDGE('',*,*,#11546,.F.);
#14552=ORIENTED_EDGE('',*,*,#14551,.T.);
#14554=ORIENTED_EDGE('',*,*,#14553,.F.);
#14555=EDGE_LOOP('',(#14549,#14550,#14552,#14554));
#14556=FACE_OUTER_BOUND('',#14555,.F.);
#14558=CARTESIAN_POINT('',(1.595456512734E1,1.E0,-4.242752122286E-1));
#14559=DIRECTION('',(-8.574929257125E-1,0.E0,-5.144957554275E-1));
#14560=DIRECTION('',(-5.144957554275E-1,0.E0,8.574929257125E-1));
#14561=AXIS2_PLACEMENT_3D('',#14558,#14559,#14560);
#14562=PLANE('',#14561);
#14564=ORIENTED_EDGE('',*,*,#14563,.T.);
#14565=ORIENTED_EDGE('',*,*,#14551,.F.);
#14566=ORIENTED_EDGE('',*,*,#9812,.F.);
#14568=ORIENTED_EDGE('',*,*,#14567,.F.);
#14569=EDGE_LOOP('',(#14564,#14565,#14566,#14568));
#14570=FACE_OUTER_BOUND('',#14569,.F.);
#14572=CARTESIAN_POINT('',(1.6E1,1.E0,-3.970142886309E-1));
#14573=DIRECTION('',(0.E0,1.E0,0.E0));
#14574=DIRECTION('',(1.E0,0.E0,0.E0));
#14575=AXIS2_PLACEMENT_3D('',#14572,#14573,#14574);
#14576=CYLINDRICAL_SURFACE('',#14575,5.298571136907E-2);
#14578=ORIENTED_EDGE('',*,*,#14577,.T.);
#14580=ORIENTED_EDGE('',*,*,#14579,.T.);
#14581=ORIENTED_EDGE('',*,*,#14563,.F.);
#14583=ORIENTED_EDGE('',*,*,#14582,.T.);
#14584=EDGE_LOOP('',(#14578,#14580,#14581,#14583));
#14585=FACE_OUTER_BOUND('',#14584,.F.);
#14587=CARTESIAN_POINT('',(1.63E1,1.E0,0.E0));
#14588=DIRECTION('',(8.574929257125E-1,0.E0,-5.144957554275E-1));
#14589=DIRECTION('',(-5.144957554275E-1,0.E0,-8.574929257125E-1));
#14590=AXIS2_PLACEMENT_3D('',#14587,#14588,#14589);
#14591=PLANE('',#14590);
#14592=ORIENTED_EDGE('',*,*,#14577,.F.);
#14594=ORIENTED_EDGE('',*,*,#14593,.F.);
#14595=ORIENTED_EDGE('',*,*,#9842,.T.);
#14597=ORIENTED_EDGE('',*,*,#14596,.F.);
#14598=EDGE_LOOP('',(#14592,#14594,#14595,#14597));
#14599=FACE_OUTER_BOUND('',#14598,.F.);
#14601=CARTESIAN_POINT('',(1.63E1,1.E0,-1.5E0));
#14602=DIRECTION('',(8.574929257125E-1,-5.144957554275E-1,0.E0));
#14603=DIRECTION('',(-5.144957554275E-1,-8.574929257125E-1,0.E0));
#14604=AXIS2_PLACEMENT_3D('',#14601,#14602,#14603);
#14605=PLANE('',#14604);
#14606=ORIENTED_EDGE('',*,*,#10001,.F.);
#14607=ORIENTED_EDGE('',*,*,#11038,.T.);
#14608=ORIENTED_EDGE('',*,*,#14593,.T.);
#14610=ORIENTED_EDGE('',*,*,#14609,.F.);
#14611=EDGE_LOOP('',(#14606,#14607,#14608,#14610));
#14612=FACE_OUTER_BOUND('',#14611,.F.);
#14614=CARTESIAN_POINT('',(1.6E1,6.029857113691E-1,-1.5E0));
#14615=DIRECTION('',(0.E0,0.E0,-1.E0));
#14616=DIRECTION('',(1.E0,0.E0,0.E0));
#14617=AXIS2_PLACEMENT_3D('',#14614,#14615,#14616);
#14618=CYLINDRICAL_SURFACE('',#14617,5.298571136907E-2);
#14619=ORIENTED_EDGE('',*,*,#14582,.F.);
#14621=ORIENTED_EDGE('',*,*,#14620,.F.);
#14622=ORIENTED_EDGE('',*,*,#10003,.F.);
#14623=ORIENTED_EDGE('',*,*,#14609,.T.);
#14624=EDGE_LOOP('',(#14619,#14621,#14622,#14623));
#14625=FACE_OUTER_BOUND('',#14624,.F.);
#14627=CARTESIAN_POINT('',(1.595456512734E1,5.757247877714E-1,-1.5E0));
#14628=DIRECTION('',(-8.574929257125E-1,-5.144957554275E-1,0.E0));
#14629=DIRECTION('',(-5.144957554275E-1,8.574929257125E-1,0.E0));
#14630=AXIS2_PLACEMENT_3D('',#14627,#14628,#14629);
#14631=PLANE('',#14630);
#14632=ORIENTED_EDGE('',*,*,#10005,.F.);
#14633=ORIENTED_EDGE('',*,*,#14620,.T.);
#14634=ORIENTED_EDGE('',*,*,#14567,.T.);
#14635=ORIENTED_EDGE('',*,*,#11016,.F.);
#14636=EDGE_LOOP('',(#14632,#14633,#14634,#14635));
#14637=FACE_OUTER_BOUND('',#14636,.F.);
#14639=CARTESIAN_POINT('',(1.604543487266E1,-5.757247877714E-1,-1.5E0));
#14640=DIRECTION('',(8.574929257125E-1,5.144957554275E-1,0.E0));
#14641=DIRECTION('',(5.144957554275E-1,-8.574929257125E-1,0.E0));
#14642=AXIS2_PLACEMENT_3D('',#14639,#14640,#14641);
#14643=PLANE('',#14642);
#14644=ORIENTED_EDGE('',*,*,#10430,.F.);
#14646=ORIENTED_EDGE('',*,*,#14645,.T.);
#14647=ORIENTED_EDGE('',*,*,#14596,.T.);
#14648=ORIENTED_EDGE('',*,*,#11562,.T.);
#14649=EDGE_LOOP('',(#14644,#14646,#14647,#14648));
#14650=FACE_OUTER_BOUND('',#14649,.F.);
#14652=CARTESIAN_POINT('',(1.6E1,-6.029857113691E-1,-1.5E0));
#14653=DIRECTION('',(0.E0,0.E0,-1.E0));
#14654=DIRECTION('',(1.E0,0.E0,0.E0));
#14655=AXIS2_PLACEMENT_3D('',#14652,#14653,#14654);
#14656=CYLINDRICAL_SURFACE('',#14655,5.298571136907E-2);
#14657=ORIENTED_EDGE('',*,*,#14579,.F.);
#14658=ORIENTED_EDGE('',*,*,#14645,.F.);
#14659=ORIENTED_EDGE('',*,*,#10428,.F.);
#14660=ORIENTED_EDGE('',*,*,#14553,.T.);
#14661=EDGE_LOOP('',(#14657,#14658,#14659,#14660));
#14662=FACE_OUTER_BOUND('',#14661,.F.);
#14664=CARTESIAN_POINT('',(1.77E1,-1.E0,-1.5E0));
#14665=DIRECTION('',(-8.574929257125E-1,5.144957554275E-1,0.E0));
#14666=DIRECTION('',(5.144957554275E-1,8.574929257125E-1,0.E0));
#14667=AXIS2_PLACEMENT_3D('',#14664,#14665,#14666);
#14668=PLANE('',#14667);
#14669=ORIENTED_EDGE('',*,*,#10438,.F.);
#14670=ORIENTED_EDGE('',*,*,#11565,.F.);
#14672=ORIENTED_EDGE('',*,*,#14671,.T.);
#14674=ORIENTED_EDGE('',*,*,#14673,.F.);
#14675=EDGE_LOOP('',(#14669,#14670,#14672,#14674));
#14676=FACE_OUTER_BOUND('',#14675,.F.);
#14678=CARTESIAN_POINT('',(1.795456512734E1,1.E0,-4.242752122286E-1));
#14679=DIRECTION('',(-8.574929257125E-1,0.E0,-5.144957554275E-1));
#14680=DIRECTION('',(-5.144957554275E-1,0.E0,8.574929257125E-1));
#14681=AXIS2_PLACEMENT_3D('',#14678,#14679,#14680);
#14682=PLANE('',#14681);
#14684=ORIENTED_EDGE('',*,*,#14683,.T.);
#14685=ORIENTED_EDGE('',*,*,#14671,.F.);
#14686=ORIENTED_EDGE('',*,*,#9838,.F.);
#14688=ORIENTED_EDGE('',*,*,#14687,.F.);
#14689=EDGE_LOOP('',(#14684,#14685,#14686,#14688));
#14690=FACE_OUTER_BOUND('',#14689,.F.);
#14692=CARTESIAN_POINT('',(1.8E1,1.E0,-3.970142886309E-1));
#14693=DIRECTION('',(0.E0,1.E0,0.E0));
#14694=DIRECTION('',(1.E0,0.E0,0.E0));
#14695=AXIS2_PLACEMENT_3D('',#14692,#14693,#14694);
#14696=CYLINDRICAL_SURFACE('',#14695,5.298571136907E-2);
#14698=ORIENTED_EDGE('',*,*,#14697,.T.);
#14700=ORIENTED_EDGE('',*,*,#14699,.T.);
#14701=ORIENTED_EDGE('',*,*,#14683,.F.);
#14703=ORIENTED_EDGE('',*,*,#14702,.T.);
#14704=EDGE_LOOP('',(#14698,#14700,#14701,#14703));
#14705=FACE_OUTER_BOUND('',#14704,.F.);
#14707=CARTESIAN_POINT('',(1.83E1,1.E0,0.E0));
#14708=DIRECTION('',(8.574929257125E-1,0.E0,-5.144957554275E-1));
#14709=DIRECTION('',(-5.144957554275E-1,0.E0,-8.574929257125E-1));
#14710=AXIS2_PLACEMENT_3D('',#14707,#14708,#14709);
#14711=PLANE('',#14710);
#14712=ORIENTED_EDGE('',*,*,#14697,.F.);
#14714=ORIENTED_EDGE('',*,*,#14713,.F.);
#14715=ORIENTED_EDGE('',*,*,#9868,.T.);
#14717=ORIENTED_EDGE('',*,*,#14716,.F.);
#14718=EDGE_LOOP('',(#14712,#14714,#14715,#14717));
#14719=FACE_OUTER_BOUND('',#14718,.F.);
#14721=CARTESIAN_POINT('',(1.83E1,1.E0,-1.5E0));
#14722=DIRECTION('',(8.574929257125E-1,-5.144957554275E-1,0.E0));
#14723=DIRECTION('',(-5.144957554275E-1,-8.574929257125E-1,0.E0));
#14724=AXIS2_PLACEMENT_3D('',#14721,#14722,#14723);
#14725=PLANE('',#14724);
#14726=ORIENTED_EDGE('',*,*,#9989,.F.);
#14727=ORIENTED_EDGE('',*,*,#11056,.T.);
#14728=ORIENTED_EDGE('',*,*,#14713,.T.);
#14730=ORIENTED_EDGE('',*,*,#14729,.F.);
#14731=EDGE_LOOP('',(#14726,#14727,#14728,#14730));
#14732=FACE_OUTER_BOUND('',#14731,.F.);
#14734=CARTESIAN_POINT('',(1.8E1,6.029857113691E-1,-1.5E0));
#14735=DIRECTION('',(0.E0,0.E0,-1.E0));
#14736=DIRECTION('',(1.E0,0.E0,0.E0));
#14737=AXIS2_PLACEMENT_3D('',#14734,#14735,#14736);
#14738=CYLINDRICAL_SURFACE('',#14737,5.298571136907E-2);
#14739=ORIENTED_EDGE('',*,*,#14702,.F.);
#14741=ORIENTED_EDGE('',*,*,#14740,.F.);
#14742=ORIENTED_EDGE('',*,*,#9991,.F.);
#14743=ORIENTED_EDGE('',*,*,#14729,.T.);
#14744=EDGE_LOOP('',(#14739,#14741,#14742,#14743));
#14745=FACE_OUTER_BOUND('',#14744,.F.);
#14747=CARTESIAN_POINT('',(1.795456512734E1,5.757247877714E-1,-1.5E0));
#14748=DIRECTION('',(-8.574929257125E-1,-5.144957554275E-1,0.E0));
#14749=DIRECTION('',(-5.144957554275E-1,8.574929257125E-1,0.E0));
#14750=AXIS2_PLACEMENT_3D('',#14747,#14748,#14749);
#14751=PLANE('',#14750);
#14752=ORIENTED_EDGE('',*,*,#9993,.F.);
#14753=ORIENTED_EDGE('',*,*,#14740,.T.);
#14754=ORIENTED_EDGE('',*,*,#14687,.T.);
#14755=ORIENTED_EDGE('',*,*,#11035,.F.);
#14756=EDGE_LOOP('',(#14752,#14753,#14754,#14755));
#14757=FACE_OUTER_BOUND('',#14756,.F.);
#14759=CARTESIAN_POINT('',(1.804543487266E1,-5.757247877714E-1,-1.5E0));
#14760=DIRECTION('',(8.574929257125E-1,5.144957554275E-1,0.E0));
#14761=DIRECTION('',(5.144957554275E-1,-8.574929257125E-1,0.E0));
#14762=AXIS2_PLACEMENT_3D('',#14759,#14760,#14761);
#14763=PLANE('',#14762);
#14764=ORIENTED_EDGE('',*,*,#10442,.F.);
#14766=ORIENTED_EDGE('',*,*,#14765,.T.);
#14767=ORIENTED_EDGE('',*,*,#14716,.T.);
#14768=ORIENTED_EDGE('',*,*,#11581,.T.);
#14769=EDGE_LOOP('',(#14764,#14766,#14767,#14768));
#14770=FACE_OUTER_BOUND('',#14769,.F.);
#14772=CARTESIAN_POINT('',(1.8E1,-6.029857113691E-1,-1.5E0));
#14773=DIRECTION('',(0.E0,0.E0,-1.E0));
#14774=DIRECTION('',(1.E0,0.E0,0.E0));
#14775=AXIS2_PLACEMENT_3D('',#14772,#14773,#14774);
#14776=CYLINDRICAL_SURFACE('',#14775,5.298571136907E-2);
#14777=ORIENTED_EDGE('',*,*,#14699,.F.);
#14778=ORIENTED_EDGE('',*,*,#14765,.F.);
#14779=ORIENTED_EDGE('',*,*,#10440,.F.);
#14780=ORIENTED_EDGE('',*,*,#14673,.T.);
#14781=EDGE_LOOP('',(#14777,#14778,#14779,#14780));
#14782=FACE_OUTER_BOUND('',#14781,.F.);
#14784=CARTESIAN_POINT('',(-1.77E1,1.E0,-1.5E0));
#14785=DIRECTION('',(1.E0,0.E0,0.E0));
#14786=DIRECTION('',(0.E0,-1.E0,0.E0));
#14787=AXIS2_PLACEMENT_3D('',#14784,#14785,#14786);
#14788=PLANE('',#14787);
#14789=ORIENTED_EDGE('',*,*,#10718,.T.);
#14790=ORIENTED_EDGE('',*,*,#10202,.T.);
#14792=ORIENTED_EDGE('',*,*,#14791,.T.);
#14794=ORIENTED_EDGE('',*,*,#14793,.T.);
#14795=EDGE_LOOP('',(#14789,#14790,#14792,#14794));
#14796=FACE_OUTER_BOUND('',#14795,.F.);
#14798=CARTESIAN_POINT('',(-2.E1,6.E-1,-1.15E0));
#14799=DIRECTION('',(0.E0,-1.E0,0.E0));
#14800=DIRECTION('',(0.E0,0.E0,-1.E0));
#14801=AXIS2_PLACEMENT_3D('',#14798,#14799,#14800);
#14802=PLANE('',#14801);
#14804=ORIENTED_EDGE('',*,*,#14803,.T.);
#14806=ORIENTED_EDGE('',*,*,#14805,.F.);
#14807=ORIENTED_EDGE('',*,*,#14791,.F.);
#14808=ORIENTED_EDGE('',*,*,#10200,.T.);
#14809=EDGE_LOOP('',(#14804,#14806,#14807,#14808));
#14810=FACE_OUTER_BOUND('',#14809,.F.);
#14812=CARTESIAN_POINT('',(-2.E1,6.E-1,-1.15E0));
#14813=DIRECTION('',(0.E0,-1.E0,0.E0));
#14814=DIRECTION('',(0.E0,0.E0,-1.E0));
#14815=AXIS2_PLACEMENT_3D('',#14812,#14813,#14814);
#14816=PLANE('',#14815);
#14818=ORIENTED_EDGE('',*,*,#14817,.T.);
#14820=ORIENTED_EDGE('',*,*,#14819,.F.);
#14822=ORIENTED_EDGE('',*,*,#14821,.F.);
#14823=ORIENTED_EDGE('',*,*,#10189,.T.);
#14824=EDGE_LOOP('',(#14818,#14820,#14822,#14823));
#14825=FACE_OUTER_BOUND('',#14824,.F.);
#14827=CARTESIAN_POINT('',(-2.E1,6.E-1,-1.15E0));
#14828=DIRECTION('',(0.E0,-1.E0,0.E0));
#14829=DIRECTION('',(0.E0,0.E0,-1.E0));
#14830=AXIS2_PLACEMENT_3D('',#14827,#14828,#14829);
#14831=PLANE('',#14830);
#14833=ORIENTED_EDGE('',*,*,#14832,.T.);
#14835=ORIENTED_EDGE('',*,*,#14834,.F.);
#14837=ORIENTED_EDGE('',*,*,#14836,.F.);
#14838=ORIENTED_EDGE('',*,*,#10177,.T.);
#14839=EDGE_LOOP('',(#14833,#14835,#14837,#14838));
#14840=FACE_OUTER_BOUND('',#14839,.F.);
#14842=CARTESIAN_POINT('',(-2.E1,6.E-1,-1.15E0));
#14843=DIRECTION('',(0.E0,-1.E0,0.E0));
#14844=DIRECTION('',(0.E0,0.E0,-1.E0));
#14845=AXIS2_PLACEMENT_3D('',#14842,#14843,#14844);
#14846=PLANE('',#14845);
#14848=ORIENTED_EDGE('',*,*,#14847,.T.);
#14850=ORIENTED_EDGE('',*,*,#14849,.F.);
#14852=ORIENTED_EDGE('',*,*,#14851,.F.);
#14853=ORIENTED_EDGE('',*,*,#10165,.T.);
#14854=EDGE_LOOP('',(#14848,#14850,#14852,#14853));
#14855=FACE_OUTER_BOUND('',#14854,.F.);
#14857=CARTESIAN_POINT('',(-2.E1,6.E-1,-1.15E0));
#14858=DIRECTION('',(0.E0,-1.E0,0.E0));
#14859=DIRECTION('',(0.E0,0.E0,-1.E0));
#14860=AXIS2_PLACEMENT_3D('',#14857,#14858,#14859);
#14861=PLANE('',#14860);
#14863=ORIENTED_EDGE('',*,*,#14862,.T.);
#14865=ORIENTED_EDGE('',*,*,#14864,.F.);
#14867=ORIENTED_EDGE('',*,*,#14866,.F.);
#14868=ORIENTED_EDGE('',*,*,#10153,.T.);
#14869=EDGE_LOOP('',(#14863,#14865,#14867,#14868));
#14870=FACE_OUTER_BOUND('',#14869,.F.);
#14872=CARTESIAN_POINT('',(-2.E1,6.E-1,-1.15E0));
#14873=DIRECTION('',(0.E0,-1.E0,0.E0));
#14874=DIRECTION('',(0.E0,0.E0,-1.E0));
#14875=AXIS2_PLACEMENT_3D('',#14872,#14873,#14874);
#14876=PLANE('',#14875);
#14878=ORIENTED_EDGE('',*,*,#14877,.T.);
#14880=ORIENTED_EDGE('',*,*,#14879,.F.);
#14882=ORIENTED_EDGE('',*,*,#14881,.F.);
#14883=ORIENTED_EDGE('',*,*,#10141,.T.);
#14884=EDGE_LOOP('',(#14878,#14880,#14882,#14883));
#14885=FACE_OUTER_BOUND('',#14884,.F.);
#14887=CARTESIAN_POINT('',(-2.E1,6.E-1,-1.15E0));
#14888=DIRECTION('',(0.E0,-1.E0,0.E0));
#14889=DIRECTION('',(0.E0,0.E0,-1.E0));
#14890=AXIS2_PLACEMENT_3D('',#14887,#14888,#14889);
#14891=PLANE('',#14890);
#14893=ORIENTED_EDGE('',*,*,#14892,.T.);
#14895=ORIENTED_EDGE('',*,*,#14894,.F.);
#14897=ORIENTED_EDGE('',*,*,#14896,.F.);
#14898=ORIENTED_EDGE('',*,*,#10129,.T.);
#14899=EDGE_LOOP('',(#14893,#14895,#14897,#14898));
#14900=FACE_OUTER_BOUND('',#14899,.F.);
#14902=CARTESIAN_POINT('',(-2.E1,6.E-1,-1.15E0));
#14903=DIRECTION('',(0.E0,-1.E0,0.E0));
#14904=DIRECTION('',(0.E0,0.E0,-1.E0));
#14905=AXIS2_PLACEMENT_3D('',#14902,#14903,#14904);
#14906=PLANE('',#14905);
#14908=ORIENTED_EDGE('',*,*,#14907,.T.);
#14910=ORIENTED_EDGE('',*,*,#14909,.F.);
#14912=ORIENTED_EDGE('',*,*,#14911,.F.);
#14913=ORIENTED_EDGE('',*,*,#10117,.T.);
#14914=EDGE_LOOP('',(#14908,#14910,#14912,#14913));
#14915=FACE_OUTER_BOUND('',#14914,.F.);
#14917=CARTESIAN_POINT('',(-2.E1,6.E-1,-1.15E0));
#14918=DIRECTION('',(0.E0,-1.E0,0.E0));
#14919=DIRECTION('',(0.E0,0.E0,-1.E0));
#14920=AXIS2_PLACEMENT_3D('',#14917,#14918,#14919);
#14921=PLANE('',#14920);
#14923=ORIENTED_EDGE('',*,*,#14922,.T.);
#14925=ORIENTED_EDGE('',*,*,#14924,.F.);
#14927=ORIENTED_EDGE('',*,*,#14926,.F.);
#14928=ORIENTED_EDGE('',*,*,#10105,.T.);
#14929=EDGE_LOOP('',(#14923,#14925,#14927,#14928));
#14930=FACE_OUTER_BOUND('',#14929,.F.);
#14932=CARTESIAN_POINT('',(-2.E1,6.E-1,-1.15E0));
#14933=DIRECTION('',(0.E0,-1.E0,0.E0));
#14934=DIRECTION('',(0.E0,0.E0,-1.E0));
#14935=AXIS2_PLACEMENT_3D('',#14932,#14933,#14934);
#14936=PLANE('',#14935);
#14938=ORIENTED_EDGE('',*,*,#14937,.T.);
#14940=ORIENTED_EDGE('',*,*,#14939,.F.);
#14942=ORIENTED_EDGE('',*,*,#14941,.F.);
#14943=ORIENTED_EDGE('',*,*,#10093,.T.);
#14944=EDGE_LOOP('',(#14938,#14940,#14942,#14943));
#14945=FACE_OUTER_BOUND('',#14944,.F.);
#14947=CARTESIAN_POINT('',(-2.E1,6.E-1,-1.15E0));
#14948=DIRECTION('',(0.E0,-1.E0,0.E0));
#14949=DIRECTION('',(0.E0,0.E0,-1.E0));
#14950=AXIS2_PLACEMENT_3D('',#14947,#14948,#14949);
#14951=PLANE('',#14950);
#14953=ORIENTED_EDGE('',*,*,#14952,.T.);
#14955=ORIENTED_EDGE('',*,*,#14954,.F.);
#14957=ORIENTED_EDGE('',*,*,#14956,.F.);
#14958=ORIENTED_EDGE('',*,*,#10081,.T.);
#14959=EDGE_LOOP('',(#14953,#14955,#14957,#14958));
#14960=FACE_OUTER_BOUND('',#14959,.F.);
#14962=CARTESIAN_POINT('',(-2.E1,6.E-1,-1.15E0));
#14963=DIRECTION('',(0.E0,-1.E0,0.E0));
#14964=DIRECTION('',(0.E0,0.E0,-1.E0));
#14965=AXIS2_PLACEMENT_3D('',#14962,#14963,#14964);
#14966=PLANE('',#14965);
#14968=ORIENTED_EDGE('',*,*,#14967,.T.);
#14970=ORIENTED_EDGE('',*,*,#14969,.F.);
#14972=ORIENTED_EDGE('',*,*,#14971,.F.);
#14973=ORIENTED_EDGE('',*,*,#10069,.T.);
#14974=EDGE_LOOP('',(#14968,#14970,#14972,#14973));
#14975=FACE_OUTER_BOUND('',#14974,.F.);
#14977=CARTESIAN_POINT('',(-2.E1,6.E-1,-1.15E0));
#14978=DIRECTION('',(0.E0,-1.E0,0.E0));
#14979=DIRECTION('',(0.E0,0.E0,-1.E0));
#14980=AXIS2_PLACEMENT_3D('',#14977,#14978,#14979);
#14981=PLANE('',#14980);
#14983=ORIENTED_EDGE('',*,*,#14982,.T.);
#14985=ORIENTED_EDGE('',*,*,#14984,.F.);
#14987=ORIENTED_EDGE('',*,*,#14986,.F.);
#14988=ORIENTED_EDGE('',*,*,#10057,.T.);
#14989=EDGE_LOOP('',(#14983,#14985,#14987,#14988));
#14990=FACE_OUTER_BOUND('',#14989,.F.);
#14992=CARTESIAN_POINT('',(-2.E1,6.E-1,-1.15E0));
#14993=DIRECTION('',(0.E0,-1.E0,0.E0));
#14994=DIRECTION('',(0.E0,0.E0,-1.E0));
#14995=AXIS2_PLACEMENT_3D('',#14992,#14993,#14994);
#14996=PLANE('',#14995);
#14998=ORIENTED_EDGE('',*,*,#14997,.T.);
#15000=ORIENTED_EDGE('',*,*,#14999,.F.);
#15002=ORIENTED_EDGE('',*,*,#15001,.F.);
#15003=ORIENTED_EDGE('',*,*,#10045,.T.);
#15004=EDGE_LOOP('',(#14998,#15000,#15002,#15003));
#15005=FACE_OUTER_BOUND('',#15004,.F.);
#15007=CARTESIAN_POINT('',(-2.E1,6.E-1,-1.15E0));
#15008=DIRECTION('',(0.E0,-1.E0,0.E0));
#15009=DIRECTION('',(0.E0,0.E0,-1.E0));
#15010=AXIS2_PLACEMENT_3D('',#15007,#15008,#15009);
#15011=PLANE('',#15010);
#15013=ORIENTED_EDGE('',*,*,#15012,.T.);
#15015=ORIENTED_EDGE('',*,*,#15014,.F.);
#15017=ORIENTED_EDGE('',*,*,#15016,.F.);
#15018=ORIENTED_EDGE('',*,*,#10033,.T.);
#15019=EDGE_LOOP('',(#15013,#15015,#15017,#15018));
#15020=FACE_OUTER_BOUND('',#15019,.F.);
#15022=CARTESIAN_POINT('',(-2.E1,6.E-1,-1.15E0));
#15023=DIRECTION('',(0.E0,-1.E0,0.E0));
#15024=DIRECTION('',(0.E0,0.E0,-1.E0));
#15025=AXIS2_PLACEMENT_3D('',#15022,#15023,#15024);
#15026=PLANE('',#15025);
#15028=ORIENTED_EDGE('',*,*,#15027,.T.);
#15030=ORIENTED_EDGE('',*,*,#15029,.F.);
#15032=ORIENTED_EDGE('',*,*,#15031,.F.);
#15033=ORIENTED_EDGE('',*,*,#10021,.T.);
#15034=EDGE_LOOP('',(#15028,#15030,#15032,#15033));
#15035=FACE_OUTER_BOUND('',#15034,.F.);
#15037=CARTESIAN_POINT('',(-2.E1,6.E-1,-1.15E0));
#15038=DIRECTION('',(0.E0,-1.E0,0.E0));
#15039=DIRECTION('',(0.E0,0.E0,-1.E0));
#15040=AXIS2_PLACEMENT_3D('',#15037,#15038,#15039);
#15041=PLANE('',#15040);
#15043=ORIENTED_EDGE('',*,*,#15042,.T.);
#15045=ORIENTED_EDGE('',*,*,#15044,.F.);
#15047=ORIENTED_EDGE('',*,*,#15046,.F.);
#15048=ORIENTED_EDGE('',*,*,#10009,.T.);
#15049=EDGE_LOOP('',(#15043,#15045,#15047,#15048));
#15050=FACE_OUTER_BOUND('',#15049,.F.);
#15052=CARTESIAN_POINT('',(-2.E1,6.E-1,-1.15E0));
#15053=DIRECTION('',(0.E0,-1.E0,0.E0));
#15054=DIRECTION('',(0.E0,0.E0,-1.E0));
#15055=AXIS2_PLACEMENT_3D('',#15052,#15053,#15054);
#15056=PLANE('',#15055);
#15058=ORIENTED_EDGE('',*,*,#15057,.T.);
#15060=ORIENTED_EDGE('',*,*,#15059,.F.);
#15062=ORIENTED_EDGE('',*,*,#15061,.F.);
#15063=ORIENTED_EDGE('',*,*,#9997,.T.);
#15064=EDGE_LOOP('',(#15058,#15060,#15062,#15063));
#15065=FACE_OUTER_BOUND('',#15064,.F.);
#15067=CARTESIAN_POINT('',(-2.E1,6.E-1,-1.15E0));
#15068=DIRECTION('',(0.E0,-1.E0,0.E0));
#15069=DIRECTION('',(0.E0,0.E0,-1.E0));
#15070=AXIS2_PLACEMENT_3D('',#15067,#15068,#15069);
#15071=PLANE('',#15070);
#15073=ORIENTED_EDGE('',*,*,#15072,.T.);
#15075=ORIENTED_EDGE('',*,*,#15074,.F.);
#15077=ORIENTED_EDGE('',*,*,#15076,.F.);
#15078=ORIENTED_EDGE('',*,*,#9985,.T.);
#15079=EDGE_LOOP('',(#15073,#15075,#15077,#15078));
#15080=FACE_OUTER_BOUND('',#15079,.F.);
#15082=CARTESIAN_POINT('',(-2.E1,6.E-1,-1.15E0));
#15083=DIRECTION('',(0.E0,-1.E0,0.E0));
#15084=DIRECTION('',(0.E0,0.E0,-1.E0));
#15085=AXIS2_PLACEMENT_3D('',#15082,#15083,#15084);
#15086=PLANE('',#15085);
#15088=ORIENTED_EDGE('',*,*,#15087,.F.);
#15089=ORIENTED_EDGE('',*,*,#9320,.F.);
#15090=ORIENTED_EDGE('',*,*,#10212,.T.);
#15092=ORIENTED_EDGE('',*,*,#15091,.T.);
#15094=ORIENTED_EDGE('',*,*,#15093,.F.);
#15095=EDGE_LOOP('',(#15088,#15089,#15090,#15092,#15094));
#15096=FACE_OUTER_BOUND('',#15095,.F.);
#15098=CARTESIAN_POINT('',(-1.63E1,6.E-1,-1.5E0));
#15099=DIRECTION('',(-1.E0,0.E0,0.E0));
#15100=DIRECTION('',(0.E0,1.E0,0.E0));
#15101=AXIS2_PLACEMENT_3D('',#15098,#15099,#15100);
#15102=PLANE('',#15101);
#15103=ORIENTED_EDGE('',*,*,#10198,.T.);
#15104=ORIENTED_EDGE('',*,*,#10722,.F.);
#15106=ORIENTED_EDGE('',*,*,#15105,.F.);
#15107=ORIENTED_EDGE('',*,*,#14803,.F.);
#15108=EDGE_LOOP('',(#15103,#15104,#15106,#15107));
#15109=FACE_OUTER_BOUND('',#15108,.F.);
#15111=CARTESIAN_POINT('',(-2.E1,6.E-1,-1.5E0));
#15112=DIRECTION('',(0.E0,0.E0,-1.E0));
#15113=DIRECTION('',(0.E0,1.E0,0.E0));
#15114=AXIS2_PLACEMENT_3D('',#15111,#15112,#15113);
#15115=PLANE('',#15114);
#15116=ORIENTED_EDGE('',*,*,#15105,.T.);
#15117=ORIENTED_EDGE('',*,*,#10720,.F.);
#15118=ORIENTED_EDGE('',*,*,#14793,.F.);
#15119=ORIENTED_EDGE('',*,*,#14805,.T.);
#15120=EDGE_LOOP('',(#15116,#15117,#15118,#15119));
#15121=FACE_OUTER_BOUND('',#15120,.F.);
#15123=CARTESIAN_POINT('',(-2.E1,6.E-1,-1.5E0));
#15124=DIRECTION('',(0.E0,0.E0,-1.E0));
#15125=DIRECTION('',(0.E0,1.E0,0.E0));
#15126=AXIS2_PLACEMENT_3D('',#15123,#15124,#15125);
#15127=PLANE('',#15126);
#15129=ORIENTED_EDGE('',*,*,#15128,.T.);
#15130=ORIENTED_EDGE('',*,*,#10738,.F.);
#15132=ORIENTED_EDGE('',*,*,#15131,.F.);
#15133=ORIENTED_EDGE('',*,*,#14819,.T.);
#15134=EDGE_LOOP('',(#15129,#15130,#15132,#15133));
#15135=FACE_OUTER_BOUND('',#15134,.F.);
#15137=CARTESIAN_POINT('',(-2.E1,6.E-1,-1.5E0));
#15138=DIRECTION('',(0.E0,0.E0,-1.E0));
#15139=DIRECTION('',(0.E0,1.E0,0.E0));
#15140=AXIS2_PLACEMENT_3D('',#15137,#15138,#15139);
#15141=PLANE('',#15140);
#15143=ORIENTED_EDGE('',*,*,#15142,.T.);
#15144=ORIENTED_EDGE('',*,*,#10757,.F.);
#15146=ORIENTED_EDGE('',*,*,#15145,.F.);
#15147=ORIENTED_EDGE('',*,*,#14834,.T.);
#15148=EDGE_LOOP('',(#15143,#15144,#15146,#15147));
#15149=FACE_OUTER_BOUND('',#15148,.F.);
#15151=CARTESIAN_POINT('',(-2.E1,6.E-1,-1.5E0));
#15152=DIRECTION('',(0.E0,0.E0,-1.E0));
#15153=DIRECTION('',(0.E0,1.E0,0.E0));
#15154=AXIS2_PLACEMENT_3D('',#15151,#15152,#15153);
#15155=PLANE('',#15154);
#15157=ORIENTED_EDGE('',*,*,#15156,.T.);
#15158=ORIENTED_EDGE('',*,*,#10776,.F.);
#15160=ORIENTED_EDGE('',*,*,#15159,.F.);
#15161=ORIENTED_EDGE('',*,*,#14849,.T.);
#15162=EDGE_LOOP('',(#15157,#15158,#15160,#15161));
#15163=FACE_OUTER_BOUND('',#15162,.F.);
#15165=CARTESIAN_POINT('',(-2.E1,6.E-1,-1.5E0));
#15166=DIRECTION('',(0.E0,0.E0,-1.E0));
#15167=DIRECTION('',(0.E0,1.E0,0.E0));
#15168=AXIS2_PLACEMENT_3D('',#15165,#15166,#15167);
#15169=PLANE('',#15168);
#15171=ORIENTED_EDGE('',*,*,#15170,.T.);
#15172=ORIENTED_EDGE('',*,*,#10795,.F.);
#15174=ORIENTED_EDGE('',*,*,#15173,.F.);
#15175=ORIENTED_EDGE('',*,*,#14864,.T.);
#15176=EDGE_LOOP('',(#15171,#15172,#15174,#15175));
#15177=FACE_OUTER_BOUND('',#15176,.F.);
#15179=CARTESIAN_POINT('',(-2.E1,6.E-1,-1.5E0));
#15180=DIRECTION('',(0.E0,0.E0,-1.E0));
#15181=DIRECTION('',(0.E0,1.E0,0.E0));
#15182=AXIS2_PLACEMENT_3D('',#15179,#15180,#15181);
#15183=PLANE('',#15182);
#15185=ORIENTED_EDGE('',*,*,#15184,.T.);
#15186=ORIENTED_EDGE('',*,*,#10814,.F.);
#15188=ORIENTED_EDGE('',*,*,#15187,.F.);
#15189=ORIENTED_EDGE('',*,*,#14879,.T.);
#15190=EDGE_LOOP('',(#15185,#15186,#15188,#15189));
#15191=FACE_OUTER_BOUND('',#15190,.F.);
#15193=CARTESIAN_POINT('',(-2.E1,6.E-1,-1.5E0));
#15194=DIRECTION('',(0.E0,0.E0,-1.E0));
#15195=DIRECTION('',(0.E0,1.E0,0.E0));
#15196=AXIS2_PLACEMENT_3D('',#15193,#15194,#15195);
#15197=PLANE('',#15196);
#15199=ORIENTED_EDGE('',*,*,#15198,.T.);
#15200=ORIENTED_EDGE('',*,*,#10833,.F.);
#15202=ORIENTED_EDGE('',*,*,#15201,.F.);
#15203=ORIENTED_EDGE('',*,*,#14894,.T.);
#15204=EDGE_LOOP('',(#15199,#15200,#15202,#15203));
#15205=FACE_OUTER_BOUND('',#15204,.F.);
#15207=CARTESIAN_POINT('',(-2.E1,6.E-1,-1.5E0));
#15208=DIRECTION('',(0.E0,0.E0,-1.E0));
#15209=DIRECTION('',(0.E0,1.E0,0.E0));
#15210=AXIS2_PLACEMENT_3D('',#15207,#15208,#15209);
#15211=PLANE('',#15210);
#15213=ORIENTED_EDGE('',*,*,#15212,.T.);
#15214=ORIENTED_EDGE('',*,*,#10852,.F.);
#15216=ORIENTED_EDGE('',*,*,#15215,.F.);
#15217=ORIENTED_EDGE('',*,*,#14909,.T.);
#15218=EDGE_LOOP('',(#15213,#15214,#15216,#15217));
#15219=FACE_OUTER_BOUND('',#15218,.F.);
#15221=CARTESIAN_POINT('',(-2.E1,6.E-1,-1.5E0));
#15222=DIRECTION('',(0.E0,0.E0,-1.E0));
#15223=DIRECTION('',(0.E0,1.E0,0.E0));
#15224=AXIS2_PLACEMENT_3D('',#15221,#15222,#15223);
#15225=PLANE('',#15224);
#15227=ORIENTED_EDGE('',*,*,#15226,.T.);
#15228=ORIENTED_EDGE('',*,*,#10871,.F.);
#15230=ORIENTED_EDGE('',*,*,#15229,.F.);
#15231=ORIENTED_EDGE('',*,*,#14924,.T.);
#15232=EDGE_LOOP('',(#15227,#15228,#15230,#15231));
#15233=FACE_OUTER_BOUND('',#15232,.F.);
#15235=CARTESIAN_POINT('',(-2.E1,6.E-1,-1.5E0));
#15236=DIRECTION('',(0.E0,0.E0,-1.E0));
#15237=DIRECTION('',(0.E0,1.E0,0.E0));
#15238=AXIS2_PLACEMENT_3D('',#15235,#15236,#15237);
#15239=PLANE('',#15238);
#15241=ORIENTED_EDGE('',*,*,#15240,.T.);
#15242=ORIENTED_EDGE('',*,*,#10890,.F.);
#15244=ORIENTED_EDGE('',*,*,#15243,.F.);
#15245=ORIENTED_EDGE('',*,*,#14939,.T.);
#15246=EDGE_LOOP('',(#15241,#15242,#15244,#15245));
#15247=FACE_OUTER_BOUND('',#15246,.F.);
#15249=CARTESIAN_POINT('',(-2.E1,6.E-1,-1.5E0));
#15250=DIRECTION('',(0.E0,0.E0,-1.E0));
#15251=DIRECTION('',(0.E0,1.E0,0.E0));
#15252=AXIS2_PLACEMENT_3D('',#15249,#15250,#15251);
#15253=PLANE('',#15252);
#15255=ORIENTED_EDGE('',*,*,#15254,.T.);
#15256=ORIENTED_EDGE('',*,*,#10909,.F.);
#15258=ORIENTED_EDGE('',*,*,#15257,.F.);
#15259=ORIENTED_EDGE('',*,*,#14954,.T.);
#15260=EDGE_LOOP('',(#15255,#15256,#15258,#15259));
#15261=FACE_OUTER_BOUND('',#15260,.F.);
#15263=CARTESIAN_POINT('',(-2.E1,6.E-1,-1.5E0));
#15264=DIRECTION('',(0.E0,0.E0,-1.E0));
#15265=DIRECTION('',(0.E0,1.E0,0.E0));
#15266=AXIS2_PLACEMENT_3D('',#15263,#15264,#15265);
#15267=PLANE('',#15266);
#15269=ORIENTED_EDGE('',*,*,#15268,.T.);
#15270=ORIENTED_EDGE('',*,*,#10928,.F.);
#15272=ORIENTED_EDGE('',*,*,#15271,.F.);
#15273=ORIENTED_EDGE('',*,*,#14969,.T.);
#15274=EDGE_LOOP('',(#15269,#15270,#15272,#15273));
#15275=FACE_OUTER_BOUND('',#15274,.F.);
#15277=CARTESIAN_POINT('',(-2.E1,6.E-1,-1.5E0));
#15278=DIRECTION('',(0.E0,0.E0,-1.E0));
#15279=DIRECTION('',(0.E0,1.E0,0.E0));
#15280=AXIS2_PLACEMENT_3D('',#15277,#15278,#15279);
#15281=PLANE('',#15280);
#15283=ORIENTED_EDGE('',*,*,#15282,.T.);
#15284=ORIENTED_EDGE('',*,*,#10947,.F.);
#15286=ORIENTED_EDGE('',*,*,#15285,.F.);
#15287=ORIENTED_EDGE('',*,*,#14984,.T.);
#15288=EDGE_LOOP('',(#15283,#15284,#15286,#15287));
#15289=FACE_OUTER_BOUND('',#15288,.F.);
#15291=CARTESIAN_POINT('',(-2.E1,6.E-1,-1.5E0));
#15292=DIRECTION('',(0.E0,0.E0,-1.E0));
#15293=DIRECTION('',(0.E0,1.E0,0.E0));
#15294=AXIS2_PLACEMENT_3D('',#15291,#15292,#15293);
#15295=PLANE('',#15294);
#15297=ORIENTED_EDGE('',*,*,#15296,.T.);
#15298=ORIENTED_EDGE('',*,*,#10966,.F.);
#15300=ORIENTED_EDGE('',*,*,#15299,.F.);
#15301=ORIENTED_EDGE('',*,*,#14999,.T.);
#15302=EDGE_LOOP('',(#15297,#15298,#15300,#15301));
#15303=FACE_OUTER_BOUND('',#15302,.F.);
#15305=CARTESIAN_POINT('',(-2.E1,6.E-1,-1.5E0));
#15306=DIRECTION('',(0.E0,0.E0,-1.E0));
#15307=DIRECTION('',(0.E0,1.E0,0.E0));
#15308=AXIS2_PLACEMENT_3D('',#15305,#15306,#15307);
#15309=PLANE('',#15308);
#15311=ORIENTED_EDGE('',*,*,#15310,.T.);
#15312=ORIENTED_EDGE('',*,*,#10985,.F.);
#15314=ORIENTED_EDGE('',*,*,#15313,.F.);
#15315=ORIENTED_EDGE('',*,*,#15014,.T.);
#15316=EDGE_LOOP('',(#15311,#15312,#15314,#15315));
#15317=FACE_OUTER_BOUND('',#15316,.F.);
#15319=CARTESIAN_POINT('',(-2.E1,6.E-1,-1.5E0));
#15320=DIRECTION('',(0.E0,0.E0,-1.E0));
#15321=DIRECTION('',(0.E0,1.E0,0.E0));
#15322=AXIS2_PLACEMENT_3D('',#15319,#15320,#15321);
#15323=PLANE('',#15322);
#15325=ORIENTED_EDGE('',*,*,#15324,.T.);
#15326=ORIENTED_EDGE('',*,*,#11004,.F.);
#15328=ORIENTED_EDGE('',*,*,#15327,.F.);
#15329=ORIENTED_EDGE('',*,*,#15029,.T.);
#15330=EDGE_LOOP('',(#15325,#15326,#15328,#15329));
#15331=FACE_OUTER_BOUND('',#15330,.F.);
#15333=CARTESIAN_POINT('',(-2.E1,6.E-1,-1.5E0));
#15334=DIRECTION('',(0.E0,0.E0,-1.E0));
#15335=DIRECTION('',(0.E0,1.E0,0.E0));
#15336=AXIS2_PLACEMENT_3D('',#15333,#15334,#15335);
#15337=PLANE('',#15336);
#15339=ORIENTED_EDGE('',*,*,#15338,.T.);
#15340=ORIENTED_EDGE('',*,*,#11023,.F.);
#15342=ORIENTED_EDGE('',*,*,#15341,.F.);
#15343=ORIENTED_EDGE('',*,*,#15044,.T.);
#15344=EDGE_LOOP('',(#15339,#15340,#15342,#15343));
#15345=FACE_OUTER_BOUND('',#15344,.F.);
#15347=CARTESIAN_POINT('',(-2.E1,6.E-1,-1.5E0));
#15348=DIRECTION('',(0.E0,0.E0,-1.E0));
#15349=DIRECTION('',(0.E0,1.E0,0.E0));
#15350=AXIS2_PLACEMENT_3D('',#15347,#15348,#15349);
#15351=PLANE('',#15350);
#15353=ORIENTED_EDGE('',*,*,#15352,.T.);
#15354=ORIENTED_EDGE('',*,*,#11042,.F.);
#15356=ORIENTED_EDGE('',*,*,#15355,.F.);
#15357=ORIENTED_EDGE('',*,*,#15059,.T.);
#15358=EDGE_LOOP('',(#15353,#15354,#15356,#15357));
#15359=FACE_OUTER_BOUND('',#15358,.F.);
#15361=CARTESIAN_POINT('',(-2.E1,6.E-1,-1.5E0));
#15362=DIRECTION('',(0.E0,0.E0,-1.E0));
#15363=DIRECTION('',(0.E0,1.E0,0.E0));
#15364=AXIS2_PLACEMENT_3D('',#15361,#15362,#15363);
#15365=PLANE('',#15364);
#15367=ORIENTED_EDGE('',*,*,#15366,.T.);
#15368=ORIENTED_EDGE('',*,*,#11060,.F.);
#15370=ORIENTED_EDGE('',*,*,#15369,.F.);
#15371=ORIENTED_EDGE('',*,*,#15074,.T.);
#15372=EDGE_LOOP('',(#15367,#15368,#15370,#15371));
#15373=FACE_OUTER_BOUND('',#15372,.F.);
#15375=CARTESIAN_POINT('',(-2.E1,6.E-1,-1.5E0));
#15376=DIRECTION('',(0.E0,0.E0,-1.E0));
#15377=DIRECTION('',(0.E0,1.E0,0.E0));
#15378=AXIS2_PLACEMENT_3D('',#15375,#15376,#15377);
#15379=PLANE('',#15378);
#15381=ORIENTED_EDGE('',*,*,#15380,.T.);
#15382=ORIENTED_EDGE('',*,*,#15093,.T.);
#15384=ORIENTED_EDGE('',*,*,#15383,.T.);
#15385=ORIENTED_EDGE('',*,*,#11074,.F.);
#15386=EDGE_LOOP('',(#15381,#15382,#15384,#15385));
#15387=FACE_OUTER_BOUND('',#15386,.F.);
#15389=CARTESIAN_POINT('',(-1.43E1,6.E-1,-1.5E0));
#15390=DIRECTION('',(-1.E0,0.E0,0.E0));
#15391=DIRECTION('',(0.E0,1.E0,0.E0));
#15392=AXIS2_PLACEMENT_3D('',#15389,#15390,#15391);
#15393=PLANE('',#15392);
#15394=ORIENTED_EDGE('',*,*,#10187,.T.);
#15395=ORIENTED_EDGE('',*,*,#10740,.F.);
#15396=ORIENTED_EDGE('',*,*,#15128,.F.);
#15397=ORIENTED_EDGE('',*,*,#14817,.F.);
#15398=EDGE_LOOP('',(#15394,#15395,#15396,#15397));
#15399=FACE_OUTER_BOUND('',#15398,.F.);
#15401=CARTESIAN_POINT('',(-1.57E1,1.E0,-1.5E0));
#15402=DIRECTION('',(1.E0,0.E0,0.E0));
#15403=DIRECTION('',(0.E0,-1.E0,0.E0));
#15404=AXIS2_PLACEMENT_3D('',#15401,#15402,#15403);
#15405=PLANE('',#15404);
#15406=ORIENTED_EDGE('',*,*,#10191,.T.);
#15407=ORIENTED_EDGE('',*,*,#14821,.T.);
#15408=ORIENTED_EDGE('',*,*,#15131,.T.);
#15409=ORIENTED_EDGE('',*,*,#10736,.T.);
#15410=EDGE_LOOP('',(#15406,#15407,#15408,#15409));
#15411=FACE_OUTER_BOUND('',#15410,.F.);
#15413=CARTESIAN_POINT('',(-1.23E1,6.E-1,-1.5E0));
#15414=DIRECTION('',(-1.E0,0.E0,0.E0));
#15415=DIRECTION('',(0.E0,1.E0,0.E0));
#15416=AXIS2_PLACEMENT_3D('',#15413,#15414,#15415);
#15417=PLANE('',#15416);
#15418=ORIENTED_EDGE('',*,*,#10175,.T.);
#15419=ORIENTED_EDGE('',*,*,#10759,.F.);
#15420=ORIENTED_EDGE('',*,*,#15142,.F.);
#15421=ORIENTED_EDGE('',*,*,#14832,.F.);
#15422=EDGE_LOOP('',(#15418,#15419,#15420,#15421));
#15423=FACE_OUTER_BOUND('',#15422,.F.);
#15425=CARTESIAN_POINT('',(-1.37E1,1.E0,-1.5E0));
#15426=DIRECTION('',(1.E0,0.E0,0.E0));
#15427=DIRECTION('',(0.E0,-1.E0,0.E0));
#15428=AXIS2_PLACEMENT_3D('',#15425,#15426,#15427);
#15429=PLANE('',#15428);
#15430=ORIENTED_EDGE('',*,*,#10179,.T.);
#15431=ORIENTED_EDGE('',*,*,#14836,.T.);
#15432=ORIENTED_EDGE('',*,*,#15145,.T.);
#15433=ORIENTED_EDGE('',*,*,#10755,.T.);
#15434=EDGE_LOOP('',(#15430,#15431,#15432,#15433));
#15435=FACE_OUTER_BOUND('',#15434,.F.);
#15437=CARTESIAN_POINT('',(-1.03E1,6.E-1,-1.5E0));
#15438=DIRECTION('',(-1.E0,0.E0,0.E0));
#15439=DIRECTION('',(0.E0,1.E0,0.E0));
#15440=AXIS2_PLACEMENT_3D('',#15437,#15438,#15439);
#15441=PLANE('',#15440);
#15442=ORIENTED_EDGE('',*,*,#10163,.T.);
#15443=ORIENTED_EDGE('',*,*,#10778,.F.);
#15444=ORIENTED_EDGE('',*,*,#15156,.F.);
#15445=ORIENTED_EDGE('',*,*,#14847,.F.);
#15446=EDGE_LOOP('',(#15442,#15443,#15444,#15445));
#15447=FACE_OUTER_BOUND('',#15446,.F.);
#15449=CARTESIAN_POINT('',(-1.17E1,1.E0,-1.5E0));
#15450=DIRECTION('',(1.E0,0.E0,0.E0));
#15451=DIRECTION('',(0.E0,-1.E0,0.E0));
#15452=AXIS2_PLACEMENT_3D('',#15449,#15450,#15451);
#15453=PLANE('',#15452);
#15454=ORIENTED_EDGE('',*,*,#10167,.T.);
#15455=ORIENTED_EDGE('',*,*,#14851,.T.);
#15456=ORIENTED_EDGE('',*,*,#15159,.T.);
#15457=ORIENTED_EDGE('',*,*,#10774,.T.);
#15458=EDGE_LOOP('',(#15454,#15455,#15456,#15457));
#15459=FACE_OUTER_BOUND('',#15458,.F.);
#15461=CARTESIAN_POINT('',(-8.3E0,6.E-1,-1.5E0));
#15462=DIRECTION('',(-1.E0,0.E0,0.E0));
#15463=DIRECTION('',(0.E0,1.E0,0.E0));
#15464=AXIS2_PLACEMENT_3D('',#15461,#15462,#15463);
#15465=PLANE('',#15464);
#15466=ORIENTED_EDGE('',*,*,#10151,.T.);
#15467=ORIENTED_EDGE('',*,*,#10797,.F.);
#15468=ORIENTED_EDGE('',*,*,#15170,.F.);
#15469=ORIENTED_EDGE('',*,*,#14862,.F.);
#15470=EDGE_LOOP('',(#15466,#15467,#15468,#15469));
#15471=FACE_OUTER_BOUND('',#15470,.F.);
#15473=CARTESIAN_POINT('',(-9.7E0,1.E0,-1.5E0));
#15474=DIRECTION('',(1.E0,0.E0,0.E0));
#15475=DIRECTION('',(0.E0,-1.E0,0.E0));
#15476=AXIS2_PLACEMENT_3D('',#15473,#15474,#15475);
#15477=PLANE('',#15476);
#15478=ORIENTED_EDGE('',*,*,#10155,.T.);
#15479=ORIENTED_EDGE('',*,*,#14866,.T.);
#15480=ORIENTED_EDGE('',*,*,#15173,.T.);
#15481=ORIENTED_EDGE('',*,*,#10793,.T.);
#15482=EDGE_LOOP('',(#15478,#15479,#15480,#15481));
#15483=FACE_OUTER_BOUND('',#15482,.F.);
#15485=CARTESIAN_POINT('',(-6.3E0,6.E-1,-1.5E0));
#15486=DIRECTION('',(-1.E0,0.E0,0.E0));
#15487=DIRECTION('',(0.E0,1.E0,0.E0));
#15488=AXIS2_PLACEMENT_3D('',#15485,#15486,#15487);
#15489=PLANE('',#15488);
#15490=ORIENTED_EDGE('',*,*,#10139,.T.);
#15491=ORIENTED_EDGE('',*,*,#10816,.F.);
#15492=ORIENTED_EDGE('',*,*,#15184,.F.);
#15493=ORIENTED_EDGE('',*,*,#14877,.F.);
#15494=EDGE_LOOP('',(#15490,#15491,#15492,#15493));
#15495=FACE_OUTER_BOUND('',#15494,.F.);
#15497=CARTESIAN_POINT('',(-7.7E0,1.E0,-1.5E0));
#15498=DIRECTION('',(1.E0,0.E0,0.E0));
#15499=DIRECTION('',(0.E0,-1.E0,0.E0));
#15500=AXIS2_PLACEMENT_3D('',#15497,#15498,#15499);
#15501=PLANE('',#15500);
#15502=ORIENTED_EDGE('',*,*,#10143,.T.);
#15503=ORIENTED_EDGE('',*,*,#14881,.T.);
#15504=ORIENTED_EDGE('',*,*,#15187,.T.);
#15505=ORIENTED_EDGE('',*,*,#10812,.T.);
#15506=EDGE_LOOP('',(#15502,#15503,#15504,#15505));
#15507=FACE_OUTER_BOUND('',#15506,.F.);
#15509=CARTESIAN_POINT('',(-4.3E0,6.E-1,-1.5E0));
#15510=DIRECTION('',(-1.E0,0.E0,0.E0));
#15511=DIRECTION('',(0.E0,1.E0,0.E0));
#15512=AXIS2_PLACEMENT_3D('',#15509,#15510,#15511);
#15513=PLANE('',#15512);
#15514=ORIENTED_EDGE('',*,*,#10127,.T.);
#15515=ORIENTED_EDGE('',*,*,#10835,.F.);
#15516=ORIENTED_EDGE('',*,*,#15198,.F.);
#15517=ORIENTED_EDGE('',*,*,#14892,.F.);
#15518=EDGE_LOOP('',(#15514,#15515,#15516,#15517));
#15519=FACE_OUTER_BOUND('',#15518,.F.);
#15521=CARTESIAN_POINT('',(-5.7E0,1.E0,-1.5E0));
#15522=DIRECTION('',(1.E0,0.E0,0.E0));
#15523=DIRECTION('',(0.E0,-1.E0,0.E0));
#15524=AXIS2_PLACEMENT_3D('',#15521,#15522,#15523);
#15525=PLANE('',#15524);
#15526=ORIENTED_EDGE('',*,*,#10131,.T.);
#15527=ORIENTED_EDGE('',*,*,#14896,.T.);
#15528=ORIENTED_EDGE('',*,*,#15201,.T.);
#15529=ORIENTED_EDGE('',*,*,#10831,.T.);
#15530=EDGE_LOOP('',(#15526,#15527,#15528,#15529));
#15531=FACE_OUTER_BOUND('',#15530,.F.);
#15533=CARTESIAN_POINT('',(-2.3E0,6.E-1,-1.5E0));
#15534=DIRECTION('',(-1.E0,0.E0,0.E0));
#15535=DIRECTION('',(0.E0,1.E0,0.E0));
#15536=AXIS2_PLACEMENT_3D('',#15533,#15534,#15535);
#15537=PLANE('',#15536);
#15538=ORIENTED_EDGE('',*,*,#10115,.T.);
#15539=ORIENTED_EDGE('',*,*,#10854,.F.);
#15540=ORIENTED_EDGE('',*,*,#15212,.F.);
#15541=ORIENTED_EDGE('',*,*,#14907,.F.);
#15542=EDGE_LOOP('',(#15538,#15539,#15540,#15541));
#15543=FACE_OUTER_BOUND('',#15542,.F.);
#15545=CARTESIAN_POINT('',(-3.7E0,1.E0,-1.5E0));
#15546=DIRECTION('',(1.E0,0.E0,0.E0));
#15547=DIRECTION('',(0.E0,-1.E0,0.E0));
#15548=AXIS2_PLACEMENT_3D('',#15545,#15546,#15547);
#15549=PLANE('',#15548);
#15550=ORIENTED_EDGE('',*,*,#10119,.T.);
#15551=ORIENTED_EDGE('',*,*,#14911,.T.);
#15552=ORIENTED_EDGE('',*,*,#15215,.T.);
#15553=ORIENTED_EDGE('',*,*,#10850,.T.);
#15554=EDGE_LOOP('',(#15550,#15551,#15552,#15553));
#15555=FACE_OUTER_BOUND('',#15554,.F.);
#15557=CARTESIAN_POINT('',(-3.E-1,6.E-1,-1.5E0));
#15558=DIRECTION('',(-1.E0,0.E0,0.E0));
#15559=DIRECTION('',(0.E0,1.E0,0.E0));
#15560=AXIS2_PLACEMENT_3D('',#15557,#15558,#15559);
#15561=PLANE('',#15560);
#15562=ORIENTED_EDGE('',*,*,#10103,.T.);
#15563=ORIENTED_EDGE('',*,*,#10873,.F.);
#15564=ORIENTED_EDGE('',*,*,#15226,.F.);
#15565=ORIENTED_EDGE('',*,*,#14922,.F.);
#15566=EDGE_LOOP('',(#15562,#15563,#15564,#15565));
#15567=FACE_OUTER_BOUND('',#15566,.F.);
#15569=CARTESIAN_POINT('',(-1.7E0,1.E0,-1.5E0));
#15570=DIRECTION('',(1.E0,0.E0,0.E0));
#15571=DIRECTION('',(0.E0,-1.E0,0.E0));
#15572=AXIS2_PLACEMENT_3D('',#15569,#15570,#15571);
#15573=PLANE('',#15572);
#15574=ORIENTED_EDGE('',*,*,#10107,.T.);
#15575=ORIENTED_EDGE('',*,*,#14926,.T.);
#15576=ORIENTED_EDGE('',*,*,#15229,.T.);
#15577=ORIENTED_EDGE('',*,*,#10869,.T.);
#15578=EDGE_LOOP('',(#15574,#15575,#15576,#15577));
#15579=FACE_OUTER_BOUND('',#15578,.F.);
#15581=CARTESIAN_POINT('',(1.7E0,6.E-1,-1.5E0));
#15582=DIRECTION('',(-1.E0,0.E0,0.E0));
#15583=DIRECTION('',(0.E0,1.E0,0.E0));
#15584=AXIS2_PLACEMENT_3D('',#15581,#15582,#15583);
#15585=PLANE('',#15584);
#15586=ORIENTED_EDGE('',*,*,#10091,.T.);
#15587=ORIENTED_EDGE('',*,*,#10892,.F.);
#15588=ORIENTED_EDGE('',*,*,#15240,.F.);
#15589=ORIENTED_EDGE('',*,*,#14937,.F.);
#15590=EDGE_LOOP('',(#15586,#15587,#15588,#15589));
#15591=FACE_OUTER_BOUND('',#15590,.F.);
#15593=CARTESIAN_POINT('',(3.E-1,1.E0,-1.5E0));
#15594=DIRECTION('',(1.E0,0.E0,0.E0));
#15595=DIRECTION('',(0.E0,-1.E0,0.E0));
#15596=AXIS2_PLACEMENT_3D('',#15593,#15594,#15595);
#15597=PLANE('',#15596);
#15598=ORIENTED_EDGE('',*,*,#10095,.T.);
#15599=ORIENTED_EDGE('',*,*,#14941,.T.);
#15600=ORIENTED_EDGE('',*,*,#15243,.T.);
#15601=ORIENTED_EDGE('',*,*,#10888,.T.);
#15602=EDGE_LOOP('',(#15598,#15599,#15600,#15601));
#15603=FACE_OUTER_BOUND('',#15602,.F.);
#15605=CARTESIAN_POINT('',(3.7E0,6.E-1,-1.5E0));
#15606=DIRECTION('',(-1.E0,0.E0,0.E0));
#15607=DIRECTION('',(0.E0,1.E0,0.E0));
#15608=AXIS2_PLACEMENT_3D('',#15605,#15606,#15607);
#15609=PLANE('',#15608);
#15610=ORIENTED_EDGE('',*,*,#10079,.T.);
#15611=ORIENTED_EDGE('',*,*,#10911,.F.);
#15612=ORIENTED_EDGE('',*,*,#15254,.F.);
#15613=ORIENTED_EDGE('',*,*,#14952,.F.);
#15614=EDGE_LOOP('',(#15610,#15611,#15612,#15613));
#15615=FACE_OUTER_BOUND('',#15614,.F.);
#15617=CARTESIAN_POINT('',(2.3E0,1.E0,-1.5E0));
#15618=DIRECTION('',(1.E0,0.E0,0.E0));
#15619=DIRECTION('',(0.E0,-1.E0,0.E0));
#15620=AXIS2_PLACEMENT_3D('',#15617,#15618,#15619);
#15621=PLANE('',#15620);
#15622=ORIENTED_EDGE('',*,*,#10083,.T.);
#15623=ORIENTED_EDGE('',*,*,#14956,.T.);
#15624=ORIENTED_EDGE('',*,*,#15257,.T.);
#15625=ORIENTED_EDGE('',*,*,#10907,.T.);
#15626=EDGE_LOOP('',(#15622,#15623,#15624,#15625));
#15627=FACE_OUTER_BOUND('',#15626,.F.);
#15629=CARTESIAN_POINT('',(5.7E0,6.E-1,-1.5E0));
#15630=DIRECTION('',(-1.E0,0.E0,0.E0));
#15631=DIRECTION('',(0.E0,1.E0,0.E0));
#15632=AXIS2_PLACEMENT_3D('',#15629,#15630,#15631);
#15633=PLANE('',#15632);
#15634=ORIENTED_EDGE('',*,*,#10067,.T.);
#15635=ORIENTED_EDGE('',*,*,#10930,.F.);
#15636=ORIENTED_EDGE('',*,*,#15268,.F.);
#15637=ORIENTED_EDGE('',*,*,#14967,.F.);
#15638=EDGE_LOOP('',(#15634,#15635,#15636,#15637));
#15639=FACE_OUTER_BOUND('',#15638,.F.);
#15641=CARTESIAN_POINT('',(4.3E0,1.E0,-1.5E0));
#15642=DIRECTION('',(1.E0,0.E0,0.E0));
#15643=DIRECTION('',(0.E0,-1.E0,0.E0));
#15644=AXIS2_PLACEMENT_3D('',#15641,#15642,#15643);
#15645=PLANE('',#15644);
#15646=ORIENTED_EDGE('',*,*,#10071,.T.);
#15647=ORIENTED_EDGE('',*,*,#14971,.T.);
#15648=ORIENTED_EDGE('',*,*,#15271,.T.);
#15649=ORIENTED_EDGE('',*,*,#10926,.T.);
#15650=EDGE_LOOP('',(#15646,#15647,#15648,#15649));
#15651=FACE_OUTER_BOUND('',#15650,.F.);
#15653=CARTESIAN_POINT('',(7.7E0,6.E-1,-1.5E0));
#15654=DIRECTION('',(-1.E0,0.E0,0.E0));
#15655=DIRECTION('',(0.E0,1.E0,0.E0));
#15656=AXIS2_PLACEMENT_3D('',#15653,#15654,#15655);
#15657=PLANE('',#15656);
#15658=ORIENTED_EDGE('',*,*,#10055,.T.);
#15659=ORIENTED_EDGE('',*,*,#10949,.F.);
#15660=ORIENTED_EDGE('',*,*,#15282,.F.);
#15661=ORIENTED_EDGE('',*,*,#14982,.F.);
#15662=EDGE_LOOP('',(#15658,#15659,#15660,#15661));
#15663=FACE_OUTER_BOUND('',#15662,.F.);
#15665=CARTESIAN_POINT('',(6.3E0,1.E0,-1.5E0));
#15666=DIRECTION('',(1.E0,0.E0,0.E0));
#15667=DIRECTION('',(0.E0,-1.E0,0.E0));
#15668=AXIS2_PLACEMENT_3D('',#15665,#15666,#15667);
#15669=PLANE('',#15668);
#15670=ORIENTED_EDGE('',*,*,#10059,.T.);
#15671=ORIENTED_EDGE('',*,*,#14986,.T.);
#15672=ORIENTED_EDGE('',*,*,#15285,.T.);
#15673=ORIENTED_EDGE('',*,*,#10945,.T.);
#15674=EDGE_LOOP('',(#15670,#15671,#15672,#15673));
#15675=FACE_OUTER_BOUND('',#15674,.F.);
#15677=CARTESIAN_POINT('',(9.7E0,6.E-1,-1.5E0));
#15678=DIRECTION('',(-1.E0,0.E0,0.E0));
#15679=DIRECTION('',(0.E0,1.E0,0.E0));
#15680=AXIS2_PLACEMENT_3D('',#15677,#15678,#15679);
#15681=PLANE('',#15680);
#15682=ORIENTED_EDGE('',*,*,#10043,.T.);
#15683=ORIENTED_EDGE('',*,*,#10968,.F.);
#15684=ORIENTED_EDGE('',*,*,#15296,.F.);
#15685=ORIENTED_EDGE('',*,*,#14997,.F.);
#15686=EDGE_LOOP('',(#15682,#15683,#15684,#15685));
#15687=FACE_OUTER_BOUND('',#15686,.F.);
#15689=CARTESIAN_POINT('',(8.3E0,1.E0,-1.5E0));
#15690=DIRECTION('',(1.E0,0.E0,0.E0));
#15691=DIRECTION('',(0.E0,-1.E0,0.E0));
#15692=AXIS2_PLACEMENT_3D('',#15689,#15690,#15691);
#15693=PLANE('',#15692);
#15694=ORIENTED_EDGE('',*,*,#10047,.T.);
#15695=ORIENTED_EDGE('',*,*,#15001,.T.);
#15696=ORIENTED_EDGE('',*,*,#15299,.T.);
#15697=ORIENTED_EDGE('',*,*,#10964,.T.);
#15698=EDGE_LOOP('',(#15694,#15695,#15696,#15697));
#15699=FACE_OUTER_BOUND('',#15698,.F.);
#15701=CARTESIAN_POINT('',(1.17E1,6.E-1,-1.5E0));
#15702=DIRECTION('',(-1.E0,0.E0,0.E0));
#15703=DIRECTION('',(0.E0,1.E0,0.E0));
#15704=AXIS2_PLACEMENT_3D('',#15701,#15702,#15703);
#15705=PLANE('',#15704);
#15706=ORIENTED_EDGE('',*,*,#10031,.T.);
#15707=ORIENTED_EDGE('',*,*,#10987,.F.);
#15708=ORIENTED_EDGE('',*,*,#15310,.F.);
#15709=ORIENTED_EDGE('',*,*,#15012,.F.);
#15710=EDGE_LOOP('',(#15706,#15707,#15708,#15709));
#15711=FACE_OUTER_BOUND('',#15710,.F.);
#15713=CARTESIAN_POINT('',(1.03E1,1.E0,-1.5E0));
#15714=DIRECTION('',(1.E0,0.E0,0.E0));
#15715=DIRECTION('',(0.E0,-1.E0,0.E0));
#15716=AXIS2_PLACEMENT_3D('',#15713,#15714,#15715);
#15717=PLANE('',#15716);
#15718=ORIENTED_EDGE('',*,*,#10035,.T.);
#15719=ORIENTED_EDGE('',*,*,#15016,.T.);
#15720=ORIENTED_EDGE('',*,*,#15313,.T.);
#15721=ORIENTED_EDGE('',*,*,#10983,.T.);
#15722=EDGE_LOOP('',(#15718,#15719,#15720,#15721));
#15723=FACE_OUTER_BOUND('',#15722,.F.);
#15725=CARTESIAN_POINT('',(1.37E1,6.E-1,-1.5E0));
#15726=DIRECTION('',(-1.E0,0.E0,0.E0));
#15727=DIRECTION('',(0.E0,1.E0,0.E0));
#15728=AXIS2_PLACEMENT_3D('',#15725,#15726,#15727);
#15729=PLANE('',#15728);
#15730=ORIENTED_EDGE('',*,*,#10019,.T.);
#15731=ORIENTED_EDGE('',*,*,#11006,.F.);
#15732=ORIENTED_EDGE('',*,*,#15324,.F.);
#15733=ORIENTED_EDGE('',*,*,#15027,.F.);
#15734=EDGE_LOOP('',(#15730,#15731,#15732,#15733));
#15735=FACE_OUTER_BOUND('',#15734,.F.);
#15737=CARTESIAN_POINT('',(1.23E1,1.E0,-1.5E0));
#15738=DIRECTION('',(1.E0,0.E0,0.E0));
#15739=DIRECTION('',(0.E0,-1.E0,0.E0));
#15740=AXIS2_PLACEMENT_3D('',#15737,#15738,#15739);
#15741=PLANE('',#15740);
#15742=ORIENTED_EDGE('',*,*,#10023,.T.);
#15743=ORIENTED_EDGE('',*,*,#15031,.T.);
#15744=ORIENTED_EDGE('',*,*,#15327,.T.);
#15745=ORIENTED_EDGE('',*,*,#11002,.T.);
#15746=EDGE_LOOP('',(#15742,#15743,#15744,#15745));
#15747=FACE_OUTER_BOUND('',#15746,.F.);
#15749=CARTESIAN_POINT('',(1.57E1,6.E-1,-1.5E0));
#15750=DIRECTION('',(-1.E0,0.E0,0.E0));
#15751=DIRECTION('',(0.E0,1.E0,0.E0));
#15752=AXIS2_PLACEMENT_3D('',#15749,#15750,#15751);
#15753=PLANE('',#15752);
#15754=ORIENTED_EDGE('',*,*,#10007,.T.);
#15755=ORIENTED_EDGE('',*,*,#11025,.F.);
#15756=ORIENTED_EDGE('',*,*,#15338,.F.);
#15757=ORIENTED_EDGE('',*,*,#15042,.F.);
#15758=EDGE_LOOP('',(#15754,#15755,#15756,#15757));
#15759=FACE_OUTER_BOUND('',#15758,.F.);
#15761=CARTESIAN_POINT('',(1.43E1,1.E0,-1.5E0));
#15762=DIRECTION('',(1.E0,0.E0,0.E0));
#15763=DIRECTION('',(0.E0,-1.E0,0.E0));
#15764=AXIS2_PLACEMENT_3D('',#15761,#15762,#15763);
#15765=PLANE('',#15764);
#15766=ORIENTED_EDGE('',*,*,#10011,.T.);
#15767=ORIENTED_EDGE('',*,*,#15046,.T.);
#15768=ORIENTED_EDGE('',*,*,#15341,.T.);
#15769=ORIENTED_EDGE('',*,*,#11021,.T.);
#15770=EDGE_LOOP('',(#15766,#15767,#15768,#15769));
#15771=FACE_OUTER_BOUND('',#15770,.F.);
#15773=CARTESIAN_POINT('',(1.77E1,6.E-1,-1.5E0));
#15774=DIRECTION('',(-1.E0,0.E0,0.E0));
#15775=DIRECTION('',(0.E0,1.E0,0.E0));
#15776=AXIS2_PLACEMENT_3D('',#15773,#15774,#15775);
#15777=PLANE('',#15776);
#15778=ORIENTED_EDGE('',*,*,#9995,.T.);
#15779=ORIENTED_EDGE('',*,*,#11044,.F.);
#15780=ORIENTED_EDGE('',*,*,#15352,.F.);
#15781=ORIENTED_EDGE('',*,*,#15057,.F.);
#15782=EDGE_LOOP('',(#15778,#15779,#15780,#15781));
#15783=FACE_OUTER_BOUND('',#15782,.F.);
#15785=CARTESIAN_POINT('',(1.63E1,1.E0,-1.5E0));
#15786=DIRECTION('',(1.E0,0.E0,0.E0));
#15787=DIRECTION('',(0.E0,-1.E0,0.E0));
#15788=AXIS2_PLACEMENT_3D('',#15785,#15786,#15787);
#15789=PLANE('',#15788);
#15790=ORIENTED_EDGE('',*,*,#9999,.T.);
#15791=ORIENTED_EDGE('',*,*,#15061,.T.);
#15792=ORIENTED_EDGE('',*,*,#15355,.T.);
#15793=ORIENTED_EDGE('',*,*,#11040,.T.);
#15794=EDGE_LOOP('',(#15790,#15791,#15792,#15793));
#15795=FACE_OUTER_BOUND('',#15794,.F.);
#15797=CARTESIAN_POINT('',(1.97E1,6.E-1,-1.5E0));
#15798=DIRECTION('',(-1.E0,0.E0,0.E0));
#15799=DIRECTION('',(0.E0,1.E0,0.E0));
#15800=AXIS2_PLACEMENT_3D('',#15797,#15798,#15799);
#15801=PLANE('',#15800);
#15802=ORIENTED_EDGE('',*,*,#9983,.T.);
#15803=ORIENTED_EDGE('',*,*,#11062,.F.);
#15804=ORIENTED_EDGE('',*,*,#15366,.F.);
#15805=ORIENTED_EDGE('',*,*,#15072,.F.);
#15806=EDGE_LOOP('',(#15802,#15803,#15804,#15805));
#15807=FACE_OUTER_BOUND('',#15806,.F.);
#15809=CARTESIAN_POINT('',(1.83E1,1.E0,-1.5E0));
#15810=DIRECTION('',(1.E0,0.E0,0.E0));
#15811=DIRECTION('',(0.E0,-1.E0,0.E0));
#15812=AXIS2_PLACEMENT_3D('',#15809,#15810,#15811);
#15813=PLANE('',#15812);
#15814=ORIENTED_EDGE('',*,*,#9987,.T.);
#15815=ORIENTED_EDGE('',*,*,#15076,.T.);
#15816=ORIENTED_EDGE('',*,*,#15369,.T.);
#15817=ORIENTED_EDGE('',*,*,#11058,.T.);
#15818=EDGE_LOOP('',(#15814,#15815,#15816,#15817));
#15819=FACE_OUTER_BOUND('',#15818,.F.);
#15821=CARTESIAN_POINT('',(-1.9925E1,8.E-1,-1.425E0));
#15822=DIRECTION('',(-7.071067811865E-1,0.E0,-7.071067811866E-1));
#15823=DIRECTION('',(7.071067811866E-1,0.E0,-7.071067811865E-1));
#15824=AXIS2_PLACEMENT_3D('',#15821,#15822,#15823);
#15825=PLANE('',#15824);
#15826=ORIENTED_EDGE('',*,*,#15087,.T.);
#15827=ORIENTED_EDGE('',*,*,#15380,.F.);
#15829=ORIENTED_EDGE('',*,*,#15828,.T.);
#15830=ORIENTED_EDGE('',*,*,#9322,.T.);
#15831=EDGE_LOOP('',(#15826,#15827,#15829,#15830));
#15832=FACE_OUTER_BOUND('',#15831,.F.);
#15834=CARTESIAN_POINT('',(-1.9925E1,9.25E-1,-7.5E-1));
#15835=DIRECTION('',(-7.071067811865E-1,7.071067811866E-1,0.E0));
#15836=DIRECTION('',(7.071067811866E-1,7.071067811865E-1,0.E0));
#15837=AXIS2_PLACEMENT_3D('',#15834,#15835,#15836);
#15838=PLANE('',#15837);
#15839=ORIENTED_EDGE('',*,*,#11072,.F.);
#15840=ORIENTED_EDGE('',*,*,#9355,.T.);
#15841=ORIENTED_EDGE('',*,*,#9324,.T.);
#15842=ORIENTED_EDGE('',*,*,#15828,.F.);
#15843=EDGE_LOOP('',(#15839,#15840,#15841,#15842));
#15844=FACE_OUTER_BOUND('',#15843,.F.);
#15846=CARTESIAN_POINT('',(-1.83E1,6.E-1,-1.5E0));
#15847=DIRECTION('',(-1.E0,0.E0,0.E0));
#15848=DIRECTION('',(0.E0,1.E0,0.E0));
#15849=AXIS2_PLACEMENT_3D('',#15846,#15847,#15848);
#15850=PLANE('',#15849);
#15851=ORIENTED_EDGE('',*,*,#11076,.F.);
#15852=ORIENTED_EDGE('',*,*,#15383,.F.);
#15853=ORIENTED_EDGE('',*,*,#15091,.F.);
#15854=ORIENTED_EDGE('',*,*,#10210,.T.);
#15855=EDGE_LOOP('',(#15851,#15852,#15853,#15854));
#15856=FACE_OUTER_BOUND('',#15855,.F.);
#15858=CARTESIAN_POINT('',(-1.875E1,0.E0,0.E0));
#15859=DIRECTION('',(-1.E0,0.E0,0.E0));
#15860=DIRECTION('',(0.E0,-1.E0,0.E0));
#15861=AXIS2_PLACEMENT_3D('',#15858,#15859,#15860);
#15862=PLANE('',#15861);
#15863=ORIENTED_EDGE('',*,*,#9902,.F.);
#15865=ORIENTED_EDGE('',*,*,#15864,.T.);
#15867=ORIENTED_EDGE('',*,*,#15866,.T.);
#15869=ORIENTED_EDGE('',*,*,#15868,.T.);
#15870=EDGE_LOOP('',(#15863,#15865,#15867,#15869));
#15871=FACE_OUTER_BOUND('',#15870,.F.);
#15873=CARTESIAN_POINT('',(-1.875E1,0.E0,0.E0));
#15874=DIRECTION('',(-1.E0,0.E0,0.E0));
#15875=DIRECTION('',(0.E0,-1.E0,0.E0));
#15876=AXIS2_PLACEMENT_3D('',#15873,#15874,#15875);
#15877=PLANE('',#15876);
#15878=ORIENTED_EDGE('',*,*,#10452,.T.);
#15880=ORIENTED_EDGE('',*,*,#15879,.T.);
#15882=ORIENTED_EDGE('',*,*,#15881,.T.);
#15884=ORIENTED_EDGE('',*,*,#15883,.T.);
#15886=ORIENTED_EDGE('',*,*,#15885,.T.);
#15888=ORIENTED_EDGE('',*,*,#15887,.T.);
#15890=ORIENTED_EDGE('',*,*,#15889,.T.);
#15892=ORIENTED_EDGE('',*,*,#15891,.T.);
#15893=EDGE_LOOP('',(#15878,#15880,#15882,#15884,#15886,#15888,#15890,#15892));
#15894=FACE_OUTER_BOUND('',#15893,.F.);
#15896=CARTESIAN_POINT('',(-1.875E1,-2.5E-1,0.E0));
#15897=DIRECTION('',(0.E0,-1.E0,0.E0));
#15898=DIRECTION('',(0.E0,0.E0,1.E0));
#15899=AXIS2_PLACEMENT_3D('',#15896,#15897,#15898);
#15900=PLANE('',#15899);
#15901=ORIENTED_EDGE('',*,*,#9908,.T.);
#15903=ORIENTED_EDGE('',*,*,#15902,.T.);
#15905=ORIENTED_EDGE('',*,*,#15904,.F.);
#15906=ORIENTED_EDGE('',*,*,#15864,.F.);
#15907=EDGE_LOOP('',(#15901,#15903,#15905,#15906));
#15908=FACE_OUTER_BOUND('',#15907,.F.);
#15910=CARTESIAN_POINT('',(-1.925E1,0.E0,0.E0));
#15911=DIRECTION('',(-1.E0,0.E0,0.E0));
#15912=DIRECTION('',(0.E0,-1.E0,0.E0));
#15913=AXIS2_PLACEMENT_3D('',#15910,#15911,#15912);
#15914=PLANE('',#15913);
#15915=ORIENTED_EDGE('',*,*,#9906,.T.);
#15917=ORIENTED_EDGE('',*,*,#15916,.F.);
#15919=ORIENTED_EDGE('',*,*,#15918,.F.);
#15920=ORIENTED_EDGE('',*,*,#15902,.F.);
#15921=EDGE_LOOP('',(#15915,#15917,#15919,#15920));
#15922=FACE_OUTER_BOUND('',#15921,.F.);
#15924=CARTESIAN_POINT('',(-1.925E1,0.E0,0.E0));
#15925=DIRECTION('',(-1.E0,0.E0,0.E0));
#15926=DIRECTION('',(0.E0,-1.E0,0.E0));
#15927=AXIS2_PLACEMENT_3D('',#15924,#15925,#15926);
#15928=PLANE('',#15927);
#15929=ORIENTED_EDGE('',*,*,#10456,.F.);
#15931=ORIENTED_EDGE('',*,*,#15930,.F.);
#15933=ORIENTED_EDGE('',*,*,#15932,.F.);
#15935=ORIENTED_EDGE('',*,*,#15934,.F.);
#15937=ORIENTED_EDGE('',*,*,#15936,.F.);
#15939=ORIENTED_EDGE('',*,*,#15938,.F.);
#15941=ORIENTED_EDGE('',*,*,#15940,.F.);
#15943=ORIENTED_EDGE('',*,*,#15942,.F.);
#15944=EDGE_LOOP('',(#15929,#15931,#15933,#15935,#15937,#15939,#15941,#15943));
#15945=FACE_OUTER_BOUND('',#15944,.F.);
#15947=CARTESIAN_POINT('',(-1.875E1,2.5E-1,4.E0));
#15948=DIRECTION('',(0.E0,1.E0,0.E0));
#15949=DIRECTION('',(0.E0,0.E0,-1.E0));
#15950=AXIS2_PLACEMENT_3D('',#15947,#15948,#15949);
#15951=PLANE('',#15950);
#15952=ORIENTED_EDGE('',*,*,#9904,.F.);
#15953=ORIENTED_EDGE('',*,*,#15868,.F.);
#15955=ORIENTED_EDGE('',*,*,#15954,.T.);
#15956=ORIENTED_EDGE('',*,*,#15916,.T.);
#15957=EDGE_LOOP('',(#15952,#15953,#15955,#15956));
#15958=FACE_OUTER_BOUND('',#15957,.F.);
#15960=CARTESIAN_POINT('',(-1.875E1,-2.5E-1,4.E0));
#15961=DIRECTION('',(0.E0,0.E0,1.E0));
#15962=DIRECTION('',(0.E0,1.E0,0.E0));
#15963=AXIS2_PLACEMENT_3D('',#15960,#15961,#15962);
#15964=PLANE('',#15963);
#15965=ORIENTED_EDGE('',*,*,#15866,.F.);
#15966=ORIENTED_EDGE('',*,*,#15904,.T.);
#15967=ORIENTED_EDGE('',*,*,#15918,.T.);
#15968=ORIENTED_EDGE('',*,*,#15954,.F.);
#15969=EDGE_LOOP('',(#15965,#15966,#15967,#15968));
#15970=FACE_OUTER_BOUND('',#15969,.F.);
#15972=CARTESIAN_POINT('',(-1.875E1,-2.5E-1,-1.75E0));
#15973=DIRECTION('',(0.E0,-1.E0,0.E0));
#15974=DIRECTION('',(0.E0,0.E0,1.E0));
#15975=AXIS2_PLACEMENT_3D('',#15972,#15973,#15974);
#15976=PLANE('',#15975);
#15977=ORIENTED_EDGE('',*,*,#10454,.F.);
#15978=ORIENTED_EDGE('',*,*,#15891,.F.);
#15980=ORIENTED_EDGE('',*,*,#15979,.T.);
#15981=ORIENTED_EDGE('',*,*,#15930,.T.);
#15982=EDGE_LOOP('',(#15977,#15978,#15980,#15981));
#15983=FACE_OUTER_BOUND('',#15982,.F.);
#15985=CARTESIAN_POINT('',(-1.875E1,7.5E-1,-1.75E0));
#15986=DIRECTION('',(-1.E0,0.E0,0.E0));
#15987=DIRECTION('',(0.E0,-1.E0,0.E0));
#15988=AXIS2_PLACEMENT_3D('',#15985,#15986,#15987);
#15989=CYLINDRICAL_SURFACE('',#15988,1.E0);
#15990=ORIENTED_EDGE('',*,*,#15889,.F.);
#15992=ORIENTED_EDGE('',*,*,#15991,.T.);
#15993=ORIENTED_EDGE('',*,*,#15932,.T.);
#15994=ORIENTED_EDGE('',*,*,#15979,.F.);
#15995=EDGE_LOOP('',(#15990,#15992,#15993,#15994));
#15996=FACE_OUTER_BOUND('',#15995,.F.);
#15998=CARTESIAN_POINT('',(-1.875E1,2.25E0,-2.75E0));
#15999=DIRECTION('',(0.E0,0.E0,-1.E0));
#16000=DIRECTION('',(0.E0,-1.E0,0.E0));
#16001=AXIS2_PLACEMENT_3D('',#15998,#15999,#16000);
#16002=PLANE('',#16001);
#16003=ORIENTED_EDGE('',*,*,#15887,.F.);
#16005=ORIENTED_EDGE('',*,*,#16004,.T.);
#16006=ORIENTED_EDGE('',*,*,#15934,.T.);
#16007=ORIENTED_EDGE('',*,*,#15991,.F.);
#16008=EDGE_LOOP('',(#16003,#16005,#16006,#16007));
#16009=FACE_OUTER_BOUND('',#16008,.F.);
#16011=CARTESIAN_POINT('',(-1.875E1,2.25E0,-2.25E0));
#16012=DIRECTION('',(0.E0,1.E0,0.E0));
#16013=DIRECTION('',(0.E0,0.E0,-1.E0));
#16014=AXIS2_PLACEMENT_3D('',#16011,#16012,#16013);
#16015=PLANE('',#16014);
#16016=ORIENTED_EDGE('',*,*,#15885,.F.);
#16018=ORIENTED_EDGE('',*,*,#16017,.T.);
#16019=ORIENTED_EDGE('',*,*,#15936,.T.);
#16020=ORIENTED_EDGE('',*,*,#16004,.F.);
#16021=EDGE_LOOP('',(#16016,#16018,#16019,#16020));
#16022=FACE_OUTER_BOUND('',#16021,.F.);
#16024=CARTESIAN_POINT('',(-1.875E1,7.5E-1,-2.25E0));
#16025=DIRECTION('',(0.E0,0.E0,1.E0));
#16026=DIRECTION('',(0.E0,1.E0,0.E0));
#16027=AXIS2_PLACEMENT_3D('',#16024,#16025,#16026);
#16028=PLANE('',#16027);
#16029=ORIENTED_EDGE('',*,*,#15883,.F.);
#16031=ORIENTED_EDGE('',*,*,#16030,.T.);
#16032=ORIENTED_EDGE('',*,*,#15938,.T.);
#16033=ORIENTED_EDGE('',*,*,#16017,.F.);
#16034=EDGE_LOOP('',(#16029,#16031,#16032,#16033));
#16035=FACE_OUTER_BOUND('',#16034,.F.);
#16037=CARTESIAN_POINT('',(-1.875E1,7.5E-1,-1.75E0));
#16038=DIRECTION('',(-1.E0,0.E0,0.E0));
#16039=DIRECTION('',(0.E0,-1.E0,0.E0));
#16040=AXIS2_PLACEMENT_3D('',#16037,#16038,#16039);
#16041=CYLINDRICAL_SURFACE('',#16040,5.E-1);
#16042=ORIENTED_EDGE('',*,*,#15881,.F.);
#16044=ORIENTED_EDGE('',*,*,#16043,.T.);
#16045=ORIENTED_EDGE('',*,*,#15940,.T.);
#16046=ORIENTED_EDGE('',*,*,#16030,.F.);
#16047=EDGE_LOOP('',(#16042,#16044,#16045,#16046));
#16048=FACE_OUTER_BOUND('',#16047,.F.);
#16050=CARTESIAN_POINT('',(-1.875E1,2.5E-1,-1.15E0));
#16051=DIRECTION('',(0.E0,1.E0,0.E0));
#16052=DIRECTION('',(0.E0,0.E0,-1.E0));
#16053=AXIS2_PLACEMENT_3D('',#16050,#16051,#16052);
#16054=PLANE('',#16053);
#16055=ORIENTED_EDGE('',*,*,#10458,.T.);
#16056=ORIENTED_EDGE('',*,*,#15942,.T.);
#16057=ORIENTED_EDGE('',*,*,#16043,.F.);
#16058=ORIENTED_EDGE('',*,*,#15879,.F.);
#16059=EDGE_LOOP('',(#16055,#16056,#16057,#16058));
#16060=FACE_OUTER_BOUND('',#16059,.F.);
#16062=CARTESIAN_POINT('',(-1.475E1,0.E0,0.E0));
#16063=DIRECTION('',(-1.E0,0.E0,0.E0));
#16064=DIRECTION('',(0.E0,-1.E0,0.E0));
#16065=AXIS2_PLACEMENT_3D('',#16062,#16063,#16064);
#16066=PLANE('',#16065);
#16067=ORIENTED_EDGE('',*,*,#9432,.T.);
#16069=ORIENTED_EDGE('',*,*,#16068,.T.);
#16071=ORIENTED_EDGE('',*,*,#16070,.T.);
#16073=ORIENTED_EDGE('',*,*,#16072,.T.);
#16074=EDGE_LOOP('',(#16067,#16069,#16071,#16073));
#16075=FACE_OUTER_BOUND('',#16074,.F.);
#16077=CARTESIAN_POINT('',(-1.475E1,0.E0,0.E0));
#16078=DIRECTION('',(-1.E0,0.E0,0.E0));
#16079=DIRECTION('',(0.E0,-1.E0,0.E0));
#16080=AXIS2_PLACEMENT_3D('',#16077,#16078,#16079);
#16081=PLANE('',#16080);
#16082=ORIENTED_EDGE('',*,*,#10462,.F.);
#16084=ORIENTED_EDGE('',*,*,#16083,.T.);
#16086=ORIENTED_EDGE('',*,*,#16085,.T.);
#16088=ORIENTED_EDGE('',*,*,#16087,.T.);
#16090=ORIENTED_EDGE('',*,*,#16089,.T.);
#16092=ORIENTED_EDGE('',*,*,#16091,.T.);
#16094=ORIENTED_EDGE('',*,*,#16093,.T.);
#16096=ORIENTED_EDGE('',*,*,#16095,.T.);
#16097=EDGE_LOOP('',(#16082,#16084,#16086,#16088,#16090,#16092,#16094,#16096));
#16098=FACE_OUTER_BOUND('',#16097,.F.);
#16100=CARTESIAN_POINT('',(-1.475E1,-2.5E-1,0.E0));
#16101=DIRECTION('',(0.E0,-1.E0,0.E0));
#16102=DIRECTION('',(0.E0,0.E0,1.E0));
#16103=AXIS2_PLACEMENT_3D('',#16100,#16101,#16102);
#16104=PLANE('',#16103);
#16105=ORIENTED_EDGE('',*,*,#9438,.T.);
#16107=ORIENTED_EDGE('',*,*,#16106,.T.);
#16109=ORIENTED_EDGE('',*,*,#16108,.F.);
#16110=ORIENTED_EDGE('',*,*,#16068,.F.);
#16111=EDGE_LOOP('',(#16105,#16107,#16109,#16110));
#16112=FACE_OUTER_BOUND('',#16111,.F.);
#16114=CARTESIAN_POINT('',(-1.525E1,0.E0,0.E0));
#16115=DIRECTION('',(-1.E0,0.E0,0.E0));
#16116=DIRECTION('',(0.E0,-1.E0,0.E0));
#16117=AXIS2_PLACEMENT_3D('',#16114,#16115,#16116);
#16118=PLANE('',#16117);
#16119=ORIENTED_EDGE('',*,*,#9436,.F.);
#16121=ORIENTED_EDGE('',*,*,#16120,.F.);
#16123=ORIENTED_EDGE('',*,*,#16122,.F.);
#16124=ORIENTED_EDGE('',*,*,#16106,.F.);
#16125=EDGE_LOOP('',(#16119,#16121,#16123,#16124));
#16126=FACE_OUTER_BOUND('',#16125,.F.);
#16128=CARTESIAN_POINT('',(-1.525E1,0.E0,0.E0));
#16129=DIRECTION('',(-1.E0,0.E0,0.E0));
#16130=DIRECTION('',(0.E0,-1.E0,0.E0));
#16131=AXIS2_PLACEMENT_3D('',#16128,#16129,#16130);
#16132=PLANE('',#16131);
#16133=ORIENTED_EDGE('',*,*,#10466,.T.);
#16135=ORIENTED_EDGE('',*,*,#16134,.F.);
#16137=ORIENTED_EDGE('',*,*,#16136,.F.);
#16139=ORIENTED_EDGE('',*,*,#16138,.F.);
#16141=ORIENTED_EDGE('',*,*,#16140,.F.);
#16143=ORIENTED_EDGE('',*,*,#16142,.F.);
#16145=ORIENTED_EDGE('',*,*,#16144,.F.);
#16147=ORIENTED_EDGE('',*,*,#16146,.F.);
#16148=EDGE_LOOP('',(#16133,#16135,#16137,#16139,#16141,#16143,#16145,#16147));
#16149=FACE_OUTER_BOUND('',#16148,.F.);
#16151=CARTESIAN_POINT('',(-1.475E1,2.5E-1,4.E0));
#16152=DIRECTION('',(0.E0,1.E0,0.E0));
#16153=DIRECTION('',(0.E0,0.E0,-1.E0));
#16154=AXIS2_PLACEMENT_3D('',#16151,#16152,#16153);
#16155=PLANE('',#16154);
#16156=ORIENTED_EDGE('',*,*,#9434,.F.);
#16157=ORIENTED_EDGE('',*,*,#16072,.F.);
#16159=ORIENTED_EDGE('',*,*,#16158,.T.);
#16160=ORIENTED_EDGE('',*,*,#16120,.T.);
#16161=EDGE_LOOP('',(#16156,#16157,#16159,#16160));
#16162=FACE_OUTER_BOUND('',#16161,.F.);
#16164=CARTESIAN_POINT('',(-1.475E1,-2.5E-1,4.E0));
#16165=DIRECTION('',(0.E0,0.E0,1.E0));
#16166=DIRECTION('',(0.E0,1.E0,0.E0));
#16167=AXIS2_PLACEMENT_3D('',#16164,#16165,#16166);
#16168=PLANE('',#16167);
#16169=ORIENTED_EDGE('',*,*,#16070,.F.);
#16170=ORIENTED_EDGE('',*,*,#16108,.T.);
#16171=ORIENTED_EDGE('',*,*,#16122,.T.);
#16172=ORIENTED_EDGE('',*,*,#16158,.F.);
#16173=EDGE_LOOP('',(#16169,#16170,#16171,#16172));
#16174=FACE_OUTER_BOUND('',#16173,.F.);
#16176=CARTESIAN_POINT('',(-1.475E1,-2.5E-1,-1.75E0));
#16177=DIRECTION('',(0.E0,-1.E0,0.E0));
#16178=DIRECTION('',(0.E0,0.E0,1.E0));
#16179=AXIS2_PLACEMENT_3D('',#16176,#16177,#16178);
#16180=PLANE('',#16179);
#16181=ORIENTED_EDGE('',*,*,#10464,.F.);
#16182=ORIENTED_EDGE('',*,*,#16095,.F.);
#16184=ORIENTED_EDGE('',*,*,#16183,.T.);
#16185=ORIENTED_EDGE('',*,*,#16134,.T.);
#16186=EDGE_LOOP('',(#16181,#16182,#16184,#16185));
#16187=FACE_OUTER_BOUND('',#16186,.F.);
#16189=CARTESIAN_POINT('',(-1.475E1,7.5E-1,-1.75E0));
#16190=DIRECTION('',(-1.E0,0.E0,0.E0));
#16191=DIRECTION('',(0.E0,-1.E0,0.E0));
#16192=AXIS2_PLACEMENT_3D('',#16189,#16190,#16191);
#16193=CYLINDRICAL_SURFACE('',#16192,1.E0);
#16194=ORIENTED_EDGE('',*,*,#16093,.F.);
#16196=ORIENTED_EDGE('',*,*,#16195,.T.);
#16197=ORIENTED_EDGE('',*,*,#16136,.T.);
#16198=ORIENTED_EDGE('',*,*,#16183,.F.);
#16199=EDGE_LOOP('',(#16194,#16196,#16197,#16198));
#16200=FACE_OUTER_BOUND('',#16199,.F.);
#16202=CARTESIAN_POINT('',(-1.475E1,2.25E0,-2.75E0));
#16203=DIRECTION('',(0.E0,0.E0,-1.E0));
#16204=DIRECTION('',(0.E0,-1.E0,0.E0));
#16205=AXIS2_PLACEMENT_3D('',#16202,#16203,#16204);
#16206=PLANE('',#16205);
#16207=ORIENTED_EDGE('',*,*,#16091,.F.);
#16209=ORIENTED_EDGE('',*,*,#16208,.T.);
#16210=ORIENTED_EDGE('',*,*,#16138,.T.);
#16211=ORIENTED_EDGE('',*,*,#16195,.F.);
#16212=EDGE_LOOP('',(#16207,#16209,#16210,#16211));
#16213=FACE_OUTER_BOUND('',#16212,.F.);
#16215=CARTESIAN_POINT('',(-1.475E1,2.25E0,-2.25E0));
#16216=DIRECTION('',(0.E0,1.E0,0.E0));
#16217=DIRECTION('',(0.E0,0.E0,-1.E0));
#16218=AXIS2_PLACEMENT_3D('',#16215,#16216,#16217);
#16219=PLANE('',#16218);
#16220=ORIENTED_EDGE('',*,*,#16089,.F.);
#16222=ORIENTED_EDGE('',*,*,#16221,.T.);
#16223=ORIENTED_EDGE('',*,*,#16140,.T.);
#16224=ORIENTED_EDGE('',*,*,#16208,.F.);
#16225=EDGE_LOOP('',(#16220,#16222,#16223,#16224));
#16226=FACE_OUTER_BOUND('',#16225,.F.);
#16228=CARTESIAN_POINT('',(-1.475E1,7.5E-1,-2.25E0));
#16229=DIRECTION('',(0.E0,0.E0,1.E0));
#16230=DIRECTION('',(0.E0,1.E0,0.E0));
#16231=AXIS2_PLACEMENT_3D('',#16228,#16229,#16230);
#16232=PLANE('',#16231);
#16233=ORIENTED_EDGE('',*,*,#16087,.F.);
#16235=ORIENTED_EDGE('',*,*,#16234,.T.);
#16236=ORIENTED_EDGE('',*,*,#16142,.T.);
#16237=ORIENTED_EDGE('',*,*,#16221,.F.);
#16238=EDGE_LOOP('',(#16233,#16235,#16236,#16237));
#16239=FACE_OUTER_BOUND('',#16238,.F.);
#16241=CARTESIAN_POINT('',(-1.475E1,7.5E-1,-1.75E0));
#16242=DIRECTION('',(-1.E0,0.E0,0.E0));
#16243=DIRECTION('',(0.E0,-1.E0,0.E0));
#16244=AXIS2_PLACEMENT_3D('',#16241,#16242,#16243);
#16245=CYLINDRICAL_SURFACE('',#16244,5.E-1);
#16246=ORIENTED_EDGE('',*,*,#16085,.F.);
#16248=ORIENTED_EDGE('',*,*,#16247,.T.);
#16249=ORIENTED_EDGE('',*,*,#16144,.T.);
#16250=ORIENTED_EDGE('',*,*,#16234,.F.);
#16251=EDGE_LOOP('',(#16246,#16248,#16249,#16250));
#16252=FACE_OUTER_BOUND('',#16251,.F.);
#16254=CARTESIAN_POINT('',(-1.475E1,2.5E-1,-1.15E0));
#16255=DIRECTION('',(0.E0,1.E0,0.E0));
#16256=DIRECTION('',(0.E0,0.E0,-1.E0));
#16257=AXIS2_PLACEMENT_3D('',#16254,#16255,#16256);
#16258=PLANE('',#16257);
#16259=ORIENTED_EDGE('',*,*,#10468,.T.);
#16260=ORIENTED_EDGE('',*,*,#16146,.T.);
#16261=ORIENTED_EDGE('',*,*,#16247,.F.);
#16262=ORIENTED_EDGE('',*,*,#16083,.F.);
#16263=EDGE_LOOP('',(#16259,#16260,#16261,#16262));
#16264=FACE_OUTER_BOUND('',#16263,.F.);
#16266=CARTESIAN_POINT('',(-1.075E1,0.E0,0.E0));
#16267=DIRECTION('',(-1.E0,0.E0,0.E0));
#16268=DIRECTION('',(0.E0,-1.E0,0.E0));
#16269=AXIS2_PLACEMENT_3D('',#16266,#16267,#16268);
#16270=PLANE('',#16269);
#16271=ORIENTED_EDGE('',*,*,#9484,.T.);
#16273=ORIENTED_EDGE('',*,*,#16272,.T.);
#16275=ORIENTED_EDGE('',*,*,#16274,.T.);
#16277=ORIENTED_EDGE('',*,*,#16276,.T.);
#16278=EDGE_LOOP('',(#16271,#16273,#16275,#16277));
#16279=FACE_OUTER_BOUND('',#16278,.F.);
#16281=CARTESIAN_POINT('',(-1.075E1,0.E0,0.E0));
#16282=DIRECTION('',(-1.E0,0.E0,0.E0));
#16283=DIRECTION('',(0.E0,-1.E0,0.E0));
#16284=AXIS2_PLACEMENT_3D('',#16281,#16282,#16283);
#16285=PLANE('',#16284);
#16286=ORIENTED_EDGE('',*,*,#10472,.F.);
#16288=ORIENTED_EDGE('',*,*,#16287,.T.);
#16290=ORIENTED_EDGE('',*,*,#16289,.T.);
#16292=ORIENTED_EDGE('',*,*,#16291,.T.);
#16294=ORIENTED_EDGE('',*,*,#16293,.T.);
#16296=ORIENTED_EDGE('',*,*,#16295,.T.);
#16298=ORIENTED_EDGE('',*,*,#16297,.T.);
#16300=ORIENTED_EDGE('',*,*,#16299,.T.);
#16301=EDGE_LOOP('',(#16286,#16288,#16290,#16292,#16294,#16296,#16298,#16300));
#16302=FACE_OUTER_BOUND('',#16301,.F.);
#16304=CARTESIAN_POINT('',(-1.075E1,-2.5E-1,0.E0));
#16305=DIRECTION('',(0.E0,-1.E0,0.E0));
#16306=DIRECTION('',(0.E0,0.E0,1.E0));
#16307=AXIS2_PLACEMENT_3D('',#16304,#16305,#16306);
#16308=PLANE('',#16307);
#16309=ORIENTED_EDGE('',*,*,#9490,.T.);
#16311=ORIENTED_EDGE('',*,*,#16310,.T.);
#16313=ORIENTED_EDGE('',*,*,#16312,.F.);
#16314=ORIENTED_EDGE('',*,*,#16272,.F.);
#16315=EDGE_LOOP('',(#16309,#16311,#16313,#16314));
#16316=FACE_OUTER_BOUND('',#16315,.F.);
#16318=CARTESIAN_POINT('',(-1.125E1,0.E0,0.E0));
#16319=DIRECTION('',(-1.E0,0.E0,0.E0));
#16320=DIRECTION('',(0.E0,-1.E0,0.E0));
#16321=AXIS2_PLACEMENT_3D('',#16318,#16319,#16320);
#16322=PLANE('',#16321);
#16323=ORIENTED_EDGE('',*,*,#9488,.F.);
#16325=ORIENTED_EDGE('',*,*,#16324,.F.);
#16327=ORIENTED_EDGE('',*,*,#16326,.F.);
#16328=ORIENTED_EDGE('',*,*,#16310,.F.);
#16329=EDGE_LOOP('',(#16323,#16325,#16327,#16328));
#16330=FACE_OUTER_BOUND('',#16329,.F.);
#16332=CARTESIAN_POINT('',(-1.125E1,0.E0,0.E0));
#16333=DIRECTION('',(-1.E0,0.E0,0.E0));
#16334=DIRECTION('',(0.E0,-1.E0,0.E0));
#16335=AXIS2_PLACEMENT_3D('',#16332,#16333,#16334);
#16336=PLANE('',#16335);
#16337=ORIENTED_EDGE('',*,*,#10476,.T.);
#16339=ORIENTED_EDGE('',*,*,#16338,.F.);
#16341=ORIENTED_EDGE('',*,*,#16340,.F.);
#16343=ORIENTED_EDGE('',*,*,#16342,.F.);
#16345=ORIENTED_EDGE('',*,*,#16344,.F.);
#16347=ORIENTED_EDGE('',*,*,#16346,.F.);
#16349=ORIENTED_EDGE('',*,*,#16348,.F.);
#16351=ORIENTED_EDGE('',*,*,#16350,.F.);
#16352=EDGE_LOOP('',(#16337,#16339,#16341,#16343,#16345,#16347,#16349,#16351));
#16353=FACE_OUTER_BOUND('',#16352,.F.);
#16355=CARTESIAN_POINT('',(-1.075E1,2.5E-1,4.E0));
#16356=DIRECTION('',(0.E0,1.E0,0.E0));
#16357=DIRECTION('',(0.E0,0.E0,-1.E0));
#16358=AXIS2_PLACEMENT_3D('',#16355,#16356,#16357);
#16359=PLANE('',#16358);
#16360=ORIENTED_EDGE('',*,*,#9486,.F.);
#16361=ORIENTED_EDGE('',*,*,#16276,.F.);
#16363=ORIENTED_EDGE('',*,*,#16362,.T.);
#16364=ORIENTED_EDGE('',*,*,#16324,.T.);
#16365=EDGE_LOOP('',(#16360,#16361,#16363,#16364));
#16366=FACE_OUTER_BOUND('',#16365,.F.);
#16368=CARTESIAN_POINT('',(-1.075E1,-2.5E-1,4.E0));
#16369=DIRECTION('',(0.E0,0.E0,1.E0));
#16370=DIRECTION('',(0.E0,1.E0,0.E0));
#16371=AXIS2_PLACEMENT_3D('',#16368,#16369,#16370);
#16372=PLANE('',#16371);
#16373=ORIENTED_EDGE('',*,*,#16274,.F.);
#16374=ORIENTED_EDGE('',*,*,#16312,.T.);
#16375=ORIENTED_EDGE('',*,*,#16326,.T.);
#16376=ORIENTED_EDGE('',*,*,#16362,.F.);
#16377=EDGE_LOOP('',(#16373,#16374,#16375,#16376));
#16378=FACE_OUTER_BOUND('',#16377,.F.);
#16380=CARTESIAN_POINT('',(-1.075E1,-2.5E-1,-1.75E0));
#16381=DIRECTION('',(0.E0,-1.E0,0.E0));
#16382=DIRECTION('',(0.E0,0.E0,1.E0));
#16383=AXIS2_PLACEMENT_3D('',#16380,#16381,#16382);
#16384=PLANE('',#16383);
#16385=ORIENTED_EDGE('',*,*,#10474,.F.);
#16386=ORIENTED_EDGE('',*,*,#16299,.F.);
#16388=ORIENTED_EDGE('',*,*,#16387,.T.);
#16389=ORIENTED_EDGE('',*,*,#16338,.T.);
#16390=EDGE_LOOP('',(#16385,#16386,#16388,#16389));
#16391=FACE_OUTER_BOUND('',#16390,.F.);
#16393=CARTESIAN_POINT('',(-1.075E1,7.5E-1,-1.75E0));
#16394=DIRECTION('',(-1.E0,0.E0,0.E0));
#16395=DIRECTION('',(0.E0,-1.E0,0.E0));
#16396=AXIS2_PLACEMENT_3D('',#16393,#16394,#16395);
#16397=CYLINDRICAL_SURFACE('',#16396,1.E0);
#16398=ORIENTED_EDGE('',*,*,#16297,.F.);
#16400=ORIENTED_EDGE('',*,*,#16399,.T.);
#16401=ORIENTED_EDGE('',*,*,#16340,.T.);
#16402=ORIENTED_EDGE('',*,*,#16387,.F.);
#16403=EDGE_LOOP('',(#16398,#16400,#16401,#16402));
#16404=FACE_OUTER_BOUND('',#16403,.F.);
#16406=CARTESIAN_POINT('',(-1.075E1,2.25E0,-2.75E0));
#16407=DIRECTION('',(0.E0,0.E0,-1.E0));
#16408=DIRECTION('',(0.E0,-1.E0,0.E0));
#16409=AXIS2_PLACEMENT_3D('',#16406,#16407,#16408);
#16410=PLANE('',#16409);
#16411=ORIENTED_EDGE('',*,*,#16295,.F.);
#16413=ORIENTED_EDGE('',*,*,#16412,.T.);
#16414=ORIENTED_EDGE('',*,*,#16342,.T.);
#16415=ORIENTED_EDGE('',*,*,#16399,.F.);
#16416=EDGE_LOOP('',(#16411,#16413,#16414,#16415));
#16417=FACE_OUTER_BOUND('',#16416,.F.);
#16419=CARTESIAN_POINT('',(-1.075E1,2.25E0,-2.25E0));
#16420=DIRECTION('',(0.E0,1.E0,0.E0));
#16421=DIRECTION('',(0.E0,0.E0,-1.E0));
#16422=AXIS2_PLACEMENT_3D('',#16419,#16420,#16421);
#16423=PLANE('',#16422);
#16424=ORIENTED_EDGE('',*,*,#16293,.F.);
#16426=ORIENTED_EDGE('',*,*,#16425,.T.);
#16427=ORIENTED_EDGE('',*,*,#16344,.T.);
#16428=ORIENTED_EDGE('',*,*,#16412,.F.);
#16429=EDGE_LOOP('',(#16424,#16426,#16427,#16428));
#16430=FACE_OUTER_BOUND('',#16429,.F.);
#16432=CARTESIAN_POINT('',(-1.075E1,7.5E-1,-2.25E0));
#16433=DIRECTION('',(0.E0,0.E0,1.E0));
#16434=DIRECTION('',(0.E0,1.E0,0.E0));
#16435=AXIS2_PLACEMENT_3D('',#16432,#16433,#16434);
#16436=PLANE('',#16435);
#16437=ORIENTED_EDGE('',*,*,#16291,.F.);
#16439=ORIENTED_EDGE('',*,*,#16438,.T.);
#16440=ORIENTED_EDGE('',*,*,#16346,.T.);
#16441=ORIENTED_EDGE('',*,*,#16425,.F.);
#16442=EDGE_LOOP('',(#16437,#16439,#16440,#16441));
#16443=FACE_OUTER_BOUND('',#16442,.F.);
#16445=CARTESIAN_POINT('',(-1.075E1,7.5E-1,-1.75E0));
#16446=DIRECTION('',(-1.E0,0.E0,0.E0));
#16447=DIRECTION('',(0.E0,-1.E0,0.E0));
#16448=AXIS2_PLACEMENT_3D('',#16445,#16446,#16447);
#16449=CYLINDRICAL_SURFACE('',#16448,5.E-1);
#16450=ORIENTED_EDGE('',*,*,#16289,.F.);
#16452=ORIENTED_EDGE('',*,*,#16451,.T.);
#16453=ORIENTED_EDGE('',*,*,#16348,.T.);
#16454=ORIENTED_EDGE('',*,*,#16438,.F.);
#16455=EDGE_LOOP('',(#16450,#16452,#16453,#16454));
#16456=FACE_OUTER_BOUND('',#16455,.F.);
#16458=CARTESIAN_POINT('',(-1.075E1,2.5E-1,-1.15E0));
#16459=DIRECTION('',(0.E0,1.E0,0.E0));
#16460=DIRECTION('',(0.E0,0.E0,-1.E0));
#16461=AXIS2_PLACEMENT_3D('',#16458,#16459,#16460);
#16462=PLANE('',#16461);
#16463=ORIENTED_EDGE('',*,*,#10478,.T.);
#16464=ORIENTED_EDGE('',*,*,#16350,.T.);
#16465=ORIENTED_EDGE('',*,*,#16451,.F.);
#16466=ORIENTED_EDGE('',*,*,#16287,.F.);
#16467=EDGE_LOOP('',(#16463,#16464,#16465,#16466));
#16468=FACE_OUTER_BOUND('',#16467,.F.);
#16470=CARTESIAN_POINT('',(-6.75E0,0.E0,0.E0));
#16471=DIRECTION('',(-1.E0,0.E0,0.E0));
#16472=DIRECTION('',(0.E0,-1.E0,0.E0));
#16473=AXIS2_PLACEMENT_3D('',#16470,#16471,#16472);
#16474=PLANE('',#16473);
#16475=ORIENTED_EDGE('',*,*,#9536,.T.);
#16477=ORIENTED_EDGE('',*,*,#16476,.T.);
#16479=ORIENTED_EDGE('',*,*,#16478,.T.);
#16481=ORIENTED_EDGE('',*,*,#16480,.T.);
#16482=EDGE_LOOP('',(#16475,#16477,#16479,#16481));
#16483=FACE_OUTER_BOUND('',#16482,.F.);
#16485=CARTESIAN_POINT('',(-6.75E0,0.E0,0.E0));
#16486=DIRECTION('',(-1.E0,0.E0,0.E0));
#16487=DIRECTION('',(0.E0,-1.E0,0.E0));
#16488=AXIS2_PLACEMENT_3D('',#16485,#16486,#16487);
#16489=PLANE('',#16488);
#16490=ORIENTED_EDGE('',*,*,#10482,.F.);
#16492=ORIENTED_EDGE('',*,*,#16491,.T.);
#16494=ORIENTED_EDGE('',*,*,#16493,.T.);
#16496=ORIENTED_EDGE('',*,*,#16495,.T.);
#16498=ORIENTED_EDGE('',*,*,#16497,.T.);
#16500=ORIENTED_EDGE('',*,*,#16499,.T.);
#16502=ORIENTED_EDGE('',*,*,#16501,.T.);
#16504=ORIENTED_EDGE('',*,*,#16503,.T.);
#16505=EDGE_LOOP('',(#16490,#16492,#16494,#16496,#16498,#16500,#16502,#16504));
#16506=FACE_OUTER_BOUND('',#16505,.F.);
#16508=CARTESIAN_POINT('',(-6.75E0,-2.5E-1,0.E0));
#16509=DIRECTION('',(0.E0,-1.E0,0.E0));
#16510=DIRECTION('',(0.E0,0.E0,1.E0));
#16511=AXIS2_PLACEMENT_3D('',#16508,#16509,#16510);
#16512=PLANE('',#16511);
#16513=ORIENTED_EDGE('',*,*,#9542,.T.);
#16515=ORIENTED_EDGE('',*,*,#16514,.T.);
#16517=ORIENTED_EDGE('',*,*,#16516,.F.);
#16518=ORIENTED_EDGE('',*,*,#16476,.F.);
#16519=EDGE_LOOP('',(#16513,#16515,#16517,#16518));
#16520=FACE_OUTER_BOUND('',#16519,.F.);
#16522=CARTESIAN_POINT('',(-7.25E0,0.E0,0.E0));
#16523=DIRECTION('',(-1.E0,0.E0,0.E0));
#16524=DIRECTION('',(0.E0,-1.E0,0.E0));
#16525=AXIS2_PLACEMENT_3D('',#16522,#16523,#16524);
#16526=PLANE('',#16525);
#16527=ORIENTED_EDGE('',*,*,#9540,.F.);
#16529=ORIENTED_EDGE('',*,*,#16528,.F.);
#16531=ORIENTED_EDGE('',*,*,#16530,.F.);
#16532=ORIENTED_EDGE('',*,*,#16514,.F.);
#16533=EDGE_LOOP('',(#16527,#16529,#16531,#16532));
#16534=FACE_OUTER_BOUND('',#16533,.F.);
#16536=CARTESIAN_POINT('',(-7.25E0,0.E0,0.E0));
#16537=DIRECTION('',(-1.E0,0.E0,0.E0));
#16538=DIRECTION('',(0.E0,-1.E0,0.E0));
#16539=AXIS2_PLACEMENT_3D('',#16536,#16537,#16538);
#16540=PLANE('',#16539);
#16541=ORIENTED_EDGE('',*,*,#10486,.T.);
#16543=ORIENTED_EDGE('',*,*,#16542,.F.);
#16545=ORIENTED_EDGE('',*,*,#16544,.F.);
#16547=ORIENTED_EDGE('',*,*,#16546,.F.);
#16549=ORIENTED_EDGE('',*,*,#16548,.F.);
#16551=ORIENTED_EDGE('',*,*,#16550,.F.);
#16553=ORIENTED_EDGE('',*,*,#16552,.F.);
#16555=ORIENTED_EDGE('',*,*,#16554,.F.);
#16556=EDGE_LOOP('',(#16541,#16543,#16545,#16547,#16549,#16551,#16553,#16555));
#16557=FACE_OUTER_BOUND('',#16556,.F.);
#16559=CARTESIAN_POINT('',(-6.75E0,2.5E-1,4.E0));
#16560=DIRECTION('',(0.E0,1.E0,0.E0));
#16561=DIRECTION('',(0.E0,0.E0,-1.E0));
#16562=AXIS2_PLACEMENT_3D('',#16559,#16560,#16561);
#16563=PLANE('',#16562);
#16564=ORIENTED_EDGE('',*,*,#9538,.F.);
#16565=ORIENTED_EDGE('',*,*,#16480,.F.);
#16567=ORIENTED_EDGE('',*,*,#16566,.T.);
#16568=ORIENTED_EDGE('',*,*,#16528,.T.);
#16569=EDGE_LOOP('',(#16564,#16565,#16567,#16568));
#16570=FACE_OUTER_BOUND('',#16569,.F.);
#16572=CARTESIAN_POINT('',(-6.75E0,-2.5E-1,4.E0));
#16573=DIRECTION('',(0.E0,0.E0,1.E0));
#16574=DIRECTION('',(0.E0,1.E0,0.E0));
#16575=AXIS2_PLACEMENT_3D('',#16572,#16573,#16574);
#16576=PLANE('',#16575);
#16577=ORIENTED_EDGE('',*,*,#16478,.F.);
#16578=ORIENTED_EDGE('',*,*,#16516,.T.);
#16579=ORIENTED_EDGE('',*,*,#16530,.T.);
#16580=ORIENTED_EDGE('',*,*,#16566,.F.);
#16581=EDGE_LOOP('',(#16577,#16578,#16579,#16580));
#16582=FACE_OUTER_BOUND('',#16581,.F.);
#16584=CARTESIAN_POINT('',(-6.75E0,-2.5E-1,-1.75E0));
#16585=DIRECTION('',(0.E0,-1.E0,0.E0));
#16586=DIRECTION('',(0.E0,0.E0,1.E0));
#16587=AXIS2_PLACEMENT_3D('',#16584,#16585,#16586);
#16588=PLANE('',#16587);
#16589=ORIENTED_EDGE('',*,*,#10484,.F.);
#16590=ORIENTED_EDGE('',*,*,#16503,.F.);
#16592=ORIENTED_EDGE('',*,*,#16591,.T.);
#16593=ORIENTED_EDGE('',*,*,#16542,.T.);
#16594=EDGE_LOOP('',(#16589,#16590,#16592,#16593));
#16595=FACE_OUTER_BOUND('',#16594,.F.);
#16597=CARTESIAN_POINT('',(-6.75E0,7.5E-1,-1.75E0));
#16598=DIRECTION('',(-1.E0,0.E0,0.E0));
#16599=DIRECTION('',(0.E0,-1.E0,0.E0));
#16600=AXIS2_PLACEMENT_3D('',#16597,#16598,#16599);
#16601=CYLINDRICAL_SURFACE('',#16600,1.E0);
#16602=ORIENTED_EDGE('',*,*,#16501,.F.);
#16604=ORIENTED_EDGE('',*,*,#16603,.T.);
#16605=ORIENTED_EDGE('',*,*,#16544,.T.);
#16606=ORIENTED_EDGE('',*,*,#16591,.F.);
#16607=EDGE_LOOP('',(#16602,#16604,#16605,#16606));
#16608=FACE_OUTER_BOUND('',#16607,.F.);
#16610=CARTESIAN_POINT('',(-6.75E0,2.25E0,-2.75E0));
#16611=DIRECTION('',(0.E0,0.E0,-1.E0));
#16612=DIRECTION('',(0.E0,-1.E0,0.E0));
#16613=AXIS2_PLACEMENT_3D('',#16610,#16611,#16612);
#16614=PLANE('',#16613);
#16615=ORIENTED_EDGE('',*,*,#16499,.F.);
#16617=ORIENTED_EDGE('',*,*,#16616,.T.);
#16618=ORIENTED_EDGE('',*,*,#16546,.T.);
#16619=ORIENTED_EDGE('',*,*,#16603,.F.);
#16620=EDGE_LOOP('',(#16615,#16617,#16618,#16619));
#16621=FACE_OUTER_BOUND('',#16620,.F.);
#16623=CARTESIAN_POINT('',(-6.75E0,2.25E0,-2.25E0));
#16624=DIRECTION('',(0.E0,1.E0,0.E0));
#16625=DIRECTION('',(0.E0,0.E0,-1.E0));
#16626=AXIS2_PLACEMENT_3D('',#16623,#16624,#16625);
#16627=PLANE('',#16626);
#16628=ORIENTED_EDGE('',*,*,#16497,.F.);
#16630=ORIENTED_EDGE('',*,*,#16629,.T.);
#16631=ORIENTED_EDGE('',*,*,#16548,.T.);
#16632=ORIENTED_EDGE('',*,*,#16616,.F.);
#16633=EDGE_LOOP('',(#16628,#16630,#16631,#16632));
#16634=FACE_OUTER_BOUND('',#16633,.F.);
#16636=CARTESIAN_POINT('',(-6.75E0,7.5E-1,-2.25E0));
#16637=DIRECTION('',(0.E0,0.E0,1.E0));
#16638=DIRECTION('',(0.E0,1.E0,0.E0));
#16639=AXIS2_PLACEMENT_3D('',#16636,#16637,#16638);
#16640=PLANE('',#16639);
#16641=ORIENTED_EDGE('',*,*,#16495,.F.);
#16643=ORIENTED_EDGE('',*,*,#16642,.T.);
#16644=ORIENTED_EDGE('',*,*,#16550,.T.);
#16645=ORIENTED_EDGE('',*,*,#16629,.F.);
#16646=EDGE_LOOP('',(#16641,#16643,#16644,#16645));
#16647=FACE_OUTER_BOUND('',#16646,.F.);
#16649=CARTESIAN_POINT('',(-6.75E0,7.5E-1,-1.75E0));
#16650=DIRECTION('',(-1.E0,0.E0,0.E0));
#16651=DIRECTION('',(0.E0,-1.E0,0.E0));
#16652=AXIS2_PLACEMENT_3D('',#16649,#16650,#16651);
#16653=CYLINDRICAL_SURFACE('',#16652,5.E-1);
#16654=ORIENTED_EDGE('',*,*,#16493,.F.);
#16656=ORIENTED_EDGE('',*,*,#16655,.T.);
#16657=ORIENTED_EDGE('',*,*,#16552,.T.);
#16658=ORIENTED_EDGE('',*,*,#16642,.F.);
#16659=EDGE_LOOP('',(#16654,#16656,#16657,#16658));
#16660=FACE_OUTER_BOUND('',#16659,.F.);
#16662=CARTESIAN_POINT('',(-6.75E0,2.5E-1,-1.15E0));
#16663=DIRECTION('',(0.E0,1.E0,0.E0));
#16664=DIRECTION('',(0.E0,0.E0,-1.E0));
#16665=AXIS2_PLACEMENT_3D('',#16662,#16663,#16664);
#16666=PLANE('',#16665);
#16667=ORIENTED_EDGE('',*,*,#10488,.T.);
#16668=ORIENTED_EDGE('',*,*,#16554,.T.);
#16669=ORIENTED_EDGE('',*,*,#16655,.F.);
#16670=ORIENTED_EDGE('',*,*,#16491,.F.);
#16671=EDGE_LOOP('',(#16667,#16668,#16669,#16670));
#16672=FACE_OUTER_BOUND('',#16671,.F.);
#16674=CARTESIAN_POINT('',(-2.75E0,0.E0,0.E0));
#16675=DIRECTION('',(-1.E0,0.E0,0.E0));
#16676=DIRECTION('',(0.E0,-1.E0,0.E0));
#16677=AXIS2_PLACEMENT_3D('',#16674,#16675,#16676);
#16678=PLANE('',#16677);
#16679=ORIENTED_EDGE('',*,*,#9588,.T.);
#16681=ORIENTED_EDGE('',*,*,#16680,.T.);
#16683=ORIENTED_EDGE('',*,*,#16682,.T.);
#16685=ORIENTED_EDGE('',*,*,#16684,.T.);
#16686=EDGE_LOOP('',(#16679,#16681,#16683,#16685));
#16687=FACE_OUTER_BOUND('',#16686,.F.);
#16689=CARTESIAN_POINT('',(-2.75E0,0.E0,0.E0));
#16690=DIRECTION('',(-1.E0,0.E0,0.E0));
#16691=DIRECTION('',(0.E0,-1.E0,0.E0));
#16692=AXIS2_PLACEMENT_3D('',#16689,#16690,#16691);
#16693=PLANE('',#16692);
#16694=ORIENTED_EDGE('',*,*,#10492,.F.);
#16696=ORIENTED_EDGE('',*,*,#16695,.T.);
#16698=ORIENTED_EDGE('',*,*,#16697,.T.);
#16700=ORIENTED_EDGE('',*,*,#16699,.T.);
#16702=ORIENTED_EDGE('',*,*,#16701,.T.);
#16704=ORIENTED_EDGE('',*,*,#16703,.T.);
#16706=ORIENTED_EDGE('',*,*,#16705,.T.);
#16708=ORIENTED_EDGE('',*,*,#16707,.T.);
#16709=EDGE_LOOP('',(#16694,#16696,#16698,#16700,#16702,#16704,#16706,#16708));
#16710=FACE_OUTER_BOUND('',#16709,.F.);
#16712=CARTESIAN_POINT('',(-2.75E0,-2.5E-1,0.E0));
#16713=DIRECTION('',(0.E0,-1.E0,0.E0));
#16714=DIRECTION('',(0.E0,0.E0,1.E0));
#16715=AXIS2_PLACEMENT_3D('',#16712,#16713,#16714);
#16716=PLANE('',#16715);
#16717=ORIENTED_EDGE('',*,*,#9594,.T.);
#16719=ORIENTED_EDGE('',*,*,#16718,.T.);
#16721=ORIENTED_EDGE('',*,*,#16720,.F.);
#16722=ORIENTED_EDGE('',*,*,#16680,.F.);
#16723=EDGE_LOOP('',(#16717,#16719,#16721,#16722));
#16724=FACE_OUTER_BOUND('',#16723,.F.);
#16726=CARTESIAN_POINT('',(-3.25E0,0.E0,0.E0));
#16727=DIRECTION('',(-1.E0,0.E0,0.E0));
#16728=DIRECTION('',(0.E0,-1.E0,0.E0));
#16729=AXIS2_PLACEMENT_3D('',#16726,#16727,#16728);
#16730=PLANE('',#16729);
#16731=ORIENTED_EDGE('',*,*,#9592,.F.);
#16733=ORIENTED_EDGE('',*,*,#16732,.F.);
#16735=ORIENTED_EDGE('',*,*,#16734,.F.);
#16736=ORIENTED_EDGE('',*,*,#16718,.F.);
#16737=EDGE_LOOP('',(#16731,#16733,#16735,#16736));
#16738=FACE_OUTER_BOUND('',#16737,.F.);
#16740=CARTESIAN_POINT('',(-3.25E0,0.E0,0.E0));
#16741=DIRECTION('',(-1.E0,0.E0,0.E0));
#16742=DIRECTION('',(0.E0,-1.E0,0.E0));
#16743=AXIS2_PLACEMENT_3D('',#16740,#16741,#16742);
#16744=PLANE('',#16743);
#16745=ORIENTED_EDGE('',*,*,#10496,.T.);
#16747=ORIENTED_EDGE('',*,*,#16746,.F.);
#16749=ORIENTED_EDGE('',*,*,#16748,.F.);
#16751=ORIENTED_EDGE('',*,*,#16750,.F.);
#16753=ORIENTED_EDGE('',*,*,#16752,.F.);
#16755=ORIENTED_EDGE('',*,*,#16754,.F.);
#16757=ORIENTED_EDGE('',*,*,#16756,.F.);
#16759=ORIENTED_EDGE('',*,*,#16758,.F.);
#16760=EDGE_LOOP('',(#16745,#16747,#16749,#16751,#16753,#16755,#16757,#16759));
#16761=FACE_OUTER_BOUND('',#16760,.F.);
#16763=CARTESIAN_POINT('',(-2.75E0,2.5E-1,4.E0));
#16764=DIRECTION('',(0.E0,1.E0,0.E0));
#16765=DIRECTION('',(0.E0,0.E0,-1.E0));
#16766=AXIS2_PLACEMENT_3D('',#16763,#16764,#16765);
#16767=PLANE('',#16766);
#16768=ORIENTED_EDGE('',*,*,#9590,.F.);
#16769=ORIENTED_EDGE('',*,*,#16684,.F.);
#16771=ORIENTED_EDGE('',*,*,#16770,.T.);
#16772=ORIENTED_EDGE('',*,*,#16732,.T.);
#16773=EDGE_LOOP('',(#16768,#16769,#16771,#16772));
#16774=FACE_OUTER_BOUND('',#16773,.F.);
#16776=CARTESIAN_POINT('',(-2.75E0,-2.5E-1,4.E0));
#16777=DIRECTION('',(0.E0,0.E0,1.E0));
#16778=DIRECTION('',(0.E0,1.E0,0.E0));
#16779=AXIS2_PLACEMENT_3D('',#16776,#16777,#16778);
#16780=PLANE('',#16779);
#16781=ORIENTED_EDGE('',*,*,#16682,.F.);
#16782=ORIENTED_EDGE('',*,*,#16720,.T.);
#16783=ORIENTED_EDGE('',*,*,#16734,.T.);
#16784=ORIENTED_EDGE('',*,*,#16770,.F.);
#16785=EDGE_LOOP('',(#16781,#16782,#16783,#16784));
#16786=FACE_OUTER_BOUND('',#16785,.F.);
#16788=CARTESIAN_POINT('',(-2.75E0,-2.5E-1,-1.75E0));
#16789=DIRECTION('',(0.E0,-1.E0,0.E0));
#16790=DIRECTION('',(0.E0,0.E0,1.E0));
#16791=AXIS2_PLACEMENT_3D('',#16788,#16789,#16790);
#16792=PLANE('',#16791);
#16793=ORIENTED_EDGE('',*,*,#10494,.F.);
#16794=ORIENTED_EDGE('',*,*,#16707,.F.);
#16796=ORIENTED_EDGE('',*,*,#16795,.T.);
#16797=ORIENTED_EDGE('',*,*,#16746,.T.);
#16798=EDGE_LOOP('',(#16793,#16794,#16796,#16797));
#16799=FACE_OUTER_BOUND('',#16798,.F.);
#16801=CARTESIAN_POINT('',(-2.75E0,7.5E-1,-1.75E0));
#16802=DIRECTION('',(-1.E0,0.E0,0.E0));
#16803=DIRECTION('',(0.E0,-1.E0,0.E0));
#16804=AXIS2_PLACEMENT_3D('',#16801,#16802,#16803);
#16805=CYLINDRICAL_SURFACE('',#16804,1.E0);
#16806=ORIENTED_EDGE('',*,*,#16705,.F.);
#16808=ORIENTED_EDGE('',*,*,#16807,.T.);
#16809=ORIENTED_EDGE('',*,*,#16748,.T.);
#16810=ORIENTED_EDGE('',*,*,#16795,.F.);
#16811=EDGE_LOOP('',(#16806,#16808,#16809,#16810));
#16812=FACE_OUTER_BOUND('',#16811,.F.);
#16814=CARTESIAN_POINT('',(-2.75E0,2.25E0,-2.75E0));
#16815=DIRECTION('',(0.E0,0.E0,-1.E0));
#16816=DIRECTION('',(0.E0,-1.E0,0.E0));
#16817=AXIS2_PLACEMENT_3D('',#16814,#16815,#16816);
#16818=PLANE('',#16817);
#16819=ORIENTED_EDGE('',*,*,#16703,.F.);
#16821=ORIENTED_EDGE('',*,*,#16820,.T.);
#16822=ORIENTED_EDGE('',*,*,#16750,.T.);
#16823=ORIENTED_EDGE('',*,*,#16807,.F.);
#16824=EDGE_LOOP('',(#16819,#16821,#16822,#16823));
#16825=FACE_OUTER_BOUND('',#16824,.F.);
#16827=CARTESIAN_POINT('',(-2.75E0,2.25E0,-2.25E0));
#16828=DIRECTION('',(0.E0,1.E0,0.E0));
#16829=DIRECTION('',(0.E0,0.E0,-1.E0));
#16830=AXIS2_PLACEMENT_3D('',#16827,#16828,#16829);
#16831=PLANE('',#16830);
#16832=ORIENTED_EDGE('',*,*,#16701,.F.);
#16834=ORIENTED_EDGE('',*,*,#16833,.T.);
#16835=ORIENTED_EDGE('',*,*,#16752,.T.);
#16836=ORIENTED_EDGE('',*,*,#16820,.F.);
#16837=EDGE_LOOP('',(#16832,#16834,#16835,#16836));
#16838=FACE_OUTER_BOUND('',#16837,.F.);
#16840=CARTESIAN_POINT('',(-2.75E0,7.5E-1,-2.25E0));
#16841=DIRECTION('',(0.E0,0.E0,1.E0));
#16842=DIRECTION('',(0.E0,1.E0,0.E0));
#16843=AXIS2_PLACEMENT_3D('',#16840,#16841,#16842);
#16844=PLANE('',#16843);
#16845=ORIENTED_EDGE('',*,*,#16699,.F.);
#16847=ORIENTED_EDGE('',*,*,#16846,.T.);
#16848=ORIENTED_EDGE('',*,*,#16754,.T.);
#16849=ORIENTED_EDGE('',*,*,#16833,.F.);
#16850=EDGE_LOOP('',(#16845,#16847,#16848,#16849));
#16851=FACE_OUTER_BOUND('',#16850,.F.);
#16853=CARTESIAN_POINT('',(-2.75E0,7.5E-1,-1.75E0));
#16854=DIRECTION('',(-1.E0,0.E0,0.E0));
#16855=DIRECTION('',(0.E0,-1.E0,0.E0));
#16856=AXIS2_PLACEMENT_3D('',#16853,#16854,#16855);
#16857=CYLINDRICAL_SURFACE('',#16856,5.E-1);
#16858=ORIENTED_EDGE('',*,*,#16697,.F.);
#16860=ORIENTED_EDGE('',*,*,#16859,.T.);
#16861=ORIENTED_EDGE('',*,*,#16756,.T.);
#16862=ORIENTED_EDGE('',*,*,#16846,.F.);
#16863=EDGE_LOOP('',(#16858,#16860,#16861,#16862));
#16864=FACE_OUTER_BOUND('',#16863,.F.);
#16866=CARTESIAN_POINT('',(-2.75E0,2.5E-1,-1.15E0));
#16867=DIRECTION('',(0.E0,1.E0,0.E0));
#16868=DIRECTION('',(0.E0,0.E0,-1.E0));
#16869=AXIS2_PLACEMENT_3D('',#16866,#16867,#16868);
#16870=PLANE('',#16869);
#16871=ORIENTED_EDGE('',*,*,#10498,.T.);
#16872=ORIENTED_EDGE('',*,*,#16758,.T.);
#16873=ORIENTED_EDGE('',*,*,#16859,.F.);
#16874=ORIENTED_EDGE('',*,*,#16695,.F.);
#16875=EDGE_LOOP('',(#16871,#16872,#16873,#16874));
#16876=FACE_OUTER_BOUND('',#16875,.F.);
#16878=CARTESIAN_POINT('',(1.25E0,0.E0,0.E0));
#16879=DIRECTION('',(-1.E0,0.E0,0.E0));
#16880=DIRECTION('',(0.E0,-1.E0,0.E0));
#16881=AXIS2_PLACEMENT_3D('',#16878,#16879,#16880);
#16882=PLANE('',#16881);
#16883=ORIENTED_EDGE('',*,*,#9640,.T.);
#16885=ORIENTED_EDGE('',*,*,#16884,.T.);
#16887=ORIENTED_EDGE('',*,*,#16886,.T.);
#16889=ORIENTED_EDGE('',*,*,#16888,.T.);
#16890=EDGE_LOOP('',(#16883,#16885,#16887,#16889));
#16891=FACE_OUTER_BOUND('',#16890,.F.);
#16893=CARTESIAN_POINT('',(1.25E0,0.E0,0.E0));
#16894=DIRECTION('',(-1.E0,0.E0,0.E0));
#16895=DIRECTION('',(0.E0,-1.E0,0.E0));
#16896=AXIS2_PLACEMENT_3D('',#16893,#16894,#16895);
#16897=PLANE('',#16896);
#16898=ORIENTED_EDGE('',*,*,#10502,.F.);
#16900=ORIENTED_EDGE('',*,*,#16899,.T.);
#16902=ORIENTED_EDGE('',*,*,#16901,.T.);
#16904=ORIENTED_EDGE('',*,*,#16903,.T.);
#16906=ORIENTED_EDGE('',*,*,#16905,.T.);
#16908=ORIENTED_EDGE('',*,*,#16907,.T.);
#16910=ORIENTED_EDGE('',*,*,#16909,.T.);
#16912=ORIENTED_EDGE('',*,*,#16911,.T.);
#16913=EDGE_LOOP('',(#16898,#16900,#16902,#16904,#16906,#16908,#16910,#16912));
#16914=FACE_OUTER_BOUND('',#16913,.F.);
#16916=CARTESIAN_POINT('',(1.25E0,-2.5E-1,0.E0));
#16917=DIRECTION('',(0.E0,-1.E0,0.E0));
#16918=DIRECTION('',(0.E0,0.E0,1.E0));
#16919=AXIS2_PLACEMENT_3D('',#16916,#16917,#16918);
#16920=PLANE('',#16919);
#16921=ORIENTED_EDGE('',*,*,#9646,.T.);
#16923=ORIENTED_EDGE('',*,*,#16922,.T.);
#16925=ORIENTED_EDGE('',*,*,#16924,.F.);
#16926=ORIENTED_EDGE('',*,*,#16884,.F.);
#16927=EDGE_LOOP('',(#16921,#16923,#16925,#16926));
#16928=FACE_OUTER_BOUND('',#16927,.F.);
#16930=CARTESIAN_POINT('',(7.5E-1,0.E0,0.E0));
#16931=DIRECTION('',(-1.E0,0.E0,0.E0));
#16932=DIRECTION('',(0.E0,-1.E0,0.E0));
#16933=AXIS2_PLACEMENT_3D('',#16930,#16931,#16932);
#16934=PLANE('',#16933);
#16935=ORIENTED_EDGE('',*,*,#9644,.F.);
#16937=ORIENTED_EDGE('',*,*,#16936,.F.);
#16939=ORIENTED_EDGE('',*,*,#16938,.F.);
#16940=ORIENTED_EDGE('',*,*,#16922,.F.);
#16941=EDGE_LOOP('',(#16935,#16937,#16939,#16940));
#16942=FACE_OUTER_BOUND('',#16941,.F.);
#16944=CARTESIAN_POINT('',(7.5E-1,0.E0,0.E0));
#16945=DIRECTION('',(-1.E0,0.E0,0.E0));
#16946=DIRECTION('',(0.E0,-1.E0,0.E0));
#16947=AXIS2_PLACEMENT_3D('',#16944,#16945,#16946);
#16948=PLANE('',#16947);
#16949=ORIENTED_EDGE('',*,*,#10506,.T.);
#16951=ORIENTED_EDGE('',*,*,#16950,.F.);
#16953=ORIENTED_EDGE('',*,*,#16952,.F.);
#16955=ORIENTED_EDGE('',*,*,#16954,.F.);
#16957=ORIENTED_EDGE('',*,*,#16956,.F.);
#16959=ORIENTED_EDGE('',*,*,#16958,.F.);
#16961=ORIENTED_EDGE('',*,*,#16960,.F.);
#16963=ORIENTED_EDGE('',*,*,#16962,.F.);
#16964=EDGE_LOOP('',(#16949,#16951,#16953,#16955,#16957,#16959,#16961,#16963));
#16965=FACE_OUTER_BOUND('',#16964,.F.);
#16967=CARTESIAN_POINT('',(1.25E0,2.5E-1,4.E0));
#16968=DIRECTION('',(0.E0,1.E0,0.E0));
#16969=DIRECTION('',(0.E0,0.E0,-1.E0));
#16970=AXIS2_PLACEMENT_3D('',#16967,#16968,#16969);
#16971=PLANE('',#16970);
#16972=ORIENTED_EDGE('',*,*,#9642,.F.);
#16973=ORIENTED_EDGE('',*,*,#16888,.F.);
#16975=ORIENTED_EDGE('',*,*,#16974,.T.);
#16976=ORIENTED_EDGE('',*,*,#16936,.T.);
#16977=EDGE_LOOP('',(#16972,#16973,#16975,#16976));
#16978=FACE_OUTER_BOUND('',#16977,.F.);
#16980=CARTESIAN_POINT('',(1.25E0,-2.5E-1,4.E0));
#16981=DIRECTION('',(0.E0,0.E0,1.E0));
#16982=DIRECTION('',(0.E0,1.E0,0.E0));
#16983=AXIS2_PLACEMENT_3D('',#16980,#16981,#16982);
#16984=PLANE('',#16983);
#16985=ORIENTED_EDGE('',*,*,#16886,.F.);
#16986=ORIENTED_EDGE('',*,*,#16924,.T.);
#16987=ORIENTED_EDGE('',*,*,#16938,.T.);
#16988=ORIENTED_EDGE('',*,*,#16974,.F.);
#16989=EDGE_LOOP('',(#16985,#16986,#16987,#16988));
#16990=FACE_OUTER_BOUND('',#16989,.F.);
#16992=CARTESIAN_POINT('',(1.25E0,-2.5E-1,-1.75E0));
#16993=DIRECTION('',(0.E0,-1.E0,0.E0));
#16994=DIRECTION('',(0.E0,0.E0,1.E0));
#16995=AXIS2_PLACEMENT_3D('',#16992,#16993,#16994);
#16996=PLANE('',#16995);
#16997=ORIENTED_EDGE('',*,*,#10504,.F.);
#16998=ORIENTED_EDGE('',*,*,#16911,.F.);
#17000=ORIENTED_EDGE('',*,*,#16999,.T.);
#17001=ORIENTED_EDGE('',*,*,#16950,.T.);
#17002=EDGE_LOOP('',(#16997,#16998,#17000,#17001));
#17003=FACE_OUTER_BOUND('',#17002,.F.);
#17005=CARTESIAN_POINT('',(1.25E0,7.5E-1,-1.75E0));
#17006=DIRECTION('',(-1.E0,0.E0,0.E0));
#17007=DIRECTION('',(0.E0,-1.E0,0.E0));
#17008=AXIS2_PLACEMENT_3D('',#17005,#17006,#17007);
#17009=CYLINDRICAL_SURFACE('',#17008,1.E0);
#17010=ORIENTED_EDGE('',*,*,#16909,.F.);
#17012=ORIENTED_EDGE('',*,*,#17011,.T.);
#17013=ORIENTED_EDGE('',*,*,#16952,.T.);
#17014=ORIENTED_EDGE('',*,*,#16999,.F.);
#17015=EDGE_LOOP('',(#17010,#17012,#17013,#17014));
#17016=FACE_OUTER_BOUND('',#17015,.F.);
#17018=CARTESIAN_POINT('',(1.25E0,2.25E0,-2.75E0));
#17019=DIRECTION('',(0.E0,0.E0,-1.E0));
#17020=DIRECTION('',(0.E0,-1.E0,0.E0));
#17021=AXIS2_PLACEMENT_3D('',#17018,#17019,#17020);
#17022=PLANE('',#17021);
#17023=ORIENTED_EDGE('',*,*,#16907,.F.);
#17025=ORIENTED_EDGE('',*,*,#17024,.T.);
#17026=ORIENTED_EDGE('',*,*,#16954,.T.);
#17027=ORIENTED_EDGE('',*,*,#17011,.F.);
#17028=EDGE_LOOP('',(#17023,#17025,#17026,#17027));
#17029=FACE_OUTER_BOUND('',#17028,.F.);
#17031=CARTESIAN_POINT('',(1.25E0,2.25E0,-2.25E0));
#17032=DIRECTION('',(0.E0,1.E0,0.E0));
#17033=DIRECTION('',(0.E0,0.E0,-1.E0));
#17034=AXIS2_PLACEMENT_3D('',#17031,#17032,#17033);
#17035=PLANE('',#17034);
#17036=ORIENTED_EDGE('',*,*,#16905,.F.);
#17038=ORIENTED_EDGE('',*,*,#17037,.T.);
#17039=ORIENTED_EDGE('',*,*,#16956,.T.);
#17040=ORIENTED_EDGE('',*,*,#17024,.F.);
#17041=EDGE_LOOP('',(#17036,#17038,#17039,#17040));
#17042=FACE_OUTER_BOUND('',#17041,.F.);
#17044=CARTESIAN_POINT('',(1.25E0,7.5E-1,-2.25E0));
#17045=DIRECTION('',(0.E0,0.E0,1.E0));
#17046=DIRECTION('',(0.E0,1.E0,0.E0));
#17047=AXIS2_PLACEMENT_3D('',#17044,#17045,#17046);
#17048=PLANE('',#17047);
#17049=ORIENTED_EDGE('',*,*,#16903,.F.);
#17051=ORIENTED_EDGE('',*,*,#17050,.T.);
#17052=ORIENTED_EDGE('',*,*,#16958,.T.);
#17053=ORIENTED_EDGE('',*,*,#17037,.F.);
#17054=EDGE_LOOP('',(#17049,#17051,#17052,#17053));
#17055=FACE_OUTER_BOUND('',#17054,.F.);
#17057=CARTESIAN_POINT('',(1.25E0,7.5E-1,-1.75E0));
#17058=DIRECTION('',(-1.E0,0.E0,0.E0));
#17059=DIRECTION('',(0.E0,-1.E0,0.E0));
#17060=AXIS2_PLACEMENT_3D('',#17057,#17058,#17059);
#17061=CYLINDRICAL_SURFACE('',#17060,5.E-1);
#17062=ORIENTED_EDGE('',*,*,#16901,.F.);
#17064=ORIENTED_EDGE('',*,*,#17063,.T.);
#17065=ORIENTED_EDGE('',*,*,#16960,.T.);
#17066=ORIENTED_EDGE('',*,*,#17050,.F.);
#17067=EDGE_LOOP('',(#17062,#17064,#17065,#17066));
#17068=FACE_OUTER_BOUND('',#17067,.F.);
#17070=CARTESIAN_POINT('',(1.25E0,2.5E-1,-1.15E0));
#17071=DIRECTION('',(0.E0,1.E0,0.E0));
#17072=DIRECTION('',(0.E0,0.E0,-1.E0));
#17073=AXIS2_PLACEMENT_3D('',#17070,#17071,#17072);
#17074=PLANE('',#17073);
#17075=ORIENTED_EDGE('',*,*,#10508,.T.);
#17076=ORIENTED_EDGE('',*,*,#16962,.T.);
#17077=ORIENTED_EDGE('',*,*,#17063,.F.);
#17078=ORIENTED_EDGE('',*,*,#16899,.F.);
#17079=EDGE_LOOP('',(#17075,#17076,#17077,#17078));
#17080=FACE_OUTER_BOUND('',#17079,.F.);
#17082=CARTESIAN_POINT('',(5.25E0,0.E0,0.E0));
#17083=DIRECTION('',(-1.E0,0.E0,0.E0));
#17084=DIRECTION('',(0.E0,-1.E0,0.E0));
#17085=AXIS2_PLACEMENT_3D('',#17082,#17083,#17084);
#17086=PLANE('',#17085);
#17087=ORIENTED_EDGE('',*,*,#9692,.T.);
#17089=ORIENTED_EDGE('',*,*,#17088,.T.);
#17091=ORIENTED_EDGE('',*,*,#17090,.T.);
#17093=ORIENTED_EDGE('',*,*,#17092,.T.);
#17094=EDGE_LOOP('',(#17087,#17089,#17091,#17093));
#17095=FACE_OUTER_BOUND('',#17094,.F.);
#17097=CARTESIAN_POINT('',(5.25E0,0.E0,0.E0));
#17098=DIRECTION('',(-1.E0,0.E0,0.E0));
#17099=DIRECTION('',(0.E0,-1.E0,0.E0));
#17100=AXIS2_PLACEMENT_3D('',#17097,#17098,#17099);
#17101=PLANE('',#17100);
#17102=ORIENTED_EDGE('',*,*,#10512,.F.);
#17104=ORIENTED_EDGE('',*,*,#17103,.T.);
#17106=ORIENTED_EDGE('',*,*,#17105,.T.);
#17108=ORIENTED_EDGE('',*,*,#17107,.T.);
#17110=ORIENTED_EDGE('',*,*,#17109,.T.);
#17112=ORIENTED_EDGE('',*,*,#17111,.T.);
#17114=ORIENTED_EDGE('',*,*,#17113,.T.);
#17116=ORIENTED_EDGE('',*,*,#17115,.T.);
#17117=EDGE_LOOP('',(#17102,#17104,#17106,#17108,#17110,#17112,#17114,#17116));
#17118=FACE_OUTER_BOUND('',#17117,.F.);
#17120=CARTESIAN_POINT('',(5.25E0,-2.5E-1,0.E0));
#17121=DIRECTION('',(0.E0,-1.E0,0.E0));
#17122=DIRECTION('',(0.E0,0.E0,1.E0));
#17123=AXIS2_PLACEMENT_3D('',#17120,#17121,#17122);
#17124=PLANE('',#17123);
#17125=ORIENTED_EDGE('',*,*,#9698,.T.);
#17127=ORIENTED_EDGE('',*,*,#17126,.T.);
#17129=ORIENTED_EDGE('',*,*,#17128,.F.);
#17130=ORIENTED_EDGE('',*,*,#17088,.F.);
#17131=EDGE_LOOP('',(#17125,#17127,#17129,#17130));
#17132=FACE_OUTER_BOUND('',#17131,.F.);
#17134=CARTESIAN_POINT('',(4.75E0,0.E0,0.E0));
#17135=DIRECTION('',(-1.E0,0.E0,0.E0));
#17136=DIRECTION('',(0.E0,-1.E0,0.E0));
#17137=AXIS2_PLACEMENT_3D('',#17134,#17135,#17136);
#17138=PLANE('',#17137);
#17139=ORIENTED_EDGE('',*,*,#9696,.F.);
#17141=ORIENTED_EDGE('',*,*,#17140,.F.);
#17143=ORIENTED_EDGE('',*,*,#17142,.F.);
#17144=ORIENTED_EDGE('',*,*,#17126,.F.);
#17145=EDGE_LOOP('',(#17139,#17141,#17143,#17144));
#17146=FACE_OUTER_BOUND('',#17145,.F.);
#17148=CARTESIAN_POINT('',(4.75E0,0.E0,0.E0));
#17149=DIRECTION('',(-1.E0,0.E0,0.E0));
#17150=DIRECTION('',(0.E0,-1.E0,0.E0));
#17151=AXIS2_PLACEMENT_3D('',#17148,#17149,#17150);
#17152=PLANE('',#17151);
#17153=ORIENTED_EDGE('',*,*,#10516,.T.);
#17155=ORIENTED_EDGE('',*,*,#17154,.F.);
#17157=ORIENTED_EDGE('',*,*,#17156,.F.);
#17159=ORIENTED_EDGE('',*,*,#17158,.F.);
#17161=ORIENTED_EDGE('',*,*,#17160,.F.);
#17163=ORIENTED_EDGE('',*,*,#17162,.F.);
#17165=ORIENTED_EDGE('',*,*,#17164,.F.);
#17167=ORIENTED_EDGE('',*,*,#17166,.F.);
#17168=EDGE_LOOP('',(#17153,#17155,#17157,#17159,#17161,#17163,#17165,#17167));
#17169=FACE_OUTER_BOUND('',#17168,.F.);
#17171=CARTESIAN_POINT('',(5.25E0,2.5E-1,4.E0));
#17172=DIRECTION('',(0.E0,1.E0,0.E0));
#17173=DIRECTION('',(0.E0,0.E0,-1.E0));
#17174=AXIS2_PLACEMENT_3D('',#17171,#17172,#17173);
#17175=PLANE('',#17174);
#17176=ORIENTED_EDGE('',*,*,#9694,.F.);
#17177=ORIENTED_EDGE('',*,*,#17092,.F.);
#17179=ORIENTED_EDGE('',*,*,#17178,.T.);
#17180=ORIENTED_EDGE('',*,*,#17140,.T.);
#17181=EDGE_LOOP('',(#17176,#17177,#17179,#17180));
#17182=FACE_OUTER_BOUND('',#17181,.F.);
#17184=CARTESIAN_POINT('',(5.25E0,-2.5E-1,4.E0));
#17185=DIRECTION('',(0.E0,0.E0,1.E0));
#17186=DIRECTION('',(0.E0,1.E0,0.E0));
#17187=AXIS2_PLACEMENT_3D('',#17184,#17185,#17186);
#17188=PLANE('',#17187);
#17189=ORIENTED_EDGE('',*,*,#17090,.F.);
#17190=ORIENTED_EDGE('',*,*,#17128,.T.);
#17191=ORIENTED_EDGE('',*,*,#17142,.T.);
#17192=ORIENTED_EDGE('',*,*,#17178,.F.);
#17193=EDGE_LOOP('',(#17189,#17190,#17191,#17192));
#17194=FACE_OUTER_BOUND('',#17193,.F.);
#17196=CARTESIAN_POINT('',(5.25E0,-2.5E-1,-1.75E0));
#17197=DIRECTION('',(0.E0,-1.E0,0.E0));
#17198=DIRECTION('',(0.E0,0.E0,1.E0));
#17199=AXIS2_PLACEMENT_3D('',#17196,#17197,#17198);
#17200=PLANE('',#17199);
#17201=ORIENTED_EDGE('',*,*,#10514,.F.);
#17202=ORIENTED_EDGE('',*,*,#17115,.F.);
#17204=ORIENTED_EDGE('',*,*,#17203,.T.);
#17205=ORIENTED_EDGE('',*,*,#17154,.T.);
#17206=EDGE_LOOP('',(#17201,#17202,#17204,#17205));
#17207=FACE_OUTER_BOUND('',#17206,.F.);
#17209=CARTESIAN_POINT('',(5.25E0,7.5E-1,-1.75E0));
#17210=DIRECTION('',(-1.E0,0.E0,0.E0));
#17211=DIRECTION('',(0.E0,-1.E0,0.E0));
#17212=AXIS2_PLACEMENT_3D('',#17209,#17210,#17211);
#17213=CYLINDRICAL_SURFACE('',#17212,1.E0);
#17214=ORIENTED_EDGE('',*,*,#17113,.F.);
#17216=ORIENTED_EDGE('',*,*,#17215,.T.);
#17217=ORIENTED_EDGE('',*,*,#17156,.T.);
#17218=ORIENTED_EDGE('',*,*,#17203,.F.);
#17219=EDGE_LOOP('',(#17214,#17216,#17217,#17218));
#17220=FACE_OUTER_BOUND('',#17219,.F.);
#17222=CARTESIAN_POINT('',(5.25E0,2.25E0,-2.75E0));
#17223=DIRECTION('',(0.E0,0.E0,-1.E0));
#17224=DIRECTION('',(0.E0,-1.E0,0.E0));
#17225=AXIS2_PLACEMENT_3D('',#17222,#17223,#17224);
#17226=PLANE('',#17225);
#17227=ORIENTED_EDGE('',*,*,#17111,.F.);
#17229=ORIENTED_EDGE('',*,*,#17228,.T.);
#17230=ORIENTED_EDGE('',*,*,#17158,.T.);
#17231=ORIENTED_EDGE('',*,*,#17215,.F.);
#17232=EDGE_LOOP('',(#17227,#17229,#17230,#17231));
#17233=FACE_OUTER_BOUND('',#17232,.F.);
#17235=CARTESIAN_POINT('',(5.25E0,2.25E0,-2.25E0));
#17236=DIRECTION('',(0.E0,1.E0,0.E0));
#17237=DIRECTION('',(0.E0,0.E0,-1.E0));
#17238=AXIS2_PLACEMENT_3D('',#17235,#17236,#17237);
#17239=PLANE('',#17238);
#17240=ORIENTED_EDGE('',*,*,#17109,.F.);
#17242=ORIENTED_EDGE('',*,*,#17241,.T.);
#17243=ORIENTED_EDGE('',*,*,#17160,.T.);
#17244=ORIENTED_EDGE('',*,*,#17228,.F.);
#17245=EDGE_LOOP('',(#17240,#17242,#17243,#17244));
#17246=FACE_OUTER_BOUND('',#17245,.F.);
#17248=CARTESIAN_POINT('',(5.25E0,7.5E-1,-2.25E0));
#17249=DIRECTION('',(0.E0,0.E0,1.E0));
#17250=DIRECTION('',(0.E0,1.E0,0.E0));
#17251=AXIS2_PLACEMENT_3D('',#17248,#17249,#17250);
#17252=PLANE('',#17251);
#17253=ORIENTED_EDGE('',*,*,#17107,.F.);
#17255=ORIENTED_EDGE('',*,*,#17254,.T.);
#17256=ORIENTED_EDGE('',*,*,#17162,.T.);
#17257=ORIENTED_EDGE('',*,*,#17241,.F.);
#17258=EDGE_LOOP('',(#17253,#17255,#17256,#17257));
#17259=FACE_OUTER_BOUND('',#17258,.F.);
#17261=CARTESIAN_POINT('',(5.25E0,7.5E-1,-1.75E0));
#17262=DIRECTION('',(-1.E0,0.E0,0.E0));
#17263=DIRECTION('',(0.E0,-1.E0,0.E0));
#17264=AXIS2_PLACEMENT_3D('',#17261,#17262,#17263);
#17265=CYLINDRICAL_SURFACE('',#17264,5.E-1);
#17266=ORIENTED_EDGE('',*,*,#17105,.F.);
#17268=ORIENTED_EDGE('',*,*,#17267,.T.);
#17269=ORIENTED_EDGE('',*,*,#17164,.T.);
#17270=ORIENTED_EDGE('',*,*,#17254,.F.);
#17271=EDGE_LOOP('',(#17266,#17268,#17269,#17270));
#17272=FACE_OUTER_BOUND('',#17271,.F.);
#17274=CARTESIAN_POINT('',(5.25E0,2.5E-1,-1.15E0));
#17275=DIRECTION('',(0.E0,1.E0,0.E0));
#17276=DIRECTION('',(0.E0,0.E0,-1.E0));
#17277=AXIS2_PLACEMENT_3D('',#17274,#17275,#17276);
#17278=PLANE('',#17277);
#17279=ORIENTED_EDGE('',*,*,#10518,.T.);
#17280=ORIENTED_EDGE('',*,*,#17166,.T.);
#17281=ORIENTED_EDGE('',*,*,#17267,.F.);
#17282=ORIENTED_EDGE('',*,*,#17103,.F.);
#17283=EDGE_LOOP('',(#17279,#17280,#17281,#17282));
#17284=FACE_OUTER_BOUND('',#17283,.F.);
#17286=CARTESIAN_POINT('',(9.25E0,0.E0,0.E0));
#17287=DIRECTION('',(-1.E0,0.E0,0.E0));
#17288=DIRECTION('',(0.E0,-1.E0,0.E0));
#17289=AXIS2_PLACEMENT_3D('',#17286,#17287,#17288);
#17290=PLANE('',#17289);
#17291=ORIENTED_EDGE('',*,*,#9744,.T.);
#17293=ORIENTED_EDGE('',*,*,#17292,.T.);
#17295=ORIENTED_EDGE('',*,*,#17294,.T.);
#17297=ORIENTED_EDGE('',*,*,#17296,.T.);
#17298=EDGE_LOOP('',(#17291,#17293,#17295,#17297));
#17299=FACE_OUTER_BOUND('',#17298,.F.);
#17301=CARTESIAN_POINT('',(9.25E0,0.E0,0.E0));
#17302=DIRECTION('',(-1.E0,0.E0,0.E0));
#17303=DIRECTION('',(0.E0,-1.E0,0.E0));
#17304=AXIS2_PLACEMENT_3D('',#17301,#17302,#17303);
#17305=PLANE('',#17304);
#17306=ORIENTED_EDGE('',*,*,#10522,.F.);
#17308=ORIENTED_EDGE('',*,*,#17307,.T.);
#17310=ORIENTED_EDGE('',*,*,#17309,.T.);
#17312=ORIENTED_EDGE('',*,*,#17311,.T.);
#17314=ORIENTED_EDGE('',*,*,#17313,.T.);
#17316=ORIENTED_EDGE('',*,*,#17315,.T.);
#17318=ORIENTED_EDGE('',*,*,#17317,.T.);
#17320=ORIENTED_EDGE('',*,*,#17319,.T.);
#17321=EDGE_LOOP('',(#17306,#17308,#17310,#17312,#17314,#17316,#17318,#17320));
#17322=FACE_OUTER_BOUND('',#17321,.F.);
#17324=CARTESIAN_POINT('',(9.25E0,-2.5E-1,0.E0));
#17325=DIRECTION('',(0.E0,-1.E0,0.E0));
#17326=DIRECTION('',(0.E0,0.E0,1.E0));
#17327=AXIS2_PLACEMENT_3D('',#17324,#17325,#17326);
#17328=PLANE('',#17327);
#17329=ORIENTED_EDGE('',*,*,#9750,.T.);
#17331=ORIENTED_EDGE('',*,*,#17330,.T.);
#17333=ORIENTED_EDGE('',*,*,#17332,.F.);
#17334=ORIENTED_EDGE('',*,*,#17292,.F.);
#17335=EDGE_LOOP('',(#17329,#17331,#17333,#17334));
#17336=FACE_OUTER_BOUND('',#17335,.F.);
#17338=CARTESIAN_POINT('',(8.75E0,0.E0,0.E0));
#17339=DIRECTION('',(-1.E0,0.E0,0.E0));
#17340=DIRECTION('',(0.E0,-1.E0,0.E0));
#17341=AXIS2_PLACEMENT_3D('',#17338,#17339,#17340);
#17342=PLANE('',#17341);
#17343=ORIENTED_EDGE('',*,*,#9748,.F.);
#17345=ORIENTED_EDGE('',*,*,#17344,.F.);
#17347=ORIENTED_EDGE('',*,*,#17346,.F.);
#17348=ORIENTED_EDGE('',*,*,#17330,.F.);
#17349=EDGE_LOOP('',(#17343,#17345,#17347,#17348));
#17350=FACE_OUTER_BOUND('',#17349,.F.);
#17352=CARTESIAN_POINT('',(8.75E0,0.E0,0.E0));
#17353=DIRECTION('',(-1.E0,0.E0,0.E0));
#17354=DIRECTION('',(0.E0,-1.E0,0.E0));
#17355=AXIS2_PLACEMENT_3D('',#17352,#17353,#17354);
#17356=PLANE('',#17355);
#17357=ORIENTED_EDGE('',*,*,#10526,.T.);
#17359=ORIENTED_EDGE('',*,*,#17358,.F.);
#17361=ORIENTED_EDGE('',*,*,#17360,.F.);
#17363=ORIENTED_EDGE('',*,*,#17362,.F.);
#17365=ORIENTED_EDGE('',*,*,#17364,.F.);
#17367=ORIENTED_EDGE('',*,*,#17366,.F.);
#17369=ORIENTED_EDGE('',*,*,#17368,.F.);
#17371=ORIENTED_EDGE('',*,*,#17370,.F.);
#17372=EDGE_LOOP('',(#17357,#17359,#17361,#17363,#17365,#17367,#17369,#17371));
#17373=FACE_OUTER_BOUND('',#17372,.F.);
#17375=CARTESIAN_POINT('',(9.25E0,2.5E-1,4.E0));
#17376=DIRECTION('',(0.E0,1.E0,0.E0));
#17377=DIRECTION('',(0.E0,0.E0,-1.E0));
#17378=AXIS2_PLACEMENT_3D('',#17375,#17376,#17377);
#17379=PLANE('',#17378);
#17380=ORIENTED_EDGE('',*,*,#9746,.F.);
#17381=ORIENTED_EDGE('',*,*,#17296,.F.);
#17383=ORIENTED_EDGE('',*,*,#17382,.T.);
#17384=ORIENTED_EDGE('',*,*,#17344,.T.);
#17385=EDGE_LOOP('',(#17380,#17381,#17383,#17384));
#17386=FACE_OUTER_BOUND('',#17385,.F.);
#17388=CARTESIAN_POINT('',(9.25E0,-2.5E-1,4.E0));
#17389=DIRECTION('',(0.E0,0.E0,1.E0));
#17390=DIRECTION('',(0.E0,1.E0,0.E0));
#17391=AXIS2_PLACEMENT_3D('',#17388,#17389,#17390);
#17392=PLANE('',#17391);
#17393=ORIENTED_EDGE('',*,*,#17294,.F.);
#17394=ORIENTED_EDGE('',*,*,#17332,.T.);
#17395=ORIENTED_EDGE('',*,*,#17346,.T.);
#17396=ORIENTED_EDGE('',*,*,#17382,.F.);
#17397=EDGE_LOOP('',(#17393,#17394,#17395,#17396));
#17398=FACE_OUTER_BOUND('',#17397,.F.);
#17400=CARTESIAN_POINT('',(9.25E0,-2.5E-1,-1.75E0));
#17401=DIRECTION('',(0.E0,-1.E0,0.E0));
#17402=DIRECTION('',(0.E0,0.E0,1.E0));
#17403=AXIS2_PLACEMENT_3D('',#17400,#17401,#17402);
#17404=PLANE('',#17403);
#17405=ORIENTED_EDGE('',*,*,#10524,.F.);
#17406=ORIENTED_EDGE('',*,*,#17319,.F.);
#17408=ORIENTED_EDGE('',*,*,#17407,.T.);
#17409=ORIENTED_EDGE('',*,*,#17358,.T.);
#17410=EDGE_LOOP('',(#17405,#17406,#17408,#17409));
#17411=FACE_OUTER_BOUND('',#17410,.F.);
#17413=CARTESIAN_POINT('',(9.25E0,7.5E-1,-1.75E0));
#17414=DIRECTION('',(-1.E0,0.E0,0.E0));
#17415=DIRECTION('',(0.E0,-1.E0,0.E0));
#17416=AXIS2_PLACEMENT_3D('',#17413,#17414,#17415);
#17417=CYLINDRICAL_SURFACE('',#17416,1.E0);
#17418=ORIENTED_EDGE('',*,*,#17317,.F.);
#17420=ORIENTED_EDGE('',*,*,#17419,.T.);
#17421=ORIENTED_EDGE('',*,*,#17360,.T.);
#17422=ORIENTED_EDGE('',*,*,#17407,.F.);
#17423=EDGE_LOOP('',(#17418,#17420,#17421,#17422));
#17424=FACE_OUTER_BOUND('',#17423,.F.);
#17426=CARTESIAN_POINT('',(9.25E0,2.25E0,-2.75E0));
#17427=DIRECTION('',(0.E0,0.E0,-1.E0));
#17428=DIRECTION('',(0.E0,-1.E0,0.E0));
#17429=AXIS2_PLACEMENT_3D('',#17426,#17427,#17428);
#17430=PLANE('',#17429);
#17431=ORIENTED_EDGE('',*,*,#17315,.F.);
#17433=ORIENTED_EDGE('',*,*,#17432,.T.);
#17434=ORIENTED_EDGE('',*,*,#17362,.T.);
#17435=ORIENTED_EDGE('',*,*,#17419,.F.);
#17436=EDGE_LOOP('',(#17431,#17433,#17434,#17435));
#17437=FACE_OUTER_BOUND('',#17436,.F.);
#17439=CARTESIAN_POINT('',(9.25E0,2.25E0,-2.25E0));
#17440=DIRECTION('',(0.E0,1.E0,0.E0));
#17441=DIRECTION('',(0.E0,0.E0,-1.E0));
#17442=AXIS2_PLACEMENT_3D('',#17439,#17440,#17441);
#17443=PLANE('',#17442);
#17444=ORIENTED_EDGE('',*,*,#17313,.F.);
#17446=ORIENTED_EDGE('',*,*,#17445,.T.);
#17447=ORIENTED_EDGE('',*,*,#17364,.T.);
#17448=ORIENTED_EDGE('',*,*,#17432,.F.);
#17449=EDGE_LOOP('',(#17444,#17446,#17447,#17448));
#17450=FACE_OUTER_BOUND('',#17449,.F.);
#17452=CARTESIAN_POINT('',(9.25E0,7.5E-1,-2.25E0));
#17453=DIRECTION('',(0.E0,0.E0,1.E0));
#17454=DIRECTION('',(0.E0,1.E0,0.E0));
#17455=AXIS2_PLACEMENT_3D('',#17452,#17453,#17454);
#17456=PLANE('',#17455);
#17457=ORIENTED_EDGE('',*,*,#17311,.F.);
#17459=ORIENTED_EDGE('',*,*,#17458,.T.);
#17460=ORIENTED_EDGE('',*,*,#17366,.T.);
#17461=ORIENTED_EDGE('',*,*,#17445,.F.);
#17462=EDGE_LOOP('',(#17457,#17459,#17460,#17461));
#17463=FACE_OUTER_BOUND('',#17462,.F.);
#17465=CARTESIAN_POINT('',(9.25E0,7.5E-1,-1.75E0));
#17466=DIRECTION('',(-1.E0,0.E0,0.E0));
#17467=DIRECTION('',(0.E0,-1.E0,0.E0));
#17468=AXIS2_PLACEMENT_3D('',#17465,#17466,#17467);
#17469=CYLINDRICAL_SURFACE('',#17468,5.E-1);
#17470=ORIENTED_EDGE('',*,*,#17309,.F.);
#17472=ORIENTED_EDGE('',*,*,#17471,.T.);
#17473=ORIENTED_EDGE('',*,*,#17368,.T.);
#17474=ORIENTED_EDGE('',*,*,#17458,.F.);
#17475=EDGE_LOOP('',(#17470,#17472,#17473,#17474));
#17476=FACE_OUTER_BOUND('',#17475,.F.);
#17478=CARTESIAN_POINT('',(9.25E0,2.5E-1,-1.15E0));
#17479=DIRECTION('',(0.E0,1.E0,0.E0));
#17480=DIRECTION('',(0.E0,0.E0,-1.E0));
#17481=AXIS2_PLACEMENT_3D('',#17478,#17479,#17480);
#17482=PLANE('',#17481);
#17483=ORIENTED_EDGE('',*,*,#10528,.T.);
#17484=ORIENTED_EDGE('',*,*,#17370,.T.);
#17485=ORIENTED_EDGE('',*,*,#17471,.F.);
#17486=ORIENTED_EDGE('',*,*,#17307,.F.);
#17487=EDGE_LOOP('',(#17483,#17484,#17485,#17486));
#17488=FACE_OUTER_BOUND('',#17487,.F.);
#17490=CARTESIAN_POINT('',(1.325E1,0.E0,0.E0));
#17491=DIRECTION('',(-1.E0,0.E0,0.E0));
#17492=DIRECTION('',(0.E0,-1.E0,0.E0));
#17493=AXIS2_PLACEMENT_3D('',#17490,#17491,#17492);
#17494=PLANE('',#17493);
#17495=ORIENTED_EDGE('',*,*,#9796,.T.);
#17497=ORIENTED_EDGE('',*,*,#17496,.T.);
#17499=ORIENTED_EDGE('',*,*,#17498,.T.);
#17501=ORIENTED_EDGE('',*,*,#17500,.T.);
#17502=EDGE_LOOP('',(#17495,#17497,#17499,#17501));
#17503=FACE_OUTER_BOUND('',#17502,.F.);
#17505=CARTESIAN_POINT('',(1.325E1,0.E0,0.E0));
#17506=DIRECTION('',(-1.E0,0.E0,0.E0));
#17507=DIRECTION('',(0.E0,-1.E0,0.E0));
#17508=AXIS2_PLACEMENT_3D('',#17505,#17506,#17507);
#17509=PLANE('',#17508);
#17510=ORIENTED_EDGE('',*,*,#10532,.F.);
#17512=ORIENTED_EDGE('',*,*,#17511,.T.);
#17514=ORIENTED_EDGE('',*,*,#17513,.T.);
#17516=ORIENTED_EDGE('',*,*,#17515,.T.);
#17518=ORIENTED_EDGE('',*,*,#17517,.T.);
#17520=ORIENTED_EDGE('',*,*,#17519,.T.);
#17522=ORIENTED_EDGE('',*,*,#17521,.T.);
#17524=ORIENTED_EDGE('',*,*,#17523,.T.);
#17525=EDGE_LOOP('',(#17510,#17512,#17514,#17516,#17518,#17520,#17522,#17524));
#17526=FACE_OUTER_BOUND('',#17525,.F.);
#17528=CARTESIAN_POINT('',(1.325E1,-2.5E-1,0.E0));
#17529=DIRECTION('',(0.E0,-1.E0,0.E0));
#17530=DIRECTION('',(0.E0,0.E0,1.E0));
#17531=AXIS2_PLACEMENT_3D('',#17528,#17529,#17530);
#17532=PLANE('',#17531);
#17533=ORIENTED_EDGE('',*,*,#9802,.T.);
#17535=ORIENTED_EDGE('',*,*,#17534,.T.);
#17537=ORIENTED_EDGE('',*,*,#17536,.F.);
#17538=ORIENTED_EDGE('',*,*,#17496,.F.);
#17539=EDGE_LOOP('',(#17533,#17535,#17537,#17538));
#17540=FACE_OUTER_BOUND('',#17539,.F.);
#17542=CARTESIAN_POINT('',(1.275E1,0.E0,0.E0));
#17543=DIRECTION('',(-1.E0,0.E0,0.E0));
#17544=DIRECTION('',(0.E0,-1.E0,0.E0));
#17545=AXIS2_PLACEMENT_3D('',#17542,#17543,#17544);
#17546=PLANE('',#17545);
#17547=ORIENTED_EDGE('',*,*,#9800,.F.);
#17549=ORIENTED_EDGE('',*,*,#17548,.F.);
#17551=ORIENTED_EDGE('',*,*,#17550,.F.);
#17552=ORIENTED_EDGE('',*,*,#17534,.F.);
#17553=EDGE_LOOP('',(#17547,#17549,#17551,#17552));
#17554=FACE_OUTER_BOUND('',#17553,.F.);
#17556=CARTESIAN_POINT('',(1.275E1,0.E0,0.E0));
#17557=DIRECTION('',(-1.E0,0.E0,0.E0));
#17558=DIRECTION('',(0.E0,-1.E0,0.E0));
#17559=AXIS2_PLACEMENT_3D('',#17556,#17557,#17558);
#17560=PLANE('',#17559);
#17561=ORIENTED_EDGE('',*,*,#10536,.T.);
#17563=ORIENTED_EDGE('',*,*,#17562,.F.);
#17565=ORIENTED_EDGE('',*,*,#17564,.F.);
#17567=ORIENTED_EDGE('',*,*,#17566,.F.);
#17569=ORIENTED_EDGE('',*,*,#17568,.F.);
#17571=ORIENTED_EDGE('',*,*,#17570,.F.);
#17573=ORIENTED_EDGE('',*,*,#17572,.F.);
#17575=ORIENTED_EDGE('',*,*,#17574,.F.);
#17576=EDGE_LOOP('',(#17561,#17563,#17565,#17567,#17569,#17571,#17573,#17575));
#17577=FACE_OUTER_BOUND('',#17576,.F.);
#17579=CARTESIAN_POINT('',(1.325E1,2.5E-1,4.E0));
#17580=DIRECTION('',(0.E0,1.E0,0.E0));
#17581=DIRECTION('',(0.E0,0.E0,-1.E0));
#17582=AXIS2_PLACEMENT_3D('',#17579,#17580,#17581);
#17583=PLANE('',#17582);
#17584=ORIENTED_EDGE('',*,*,#9798,.F.);
#17585=ORIENTED_EDGE('',*,*,#17500,.F.);
#17587=ORIENTED_EDGE('',*,*,#17586,.T.);
#17588=ORIENTED_EDGE('',*,*,#17548,.T.);
#17589=EDGE_LOOP('',(#17584,#17585,#17587,#17588));
#17590=FACE_OUTER_BOUND('',#17589,.F.);
#17592=CARTESIAN_POINT('',(1.325E1,-2.5E-1,4.E0));
#17593=DIRECTION('',(0.E0,0.E0,1.E0));
#17594=DIRECTION('',(0.E0,1.E0,0.E0));
#17595=AXIS2_PLACEMENT_3D('',#17592,#17593,#17594);
#17596=PLANE('',#17595);
#17597=ORIENTED_EDGE('',*,*,#17498,.F.);
#17598=ORIENTED_EDGE('',*,*,#17536,.T.);
#17599=ORIENTED_EDGE('',*,*,#17550,.T.);
#17600=ORIENTED_EDGE('',*,*,#17586,.F.);
#17601=EDGE_LOOP('',(#17597,#17598,#17599,#17600));
#17602=FACE_OUTER_BOUND('',#17601,.F.);
#17604=CARTESIAN_POINT('',(1.325E1,-2.5E-1,-1.75E0));
#17605=DIRECTION('',(0.E0,-1.E0,0.E0));
#17606=DIRECTION('',(0.E0,0.E0,1.E0));
#17607=AXIS2_PLACEMENT_3D('',#17604,#17605,#17606);
#17608=PLANE('',#17607);
#17609=ORIENTED_EDGE('',*,*,#10534,.F.);
#17610=ORIENTED_EDGE('',*,*,#17523,.F.);
#17612=ORIENTED_EDGE('',*,*,#17611,.T.);
#17613=ORIENTED_EDGE('',*,*,#17562,.T.);
#17614=EDGE_LOOP('',(#17609,#17610,#17612,#17613));
#17615=FACE_OUTER_BOUND('',#17614,.F.);
#17617=CARTESIAN_POINT('',(1.325E1,7.5E-1,-1.75E0));
#17618=DIRECTION('',(-1.E0,0.E0,0.E0));
#17619=DIRECTION('',(0.E0,-1.E0,0.E0));
#17620=AXIS2_PLACEMENT_3D('',#17617,#17618,#17619);
#17621=CYLINDRICAL_SURFACE('',#17620,1.E0);
#17622=ORIENTED_EDGE('',*,*,#17521,.F.);
#17624=ORIENTED_EDGE('',*,*,#17623,.T.);
#17625=ORIENTED_EDGE('',*,*,#17564,.T.);
#17626=ORIENTED_EDGE('',*,*,#17611,.F.);
#17627=EDGE_LOOP('',(#17622,#17624,#17625,#17626));
#17628=FACE_OUTER_BOUND('',#17627,.F.);
#17630=CARTESIAN_POINT('',(1.325E1,2.25E0,-2.75E0));
#17631=DIRECTION('',(0.E0,0.E0,-1.E0));
#17632=DIRECTION('',(0.E0,-1.E0,0.E0));
#17633=AXIS2_PLACEMENT_3D('',#17630,#17631,#17632);
#17634=PLANE('',#17633);
#17635=ORIENTED_EDGE('',*,*,#17519,.F.);
#17637=ORIENTED_EDGE('',*,*,#17636,.T.);
#17638=ORIENTED_EDGE('',*,*,#17566,.T.);
#17639=ORIENTED_EDGE('',*,*,#17623,.F.);
#17640=EDGE_LOOP('',(#17635,#17637,#17638,#17639));
#17641=FACE_OUTER_BOUND('',#17640,.F.);
#17643=CARTESIAN_POINT('',(1.325E1,2.25E0,-2.25E0));
#17644=DIRECTION('',(0.E0,1.E0,0.E0));
#17645=DIRECTION('',(0.E0,0.E0,-1.E0));
#17646=AXIS2_PLACEMENT_3D('',#17643,#17644,#17645);
#17647=PLANE('',#17646);
#17648=ORIENTED_EDGE('',*,*,#17517,.F.);
#17650=ORIENTED_EDGE('',*,*,#17649,.T.);
#17651=ORIENTED_EDGE('',*,*,#17568,.T.);
#17652=ORIENTED_EDGE('',*,*,#17636,.F.);
#17653=EDGE_LOOP('',(#17648,#17650,#17651,#17652));
#17654=FACE_OUTER_BOUND('',#17653,.F.);
#17656=CARTESIAN_POINT('',(1.325E1,7.5E-1,-2.25E0));
#17657=DIRECTION('',(0.E0,0.E0,1.E0));
#17658=DIRECTION('',(0.E0,1.E0,0.E0));
#17659=AXIS2_PLACEMENT_3D('',#17656,#17657,#17658);
#17660=PLANE('',#17659);
#17661=ORIENTED_EDGE('',*,*,#17515,.F.);
#17663=ORIENTED_EDGE('',*,*,#17662,.T.);
#17664=ORIENTED_EDGE('',*,*,#17570,.T.);
#17665=ORIENTED_EDGE('',*,*,#17649,.F.);
#17666=EDGE_LOOP('',(#17661,#17663,#17664,#17665));
#17667=FACE_OUTER_BOUND('',#17666,.F.);
#17669=CARTESIAN_POINT('',(1.325E1,7.5E-1,-1.75E0));
#17670=DIRECTION('',(-1.E0,0.E0,0.E0));
#17671=DIRECTION('',(0.E0,-1.E0,0.E0));
#17672=AXIS2_PLACEMENT_3D('',#17669,#17670,#17671);
#17673=CYLINDRICAL_SURFACE('',#17672,5.E-1);
#17674=ORIENTED_EDGE('',*,*,#17513,.F.);
#17676=ORIENTED_EDGE('',*,*,#17675,.T.);
#17677=ORIENTED_EDGE('',*,*,#17572,.T.);
#17678=ORIENTED_EDGE('',*,*,#17662,.F.);
#17679=EDGE_LOOP('',(#17674,#17676,#17677,#17678));
#17680=FACE_OUTER_BOUND('',#17679,.F.);
#17682=CARTESIAN_POINT('',(1.325E1,2.5E-1,-1.15E0));
#17683=DIRECTION('',(0.E0,1.E0,0.E0));
#17684=DIRECTION('',(0.E0,0.E0,-1.E0));
#17685=AXIS2_PLACEMENT_3D('',#17682,#17683,#17684);
#17686=PLANE('',#17685);
#17687=ORIENTED_EDGE('',*,*,#10538,.T.);
#17688=ORIENTED_EDGE('',*,*,#17574,.T.);
#17689=ORIENTED_EDGE('',*,*,#17675,.F.);
#17690=ORIENTED_EDGE('',*,*,#17511,.F.);
#17691=EDGE_LOOP('',(#17687,#17688,#17689,#17690));
#17692=FACE_OUTER_BOUND('',#17691,.F.);
#17694=CARTESIAN_POINT('',(1.725E1,0.E0,0.E0));
#17695=DIRECTION('',(-1.E0,0.E0,0.E0));
#17696=DIRECTION('',(0.E0,-1.E0,0.E0));
#17697=AXIS2_PLACEMENT_3D('',#17694,#17695,#17696);
#17698=PLANE('',#17697);
#17699=ORIENTED_EDGE('',*,*,#9848,.T.);
#17701=ORIENTED_EDGE('',*,*,#17700,.T.);
#17703=ORIENTED_EDGE('',*,*,#17702,.T.);
#17705=ORIENTED_EDGE('',*,*,#17704,.T.);
#17706=EDGE_LOOP('',(#17699,#17701,#17703,#17705));
#17707=FACE_OUTER_BOUND('',#17706,.F.);
#17709=CARTESIAN_POINT('',(1.725E1,0.E0,0.E0));
#17710=DIRECTION('',(-1.E0,0.E0,0.E0));
#17711=DIRECTION('',(0.E0,-1.E0,0.E0));
#17712=AXIS2_PLACEMENT_3D('',#17709,#17710,#17711);
#17713=PLANE('',#17712);
#17714=ORIENTED_EDGE('',*,*,#10542,.F.);
#17716=ORIENTED_EDGE('',*,*,#17715,.T.);
#17718=ORIENTED_EDGE('',*,*,#17717,.T.);
#17720=ORIENTED_EDGE('',*,*,#17719,.T.);
#17722=ORIENTED_EDGE('',*,*,#17721,.T.);
#17724=ORIENTED_EDGE('',*,*,#17723,.T.);
#17726=ORIENTED_EDGE('',*,*,#17725,.T.);
#17728=ORIENTED_EDGE('',*,*,#17727,.T.);
#17729=EDGE_LOOP('',(#17714,#17716,#17718,#17720,#17722,#17724,#17726,#17728));
#17730=FACE_OUTER_BOUND('',#17729,.F.);
#17732=CARTESIAN_POINT('',(1.725E1,-2.5E-1,0.E0));
#17733=DIRECTION('',(0.E0,-1.E0,0.E0));
#17734=DIRECTION('',(0.E0,0.E0,1.E0));
#17735=AXIS2_PLACEMENT_3D('',#17732,#17733,#17734);
#17736=PLANE('',#17735);
#17737=ORIENTED_EDGE('',*,*,#9854,.T.);
#17739=ORIENTED_EDGE('',*,*,#17738,.T.);
#17741=ORIENTED_EDGE('',*,*,#17740,.F.);
#17742=ORIENTED_EDGE('',*,*,#17700,.F.);
#17743=EDGE_LOOP('',(#17737,#17739,#17741,#17742));
#17744=FACE_OUTER_BOUND('',#17743,.F.);
#17746=CARTESIAN_POINT('',(1.675E1,0.E0,0.E0));
#17747=DIRECTION('',(-1.E0,0.E0,0.E0));
#17748=DIRECTION('',(0.E0,-1.E0,0.E0));
#17749=AXIS2_PLACEMENT_3D('',#17746,#17747,#17748);
#17750=PLANE('',#17749);
#17751=ORIENTED_EDGE('',*,*,#9852,.F.);
#17753=ORIENTED_EDGE('',*,*,#17752,.F.);
#17755=ORIENTED_EDGE('',*,*,#17754,.F.);
#17756=ORIENTED_EDGE('',*,*,#17738,.F.);
#17757=EDGE_LOOP('',(#17751,#17753,#17755,#17756));
#17758=FACE_OUTER_BOUND('',#17757,.F.);
#17760=CARTESIAN_POINT('',(1.675E1,0.E0,0.E0));
#17761=DIRECTION('',(-1.E0,0.E0,0.E0));
#17762=DIRECTION('',(0.E0,-1.E0,0.E0));
#17763=AXIS2_PLACEMENT_3D('',#17760,#17761,#17762);
#17764=PLANE('',#17763);
#17765=ORIENTED_EDGE('',*,*,#10546,.T.);
#17767=ORIENTED_EDGE('',*,*,#17766,.F.);
#17769=ORIENTED_EDGE('',*,*,#17768,.F.);
#17771=ORIENTED_EDGE('',*,*,#17770,.F.);
#17773=ORIENTED_EDGE('',*,*,#17772,.F.);
#17775=ORIENTED_EDGE('',*,*,#17774,.F.);
#17777=ORIENTED_EDGE('',*,*,#17776,.F.);
#17779=ORIENTED_EDGE('',*,*,#17778,.F.);
#17780=EDGE_LOOP('',(#17765,#17767,#17769,#17771,#17773,#17775,#17777,#17779));
#17781=FACE_OUTER_BOUND('',#17780,.F.);
#17783=CARTESIAN_POINT('',(1.725E1,2.5E-1,4.E0));
#17784=DIRECTION('',(0.E0,1.E0,0.E0));
#17785=DIRECTION('',(0.E0,0.E0,-1.E0));
#17786=AXIS2_PLACEMENT_3D('',#17783,#17784,#17785);
#17787=PLANE('',#17786);
#17788=ORIENTED_EDGE('',*,*,#9850,.F.);
#17789=ORIENTED_EDGE('',*,*,#17704,.F.);
#17791=ORIENTED_EDGE('',*,*,#17790,.T.);
#17792=ORIENTED_EDGE('',*,*,#17752,.T.);
#17793=EDGE_LOOP('',(#17788,#17789,#17791,#17792));
#17794=FACE_OUTER_BOUND('',#17793,.F.);
#17796=CARTESIAN_POINT('',(1.725E1,-2.5E-1,4.E0));
#17797=DIRECTION('',(0.E0,0.E0,1.E0));
#17798=DIRECTION('',(0.E0,1.E0,0.E0));
#17799=AXIS2_PLACEMENT_3D('',#17796,#17797,#17798);
#17800=PLANE('',#17799);
#17801=ORIENTED_EDGE('',*,*,#17702,.F.);
#17802=ORIENTED_EDGE('',*,*,#17740,.T.);
#17803=ORIENTED_EDGE('',*,*,#17754,.T.);
#17804=ORIENTED_EDGE('',*,*,#17790,.F.);
#17805=EDGE_LOOP('',(#17801,#17802,#17803,#17804));
#17806=FACE_OUTER_BOUND('',#17805,.F.);
#17808=CARTESIAN_POINT('',(1.725E1,-2.5E-1,-1.75E0));
#17809=DIRECTION('',(0.E0,-1.E0,0.E0));
#17810=DIRECTION('',(0.E0,0.E0,1.E0));
#17811=AXIS2_PLACEMENT_3D('',#17808,#17809,#17810);
#17812=PLANE('',#17811);
#17813=ORIENTED_EDGE('',*,*,#10544,.F.);
#17814=ORIENTED_EDGE('',*,*,#17727,.F.);
#17816=ORIENTED_EDGE('',*,*,#17815,.T.);
#17817=ORIENTED_EDGE('',*,*,#17766,.T.);
#17818=EDGE_LOOP('',(#17813,#17814,#17816,#17817));
#17819=FACE_OUTER_BOUND('',#17818,.F.);
#17821=CARTESIAN_POINT('',(1.725E1,7.5E-1,-1.75E0));
#17822=DIRECTION('',(-1.E0,0.E0,0.E0));
#17823=DIRECTION('',(0.E0,-1.E0,0.E0));
#17824=AXIS2_PLACEMENT_3D('',#17821,#17822,#17823);
#17825=CYLINDRICAL_SURFACE('',#17824,1.E0);
#17826=ORIENTED_EDGE('',*,*,#17725,.F.);
#17828=ORIENTED_EDGE('',*,*,#17827,.T.);
#17829=ORIENTED_EDGE('',*,*,#17768,.T.);
#17830=ORIENTED_EDGE('',*,*,#17815,.F.);
#17831=EDGE_LOOP('',(#17826,#17828,#17829,#17830));
#17832=FACE_OUTER_BOUND('',#17831,.F.);
#17834=CARTESIAN_POINT('',(1.725E1,2.25E0,-2.75E0));
#17835=DIRECTION('',(0.E0,0.E0,-1.E0));
#17836=DIRECTION('',(0.E0,-1.E0,0.E0));
#17837=AXIS2_PLACEMENT_3D('',#17834,#17835,#17836);
#17838=PLANE('',#17837);
#17839=ORIENTED_EDGE('',*,*,#17723,.F.);
#17841=ORIENTED_EDGE('',*,*,#17840,.T.);
#17842=ORIENTED_EDGE('',*,*,#17770,.T.);
#17843=ORIENTED_EDGE('',*,*,#17827,.F.);
#17844=EDGE_LOOP('',(#17839,#17841,#17842,#17843));
#17845=FACE_OUTER_BOUND('',#17844,.F.);
#17847=CARTESIAN_POINT('',(1.725E1,2.25E0,-2.25E0));
#17848=DIRECTION('',(0.E0,1.E0,0.E0));
#17849=DIRECTION('',(0.E0,0.E0,-1.E0));
#17850=AXIS2_PLACEMENT_3D('',#17847,#17848,#17849);
#17851=PLANE('',#17850);
#17852=ORIENTED_EDGE('',*,*,#17721,.F.);
#17854=ORIENTED_EDGE('',*,*,#17853,.T.);
#17855=ORIENTED_EDGE('',*,*,#17772,.T.);
#17856=ORIENTED_EDGE('',*,*,#17840,.F.);
#17857=EDGE_LOOP('',(#17852,#17854,#17855,#17856));
#17858=FACE_OUTER_BOUND('',#17857,.F.);
#17860=CARTESIAN_POINT('',(1.725E1,7.5E-1,-2.25E0));
#17861=DIRECTION('',(0.E0,0.E0,1.E0));
#17862=DIRECTION('',(0.E0,1.E0,0.E0));
#17863=AXIS2_PLACEMENT_3D('',#17860,#17861,#17862);
#17864=PLANE('',#17863);
#17865=ORIENTED_EDGE('',*,*,#17719,.F.);
#17867=ORIENTED_EDGE('',*,*,#17866,.T.);
#17868=ORIENTED_EDGE('',*,*,#17774,.T.);
#17869=ORIENTED_EDGE('',*,*,#17853,.F.);
#17870=EDGE_LOOP('',(#17865,#17867,#17868,#17869));
#17871=FACE_OUTER_BOUND('',#17870,.F.);
#17873=CARTESIAN_POINT('',(1.725E1,7.5E-1,-1.75E0));
#17874=DIRECTION('',(-1.E0,0.E0,0.E0));
#17875=DIRECTION('',(0.E0,-1.E0,0.E0));
#17876=AXIS2_PLACEMENT_3D('',#17873,#17874,#17875);
#17877=CYLINDRICAL_SURFACE('',#17876,5.E-1);
#17878=ORIENTED_EDGE('',*,*,#17717,.F.);
#17880=ORIENTED_EDGE('',*,*,#17879,.T.);
#17881=ORIENTED_EDGE('',*,*,#17776,.T.);
#17882=ORIENTED_EDGE('',*,*,#17866,.F.);
#17883=EDGE_LOOP('',(#17878,#17880,#17881,#17882));
#17884=FACE_OUTER_BOUND('',#17883,.F.);
#17886=CARTESIAN_POINT('',(1.725E1,2.5E-1,-1.15E0));
#17887=DIRECTION('',(0.E0,1.E0,0.E0));
#17888=DIRECTION('',(0.E0,0.E0,-1.E0));
#17889=AXIS2_PLACEMENT_3D('',#17886,#17887,#17888);
#17890=PLANE('',#17889);
#17891=ORIENTED_EDGE('',*,*,#10548,.T.);
#17892=ORIENTED_EDGE('',*,*,#17778,.T.);
#17893=ORIENTED_EDGE('',*,*,#17879,.F.);
#17894=ORIENTED_EDGE('',*,*,#17715,.F.);
#17895=EDGE_LOOP('',(#17891,#17892,#17893,#17894));
#17896=FACE_OUTER_BOUND('',#17895,.F.);
#17898=CARTESIAN_POINT('',(-1.675E1,0.E0,0.E0));
#17899=DIRECTION('',(-1.E0,0.E0,0.E0));
#17900=DIRECTION('',(0.E0,-1.E0,0.E0));
#17901=AXIS2_PLACEMENT_3D('',#17898,#17899,#17900);
#17902=PLANE('',#17901);
#17903=ORIENTED_EDGE('',*,*,#9406,.T.);
#17905=ORIENTED_EDGE('',*,*,#17904,.T.);
#17907=ORIENTED_EDGE('',*,*,#17906,.T.);
#17909=ORIENTED_EDGE('',*,*,#17908,.T.);
#17910=EDGE_LOOP('',(#17903,#17905,#17907,#17909));
#17911=FACE_OUTER_BOUND('',#17910,.F.);
#17913=CARTESIAN_POINT('',(-1.675E1,0.E0,0.E0));
#17914=DIRECTION('',(-1.E0,0.E0,0.E0));
#17915=DIRECTION('',(0.E0,-1.E0,0.E0));
#17916=AXIS2_PLACEMENT_3D('',#17913,#17914,#17915);
#17917=PLANE('',#17916);
#17918=ORIENTED_EDGE('',*,*,#10552,.F.);
#17920=ORIENTED_EDGE('',*,*,#17919,.T.);
#17922=ORIENTED_EDGE('',*,*,#17921,.T.);
#17924=ORIENTED_EDGE('',*,*,#17923,.T.);
#17926=ORIENTED_EDGE('',*,*,#17925,.T.);
#17928=ORIENTED_EDGE('',*,*,#17927,.T.);
#17930=ORIENTED_EDGE('',*,*,#17929,.T.);
#17932=ORIENTED_EDGE('',*,*,#17931,.T.);
#17933=EDGE_LOOP('',(#17918,#17920,#17922,#17924,#17926,#17928,#17930,#17932));
#17934=FACE_OUTER_BOUND('',#17933,.F.);
#17936=CARTESIAN_POINT('',(-1.675E1,-2.5E-1,0.E0));
#17937=DIRECTION('',(0.E0,-1.E0,0.E0));
#17938=DIRECTION('',(0.E0,0.E0,1.E0));
#17939=AXIS2_PLACEMENT_3D('',#17936,#17937,#17938);
#17940=PLANE('',#17939);
#17941=ORIENTED_EDGE('',*,*,#9412,.T.);
#17943=ORIENTED_EDGE('',*,*,#17942,.T.);
#17945=ORIENTED_EDGE('',*,*,#17944,.F.);
#17946=ORIENTED_EDGE('',*,*,#17904,.F.);
#17947=EDGE_LOOP('',(#17941,#17943,#17945,#17946));
#17948=FACE_OUTER_BOUND('',#17947,.F.);
#17950=CARTESIAN_POINT('',(-1.725E1,0.E0,0.E0));
#17951=DIRECTION('',(-1.E0,0.E0,0.E0));
#17952=DIRECTION('',(0.E0,-1.E0,0.E0));
#17953=AXIS2_PLACEMENT_3D('',#17950,#17951,#17952);
#17954=PLANE('',#17953);
#17955=ORIENTED_EDGE('',*,*,#9410,.F.);
#17957=ORIENTED_EDGE('',*,*,#17956,.F.);
#17959=ORIENTED_EDGE('',*,*,#17958,.F.);
#17960=ORIENTED_EDGE('',*,*,#17942,.F.);
#17961=EDGE_LOOP('',(#17955,#17957,#17959,#17960));
#17962=FACE_OUTER_BOUND('',#17961,.F.);
#17964=CARTESIAN_POINT('',(-1.725E1,0.E0,0.E0));
#17965=DIRECTION('',(-1.E0,0.E0,0.E0));
#17966=DIRECTION('',(0.E0,-1.E0,0.E0));
#17967=AXIS2_PLACEMENT_3D('',#17964,#17965,#17966);
#17968=PLANE('',#17967);
#17969=ORIENTED_EDGE('',*,*,#10556,.T.);
#17971=ORIENTED_EDGE('',*,*,#17970,.F.);
#17973=ORIENTED_EDGE('',*,*,#17972,.F.);
#17975=ORIENTED_EDGE('',*,*,#17974,.F.);
#17977=ORIENTED_EDGE('',*,*,#17976,.F.);
#17979=ORIENTED_EDGE('',*,*,#17978,.F.);
#17981=ORIENTED_EDGE('',*,*,#17980,.F.);
#17983=ORIENTED_EDGE('',*,*,#17982,.F.);
#17984=EDGE_LOOP('',(#17969,#17971,#17973,#17975,#17977,#17979,#17981,#17983));
#17985=FACE_OUTER_BOUND('',#17984,.F.);
#17987=CARTESIAN_POINT('',(-1.675E1,2.5E-1,4.E0));
#17988=DIRECTION('',(0.E0,1.E0,0.E0));
#17989=DIRECTION('',(0.E0,0.E0,-1.E0));
#17990=AXIS2_PLACEMENT_3D('',#17987,#17988,#17989);
#17991=PLANE('',#17990);
#17992=ORIENTED_EDGE('',*,*,#9408,.F.);
#17993=ORIENTED_EDGE('',*,*,#17908,.F.);
#17995=ORIENTED_EDGE('',*,*,#17994,.T.);
#17996=ORIENTED_EDGE('',*,*,#17956,.T.);
#17997=EDGE_LOOP('',(#17992,#17993,#17995,#17996));
#17998=FACE_OUTER_BOUND('',#17997,.F.);
#18000=CARTESIAN_POINT('',(-1.675E1,-2.5E-1,4.E0));
#18001=DIRECTION('',(0.E0,0.E0,1.E0));
#18002=DIRECTION('',(0.E0,1.E0,0.E0));
#18003=AXIS2_PLACEMENT_3D('',#18000,#18001,#18002);
#18004=PLANE('',#18003);
#18005=ORIENTED_EDGE('',*,*,#17906,.F.);
#18006=ORIENTED_EDGE('',*,*,#17944,.T.);
#18007=ORIENTED_EDGE('',*,*,#17958,.T.);
#18008=ORIENTED_EDGE('',*,*,#17994,.F.);
#18009=EDGE_LOOP('',(#18005,#18006,#18007,#18008));
#18010=FACE_OUTER_BOUND('',#18009,.F.);
#18012=CARTESIAN_POINT('',(-1.675E1,-2.5E-1,-1.75E0));
#18013=DIRECTION('',(0.E0,-1.E0,0.E0));
#18014=DIRECTION('',(0.E0,0.E0,1.E0));
#18015=AXIS2_PLACEMENT_3D('',#18012,#18013,#18014);
#18016=PLANE('',#18015);
#18017=ORIENTED_EDGE('',*,*,#10554,.F.);
#18018=ORIENTED_EDGE('',*,*,#17931,.F.);
#18020=ORIENTED_EDGE('',*,*,#18019,.T.);
#18021=ORIENTED_EDGE('',*,*,#17970,.T.);
#18022=EDGE_LOOP('',(#18017,#18018,#18020,#18021));
#18023=FACE_OUTER_BOUND('',#18022,.F.);
#18025=CARTESIAN_POINT('',(-1.675E1,-7.5E-1,-1.75E0));
#18026=DIRECTION('',(-1.E0,0.E0,0.E0));
#18027=DIRECTION('',(0.E0,-1.E0,0.E0));
#18028=AXIS2_PLACEMENT_3D('',#18025,#18026,#18027);
#18029=CYLINDRICAL_SURFACE('',#18028,5.E-1);
#18030=ORIENTED_EDGE('',*,*,#17929,.F.);
#18032=ORIENTED_EDGE('',*,*,#18031,.T.);
#18033=ORIENTED_EDGE('',*,*,#17972,.T.);
#18034=ORIENTED_EDGE('',*,*,#18019,.F.);
#18035=EDGE_LOOP('',(#18030,#18032,#18033,#18034));
#18036=FACE_OUTER_BOUND('',#18035,.F.);
#18038=CARTESIAN_POINT('',(-1.675E1,-2.25E0,-2.25E0));
#18039=DIRECTION('',(0.E0,0.E0,1.E0));
#18040=DIRECTION('',(0.E0,1.E0,0.E0));
#18041=AXIS2_PLACEMENT_3D('',#18038,#18039,#18040);
#18042=PLANE('',#18041);
#18043=ORIENTED_EDGE('',*,*,#17927,.F.);
#18045=ORIENTED_EDGE('',*,*,#18044,.T.);
#18046=ORIENTED_EDGE('',*,*,#17974,.T.);
#18047=ORIENTED_EDGE('',*,*,#18031,.F.);
#18048=EDGE_LOOP('',(#18043,#18045,#18046,#18047));
#18049=FACE_OUTER_BOUND('',#18048,.F.);
#18051=CARTESIAN_POINT('',(-1.675E1,-2.25E0,-2.75E0));
#18052=DIRECTION('',(0.E0,-1.E0,0.E0));
#18053=DIRECTION('',(0.E0,0.E0,1.E0));
#18054=AXIS2_PLACEMENT_3D('',#18051,#18052,#18053);
#18055=PLANE('',#18054);
#18056=ORIENTED_EDGE('',*,*,#17925,.F.);
#18058=ORIENTED_EDGE('',*,*,#18057,.T.);
#18059=ORIENTED_EDGE('',*,*,#17976,.T.);
#18060=ORIENTED_EDGE('',*,*,#18044,.F.);
#18061=EDGE_LOOP('',(#18056,#18058,#18059,#18060));
#18062=FACE_OUTER_BOUND('',#18061,.F.);
#18064=CARTESIAN_POINT('',(-1.675E1,-7.5E-1,-2.75E0));
#18065=DIRECTION('',(0.E0,0.E0,-1.E0));
#18066=DIRECTION('',(0.E0,-1.E0,0.E0));
#18067=AXIS2_PLACEMENT_3D('',#18064,#18065,#18066);
#18068=PLANE('',#18067);
#18069=ORIENTED_EDGE('',*,*,#17923,.F.);
#18071=ORIENTED_EDGE('',*,*,#18070,.T.);
#18072=ORIENTED_EDGE('',*,*,#17978,.T.);
#18073=ORIENTED_EDGE('',*,*,#18057,.F.);
#18074=EDGE_LOOP('',(#18069,#18071,#18072,#18073));
#18075=FACE_OUTER_BOUND('',#18074,.F.);
#18077=CARTESIAN_POINT('',(-1.675E1,-7.5E-1,-1.75E0));
#18078=DIRECTION('',(-1.E0,0.E0,0.E0));
#18079=DIRECTION('',(0.E0,-1.E0,0.E0));
#18080=AXIS2_PLACEMENT_3D('',#18077,#18078,#18079);
#18081=CYLINDRICAL_SURFACE('',#18080,1.E0);
#18082=ORIENTED_EDGE('',*,*,#17921,.F.);
#18084=ORIENTED_EDGE('',*,*,#18083,.T.);
#18085=ORIENTED_EDGE('',*,*,#17980,.T.);
#18086=ORIENTED_EDGE('',*,*,#18070,.F.);
#18087=EDGE_LOOP('',(#18082,#18084,#18085,#18086));
#18088=FACE_OUTER_BOUND('',#18087,.F.);
#18090=CARTESIAN_POINT('',(-1.675E1,2.5E-1,-1.15E0));
#18091=DIRECTION('',(0.E0,1.E0,0.E0));
#18092=DIRECTION('',(0.E0,0.E0,-1.E0));
#18093=AXIS2_PLACEMENT_3D('',#18090,#18091,#18092);
#18094=PLANE('',#18093);
#18095=ORIENTED_EDGE('',*,*,#10558,.T.);
#18096=ORIENTED_EDGE('',*,*,#17982,.T.);
#18097=ORIENTED_EDGE('',*,*,#18083,.F.);
#18098=ORIENTED_EDGE('',*,*,#17919,.F.);
#18099=EDGE_LOOP('',(#18095,#18096,#18097,#18098));
#18100=FACE_OUTER_BOUND('',#18099,.F.);
#18102=CARTESIAN_POINT('',(-1.275E1,0.E0,0.E0));
#18103=DIRECTION('',(-1.E0,0.E0,0.E0));
#18104=DIRECTION('',(0.E0,-1.E0,0.E0));
#18105=AXIS2_PLACEMENT_3D('',#18102,#18103,#18104);
#18106=PLANE('',#18105);
#18107=ORIENTED_EDGE('',*,*,#9458,.F.);
#18109=ORIENTED_EDGE('',*,*,#18108,.T.);
#18111=ORIENTED_EDGE('',*,*,#18110,.T.);
#18113=ORIENTED_EDGE('',*,*,#18112,.T.);
#18114=EDGE_LOOP('',(#18107,#18109,#18111,#18113));
#18115=FACE_OUTER_BOUND('',#18114,.F.);
#18117=CARTESIAN_POINT('',(-1.275E1,0.E0,0.E0));
#18118=DIRECTION('',(-1.E0,0.E0,0.E0));
#18119=DIRECTION('',(0.E0,-1.E0,0.E0));
#18120=AXIS2_PLACEMENT_3D('',#18117,#18118,#18119);
#18121=PLANE('',#18120);
#18122=ORIENTED_EDGE('',*,*,#10562,.T.);
#18124=ORIENTED_EDGE('',*,*,#18123,.T.);
#18126=ORIENTED_EDGE('',*,*,#18125,.T.);
#18128=ORIENTED_EDGE('',*,*,#18127,.T.);
#18130=ORIENTED_EDGE('',*,*,#18129,.T.);
#18132=ORIENTED_EDGE('',*,*,#18131,.T.);
#18134=ORIENTED_EDGE('',*,*,#18133,.T.);
#18136=ORIENTED_EDGE('',*,*,#18135,.T.);
#18137=EDGE_LOOP('',(#18122,#18124,#18126,#18128,#18130,#18132,#18134,#18136));
#18138=FACE_OUTER_BOUND('',#18137,.F.);
#18140=CARTESIAN_POINT('',(-1.275E1,-2.5E-1,0.E0));
#18141=DIRECTION('',(0.E0,-1.E0,0.E0));
#18142=DIRECTION('',(0.E0,0.E0,1.E0));
#18143=AXIS2_PLACEMENT_3D('',#18140,#18141,#18142);
#18144=PLANE('',#18143);
#18145=ORIENTED_EDGE('',*,*,#9464,.T.);
#18147=ORIENTED_EDGE('',*,*,#18146,.T.);
#18149=ORIENTED_EDGE('',*,*,#18148,.F.);
#18150=ORIENTED_EDGE('',*,*,#18108,.F.);
#18151=EDGE_LOOP('',(#18145,#18147,#18149,#18150));
#18152=FACE_OUTER_BOUND('',#18151,.F.);
#18154=CARTESIAN_POINT('',(-1.325E1,0.E0,0.E0));
#18155=DIRECTION('',(-1.E0,0.E0,0.E0));
#18156=DIRECTION('',(0.E0,-1.E0,0.E0));
#18157=AXIS2_PLACEMENT_3D('',#18154,#18155,#18156);
#18158=PLANE('',#18157);
#18159=ORIENTED_EDGE('',*,*,#9462,.T.);
#18161=ORIENTED_EDGE('',*,*,#18160,.F.);
#18163=ORIENTED_EDGE('',*,*,#18162,.F.);
#18164=ORIENTED_EDGE('',*,*,#18146,.F.);
#18165=EDGE_LOOP('',(#18159,#18161,#18163,#18164));
#18166=FACE_OUTER_BOUND('',#18165,.F.);
#18168=CARTESIAN_POINT('',(-1.325E1,0.E0,0.E0));
#18169=DIRECTION('',(-1.E0,0.E0,0.E0));
#18170=DIRECTION('',(0.E0,-1.E0,0.E0));
#18171=AXIS2_PLACEMENT_3D('',#18168,#18169,#18170);
#18172=PLANE('',#18171);
#18173=ORIENTED_EDGE('',*,*,#10566,.F.);
#18175=ORIENTED_EDGE('',*,*,#18174,.F.);
#18177=ORIENTED_EDGE('',*,*,#18176,.F.);
#18179=ORIENTED_EDGE('',*,*,#18178,.F.);
#18181=ORIENTED_EDGE('',*,*,#18180,.F.);
#18183=ORIENTED_EDGE('',*,*,#18182,.F.);
#18185=ORIENTED_EDGE('',*,*,#18184,.F.);
#18187=ORIENTED_EDGE('',*,*,#18186,.F.);
#18188=EDGE_LOOP('',(#18173,#18175,#18177,#18179,#18181,#18183,#18185,#18187));
#18189=FACE_OUTER_BOUND('',#18188,.F.);
#18191=CARTESIAN_POINT('',(-1.275E1,2.5E-1,4.E0));
#18192=DIRECTION('',(0.E0,1.E0,0.E0));
#18193=DIRECTION('',(0.E0,0.E0,-1.E0));
#18194=AXIS2_PLACEMENT_3D('',#18191,#18192,#18193);
#18195=PLANE('',#18194);
#18196=ORIENTED_EDGE('',*,*,#9460,.F.);
#18197=ORIENTED_EDGE('',*,*,#18112,.F.);
#18199=ORIENTED_EDGE('',*,*,#18198,.T.);
#18200=ORIENTED_EDGE('',*,*,#18160,.T.);
#18201=EDGE_LOOP('',(#18196,#18197,#18199,#18200));
#18202=FACE_OUTER_BOUND('',#18201,.F.);
#18204=CARTESIAN_POINT('',(-1.275E1,-2.5E-1,4.E0));
#18205=DIRECTION('',(0.E0,0.E0,1.E0));
#18206=DIRECTION('',(0.E0,1.E0,0.E0));
#18207=AXIS2_PLACEMENT_3D('',#18204,#18205,#18206);
#18208=PLANE('',#18207);
#18209=ORIENTED_EDGE('',*,*,#18110,.F.);
#18210=ORIENTED_EDGE('',*,*,#18148,.T.);
#18211=ORIENTED_EDGE('',*,*,#18162,.T.);
#18212=ORIENTED_EDGE('',*,*,#18198,.F.);
#18213=EDGE_LOOP('',(#18209,#18210,#18211,#18212));
#18214=FACE_OUTER_BOUND('',#18213,.F.);
#18216=CARTESIAN_POINT('',(-1.275E1,-2.5E-1,-1.75E0));
#18217=DIRECTION('',(0.E0,-1.E0,0.E0));
#18218=DIRECTION('',(0.E0,0.E0,1.E0));
#18219=AXIS2_PLACEMENT_3D('',#18216,#18217,#18218);
#18220=PLANE('',#18219);
#18221=ORIENTED_EDGE('',*,*,#10564,.F.);
#18222=ORIENTED_EDGE('',*,*,#18135,.F.);
#18224=ORIENTED_EDGE('',*,*,#18223,.T.);
#18225=ORIENTED_EDGE('',*,*,#18174,.T.);
#18226=EDGE_LOOP('',(#18221,#18222,#18224,#18225));
#18227=FACE_OUTER_BOUND('',#18226,.F.);
#18229=CARTESIAN_POINT('',(-1.275E1,-7.5E-1,-1.75E0));
#18230=DIRECTION('',(-1.E0,0.E0,0.E0));
#18231=DIRECTION('',(0.E0,-1.E0,0.E0));
#18232=AXIS2_PLACEMENT_3D('',#18229,#18230,#18231);
#18233=CYLINDRICAL_SURFACE('',#18232,5.E-1);
#18234=ORIENTED_EDGE('',*,*,#18133,.F.);
#18236=ORIENTED_EDGE('',*,*,#18235,.T.);
#18237=ORIENTED_EDGE('',*,*,#18176,.T.);
#18238=ORIENTED_EDGE('',*,*,#18223,.F.);
#18239=EDGE_LOOP('',(#18234,#18236,#18237,#18238));
#18240=FACE_OUTER_BOUND('',#18239,.F.);
#18242=CARTESIAN_POINT('',(-1.275E1,-2.25E0,-2.25E0));
#18243=DIRECTION('',(0.E0,0.E0,1.E0));
#18244=DIRECTION('',(0.E0,1.E0,0.E0));
#18245=AXIS2_PLACEMENT_3D('',#18242,#18243,#18244);
#18246=PLANE('',#18245);
#18247=ORIENTED_EDGE('',*,*,#18131,.F.);
#18249=ORIENTED_EDGE('',*,*,#18248,.T.);
#18250=ORIENTED_EDGE('',*,*,#18178,.T.);
#18251=ORIENTED_EDGE('',*,*,#18235,.F.);
#18252=EDGE_LOOP('',(#18247,#18249,#18250,#18251));
#18253=FACE_OUTER_BOUND('',#18252,.F.);
#18255=CARTESIAN_POINT('',(-1.275E1,-2.25E0,-2.75E0));
#18256=DIRECTION('',(0.E0,-1.E0,0.E0));
#18257=DIRECTION('',(0.E0,0.E0,1.E0));
#18258=AXIS2_PLACEMENT_3D('',#18255,#18256,#18257);
#18259=PLANE('',#18258);
#18260=ORIENTED_EDGE('',*,*,#18129,.F.);
#18262=ORIENTED_EDGE('',*,*,#18261,.T.);
#18263=ORIENTED_EDGE('',*,*,#18180,.T.);
#18264=ORIENTED_EDGE('',*,*,#18248,.F.);
#18265=EDGE_LOOP('',(#18260,#18262,#18263,#18264));
#18266=FACE_OUTER_BOUND('',#18265,.F.);
#18268=CARTESIAN_POINT('',(-1.275E1,-7.5E-1,-2.75E0));
#18269=DIRECTION('',(0.E0,0.E0,-1.E0));
#18270=DIRECTION('',(0.E0,-1.E0,0.E0));
#18271=AXIS2_PLACEMENT_3D('',#18268,#18269,#18270);
#18272=PLANE('',#18271);
#18273=ORIENTED_EDGE('',*,*,#18127,.F.);
#18275=ORIENTED_EDGE('',*,*,#18274,.T.);
#18276=ORIENTED_EDGE('',*,*,#18182,.T.);
#18277=ORIENTED_EDGE('',*,*,#18261,.F.);
#18278=EDGE_LOOP('',(#18273,#18275,#18276,#18277));
#18279=FACE_OUTER_BOUND('',#18278,.F.);
#18281=CARTESIAN_POINT('',(-1.275E1,-7.5E-1,-1.75E0));
#18282=DIRECTION('',(-1.E0,0.E0,0.E0));
#18283=DIRECTION('',(0.E0,-1.E0,0.E0));
#18284=AXIS2_PLACEMENT_3D('',#18281,#18282,#18283);
#18285=CYLINDRICAL_SURFACE('',#18284,1.E0);
#18286=ORIENTED_EDGE('',*,*,#18125,.F.);
#18288=ORIENTED_EDGE('',*,*,#18287,.T.);
#18289=ORIENTED_EDGE('',*,*,#18184,.T.);
#18290=ORIENTED_EDGE('',*,*,#18274,.F.);
#18291=EDGE_LOOP('',(#18286,#18288,#18289,#18290));
#18292=FACE_OUTER_BOUND('',#18291,.F.);
#18294=CARTESIAN_POINT('',(-1.275E1,2.5E-1,-1.15E0));
#18295=DIRECTION('',(0.E0,1.E0,0.E0));
#18296=DIRECTION('',(0.E0,0.E0,-1.E0));
#18297=AXIS2_PLACEMENT_3D('',#18294,#18295,#18296);
#18298=PLANE('',#18297);
#18299=ORIENTED_EDGE('',*,*,#10568,.T.);
#18300=ORIENTED_EDGE('',*,*,#18186,.T.);
#18301=ORIENTED_EDGE('',*,*,#18287,.F.);
#18302=ORIENTED_EDGE('',*,*,#18123,.F.);
#18303=EDGE_LOOP('',(#18299,#18300,#18301,#18302));
#18304=FACE_OUTER_BOUND('',#18303,.F.);
#18306=CARTESIAN_POINT('',(-8.75E0,0.E0,0.E0));
#18307=DIRECTION('',(-1.E0,0.E0,0.E0));
#18308=DIRECTION('',(0.E0,-1.E0,0.E0));
#18309=AXIS2_PLACEMENT_3D('',#18306,#18307,#18308);
#18310=PLANE('',#18309);
#18311=ORIENTED_EDGE('',*,*,#9510,.F.);
#18313=ORIENTED_EDGE('',*,*,#18312,.T.);
#18315=ORIENTED_EDGE('',*,*,#18314,.T.);
#18317=ORIENTED_EDGE('',*,*,#18316,.T.);
#18318=EDGE_LOOP('',(#18311,#18313,#18315,#18317));
#18319=FACE_OUTER_BOUND('',#18318,.F.);
#18321=CARTESIAN_POINT('',(-8.75E0,0.E0,0.E0));
#18322=DIRECTION('',(-1.E0,0.E0,0.E0));
#18323=DIRECTION('',(0.E0,-1.E0,0.E0));
#18324=AXIS2_PLACEMENT_3D('',#18321,#18322,#18323);
#18325=PLANE('',#18324);
#18326=ORIENTED_EDGE('',*,*,#10572,.T.);
#18328=ORIENTED_EDGE('',*,*,#18327,.T.);
#18330=ORIENTED_EDGE('',*,*,#18329,.T.);
#18332=ORIENTED_EDGE('',*,*,#18331,.T.);
#18334=ORIENTED_EDGE('',*,*,#18333,.T.);
#18336=ORIENTED_EDGE('',*,*,#18335,.T.);
#18338=ORIENTED_EDGE('',*,*,#18337,.T.);
#18340=ORIENTED_EDGE('',*,*,#18339,.T.);
#18341=EDGE_LOOP('',(#18326,#18328,#18330,#18332,#18334,#18336,#18338,#18340));
#18342=FACE_OUTER_BOUND('',#18341,.F.);
#18344=CARTESIAN_POINT('',(-8.75E0,-2.5E-1,0.E0));
#18345=DIRECTION('',(0.E0,-1.E0,0.E0));
#18346=DIRECTION('',(0.E0,0.E0,1.E0));
#18347=AXIS2_PLACEMENT_3D('',#18344,#18345,#18346);
#18348=PLANE('',#18347);
#18349=ORIENTED_EDGE('',*,*,#9516,.T.);
#18351=ORIENTED_EDGE('',*,*,#18350,.T.);
#18353=ORIENTED_EDGE('',*,*,#18352,.F.);
#18354=ORIENTED_EDGE('',*,*,#18312,.F.);
#18355=EDGE_LOOP('',(#18349,#18351,#18353,#18354));
#18356=FACE_OUTER_BOUND('',#18355,.F.);
#18358=CARTESIAN_POINT('',(-9.25E0,0.E0,0.E0));
#18359=DIRECTION('',(-1.E0,0.E0,0.E0));
#18360=DIRECTION('',(0.E0,-1.E0,0.E0));
#18361=AXIS2_PLACEMENT_3D('',#18358,#18359,#18360);
#18362=PLANE('',#18361);
#18363=ORIENTED_EDGE('',*,*,#9514,.T.);
#18365=ORIENTED_EDGE('',*,*,#18364,.F.);
#18367=ORIENTED_EDGE('',*,*,#18366,.F.);
#18368=ORIENTED_EDGE('',*,*,#18350,.F.);
#18369=EDGE_LOOP('',(#18363,#18365,#18367,#18368));
#18370=FACE_OUTER_BOUND('',#18369,.F.);
#18372=CARTESIAN_POINT('',(-9.25E0,0.E0,0.E0));
#18373=DIRECTION('',(-1.E0,0.E0,0.E0));
#18374=DIRECTION('',(0.E0,-1.E0,0.E0));
#18375=AXIS2_PLACEMENT_3D('',#18372,#18373,#18374);
#18376=PLANE('',#18375);
#18377=ORIENTED_EDGE('',*,*,#10576,.F.);
#18379=ORIENTED_EDGE('',*,*,#18378,.F.);
#18381=ORIENTED_EDGE('',*,*,#18380,.F.);
#18383=ORIENTED_EDGE('',*,*,#18382,.F.);
#18385=ORIENTED_EDGE('',*,*,#18384,.F.);
#18387=ORIENTED_EDGE('',*,*,#18386,.F.);
#18389=ORIENTED_EDGE('',*,*,#18388,.F.);
#18391=ORIENTED_EDGE('',*,*,#18390,.F.);
#18392=EDGE_LOOP('',(#18377,#18379,#18381,#18383,#18385,#18387,#18389,#18391));
#18393=FACE_OUTER_BOUND('',#18392,.F.);
#18395=CARTESIAN_POINT('',(-8.75E0,2.5E-1,4.E0));
#18396=DIRECTION('',(0.E0,1.E0,0.E0));
#18397=DIRECTION('',(0.E0,0.E0,-1.E0));
#18398=AXIS2_PLACEMENT_3D('',#18395,#18396,#18397);
#18399=PLANE('',#18398);
#18400=ORIENTED_EDGE('',*,*,#9512,.F.);
#18401=ORIENTED_EDGE('',*,*,#18316,.F.);
#18403=ORIENTED_EDGE('',*,*,#18402,.T.);
#18404=ORIENTED_EDGE('',*,*,#18364,.T.);
#18405=EDGE_LOOP('',(#18400,#18401,#18403,#18404));
#18406=FACE_OUTER_BOUND('',#18405,.F.);
#18408=CARTESIAN_POINT('',(-8.75E0,-2.5E-1,4.E0));
#18409=DIRECTION('',(0.E0,0.E0,1.E0));
#18410=DIRECTION('',(0.E0,1.E0,0.E0));
#18411=AXIS2_PLACEMENT_3D('',#18408,#18409,#18410);
#18412=PLANE('',#18411);
#18413=ORIENTED_EDGE('',*,*,#18314,.F.);
#18414=ORIENTED_EDGE('',*,*,#18352,.T.);
#18415=ORIENTED_EDGE('',*,*,#18366,.T.);
#18416=ORIENTED_EDGE('',*,*,#18402,.F.);
#18417=EDGE_LOOP('',(#18413,#18414,#18415,#18416));
#18418=FACE_OUTER_BOUND('',#18417,.F.);
#18420=CARTESIAN_POINT('',(-8.75E0,-2.5E-1,-1.75E0));
#18421=DIRECTION('',(0.E0,-1.E0,0.E0));
#18422=DIRECTION('',(0.E0,0.E0,1.E0));
#18423=AXIS2_PLACEMENT_3D('',#18420,#18421,#18422);
#18424=PLANE('',#18423);
#18425=ORIENTED_EDGE('',*,*,#10574,.F.);
#18426=ORIENTED_EDGE('',*,*,#18339,.F.);
#18428=ORIENTED_EDGE('',*,*,#18427,.T.);
#18429=ORIENTED_EDGE('',*,*,#18378,.T.);
#18430=EDGE_LOOP('',(#18425,#18426,#18428,#18429));
#18431=FACE_OUTER_BOUND('',#18430,.F.);
#18433=CARTESIAN_POINT('',(-8.75E0,-7.5E-1,-1.75E0));
#18434=DIRECTION('',(-1.E0,0.E0,0.E0));
#18435=DIRECTION('',(0.E0,-1.E0,0.E0));
#18436=AXIS2_PLACEMENT_3D('',#18433,#18434,#18435);
#18437=CYLINDRICAL_SURFACE('',#18436,5.E-1);
#18438=ORIENTED_EDGE('',*,*,#18337,.F.);
#18440=ORIENTED_EDGE('',*,*,#18439,.T.);
#18441=ORIENTED_EDGE('',*,*,#18380,.T.);
#18442=ORIENTED_EDGE('',*,*,#18427,.F.);
#18443=EDGE_LOOP('',(#18438,#18440,#18441,#18442));
#18444=FACE_OUTER_BOUND('',#18443,.F.);
#18446=CARTESIAN_POINT('',(-8.75E0,-2.25E0,-2.25E0));
#18447=DIRECTION('',(0.E0,0.E0,1.E0));
#18448=DIRECTION('',(0.E0,1.E0,0.E0));
#18449=AXIS2_PLACEMENT_3D('',#18446,#18447,#18448);
#18450=PLANE('',#18449);
#18451=ORIENTED_EDGE('',*,*,#18335,.F.);
#18453=ORIENTED_EDGE('',*,*,#18452,.T.);
#18454=ORIENTED_EDGE('',*,*,#18382,.T.);
#18455=ORIENTED_EDGE('',*,*,#18439,.F.);
#18456=EDGE_LOOP('',(#18451,#18453,#18454,#18455));
#18457=FACE_OUTER_BOUND('',#18456,.F.);
#18459=CARTESIAN_POINT('',(-8.75E0,-2.25E0,-2.75E0));
#18460=DIRECTION('',(0.E0,-1.E0,0.E0));
#18461=DIRECTION('',(0.E0,0.E0,1.E0));
#18462=AXIS2_PLACEMENT_3D('',#18459,#18460,#18461);
#18463=PLANE('',#18462);
#18464=ORIENTED_EDGE('',*,*,#18333,.F.);
#18466=ORIENTED_EDGE('',*,*,#18465,.T.);
#18467=ORIENTED_EDGE('',*,*,#18384,.T.);
#18468=ORIENTED_EDGE('',*,*,#18452,.F.);
#18469=EDGE_LOOP('',(#18464,#18466,#18467,#18468));
#18470=FACE_OUTER_BOUND('',#18469,.F.);
#18472=CARTESIAN_POINT('',(-8.75E0,-7.5E-1,-2.75E0));
#18473=DIRECTION('',(0.E0,0.E0,-1.E0));
#18474=DIRECTION('',(0.E0,-1.E0,0.E0));
#18475=AXIS2_PLACEMENT_3D('',#18472,#18473,#18474);
#18476=PLANE('',#18475);
#18477=ORIENTED_EDGE('',*,*,#18331,.F.);
#18479=ORIENTED_EDGE('',*,*,#18478,.T.);
#18480=ORIENTED_EDGE('',*,*,#18386,.T.);
#18481=ORIENTED_EDGE('',*,*,#18465,.F.);
#18482=EDGE_LOOP('',(#18477,#18479,#18480,#18481));
#18483=FACE_OUTER_BOUND('',#18482,.F.);
#18485=CARTESIAN_POINT('',(-8.75E0,-7.5E-1,-1.75E0));
#18486=DIRECTION('',(-1.E0,0.E0,0.E0));
#18487=DIRECTION('',(0.E0,-1.E0,0.E0));
#18488=AXIS2_PLACEMENT_3D('',#18485,#18486,#18487);
#18489=CYLINDRICAL_SURFACE('',#18488,1.E0);
#18490=ORIENTED_EDGE('',*,*,#18329,.F.);
#18492=ORIENTED_EDGE('',*,*,#18491,.T.);
#18493=ORIENTED_EDGE('',*,*,#18388,.T.);
#18494=ORIENTED_EDGE('',*,*,#18478,.F.);
#18495=EDGE_LOOP('',(#18490,#18492,#18493,#18494));
#18496=FACE_OUTER_BOUND('',#18495,.F.);
#18498=CARTESIAN_POINT('',(-8.75E0,2.5E-1,-1.15E0));
#18499=DIRECTION('',(0.E0,1.E0,0.E0));
#18500=DIRECTION('',(0.E0,0.E0,-1.E0));
#18501=AXIS2_PLACEMENT_3D('',#18498,#18499,#18500);
#18502=PLANE('',#18501);
#18503=ORIENTED_EDGE('',*,*,#10578,.T.);
#18504=ORIENTED_EDGE('',*,*,#18390,.T.);
#18505=ORIENTED_EDGE('',*,*,#18491,.F.);
#18506=ORIENTED_EDGE('',*,*,#18327,.F.);
#18507=EDGE_LOOP('',(#18503,#18504,#18505,#18506));
#18508=FACE_OUTER_BOUND('',#18507,.F.);
#18510=CARTESIAN_POINT('',(-4.75E0,0.E0,0.E0));
#18511=DIRECTION('',(-1.E0,0.E0,0.E0));
#18512=DIRECTION('',(0.E0,-1.E0,0.E0));
#18513=AXIS2_PLACEMENT_3D('',#18510,#18511,#18512);
#18514=PLANE('',#18513);
#18515=ORIENTED_EDGE('',*,*,#9562,.F.);
#18517=ORIENTED_EDGE('',*,*,#18516,.T.);
#18519=ORIENTED_EDGE('',*,*,#18518,.T.);
#18521=ORIENTED_EDGE('',*,*,#18520,.T.);
#18522=EDGE_LOOP('',(#18515,#18517,#18519,#18521));
#18523=FACE_OUTER_BOUND('',#18522,.F.);
#18525=CARTESIAN_POINT('',(-4.75E0,0.E0,0.E0));
#18526=DIRECTION('',(-1.E0,0.E0,0.E0));
#18527=DIRECTION('',(0.E0,-1.E0,0.E0));
#18528=AXIS2_PLACEMENT_3D('',#18525,#18526,#18527);
#18529=PLANE('',#18528);
#18530=ORIENTED_EDGE('',*,*,#10582,.T.);
#18532=ORIENTED_EDGE('',*,*,#18531,.T.);
#18534=ORIENTED_EDGE('',*,*,#18533,.T.);
#18536=ORIENTED_EDGE('',*,*,#18535,.T.);
#18538=ORIENTED_EDGE('',*,*,#18537,.T.);
#18540=ORIENTED_EDGE('',*,*,#18539,.T.);
#18542=ORIENTED_EDGE('',*,*,#18541,.T.);
#18544=ORIENTED_EDGE('',*,*,#18543,.T.);
#18545=EDGE_LOOP('',(#18530,#18532,#18534,#18536,#18538,#18540,#18542,#18544));
#18546=FACE_OUTER_BOUND('',#18545,.F.);
#18548=CARTESIAN_POINT('',(-4.75E0,-2.5E-1,0.E0));
#18549=DIRECTION('',(0.E0,-1.E0,0.E0));
#18550=DIRECTION('',(0.E0,0.E0,1.E0));
#18551=AXIS2_PLACEMENT_3D('',#18548,#18549,#18550);
#18552=PLANE('',#18551);
#18553=ORIENTED_EDGE('',*,*,#9568,.T.);
#18555=ORIENTED_EDGE('',*,*,#18554,.T.);
#18557=ORIENTED_EDGE('',*,*,#18556,.F.);
#18558=ORIENTED_EDGE('',*,*,#18516,.F.);
#18559=EDGE_LOOP('',(#18553,#18555,#18557,#18558));
#18560=FACE_OUTER_BOUND('',#18559,.F.);
#18562=CARTESIAN_POINT('',(-5.25E0,0.E0,0.E0));
#18563=DIRECTION('',(-1.E0,0.E0,0.E0));
#18564=DIRECTION('',(0.E0,-1.E0,0.E0));
#18565=AXIS2_PLACEMENT_3D('',#18562,#18563,#18564);
#18566=PLANE('',#18565);
#18567=ORIENTED_EDGE('',*,*,#9566,.T.);
#18569=ORIENTED_EDGE('',*,*,#18568,.F.);
#18571=ORIENTED_EDGE('',*,*,#18570,.F.);
#18572=ORIENTED_EDGE('',*,*,#18554,.F.);
#18573=EDGE_LOOP('',(#18567,#18569,#18571,#18572));
#18574=FACE_OUTER_BOUND('',#18573,.F.);
#18576=CARTESIAN_POINT('',(-5.25E0,0.E0,0.E0));
#18577=DIRECTION('',(-1.E0,0.E0,0.E0));
#18578=DIRECTION('',(0.E0,-1.E0,0.E0));
#18579=AXIS2_PLACEMENT_3D('',#18576,#18577,#18578);
#18580=PLANE('',#18579);
#18581=ORIENTED_EDGE('',*,*,#10586,.F.);
#18583=ORIENTED_EDGE('',*,*,#18582,.F.);
#18585=ORIENTED_EDGE('',*,*,#18584,.F.);
#18587=ORIENTED_EDGE('',*,*,#18586,.F.);
#18589=ORIENTED_EDGE('',*,*,#18588,.F.);
#18591=ORIENTED_EDGE('',*,*,#18590,.F.);
#18593=ORIENTED_EDGE('',*,*,#18592,.F.);
#18595=ORIENTED_EDGE('',*,*,#18594,.F.);
#18596=EDGE_LOOP('',(#18581,#18583,#18585,#18587,#18589,#18591,#18593,#18595));
#18597=FACE_OUTER_BOUND('',#18596,.F.);
#18599=CARTESIAN_POINT('',(-4.75E0,2.5E-1,4.E0));
#18600=DIRECTION('',(0.E0,1.E0,0.E0));
#18601=DIRECTION('',(0.E0,0.E0,-1.E0));
#18602=AXIS2_PLACEMENT_3D('',#18599,#18600,#18601);
#18603=PLANE('',#18602);
#18604=ORIENTED_EDGE('',*,*,#9564,.F.);
#18605=ORIENTED_EDGE('',*,*,#18520,.F.);
#18607=ORIENTED_EDGE('',*,*,#18606,.T.);
#18608=ORIENTED_EDGE('',*,*,#18568,.T.);
#18609=EDGE_LOOP('',(#18604,#18605,#18607,#18608));
#18610=FACE_OUTER_BOUND('',#18609,.F.);
#18612=CARTESIAN_POINT('',(-4.75E0,-2.5E-1,4.E0));
#18613=DIRECTION('',(0.E0,0.E0,1.E0));
#18614=DIRECTION('',(0.E0,1.E0,0.E0));
#18615=AXIS2_PLACEMENT_3D('',#18612,#18613,#18614);
#18616=PLANE('',#18615);
#18617=ORIENTED_EDGE('',*,*,#18518,.F.);
#18618=ORIENTED_EDGE('',*,*,#18556,.T.);
#18619=ORIENTED_EDGE('',*,*,#18570,.T.);
#18620=ORIENTED_EDGE('',*,*,#18606,.F.);
#18621=EDGE_LOOP('',(#18617,#18618,#18619,#18620));
#18622=FACE_OUTER_BOUND('',#18621,.F.);
#18624=CARTESIAN_POINT('',(-4.75E0,-2.5E-1,-1.75E0));
#18625=DIRECTION('',(0.E0,-1.E0,0.E0));
#18626=DIRECTION('',(0.E0,0.E0,1.E0));
#18627=AXIS2_PLACEMENT_3D('',#18624,#18625,#18626);
#18628=PLANE('',#18627);
#18629=ORIENTED_EDGE('',*,*,#10584,.F.);
#18630=ORIENTED_EDGE('',*,*,#18543,.F.);
#18632=ORIENTED_EDGE('',*,*,#18631,.T.);
#18633=ORIENTED_EDGE('',*,*,#18582,.T.);
#18634=EDGE_LOOP('',(#18629,#18630,#18632,#18633));
#18635=FACE_OUTER_BOUND('',#18634,.F.);
#18637=CARTESIAN_POINT('',(-4.75E0,-7.5E-1,-1.75E0));
#18638=DIRECTION('',(-1.E0,0.E0,0.E0));
#18639=DIRECTION('',(0.E0,-1.E0,0.E0));
#18640=AXIS2_PLACEMENT_3D('',#18637,#18638,#18639);
#18641=CYLINDRICAL_SURFACE('',#18640,5.E-1);
#18642=ORIENTED_EDGE('',*,*,#18541,.F.);
#18644=ORIENTED_EDGE('',*,*,#18643,.T.);
#18645=ORIENTED_EDGE('',*,*,#18584,.T.);
#18646=ORIENTED_EDGE('',*,*,#18631,.F.);
#18647=EDGE_LOOP('',(#18642,#18644,#18645,#18646));
#18648=FACE_OUTER_BOUND('',#18647,.F.);
#18650=CARTESIAN_POINT('',(-4.75E0,-2.25E0,-2.25E0));
#18651=DIRECTION('',(0.E0,0.E0,1.E0));
#18652=DIRECTION('',(0.E0,1.E0,0.E0));
#18653=AXIS2_PLACEMENT_3D('',#18650,#18651,#18652);
#18654=PLANE('',#18653);
#18655=ORIENTED_EDGE('',*,*,#18539,.F.);
#18657=ORIENTED_EDGE('',*,*,#18656,.T.);
#18658=ORIENTED_EDGE('',*,*,#18586,.T.);
#18659=ORIENTED_EDGE('',*,*,#18643,.F.);
#18660=EDGE_LOOP('',(#18655,#18657,#18658,#18659));
#18661=FACE_OUTER_BOUND('',#18660,.F.);
#18663=CARTESIAN_POINT('',(-4.75E0,-2.25E0,-2.75E0));
#18664=DIRECTION('',(0.E0,-1.E0,0.E0));
#18665=DIRECTION('',(0.E0,0.E0,1.E0));
#18666=AXIS2_PLACEMENT_3D('',#18663,#18664,#18665);
#18667=PLANE('',#18666);
#18668=ORIENTED_EDGE('',*,*,#18537,.F.);
#18670=ORIENTED_EDGE('',*,*,#18669,.T.);
#18671=ORIENTED_EDGE('',*,*,#18588,.T.);
#18672=ORIENTED_EDGE('',*,*,#18656,.F.);
#18673=EDGE_LOOP('',(#18668,#18670,#18671,#18672));
#18674=FACE_OUTER_BOUND('',#18673,.F.);
#18676=CARTESIAN_POINT('',(-4.75E0,-7.5E-1,-2.75E0));
#18677=DIRECTION('',(0.E0,0.E0,-1.E0));
#18678=DIRECTION('',(0.E0,-1.E0,0.E0));
#18679=AXIS2_PLACEMENT_3D('',#18676,#18677,#18678);
#18680=PLANE('',#18679);
#18681=ORIENTED_EDGE('',*,*,#18535,.F.);
#18683=ORIENTED_EDGE('',*,*,#18682,.T.);
#18684=ORIENTED_EDGE('',*,*,#18590,.T.);
#18685=ORIENTED_EDGE('',*,*,#18669,.F.);
#18686=EDGE_LOOP('',(#18681,#18683,#18684,#18685));
#18687=FACE_OUTER_BOUND('',#18686,.F.);
#18689=CARTESIAN_POINT('',(-4.75E0,-7.5E-1,-1.75E0));
#18690=DIRECTION('',(-1.E0,0.E0,0.E0));
#18691=DIRECTION('',(0.E0,-1.E0,0.E0));
#18692=AXIS2_PLACEMENT_3D('',#18689,#18690,#18691);
#18693=CYLINDRICAL_SURFACE('',#18692,1.E0);
#18694=ORIENTED_EDGE('',*,*,#18533,.F.);
#18696=ORIENTED_EDGE('',*,*,#18695,.T.);
#18697=ORIENTED_EDGE('',*,*,#18592,.T.);
#18698=ORIENTED_EDGE('',*,*,#18682,.F.);
#18699=EDGE_LOOP('',(#18694,#18696,#18697,#18698));
#18700=FACE_OUTER_BOUND('',#18699,.F.);
#18702=CARTESIAN_POINT('',(-4.75E0,2.5E-1,-1.15E0));
#18703=DIRECTION('',(0.E0,1.E0,0.E0));
#18704=DIRECTION('',(0.E0,0.E0,-1.E0));
#18705=AXIS2_PLACEMENT_3D('',#18702,#18703,#18704);
#18706=PLANE('',#18705);
#18707=ORIENTED_EDGE('',*,*,#10588,.T.);
#18708=ORIENTED_EDGE('',*,*,#18594,.T.);
#18709=ORIENTED_EDGE('',*,*,#18695,.F.);
#18710=ORIENTED_EDGE('',*,*,#18531,.F.);
#18711=EDGE_LOOP('',(#18707,#18708,#18709,#18710));
#18712=FACE_OUTER_BOUND('',#18711,.F.);
#18714=CARTESIAN_POINT('',(-7.5E-1,0.E0,0.E0));
#18715=DIRECTION('',(-1.E0,0.E0,0.E0));
#18716=DIRECTION('',(0.E0,-1.E0,0.E0));
#18717=AXIS2_PLACEMENT_3D('',#18714,#18715,#18716);
#18718=PLANE('',#18717);
#18719=ORIENTED_EDGE('',*,*,#9614,.F.);
#18721=ORIENTED_EDGE('',*,*,#18720,.T.);
#18723=ORIENTED_EDGE('',*,*,#18722,.T.);
#18725=ORIENTED_EDGE('',*,*,#18724,.T.);
#18726=EDGE_LOOP('',(#18719,#18721,#18723,#18725));
#18727=FACE_OUTER_BOUND('',#18726,.F.);
#18729=CARTESIAN_POINT('',(-7.5E-1,0.E0,0.E0));
#18730=DIRECTION('',(-1.E0,0.E0,0.E0));
#18731=DIRECTION('',(0.E0,-1.E0,0.E0));
#18732=AXIS2_PLACEMENT_3D('',#18729,#18730,#18731);
#18733=PLANE('',#18732);
#18734=ORIENTED_EDGE('',*,*,#10592,.T.);
#18736=ORIENTED_EDGE('',*,*,#18735,.T.);
#18738=ORIENTED_EDGE('',*,*,#18737,.T.);
#18740=ORIENTED_EDGE('',*,*,#18739,.T.);
#18742=ORIENTED_EDGE('',*,*,#18741,.T.);
#18744=ORIENTED_EDGE('',*,*,#18743,.T.);
#18746=ORIENTED_EDGE('',*,*,#18745,.T.);
#18748=ORIENTED_EDGE('',*,*,#18747,.T.);
#18749=EDGE_LOOP('',(#18734,#18736,#18738,#18740,#18742,#18744,#18746,#18748));
#18750=FACE_OUTER_BOUND('',#18749,.F.);
#18752=CARTESIAN_POINT('',(-7.5E-1,-2.5E-1,0.E0));
#18753=DIRECTION('',(0.E0,-1.E0,0.E0));
#18754=DIRECTION('',(0.E0,0.E0,1.E0));
#18755=AXIS2_PLACEMENT_3D('',#18752,#18753,#18754);
#18756=PLANE('',#18755);
#18757=ORIENTED_EDGE('',*,*,#9620,.T.);
#18759=ORIENTED_EDGE('',*,*,#18758,.T.);
#18761=ORIENTED_EDGE('',*,*,#18760,.F.);
#18762=ORIENTED_EDGE('',*,*,#18720,.F.);
#18763=EDGE_LOOP('',(#18757,#18759,#18761,#18762));
#18764=FACE_OUTER_BOUND('',#18763,.F.);
#18766=CARTESIAN_POINT('',(-1.25E0,0.E0,0.E0));
#18767=DIRECTION('',(-1.E0,0.E0,0.E0));
#18768=DIRECTION('',(0.E0,-1.E0,0.E0));
#18769=AXIS2_PLACEMENT_3D('',#18766,#18767,#18768);
#18770=PLANE('',#18769);
#18771=ORIENTED_EDGE('',*,*,#9618,.T.);
#18773=ORIENTED_EDGE('',*,*,#18772,.F.);
#18775=ORIENTED_EDGE('',*,*,#18774,.F.);
#18776=ORIENTED_EDGE('',*,*,#18758,.F.);
#18777=EDGE_LOOP('',(#18771,#18773,#18775,#18776));
#18778=FACE_OUTER_BOUND('',#18777,.F.);
#18780=CARTESIAN_POINT('',(-1.25E0,0.E0,0.E0));
#18781=DIRECTION('',(-1.E0,0.E0,0.E0));
#18782=DIRECTION('',(0.E0,-1.E0,0.E0));
#18783=AXIS2_PLACEMENT_3D('',#18780,#18781,#18782);
#18784=PLANE('',#18783);
#18785=ORIENTED_EDGE('',*,*,#10596,.F.);
#18787=ORIENTED_EDGE('',*,*,#18786,.F.);
#18789=ORIENTED_EDGE('',*,*,#18788,.F.);
#18791=ORIENTED_EDGE('',*,*,#18790,.F.);
#18793=ORIENTED_EDGE('',*,*,#18792,.F.);
#18795=ORIENTED_EDGE('',*,*,#18794,.F.);
#18797=ORIENTED_EDGE('',*,*,#18796,.F.);
#18799=ORIENTED_EDGE('',*,*,#18798,.F.);
#18800=EDGE_LOOP('',(#18785,#18787,#18789,#18791,#18793,#18795,#18797,#18799));
#18801=FACE_OUTER_BOUND('',#18800,.F.);
#18803=CARTESIAN_POINT('',(-7.5E-1,2.5E-1,4.E0));
#18804=DIRECTION('',(0.E0,1.E0,0.E0));
#18805=DIRECTION('',(0.E0,0.E0,-1.E0));
#18806=AXIS2_PLACEMENT_3D('',#18803,#18804,#18805);
#18807=PLANE('',#18806);
#18808=ORIENTED_EDGE('',*,*,#9616,.F.);
#18809=ORIENTED_EDGE('',*,*,#18724,.F.);
#18811=ORIENTED_EDGE('',*,*,#18810,.T.);
#18812=ORIENTED_EDGE('',*,*,#18772,.T.);
#18813=EDGE_LOOP('',(#18808,#18809,#18811,#18812));
#18814=FACE_OUTER_BOUND('',#18813,.F.);
#18816=CARTESIAN_POINT('',(-7.5E-1,-2.5E-1,4.E0));
#18817=DIRECTION('',(0.E0,0.E0,1.E0));
#18818=DIRECTION('',(0.E0,1.E0,0.E0));
#18819=AXIS2_PLACEMENT_3D('',#18816,#18817,#18818);
#18820=PLANE('',#18819);
#18821=ORIENTED_EDGE('',*,*,#18722,.F.);
#18822=ORIENTED_EDGE('',*,*,#18760,.T.);
#18823=ORIENTED_EDGE('',*,*,#18774,.T.);
#18824=ORIENTED_EDGE('',*,*,#18810,.F.);
#18825=EDGE_LOOP('',(#18821,#18822,#18823,#18824));
#18826=FACE_OUTER_BOUND('',#18825,.F.);
#18828=CARTESIAN_POINT('',(-7.5E-1,-2.5E-1,-1.75E0));
#18829=DIRECTION('',(0.E0,-1.E0,0.E0));
#18830=DIRECTION('',(0.E0,0.E0,1.E0));
#18831=AXIS2_PLACEMENT_3D('',#18828,#18829,#18830);
#18832=PLANE('',#18831);
#18833=ORIENTED_EDGE('',*,*,#10594,.F.);
#18834=ORIENTED_EDGE('',*,*,#18747,.F.);
#18836=ORIENTED_EDGE('',*,*,#18835,.T.);
#18837=ORIENTED_EDGE('',*,*,#18786,.T.);
#18838=EDGE_LOOP('',(#18833,#18834,#18836,#18837));
#18839=FACE_OUTER_BOUND('',#18838,.F.);
#18841=CARTESIAN_POINT('',(-7.5E-1,-7.5E-1,-1.75E0));
#18842=DIRECTION('',(-1.E0,0.E0,0.E0));
#18843=DIRECTION('',(0.E0,-1.E0,0.E0));
#18844=AXIS2_PLACEMENT_3D('',#18841,#18842,#18843);
#18845=CYLINDRICAL_SURFACE('',#18844,5.E-1);
#18846=ORIENTED_EDGE('',*,*,#18745,.F.);
#18848=ORIENTED_EDGE('',*,*,#18847,.T.);
#18849=ORIENTED_EDGE('',*,*,#18788,.T.);
#18850=ORIENTED_EDGE('',*,*,#18835,.F.);
#18851=EDGE_LOOP('',(#18846,#18848,#18849,#18850));
#18852=FACE_OUTER_BOUND('',#18851,.F.);
#18854=CARTESIAN_POINT('',(-7.5E-1,-2.25E0,-2.25E0));
#18855=DIRECTION('',(0.E0,0.E0,1.E0));
#18856=DIRECTION('',(0.E0,1.E0,0.E0));
#18857=AXIS2_PLACEMENT_3D('',#18854,#18855,#18856);
#18858=PLANE('',#18857);
#18859=ORIENTED_EDGE('',*,*,#18743,.F.);
#18861=ORIENTED_EDGE('',*,*,#18860,.T.);
#18862=ORIENTED_EDGE('',*,*,#18790,.T.);
#18863=ORIENTED_EDGE('',*,*,#18847,.F.);
#18864=EDGE_LOOP('',(#18859,#18861,#18862,#18863));
#18865=FACE_OUTER_BOUND('',#18864,.F.);
#18867=CARTESIAN_POINT('',(-7.5E-1,-2.25E0,-2.75E0));
#18868=DIRECTION('',(0.E0,-1.E0,0.E0));
#18869=DIRECTION('',(0.E0,0.E0,1.E0));
#18870=AXIS2_PLACEMENT_3D('',#18867,#18868,#18869);
#18871=PLANE('',#18870);
#18872=ORIENTED_EDGE('',*,*,#18741,.F.);
#18874=ORIENTED_EDGE('',*,*,#18873,.T.);
#18875=ORIENTED_EDGE('',*,*,#18792,.T.);
#18876=ORIENTED_EDGE('',*,*,#18860,.F.);
#18877=EDGE_LOOP('',(#18872,#18874,#18875,#18876));
#18878=FACE_OUTER_BOUND('',#18877,.F.);
#18880=CARTESIAN_POINT('',(-7.5E-1,-7.5E-1,-2.75E0));
#18881=DIRECTION('',(0.E0,0.E0,-1.E0));
#18882=DIRECTION('',(0.E0,-1.E0,0.E0));
#18883=AXIS2_PLACEMENT_3D('',#18880,#18881,#18882);
#18884=PLANE('',#18883);
#18885=ORIENTED_EDGE('',*,*,#18739,.F.);
#18887=ORIENTED_EDGE('',*,*,#18886,.T.);
#18888=ORIENTED_EDGE('',*,*,#18794,.T.);
#18889=ORIENTED_EDGE('',*,*,#18873,.F.);
#18890=EDGE_LOOP('',(#18885,#18887,#18888,#18889));
#18891=FACE_OUTER_BOUND('',#18890,.F.);
#18893=CARTESIAN_POINT('',(-7.5E-1,-7.5E-1,-1.75E0));
#18894=DIRECTION('',(-1.E0,0.E0,0.E0));
#18895=DIRECTION('',(0.E0,-1.E0,0.E0));
#18896=AXIS2_PLACEMENT_3D('',#18893,#18894,#18895);
#18897=CYLINDRICAL_SURFACE('',#18896,1.E0);
#18898=ORIENTED_EDGE('',*,*,#18737,.F.);
#18900=ORIENTED_EDGE('',*,*,#18899,.T.);
#18901=ORIENTED_EDGE('',*,*,#18796,.T.);
#18902=ORIENTED_EDGE('',*,*,#18886,.F.);
#18903=EDGE_LOOP('',(#18898,#18900,#18901,#18902));
#18904=FACE_OUTER_BOUND('',#18903,.F.);
#18906=CARTESIAN_POINT('',(-7.5E-1,2.5E-1,-1.15E0));
#18907=DIRECTION('',(0.E0,1.E0,0.E0));
#18908=DIRECTION('',(0.E0,0.E0,-1.E0));
#18909=AXIS2_PLACEMENT_3D('',#18906,#18907,#18908);
#18910=PLANE('',#18909);
#18911=ORIENTED_EDGE('',*,*,#10598,.T.);
#18912=ORIENTED_EDGE('',*,*,#18798,.T.);
#18913=ORIENTED_EDGE('',*,*,#18899,.F.);
#18914=ORIENTED_EDGE('',*,*,#18735,.F.);
#18915=EDGE_LOOP('',(#18911,#18912,#18913,#18914));
#18916=FACE_OUTER_BOUND('',#18915,.F.);
#18918=CARTESIAN_POINT('',(3.25E0,0.E0,0.E0));
#18919=DIRECTION('',(-1.E0,0.E0,0.E0));
#18920=DIRECTION('',(0.E0,-1.E0,0.E0));
#18921=AXIS2_PLACEMENT_3D('',#18918,#18919,#18920);
#18922=PLANE('',#18921);
#18923=ORIENTED_EDGE('',*,*,#9666,.F.);
#18925=ORIENTED_EDGE('',*,*,#18924,.T.);
#18927=ORIENTED_EDGE('',*,*,#18926,.T.);
#18929=ORIENTED_EDGE('',*,*,#18928,.T.);
#18930=EDGE_LOOP('',(#18923,#18925,#18927,#18929));
#18931=FACE_OUTER_BOUND('',#18930,.F.);
#18933=CARTESIAN_POINT('',(3.25E0,0.E0,0.E0));
#18934=DIRECTION('',(-1.E0,0.E0,0.E0));
#18935=DIRECTION('',(0.E0,-1.E0,0.E0));
#18936=AXIS2_PLACEMENT_3D('',#18933,#18934,#18935);
#18937=PLANE('',#18936);
#18938=ORIENTED_EDGE('',*,*,#10602,.T.);
#18940=ORIENTED_EDGE('',*,*,#18939,.T.);
#18942=ORIENTED_EDGE('',*,*,#18941,.T.);
#18944=ORIENTED_EDGE('',*,*,#18943,.T.);
#18946=ORIENTED_EDGE('',*,*,#18945,.T.);
#18948=ORIENTED_EDGE('',*,*,#18947,.T.);
#18950=ORIENTED_EDGE('',*,*,#18949,.T.);
#18952=ORIENTED_EDGE('',*,*,#18951,.T.);
#18953=EDGE_LOOP('',(#18938,#18940,#18942,#18944,#18946,#18948,#18950,#18952));
#18954=FACE_OUTER_BOUND('',#18953,.F.);
#18956=CARTESIAN_POINT('',(3.25E0,-2.5E-1,0.E0));
#18957=DIRECTION('',(0.E0,-1.E0,0.E0));
#18958=DIRECTION('',(0.E0,0.E0,1.E0));
#18959=AXIS2_PLACEMENT_3D('',#18956,#18957,#18958);
#18960=PLANE('',#18959);
#18961=ORIENTED_EDGE('',*,*,#9672,.T.);
#18963=ORIENTED_EDGE('',*,*,#18962,.T.);
#18965=ORIENTED_EDGE('',*,*,#18964,.F.);
#18966=ORIENTED_EDGE('',*,*,#18924,.F.);
#18967=EDGE_LOOP('',(#18961,#18963,#18965,#18966));
#18968=FACE_OUTER_BOUND('',#18967,.F.);
#18970=CARTESIAN_POINT('',(2.75E0,0.E0,0.E0));
#18971=DIRECTION('',(-1.E0,0.E0,0.E0));
#18972=DIRECTION('',(0.E0,-1.E0,0.E0));
#18973=AXIS2_PLACEMENT_3D('',#18970,#18971,#18972);
#18974=PLANE('',#18973);
#18975=ORIENTED_EDGE('',*,*,#9670,.T.);
#18977=ORIENTED_EDGE('',*,*,#18976,.F.);
#18979=ORIENTED_EDGE('',*,*,#18978,.F.);
#18980=ORIENTED_EDGE('',*,*,#18962,.F.);
#18981=EDGE_LOOP('',(#18975,#18977,#18979,#18980));
#18982=FACE_OUTER_BOUND('',#18981,.F.);
#18984=CARTESIAN_POINT('',(2.75E0,0.E0,0.E0));
#18985=DIRECTION('',(-1.E0,0.E0,0.E0));
#18986=DIRECTION('',(0.E0,-1.E0,0.E0));
#18987=AXIS2_PLACEMENT_3D('',#18984,#18985,#18986);
#18988=PLANE('',#18987);
#18989=ORIENTED_EDGE('',*,*,#10606,.F.);
#18991=ORIENTED_EDGE('',*,*,#18990,.F.);
#18993=ORIENTED_EDGE('',*,*,#18992,.F.);
#18995=ORIENTED_EDGE('',*,*,#18994,.F.);
#18997=ORIENTED_EDGE('',*,*,#18996,.F.);
#18999=ORIENTED_EDGE('',*,*,#18998,.F.);
#19001=ORIENTED_EDGE('',*,*,#19000,.F.);
#19003=ORIENTED_EDGE('',*,*,#19002,.F.);
#19004=EDGE_LOOP('',(#18989,#18991,#18993,#18995,#18997,#18999,#19001,#19003));
#19005=FACE_OUTER_BOUND('',#19004,.F.);
#19007=CARTESIAN_POINT('',(3.25E0,2.5E-1,4.E0));
#19008=DIRECTION('',(0.E0,1.E0,0.E0));
#19009=DIRECTION('',(0.E0,0.E0,-1.E0));
#19010=AXIS2_PLACEMENT_3D('',#19007,#19008,#19009);
#19011=PLANE('',#19010);
#19012=ORIENTED_EDGE('',*,*,#9668,.F.);
#19013=ORIENTED_EDGE('',*,*,#18928,.F.);
#19015=ORIENTED_EDGE('',*,*,#19014,.T.);
#19016=ORIENTED_EDGE('',*,*,#18976,.T.);
#19017=EDGE_LOOP('',(#19012,#19013,#19015,#19016));
#19018=FACE_OUTER_BOUND('',#19017,.F.);
#19020=CARTESIAN_POINT('',(3.25E0,-2.5E-1,4.E0));
#19021=DIRECTION('',(0.E0,0.E0,1.E0));
#19022=DIRECTION('',(0.E0,1.E0,0.E0));
#19023=AXIS2_PLACEMENT_3D('',#19020,#19021,#19022);
#19024=PLANE('',#19023);
#19025=ORIENTED_EDGE('',*,*,#18926,.F.);
#19026=ORIENTED_EDGE('',*,*,#18964,.T.);
#19027=ORIENTED_EDGE('',*,*,#18978,.T.);
#19028=ORIENTED_EDGE('',*,*,#19014,.F.);
#19029=EDGE_LOOP('',(#19025,#19026,#19027,#19028));
#19030=FACE_OUTER_BOUND('',#19029,.F.);
#19032=CARTESIAN_POINT('',(3.25E0,-2.5E-1,-1.75E0));
#19033=DIRECTION('',(0.E0,-1.E0,0.E0));
#19034=DIRECTION('',(0.E0,0.E0,1.E0));
#19035=AXIS2_PLACEMENT_3D('',#19032,#19033,#19034);
#19036=PLANE('',#19035);
#19037=ORIENTED_EDGE('',*,*,#10604,.F.);
#19038=ORIENTED_EDGE('',*,*,#18951,.F.);
#19040=ORIENTED_EDGE('',*,*,#19039,.T.);
#19041=ORIENTED_EDGE('',*,*,#18990,.T.);
#19042=EDGE_LOOP('',(#19037,#19038,#19040,#19041));
#19043=FACE_OUTER_BOUND('',#19042,.F.);
#19045=CARTESIAN_POINT('',(3.25E0,-7.5E-1,-1.75E0));
#19046=DIRECTION('',(-1.E0,0.E0,0.E0));
#19047=DIRECTION('',(0.E0,-1.E0,0.E0));
#19048=AXIS2_PLACEMENT_3D('',#19045,#19046,#19047);
#19049=CYLINDRICAL_SURFACE('',#19048,5.E-1);
#19050=ORIENTED_EDGE('',*,*,#18949,.F.);
#19052=ORIENTED_EDGE('',*,*,#19051,.T.);
#19053=ORIENTED_EDGE('',*,*,#18992,.T.);
#19054=ORIENTED_EDGE('',*,*,#19039,.F.);
#19055=EDGE_LOOP('',(#19050,#19052,#19053,#19054));
#19056=FACE_OUTER_BOUND('',#19055,.F.);
#19058=CARTESIAN_POINT('',(3.25E0,-2.25E0,-2.25E0));
#19059=DIRECTION('',(0.E0,0.E0,1.E0));
#19060=DIRECTION('',(0.E0,1.E0,0.E0));
#19061=AXIS2_PLACEMENT_3D('',#19058,#19059,#19060);
#19062=PLANE('',#19061);
#19063=ORIENTED_EDGE('',*,*,#18947,.F.);
#19065=ORIENTED_EDGE('',*,*,#19064,.T.);
#19066=ORIENTED_EDGE('',*,*,#18994,.T.);
#19067=ORIENTED_EDGE('',*,*,#19051,.F.);
#19068=EDGE_LOOP('',(#19063,#19065,#19066,#19067));
#19069=FACE_OUTER_BOUND('',#19068,.F.);
#19071=CARTESIAN_POINT('',(3.25E0,-2.25E0,-2.75E0));
#19072=DIRECTION('',(0.E0,-1.E0,0.E0));
#19073=DIRECTION('',(0.E0,0.E0,1.E0));
#19074=AXIS2_PLACEMENT_3D('',#19071,#19072,#19073);
#19075=PLANE('',#19074);
#19076=ORIENTED_EDGE('',*,*,#18945,.F.);
#19078=ORIENTED_EDGE('',*,*,#19077,.T.);
#19079=ORIENTED_EDGE('',*,*,#18996,.T.);
#19080=ORIENTED_EDGE('',*,*,#19064,.F.);
#19081=EDGE_LOOP('',(#19076,#19078,#19079,#19080));
#19082=FACE_OUTER_BOUND('',#19081,.F.);
#19084=CARTESIAN_POINT('',(3.25E0,-7.5E-1,-2.75E0));
#19085=DIRECTION('',(0.E0,0.E0,-1.E0));
#19086=DIRECTION('',(0.E0,-1.E0,0.E0));
#19087=AXIS2_PLACEMENT_3D('',#19084,#19085,#19086);
#19088=PLANE('',#19087);
#19089=ORIENTED_EDGE('',*,*,#18943,.F.);
#19091=ORIENTED_EDGE('',*,*,#19090,.T.);
#19092=ORIENTED_EDGE('',*,*,#18998,.T.);
#19093=ORIENTED_EDGE('',*,*,#19077,.F.);
#19094=EDGE_LOOP('',(#19089,#19091,#19092,#19093));
#19095=FACE_OUTER_BOUND('',#19094,.F.);
#19097=CARTESIAN_POINT('',(3.25E0,-7.5E-1,-1.75E0));
#19098=DIRECTION('',(-1.E0,0.E0,0.E0));
#19099=DIRECTION('',(0.E0,-1.E0,0.E0));
#19100=AXIS2_PLACEMENT_3D('',#19097,#19098,#19099);
#19101=CYLINDRICAL_SURFACE('',#19100,1.E0);
#19102=ORIENTED_EDGE('',*,*,#18941,.F.);
#19104=ORIENTED_EDGE('',*,*,#19103,.T.);
#19105=ORIENTED_EDGE('',*,*,#19000,.T.);
#19106=ORIENTED_EDGE('',*,*,#19090,.F.);
#19107=EDGE_LOOP('',(#19102,#19104,#19105,#19106));
#19108=FACE_OUTER_BOUND('',#19107,.F.);
#19110=CARTESIAN_POINT('',(3.25E0,2.5E-1,-1.15E0));
#19111=DIRECTION('',(0.E0,1.E0,0.E0));
#19112=DIRECTION('',(0.E0,0.E0,-1.E0));
#19113=AXIS2_PLACEMENT_3D('',#19110,#19111,#19112);
#19114=PLANE('',#19113);
#19115=ORIENTED_EDGE('',*,*,#10608,.T.);
#19116=ORIENTED_EDGE('',*,*,#19002,.T.);
#19117=ORIENTED_EDGE('',*,*,#19103,.F.);
#19118=ORIENTED_EDGE('',*,*,#18939,.F.);
#19119=EDGE_LOOP('',(#19115,#19116,#19117,#19118));
#19120=FACE_OUTER_BOUND('',#19119,.F.);
#19122=CARTESIAN_POINT('',(7.25E0,0.E0,0.E0));
#19123=DIRECTION('',(-1.E0,0.E0,0.E0));
#19124=DIRECTION('',(0.E0,-1.E0,0.E0));
#19125=AXIS2_PLACEMENT_3D('',#19122,#19123,#19124);
#19126=PLANE('',#19125);
#19127=ORIENTED_EDGE('',*,*,#9718,.F.);
#19129=ORIENTED_EDGE('',*,*,#19128,.T.);
#19131=ORIENTED_EDGE('',*,*,#19130,.T.);
#19133=ORIENTED_EDGE('',*,*,#19132,.T.);
#19134=EDGE_LOOP('',(#19127,#19129,#19131,#19133));
#19135=FACE_OUTER_BOUND('',#19134,.F.);
#19137=CARTESIAN_POINT('',(7.25E0,0.E0,0.E0));
#19138=DIRECTION('',(-1.E0,0.E0,0.E0));
#19139=DIRECTION('',(0.E0,-1.E0,0.E0));
#19140=AXIS2_PLACEMENT_3D('',#19137,#19138,#19139);
#19141=PLANE('',#19140);
#19142=ORIENTED_EDGE('',*,*,#10612,.T.);
#19144=ORIENTED_EDGE('',*,*,#19143,.T.);
#19146=ORIENTED_EDGE('',*,*,#19145,.T.);
#19148=ORIENTED_EDGE('',*,*,#19147,.T.);
#19150=ORIENTED_EDGE('',*,*,#19149,.T.);
#19152=ORIENTED_EDGE('',*,*,#19151,.T.);
#19154=ORIENTED_EDGE('',*,*,#19153,.T.);
#19156=ORIENTED_EDGE('',*,*,#19155,.T.);
#19157=EDGE_LOOP('',(#19142,#19144,#19146,#19148,#19150,#19152,#19154,#19156));
#19158=FACE_OUTER_BOUND('',#19157,.F.);
#19160=CARTESIAN_POINT('',(7.25E0,-2.5E-1,0.E0));
#19161=DIRECTION('',(0.E0,-1.E0,0.E0));
#19162=DIRECTION('',(0.E0,0.E0,1.E0));
#19163=AXIS2_PLACEMENT_3D('',#19160,#19161,#19162);
#19164=PLANE('',#19163);
#19165=ORIENTED_EDGE('',*,*,#9724,.T.);
#19167=ORIENTED_EDGE('',*,*,#19166,.T.);
#19169=ORIENTED_EDGE('',*,*,#19168,.F.);
#19170=ORIENTED_EDGE('',*,*,#19128,.F.);
#19171=EDGE_LOOP('',(#19165,#19167,#19169,#19170));
#19172=FACE_OUTER_BOUND('',#19171,.F.);
#19174=CARTESIAN_POINT('',(6.75E0,0.E0,0.E0));
#19175=DIRECTION('',(-1.E0,0.E0,0.E0));
#19176=DIRECTION('',(0.E0,-1.E0,0.E0));
#19177=AXIS2_PLACEMENT_3D('',#19174,#19175,#19176);
#19178=PLANE('',#19177);
#19179=ORIENTED_EDGE('',*,*,#9722,.T.);
#19181=ORIENTED_EDGE('',*,*,#19180,.F.);
#19183=ORIENTED_EDGE('',*,*,#19182,.F.);
#19184=ORIENTED_EDGE('',*,*,#19166,.F.);
#19185=EDGE_LOOP('',(#19179,#19181,#19183,#19184));
#19186=FACE_OUTER_BOUND('',#19185,.F.);
#19188=CARTESIAN_POINT('',(6.75E0,0.E0,0.E0));
#19189=DIRECTION('',(-1.E0,0.E0,0.E0));
#19190=DIRECTION('',(0.E0,-1.E0,0.E0));
#19191=AXIS2_PLACEMENT_3D('',#19188,#19189,#19190);
#19192=PLANE('',#19191);
#19193=ORIENTED_EDGE('',*,*,#10616,.F.);
#19195=ORIENTED_EDGE('',*,*,#19194,.F.);
#19197=ORIENTED_EDGE('',*,*,#19196,.F.);
#19199=ORIENTED_EDGE('',*,*,#19198,.F.);
#19201=ORIENTED_EDGE('',*,*,#19200,.F.);
#19203=ORIENTED_EDGE('',*,*,#19202,.F.);
#19205=ORIENTED_EDGE('',*,*,#19204,.F.);
#19207=ORIENTED_EDGE('',*,*,#19206,.F.);
#19208=EDGE_LOOP('',(#19193,#19195,#19197,#19199,#19201,#19203,#19205,#19207));
#19209=FACE_OUTER_BOUND('',#19208,.F.);
#19211=CARTESIAN_POINT('',(7.25E0,2.5E-1,4.E0));
#19212=DIRECTION('',(0.E0,1.E0,0.E0));
#19213=DIRECTION('',(0.E0,0.E0,-1.E0));
#19214=AXIS2_PLACEMENT_3D('',#19211,#19212,#19213);
#19215=PLANE('',#19214);
#19216=ORIENTED_EDGE('',*,*,#9720,.F.);
#19217=ORIENTED_EDGE('',*,*,#19132,.F.);
#19219=ORIENTED_EDGE('',*,*,#19218,.T.);
#19220=ORIENTED_EDGE('',*,*,#19180,.T.);
#19221=EDGE_LOOP('',(#19216,#19217,#19219,#19220));
#19222=FACE_OUTER_BOUND('',#19221,.F.);
#19224=CARTESIAN_POINT('',(7.25E0,-2.5E-1,4.E0));
#19225=DIRECTION('',(0.E0,0.E0,1.E0));
#19226=DIRECTION('',(0.E0,1.E0,0.E0));
#19227=AXIS2_PLACEMENT_3D('',#19224,#19225,#19226);
#19228=PLANE('',#19227);
#19229=ORIENTED_EDGE('',*,*,#19130,.F.);
#19230=ORIENTED_EDGE('',*,*,#19168,.T.);
#19231=ORIENTED_EDGE('',*,*,#19182,.T.);
#19232=ORIENTED_EDGE('',*,*,#19218,.F.);
#19233=EDGE_LOOP('',(#19229,#19230,#19231,#19232));
#19234=FACE_OUTER_BOUND('',#19233,.F.);
#19236=CARTESIAN_POINT('',(7.25E0,-2.5E-1,-1.75E0));
#19237=DIRECTION('',(0.E0,-1.E0,0.E0));
#19238=DIRECTION('',(0.E0,0.E0,1.E0));
#19239=AXIS2_PLACEMENT_3D('',#19236,#19237,#19238);
#19240=PLANE('',#19239);
#19241=ORIENTED_EDGE('',*,*,#10614,.F.);
#19242=ORIENTED_EDGE('',*,*,#19155,.F.);
#19244=ORIENTED_EDGE('',*,*,#19243,.T.);
#19245=ORIENTED_EDGE('',*,*,#19194,.T.);
#19246=EDGE_LOOP('',(#19241,#19242,#19244,#19245));
#19247=FACE_OUTER_BOUND('',#19246,.F.);
#19249=CARTESIAN_POINT('',(7.25E0,-7.5E-1,-1.75E0));
#19250=DIRECTION('',(-1.E0,0.E0,0.E0));
#19251=DIRECTION('',(0.E0,-1.E0,0.E0));
#19252=AXIS2_PLACEMENT_3D('',#19249,#19250,#19251);
#19253=CYLINDRICAL_SURFACE('',#19252,5.E-1);
#19254=ORIENTED_EDGE('',*,*,#19153,.F.);
#19256=ORIENTED_EDGE('',*,*,#19255,.T.);
#19257=ORIENTED_EDGE('',*,*,#19196,.T.);
#19258=ORIENTED_EDGE('',*,*,#19243,.F.);
#19259=EDGE_LOOP('',(#19254,#19256,#19257,#19258));
#19260=FACE_OUTER_BOUND('',#19259,.F.);
#19262=CARTESIAN_POINT('',(7.25E0,-2.25E0,-2.25E0));
#19263=DIRECTION('',(0.E0,0.E0,1.E0));
#19264=DIRECTION('',(0.E0,1.E0,0.E0));
#19265=AXIS2_PLACEMENT_3D('',#19262,#19263,#19264);
#19266=PLANE('',#19265);
#19267=ORIENTED_EDGE('',*,*,#19151,.F.);
#19269=ORIENTED_EDGE('',*,*,#19268,.T.);
#19270=ORIENTED_EDGE('',*,*,#19198,.T.);
#19271=ORIENTED_EDGE('',*,*,#19255,.F.);
#19272=EDGE_LOOP('',(#19267,#19269,#19270,#19271));
#19273=FACE_OUTER_BOUND('',#19272,.F.);
#19275=CARTESIAN_POINT('',(7.25E0,-2.25E0,-2.75E0));
#19276=DIRECTION('',(0.E0,-1.E0,0.E0));
#19277=DIRECTION('',(0.E0,0.E0,1.E0));
#19278=AXIS2_PLACEMENT_3D('',#19275,#19276,#19277);
#19279=PLANE('',#19278);
#19280=ORIENTED_EDGE('',*,*,#19149,.F.);
#19282=ORIENTED_EDGE('',*,*,#19281,.T.);
#19283=ORIENTED_EDGE('',*,*,#19200,.T.);
#19284=ORIENTED_EDGE('',*,*,#19268,.F.);
#19285=EDGE_LOOP('',(#19280,#19282,#19283,#19284));
#19286=FACE_OUTER_BOUND('',#19285,.F.);
#19288=CARTESIAN_POINT('',(7.25E0,-7.5E-1,-2.75E0));
#19289=DIRECTION('',(0.E0,0.E0,-1.E0));
#19290=DIRECTION('',(0.E0,-1.E0,0.E0));
#19291=AXIS2_PLACEMENT_3D('',#19288,#19289,#19290);
#19292=PLANE('',#19291);
#19293=ORIENTED_EDGE('',*,*,#19147,.F.);
#19295=ORIENTED_EDGE('',*,*,#19294,.T.);
#19296=ORIENTED_EDGE('',*,*,#19202,.T.);
#19297=ORIENTED_EDGE('',*,*,#19281,.F.);
#19298=EDGE_LOOP('',(#19293,#19295,#19296,#19297));
#19299=FACE_OUTER_BOUND('',#19298,.F.);
#19301=CARTESIAN_POINT('',(7.25E0,-7.5E-1,-1.75E0));
#19302=DIRECTION('',(-1.E0,0.E0,0.E0));
#19303=DIRECTION('',(0.E0,-1.E0,0.E0));
#19304=AXIS2_PLACEMENT_3D('',#19301,#19302,#19303);
#19305=CYLINDRICAL_SURFACE('',#19304,1.E0);
#19306=ORIENTED_EDGE('',*,*,#19145,.F.);
#19308=ORIENTED_EDGE('',*,*,#19307,.T.);
#19309=ORIENTED_EDGE('',*,*,#19204,.T.);
#19310=ORIENTED_EDGE('',*,*,#19294,.F.);
#19311=EDGE_LOOP('',(#19306,#19308,#19309,#19310));
#19312=FACE_OUTER_BOUND('',#19311,.F.);
#19314=CARTESIAN_POINT('',(7.25E0,2.5E-1,-1.15E0));
#19315=DIRECTION('',(0.E0,1.E0,0.E0));
#19316=DIRECTION('',(0.E0,0.E0,-1.E0));
#19317=AXIS2_PLACEMENT_3D('',#19314,#19315,#19316);
#19318=PLANE('',#19317);
#19319=ORIENTED_EDGE('',*,*,#10618,.T.);
#19320=ORIENTED_EDGE('',*,*,#19206,.T.);
#19321=ORIENTED_EDGE('',*,*,#19307,.F.);
#19322=ORIENTED_EDGE('',*,*,#19143,.F.);
#19323=EDGE_LOOP('',(#19319,#19320,#19321,#19322));
#19324=FACE_OUTER_BOUND('',#19323,.F.);
#19326=CARTESIAN_POINT('',(1.125E1,0.E0,0.E0));
#19327=DIRECTION('',(-1.E0,0.E0,0.E0));
#19328=DIRECTION('',(0.E0,-1.E0,0.E0));
#19329=AXIS2_PLACEMENT_3D('',#19326,#19327,#19328);
#19330=PLANE('',#19329);
#19331=ORIENTED_EDGE('',*,*,#9770,.F.);
#19333=ORIENTED_EDGE('',*,*,#19332,.T.);
#19335=ORIENTED_EDGE('',*,*,#19334,.T.);
#19337=ORIENTED_EDGE('',*,*,#19336,.T.);
#19338=EDGE_LOOP('',(#19331,#19333,#19335,#19337));
#19339=FACE_OUTER_BOUND('',#19338,.F.);
#19341=CARTESIAN_POINT('',(1.125E1,0.E0,0.E0));
#19342=DIRECTION('',(-1.E0,0.E0,0.E0));
#19343=DIRECTION('',(0.E0,-1.E0,0.E0));
#19344=AXIS2_PLACEMENT_3D('',#19341,#19342,#19343);
#19345=PLANE('',#19344);
#19346=ORIENTED_EDGE('',*,*,#10622,.T.);
#19348=ORIENTED_EDGE('',*,*,#19347,.T.);
#19350=ORIENTED_EDGE('',*,*,#19349,.T.);
#19352=ORIENTED_EDGE('',*,*,#19351,.T.);
#19354=ORIENTED_EDGE('',*,*,#19353,.T.);
#19356=ORIENTED_EDGE('',*,*,#19355,.T.);
#19358=ORIENTED_EDGE('',*,*,#19357,.T.);
#19360=ORIENTED_EDGE('',*,*,#19359,.T.);
#19361=EDGE_LOOP('',(#19346,#19348,#19350,#19352,#19354,#19356,#19358,#19360));
#19362=FACE_OUTER_BOUND('',#19361,.F.);
#19364=CARTESIAN_POINT('',(1.125E1,-2.5E-1,0.E0));
#19365=DIRECTION('',(0.E0,-1.E0,0.E0));
#19366=DIRECTION('',(0.E0,0.E0,1.E0));
#19367=AXIS2_PLACEMENT_3D('',#19364,#19365,#19366);
#19368=PLANE('',#19367);
#19369=ORIENTED_EDGE('',*,*,#9776,.T.);
#19371=ORIENTED_EDGE('',*,*,#19370,.T.);
#19373=ORIENTED_EDGE('',*,*,#19372,.F.);
#19374=ORIENTED_EDGE('',*,*,#19332,.F.);
#19375=EDGE_LOOP('',(#19369,#19371,#19373,#19374));
#19376=FACE_OUTER_BOUND('',#19375,.F.);
#19378=CARTESIAN_POINT('',(1.075E1,0.E0,0.E0));
#19379=DIRECTION('',(-1.E0,0.E0,0.E0));
#19380=DIRECTION('',(0.E0,-1.E0,0.E0));
#19381=AXIS2_PLACEMENT_3D('',#19378,#19379,#19380);
#19382=PLANE('',#19381);
#19383=ORIENTED_EDGE('',*,*,#9774,.T.);
#19385=ORIENTED_EDGE('',*,*,#19384,.F.);
#19387=ORIENTED_EDGE('',*,*,#19386,.F.);
#19388=ORIENTED_EDGE('',*,*,#19370,.F.);
#19389=EDGE_LOOP('',(#19383,#19385,#19387,#19388));
#19390=FACE_OUTER_BOUND('',#19389,.F.);
#19392=CARTESIAN_POINT('',(1.075E1,0.E0,0.E0));
#19393=DIRECTION('',(-1.E0,0.E0,0.E0));
#19394=DIRECTION('',(0.E0,-1.E0,0.E0));
#19395=AXIS2_PLACEMENT_3D('',#19392,#19393,#19394);
#19396=PLANE('',#19395);
#19397=ORIENTED_EDGE('',*,*,#10626,.F.);
#19399=ORIENTED_EDGE('',*,*,#19398,.F.);
#19401=ORIENTED_EDGE('',*,*,#19400,.F.);
#19403=ORIENTED_EDGE('',*,*,#19402,.F.);
#19405=ORIENTED_EDGE('',*,*,#19404,.F.);
#19407=ORIENTED_EDGE('',*,*,#19406,.F.);
#19409=ORIENTED_EDGE('',*,*,#19408,.F.);
#19411=ORIENTED_EDGE('',*,*,#19410,.F.);
#19412=EDGE_LOOP('',(#19397,#19399,#19401,#19403,#19405,#19407,#19409,#19411));
#19413=FACE_OUTER_BOUND('',#19412,.F.);
#19415=CARTESIAN_POINT('',(1.125E1,2.5E-1,4.E0));
#19416=DIRECTION('',(0.E0,1.E0,0.E0));
#19417=DIRECTION('',(0.E0,0.E0,-1.E0));
#19418=AXIS2_PLACEMENT_3D('',#19415,#19416,#19417);
#19419=PLANE('',#19418);
#19420=ORIENTED_EDGE('',*,*,#9772,.F.);
#19421=ORIENTED_EDGE('',*,*,#19336,.F.);
#19423=ORIENTED_EDGE('',*,*,#19422,.T.);
#19424=ORIENTED_EDGE('',*,*,#19384,.T.);
#19425=EDGE_LOOP('',(#19420,#19421,#19423,#19424));
#19426=FACE_OUTER_BOUND('',#19425,.F.);
#19428=CARTESIAN_POINT('',(1.125E1,-2.5E-1,4.E0));
#19429=DIRECTION('',(0.E0,0.E0,1.E0));
#19430=DIRECTION('',(0.E0,1.E0,0.E0));
#19431=AXIS2_PLACEMENT_3D('',#19428,#19429,#19430);
#19432=PLANE('',#19431);
#19433=ORIENTED_EDGE('',*,*,#19334,.F.);
#19434=ORIENTED_EDGE('',*,*,#19372,.T.);
#19435=ORIENTED_EDGE('',*,*,#19386,.T.);
#19436=ORIENTED_EDGE('',*,*,#19422,.F.);
#19437=EDGE_LOOP('',(#19433,#19434,#19435,#19436));
#19438=FACE_OUTER_BOUND('',#19437,.F.);
#19440=CARTESIAN_POINT('',(1.125E1,-2.5E-1,-1.75E0));
#19441=DIRECTION('',(0.E0,-1.E0,0.E0));
#19442=DIRECTION('',(0.E0,0.E0,1.E0));
#19443=AXIS2_PLACEMENT_3D('',#19440,#19441,#19442);
#19444=PLANE('',#19443);
#19445=ORIENTED_EDGE('',*,*,#10624,.F.);
#19446=ORIENTED_EDGE('',*,*,#19359,.F.);
#19448=ORIENTED_EDGE('',*,*,#19447,.T.);
#19449=ORIENTED_EDGE('',*,*,#19398,.T.);
#19450=EDGE_LOOP('',(#19445,#19446,#19448,#19449));
#19451=FACE_OUTER_BOUND('',#19450,.F.);
#19453=CARTESIAN_POINT('',(1.125E1,-7.5E-1,-1.75E0));
#19454=DIRECTION('',(-1.E0,0.E0,0.E0));
#19455=DIRECTION('',(0.E0,-1.E0,0.E0));
#19456=AXIS2_PLACEMENT_3D('',#19453,#19454,#19455);
#19457=CYLINDRICAL_SURFACE('',#19456,5.E-1);
#19458=ORIENTED_EDGE('',*,*,#19357,.F.);
#19460=ORIENTED_EDGE('',*,*,#19459,.T.);
#19461=ORIENTED_EDGE('',*,*,#19400,.T.);
#19462=ORIENTED_EDGE('',*,*,#19447,.F.);
#19463=EDGE_LOOP('',(#19458,#19460,#19461,#19462));
#19464=FACE_OUTER_BOUND('',#19463,.F.);
#19466=CARTESIAN_POINT('',(1.125E1,-2.25E0,-2.25E0));
#19467=DIRECTION('',(0.E0,0.E0,1.E0));
#19468=DIRECTION('',(0.E0,1.E0,0.E0));
#19469=AXIS2_PLACEMENT_3D('',#19466,#19467,#19468);
#19470=PLANE('',#19469);
#19471=ORIENTED_EDGE('',*,*,#19355,.F.);
#19473=ORIENTED_EDGE('',*,*,#19472,.T.);
#19474=ORIENTED_EDGE('',*,*,#19402,.T.);
#19475=ORIENTED_EDGE('',*,*,#19459,.F.);
#19476=EDGE_LOOP('',(#19471,#19473,#19474,#19475));
#19477=FACE_OUTER_BOUND('',#19476,.F.);
#19479=CARTESIAN_POINT('',(1.125E1,-2.25E0,-2.75E0));
#19480=DIRECTION('',(0.E0,-1.E0,0.E0));
#19481=DIRECTION('',(0.E0,0.E0,1.E0));
#19482=AXIS2_PLACEMENT_3D('',#19479,#19480,#19481);
#19483=PLANE('',#19482);
#19484=ORIENTED_EDGE('',*,*,#19353,.F.);
#19486=ORIENTED_EDGE('',*,*,#19485,.T.);
#19487=ORIENTED_EDGE('',*,*,#19404,.T.);
#19488=ORIENTED_EDGE('',*,*,#19472,.F.);
#19489=EDGE_LOOP('',(#19484,#19486,#19487,#19488));
#19490=FACE_OUTER_BOUND('',#19489,.F.);
#19492=CARTESIAN_POINT('',(1.125E1,-7.5E-1,-2.75E0));
#19493=DIRECTION('',(0.E0,0.E0,-1.E0));
#19494=DIRECTION('',(0.E0,-1.E0,0.E0));
#19495=AXIS2_PLACEMENT_3D('',#19492,#19493,#19494);
#19496=PLANE('',#19495);
#19497=ORIENTED_EDGE('',*,*,#19351,.F.);
#19499=ORIENTED_EDGE('',*,*,#19498,.T.);
#19500=ORIENTED_EDGE('',*,*,#19406,.T.);
#19501=ORIENTED_EDGE('',*,*,#19485,.F.);
#19502=EDGE_LOOP('',(#19497,#19499,#19500,#19501));
#19503=FACE_OUTER_BOUND('',#19502,.F.);
#19505=CARTESIAN_POINT('',(1.125E1,-7.5E-1,-1.75E0));
#19506=DIRECTION('',(-1.E0,0.E0,0.E0));
#19507=DIRECTION('',(0.E0,-1.E0,0.E0));
#19508=AXIS2_PLACEMENT_3D('',#19505,#19506,#19507);
#19509=CYLINDRICAL_SURFACE('',#19508,1.E0);
#19510=ORIENTED_EDGE('',*,*,#19349,.F.);
#19512=ORIENTED_EDGE('',*,*,#19511,.T.);
#19513=ORIENTED_EDGE('',*,*,#19408,.T.);
#19514=ORIENTED_EDGE('',*,*,#19498,.F.);
#19515=EDGE_LOOP('',(#19510,#19512,#19513,#19514));
#19516=FACE_OUTER_BOUND('',#19515,.F.);
#19518=CARTESIAN_POINT('',(1.125E1,2.5E-1,-1.15E0));
#19519=DIRECTION('',(0.E0,1.E0,0.E0));
#19520=DIRECTION('',(0.E0,0.E0,-1.E0));
#19521=AXIS2_PLACEMENT_3D('',#19518,#19519,#19520);
#19522=PLANE('',#19521);
#19523=ORIENTED_EDGE('',*,*,#10628,.T.);
#19524=ORIENTED_EDGE('',*,*,#19410,.T.);
#19525=ORIENTED_EDGE('',*,*,#19511,.F.);
#19526=ORIENTED_EDGE('',*,*,#19347,.F.);
#19527=EDGE_LOOP('',(#19523,#19524,#19525,#19526));
#19528=FACE_OUTER_BOUND('',#19527,.F.);
#19530=CARTESIAN_POINT('',(1.525E1,0.E0,0.E0));
#19531=DIRECTION('',(-1.E0,0.E0,0.E0));
#19532=DIRECTION('',(0.E0,-1.E0,0.E0));
#19533=AXIS2_PLACEMENT_3D('',#19530,#19531,#19532);
#19534=PLANE('',#19533);
#19535=ORIENTED_EDGE('',*,*,#9822,.F.);
#19537=ORIENTED_EDGE('',*,*,#19536,.T.);
#19539=ORIENTED_EDGE('',*,*,#19538,.T.);
#19541=ORIENTED_EDGE('',*,*,#19540,.T.);
#19542=EDGE_LOOP('',(#19535,#19537,#19539,#19541));
#19543=FACE_OUTER_BOUND('',#19542,.F.);
#19545=CARTESIAN_POINT('',(1.525E1,0.E0,0.E0));
#19546=DIRECTION('',(-1.E0,0.E0,0.E0));
#19547=DIRECTION('',(0.E0,-1.E0,0.E0));
#19548=AXIS2_PLACEMENT_3D('',#19545,#19546,#19547);
#19549=PLANE('',#19548);
#19550=ORIENTED_EDGE('',*,*,#10632,.T.);
#19552=ORIENTED_EDGE('',*,*,#19551,.T.);
#19554=ORIENTED_EDGE('',*,*,#19553,.T.);
#19556=ORIENTED_EDGE('',*,*,#19555,.T.);
#19558=ORIENTED_EDGE('',*,*,#19557,.T.);
#19560=ORIENTED_EDGE('',*,*,#19559,.T.);
#19562=ORIENTED_EDGE('',*,*,#19561,.T.);
#19564=ORIENTED_EDGE('',*,*,#19563,.T.);
#19565=EDGE_LOOP('',(#19550,#19552,#19554,#19556,#19558,#19560,#19562,#19564));
#19566=FACE_OUTER_BOUND('',#19565,.F.);
#19568=CARTESIAN_POINT('',(1.525E1,-2.5E-1,0.E0));
#19569=DIRECTION('',(0.E0,-1.E0,0.E0));
#19570=DIRECTION('',(0.E0,0.E0,1.E0));
#19571=AXIS2_PLACEMENT_3D('',#19568,#19569,#19570);
#19572=PLANE('',#19571);
#19573=ORIENTED_EDGE('',*,*,#9828,.T.);
#19575=ORIENTED_EDGE('',*,*,#19574,.T.);
#19577=ORIENTED_EDGE('',*,*,#19576,.F.);
#19578=ORIENTED_EDGE('',*,*,#19536,.F.);
#19579=EDGE_LOOP('',(#19573,#19575,#19577,#19578));
#19580=FACE_OUTER_BOUND('',#19579,.F.);
#19582=CARTESIAN_POINT('',(1.475E1,0.E0,0.E0));
#19583=DIRECTION('',(-1.E0,0.E0,0.E0));
#19584=DIRECTION('',(0.E0,-1.E0,0.E0));
#19585=AXIS2_PLACEMENT_3D('',#19582,#19583,#19584);
#19586=PLANE('',#19585);
#19587=ORIENTED_EDGE('',*,*,#9826,.T.);
#19589=ORIENTED_EDGE('',*,*,#19588,.F.);
#19591=ORIENTED_EDGE('',*,*,#19590,.F.);
#19592=ORIENTED_EDGE('',*,*,#19574,.F.);
#19593=EDGE_LOOP('',(#19587,#19589,#19591,#19592));
#19594=FACE_OUTER_BOUND('',#19593,.F.);
#19596=CARTESIAN_POINT('',(1.475E1,0.E0,0.E0));
#19597=DIRECTION('',(-1.E0,0.E0,0.E0));
#19598=DIRECTION('',(0.E0,-1.E0,0.E0));
#19599=AXIS2_PLACEMENT_3D('',#19596,#19597,#19598);
#19600=PLANE('',#19599);
#19601=ORIENTED_EDGE('',*,*,#10636,.F.);
#19603=ORIENTED_EDGE('',*,*,#19602,.F.);
#19605=ORIENTED_EDGE('',*,*,#19604,.F.);
#19607=ORIENTED_EDGE('',*,*,#19606,.F.);
#19609=ORIENTED_EDGE('',*,*,#19608,.F.);
#19611=ORIENTED_EDGE('',*,*,#19610,.F.);
#19613=ORIENTED_EDGE('',*,*,#19612,.F.);
#19615=ORIENTED_EDGE('',*,*,#19614,.F.);
#19616=EDGE_LOOP('',(#19601,#19603,#19605,#19607,#19609,#19611,#19613,#19615));
#19617=FACE_OUTER_BOUND('',#19616,.F.);
#19619=CARTESIAN_POINT('',(1.525E1,2.5E-1,4.E0));
#19620=DIRECTION('',(0.E0,1.E0,0.E0));
#19621=DIRECTION('',(0.E0,0.E0,-1.E0));
#19622=AXIS2_PLACEMENT_3D('',#19619,#19620,#19621);
#19623=PLANE('',#19622);
#19624=ORIENTED_EDGE('',*,*,#9824,.F.);
#19625=ORIENTED_EDGE('',*,*,#19540,.F.);
#19627=ORIENTED_EDGE('',*,*,#19626,.T.);
#19628=ORIENTED_EDGE('',*,*,#19588,.T.);
#19629=EDGE_LOOP('',(#19624,#19625,#19627,#19628));
#19630=FACE_OUTER_BOUND('',#19629,.F.);
#19632=CARTESIAN_POINT('',(1.525E1,-2.5E-1,4.E0));
#19633=DIRECTION('',(0.E0,0.E0,1.E0));
#19634=DIRECTION('',(0.E0,1.E0,0.E0));
#19635=AXIS2_PLACEMENT_3D('',#19632,#19633,#19634);
#19636=PLANE('',#19635);
#19637=ORIENTED_EDGE('',*,*,#19538,.F.);
#19638=ORIENTED_EDGE('',*,*,#19576,.T.);
#19639=ORIENTED_EDGE('',*,*,#19590,.T.);
#19640=ORIENTED_EDGE('',*,*,#19626,.F.);
#19641=EDGE_LOOP('',(#19637,#19638,#19639,#19640));
#19642=FACE_OUTER_BOUND('',#19641,.F.);
#19644=CARTESIAN_POINT('',(1.525E1,-2.5E-1,-1.75E0));
#19645=DIRECTION('',(0.E0,-1.E0,0.E0));
#19646=DIRECTION('',(0.E0,0.E0,1.E0));
#19647=AXIS2_PLACEMENT_3D('',#19644,#19645,#19646);
#19648=PLANE('',#19647);
#19649=ORIENTED_EDGE('',*,*,#10634,.F.);
#19650=ORIENTED_EDGE('',*,*,#19563,.F.);
#19652=ORIENTED_EDGE('',*,*,#19651,.T.);
#19653=ORIENTED_EDGE('',*,*,#19602,.T.);
#19654=EDGE_LOOP('',(#19649,#19650,#19652,#19653));
#19655=FACE_OUTER_BOUND('',#19654,.F.);
#19657=CARTESIAN_POINT('',(1.525E1,-7.5E-1,-1.75E0));
#19658=DIRECTION('',(-1.E0,0.E0,0.E0));
#19659=DIRECTION('',(0.E0,-1.E0,0.E0));
#19660=AXIS2_PLACEMENT_3D('',#19657,#19658,#19659);
#19661=CYLINDRICAL_SURFACE('',#19660,5.E-1);
#19662=ORIENTED_EDGE('',*,*,#19561,.F.);
#19664=ORIENTED_EDGE('',*,*,#19663,.T.);
#19665=ORIENTED_EDGE('',*,*,#19604,.T.);
#19666=ORIENTED_EDGE('',*,*,#19651,.F.);
#19667=EDGE_LOOP('',(#19662,#19664,#19665,#19666));
#19668=FACE_OUTER_BOUND('',#19667,.F.);
#19670=CARTESIAN_POINT('',(1.525E1,-2.25E0,-2.25E0));
#19671=DIRECTION('',(0.E0,0.E0,1.E0));
#19672=DIRECTION('',(0.E0,1.E0,0.E0));
#19673=AXIS2_PLACEMENT_3D('',#19670,#19671,#19672);
#19674=PLANE('',#19673);
#19675=ORIENTED_EDGE('',*,*,#19559,.F.);
#19677=ORIENTED_EDGE('',*,*,#19676,.T.);
#19678=ORIENTED_EDGE('',*,*,#19606,.T.);
#19679=ORIENTED_EDGE('',*,*,#19663,.F.);
#19680=EDGE_LOOP('',(#19675,#19677,#19678,#19679));
#19681=FACE_OUTER_BOUND('',#19680,.F.);
#19683=CARTESIAN_POINT('',(1.525E1,-2.25E0,-2.75E0));
#19684=DIRECTION('',(0.E0,-1.E0,0.E0));
#19685=DIRECTION('',(0.E0,0.E0,1.E0));
#19686=AXIS2_PLACEMENT_3D('',#19683,#19684,#19685);
#19687=PLANE('',#19686);
#19688=ORIENTED_EDGE('',*,*,#19557,.F.);
#19690=ORIENTED_EDGE('',*,*,#19689,.T.);
#19691=ORIENTED_EDGE('',*,*,#19608,.T.);
#19692=ORIENTED_EDGE('',*,*,#19676,.F.);
#19693=EDGE_LOOP('',(#19688,#19690,#19691,#19692));
#19694=FACE_OUTER_BOUND('',#19693,.F.);
#19696=CARTESIAN_POINT('',(1.525E1,-7.5E-1,-2.75E0));
#19697=DIRECTION('',(0.E0,0.E0,-1.E0));
#19698=DIRECTION('',(0.E0,-1.E0,0.E0));
#19699=AXIS2_PLACEMENT_3D('',#19696,#19697,#19698);
#19700=PLANE('',#19699);
#19701=ORIENTED_EDGE('',*,*,#19555,.F.);
#19703=ORIENTED_EDGE('',*,*,#19702,.T.);
#19704=ORIENTED_EDGE('',*,*,#19610,.T.);
#19705=ORIENTED_EDGE('',*,*,#19689,.F.);
#19706=EDGE_LOOP('',(#19701,#19703,#19704,#19705));
#19707=FACE_OUTER_BOUND('',#19706,.F.);
#19709=CARTESIAN_POINT('',(1.525E1,-7.5E-1,-1.75E0));
#19710=DIRECTION('',(-1.E0,0.E0,0.E0));
#19711=DIRECTION('',(0.E0,-1.E0,0.E0));
#19712=AXIS2_PLACEMENT_3D('',#19709,#19710,#19711);
#19713=CYLINDRICAL_SURFACE('',#19712,1.E0);
#19714=ORIENTED_EDGE('',*,*,#19553,.F.);
#19716=ORIENTED_EDGE('',*,*,#19715,.T.);
#19717=ORIENTED_EDGE('',*,*,#19612,.T.);
#19718=ORIENTED_EDGE('',*,*,#19702,.F.);
#19719=EDGE_LOOP('',(#19714,#19716,#19717,#19718));
#19720=FACE_OUTER_BOUND('',#19719,.F.);
#19722=CARTESIAN_POINT('',(1.525E1,2.5E-1,-1.15E0));
#19723=DIRECTION('',(0.E0,1.E0,0.E0));
#19724=DIRECTION('',(0.E0,0.E0,-1.E0));
#19725=AXIS2_PLACEMENT_3D('',#19722,#19723,#19724);
#19726=PLANE('',#19725);
#19727=ORIENTED_EDGE('',*,*,#10638,.T.);
#19728=ORIENTED_EDGE('',*,*,#19614,.T.);
#19729=ORIENTED_EDGE('',*,*,#19715,.F.);
#19730=ORIENTED_EDGE('',*,*,#19551,.F.);
#19731=EDGE_LOOP('',(#19727,#19728,#19729,#19730));
#19732=FACE_OUTER_BOUND('',#19731,.F.);
#19734=CARTESIAN_POINT('',(1.925E1,0.E0,0.E0));
#19735=DIRECTION('',(-1.E0,0.E0,0.E0));
#19736=DIRECTION('',(0.E0,-1.E0,0.E0));
#19737=AXIS2_PLACEMENT_3D('',#19734,#19735,#19736);
#19738=PLANE('',#19737);
#19739=ORIENTED_EDGE('',*,*,#9874,.F.);
#19741=ORIENTED_EDGE('',*,*,#19740,.T.);
#19743=ORIENTED_EDGE('',*,*,#19742,.T.);
#19745=ORIENTED_EDGE('',*,*,#19744,.T.);
#19746=EDGE_LOOP('',(#19739,#19741,#19743,#19745));
#19747=FACE_OUTER_BOUND('',#19746,.F.);
#19749=CARTESIAN_POINT('',(1.925E1,0.E0,0.E0));
#19750=DIRECTION('',(-1.E0,0.E0,0.E0));
#19751=DIRECTION('',(0.E0,-1.E0,0.E0));
#19752=AXIS2_PLACEMENT_3D('',#19749,#19750,#19751);
#19753=PLANE('',#19752);
#19754=ORIENTED_EDGE('',*,*,#10642,.T.);
#19756=ORIENTED_EDGE('',*,*,#19755,.T.);
#19758=ORIENTED_EDGE('',*,*,#19757,.T.);
#19760=ORIENTED_EDGE('',*,*,#19759,.T.);
#19762=ORIENTED_EDGE('',*,*,#19761,.T.);
#19764=ORIENTED_EDGE('',*,*,#19763,.T.);
#19766=ORIENTED_EDGE('',*,*,#19765,.T.);
#19768=ORIENTED_EDGE('',*,*,#19767,.T.);
#19769=EDGE_LOOP('',(#19754,#19756,#19758,#19760,#19762,#19764,#19766,#19768));
#19770=FACE_OUTER_BOUND('',#19769,.F.);
#19772=CARTESIAN_POINT('',(1.925E1,-2.5E-1,0.E0));
#19773=DIRECTION('',(0.E0,-1.E0,0.E0));
#19774=DIRECTION('',(0.E0,0.E0,1.E0));
#19775=AXIS2_PLACEMENT_3D('',#19772,#19773,#19774);
#19776=PLANE('',#19775);
#19777=ORIENTED_EDGE('',*,*,#9880,.T.);
#19779=ORIENTED_EDGE('',*,*,#19778,.T.);
#19781=ORIENTED_EDGE('',*,*,#19780,.F.);
#19782=ORIENTED_EDGE('',*,*,#19740,.F.);
#19783=EDGE_LOOP('',(#19777,#19779,#19781,#19782));
#19784=FACE_OUTER_BOUND('',#19783,.F.);
#19786=CARTESIAN_POINT('',(1.875E1,0.E0,0.E0));
#19787=DIRECTION('',(-1.E0,0.E0,0.E0));
#19788=DIRECTION('',(0.E0,-1.E0,0.E0));
#19789=AXIS2_PLACEMENT_3D('',#19786,#19787,#19788);
#19790=PLANE('',#19789);
#19791=ORIENTED_EDGE('',*,*,#9878,.T.);
#19793=ORIENTED_EDGE('',*,*,#19792,.F.);
#19795=ORIENTED_EDGE('',*,*,#19794,.F.);
#19796=ORIENTED_EDGE('',*,*,#19778,.F.);
#19797=EDGE_LOOP('',(#19791,#19793,#19795,#19796));
#19798=FACE_OUTER_BOUND('',#19797,.F.);
#19800=CARTESIAN_POINT('',(1.875E1,0.E0,0.E0));
#19801=DIRECTION('',(-1.E0,0.E0,0.E0));
#19802=DIRECTION('',(0.E0,-1.E0,0.E0));
#19803=AXIS2_PLACEMENT_3D('',#19800,#19801,#19802);
#19804=PLANE('',#19803);
#19805=ORIENTED_EDGE('',*,*,#10646,.F.);
#19807=ORIENTED_EDGE('',*,*,#19806,.F.);
#19809=ORIENTED_EDGE('',*,*,#19808,.F.);
#19811=ORIENTED_EDGE('',*,*,#19810,.F.);
#19813=ORIENTED_EDGE('',*,*,#19812,.F.);
#19815=ORIENTED_EDGE('',*,*,#19814,.F.);
#19817=ORIENTED_EDGE('',*,*,#19816,.F.);
#19819=ORIENTED_EDGE('',*,*,#19818,.F.);
#19820=EDGE_LOOP('',(#19805,#19807,#19809,#19811,#19813,#19815,#19817,#19819));
#19821=FACE_OUTER_BOUND('',#19820,.F.);
#19823=CARTESIAN_POINT('',(1.925E1,2.5E-1,4.E0));
#19824=DIRECTION('',(0.E0,1.E0,0.E0));
#19825=DIRECTION('',(0.E0,0.E0,-1.E0));
#19826=AXIS2_PLACEMENT_3D('',#19823,#19824,#19825);
#19827=PLANE('',#19826);
#19828=ORIENTED_EDGE('',*,*,#9876,.F.);
#19829=ORIENTED_EDGE('',*,*,#19744,.F.);
#19831=ORIENTED_EDGE('',*,*,#19830,.T.);
#19832=ORIENTED_EDGE('',*,*,#19792,.T.);
#19833=EDGE_LOOP('',(#19828,#19829,#19831,#19832));
#19834=FACE_OUTER_BOUND('',#19833,.F.);
#19836=CARTESIAN_POINT('',(1.925E1,-2.5E-1,4.E0));
#19837=DIRECTION('',(0.E0,0.E0,1.E0));
#19838=DIRECTION('',(0.E0,1.E0,0.E0));
#19839=AXIS2_PLACEMENT_3D('',#19836,#19837,#19838);
#19840=PLANE('',#19839);
#19841=ORIENTED_EDGE('',*,*,#19742,.F.);
#19842=ORIENTED_EDGE('',*,*,#19780,.T.);
#19843=ORIENTED_EDGE('',*,*,#19794,.T.);
#19844=ORIENTED_EDGE('',*,*,#19830,.F.);
#19845=EDGE_LOOP('',(#19841,#19842,#19843,#19844));
#19846=FACE_OUTER_BOUND('',#19845,.F.);
#19848=CARTESIAN_POINT('',(1.925E1,-2.5E-1,-1.75E0));
#19849=DIRECTION('',(0.E0,-1.E0,0.E0));
#19850=DIRECTION('',(0.E0,0.E0,1.E0));
#19851=AXIS2_PLACEMENT_3D('',#19848,#19849,#19850);
#19852=PLANE('',#19851);
#19853=ORIENTED_EDGE('',*,*,#10644,.F.);
#19854=ORIENTED_EDGE('',*,*,#19767,.F.);
#19856=ORIENTED_EDGE('',*,*,#19855,.T.);
#19857=ORIENTED_EDGE('',*,*,#19806,.T.);
#19858=EDGE_LOOP('',(#19853,#19854,#19856,#19857));
#19859=FACE_OUTER_BOUND('',#19858,.F.);
#19861=CARTESIAN_POINT('',(1.925E1,-7.5E-1,-1.75E0));
#19862=DIRECTION('',(-1.E0,0.E0,0.E0));
#19863=DIRECTION('',(0.E0,-1.E0,0.E0));
#19864=AXIS2_PLACEMENT_3D('',#19861,#19862,#19863);
#19865=CYLINDRICAL_SURFACE('',#19864,5.E-1);
#19866=ORIENTED_EDGE('',*,*,#19765,.F.);
#19868=ORIENTED_EDGE('',*,*,#19867,.T.);
#19869=ORIENTED_EDGE('',*,*,#19808,.T.);
#19870=ORIENTED_EDGE('',*,*,#19855,.F.);
#19871=EDGE_LOOP('',(#19866,#19868,#19869,#19870));
#19872=FACE_OUTER_BOUND('',#19871,.F.);
#19874=CARTESIAN_POINT('',(1.925E1,-2.25E0,-2.25E0));
#19875=DIRECTION('',(0.E0,0.E0,1.E0));
#19876=DIRECTION('',(0.E0,1.E0,0.E0));
#19877=AXIS2_PLACEMENT_3D('',#19874,#19875,#19876);
#19878=PLANE('',#19877);
#19879=ORIENTED_EDGE('',*,*,#19763,.F.);
#19881=ORIENTED_EDGE('',*,*,#19880,.T.);
#19882=ORIENTED_EDGE('',*,*,#19810,.T.);
#19883=ORIENTED_EDGE('',*,*,#19867,.F.);
#19884=EDGE_LOOP('',(#19879,#19881,#19882,#19883));
#19885=FACE_OUTER_BOUND('',#19884,.F.);
#19887=CARTESIAN_POINT('',(1.925E1,-2.25E0,-2.75E0));
#19888=DIRECTION('',(0.E0,-1.E0,0.E0));
#19889=DIRECTION('',(0.E0,0.E0,1.E0));
#19890=AXIS2_PLACEMENT_3D('',#19887,#19888,#19889);
#19891=PLANE('',#19890);
#19892=ORIENTED_EDGE('',*,*,#19761,.F.);
#19894=ORIENTED_EDGE('',*,*,#19893,.T.);
#19895=ORIENTED_EDGE('',*,*,#19812,.T.);
#19896=ORIENTED_EDGE('',*,*,#19880,.F.);
#19897=EDGE_LOOP('',(#19892,#19894,#19895,#19896));
#19898=FACE_OUTER_BOUND('',#19897,.F.);
#19900=CARTESIAN_POINT('',(1.925E1,-7.5E-1,-2.75E0));
#19901=DIRECTION('',(0.E0,0.E0,-1.E0));
#19902=DIRECTION('',(0.E0,-1.E0,0.E0));
#19903=AXIS2_PLACEMENT_3D('',#19900,#19901,#19902);
#19904=PLANE('',#19903);
#19905=ORIENTED_EDGE('',*,*,#19759,.F.);
#19907=ORIENTED_EDGE('',*,*,#19906,.T.);
#19908=ORIENTED_EDGE('',*,*,#19814,.T.);
#19909=ORIENTED_EDGE('',*,*,#19893,.F.);
#19910=EDGE_LOOP('',(#19905,#19907,#19908,#19909));
#19911=FACE_OUTER_BOUND('',#19910,.F.);
#19913=CARTESIAN_POINT('',(1.925E1,-7.5E-1,-1.75E0));
#19914=DIRECTION('',(-1.E0,0.E0,0.E0));
#19915=DIRECTION('',(0.E0,-1.E0,0.E0));
#19916=AXIS2_PLACEMENT_3D('',#19913,#19914,#19915);
#19917=CYLINDRICAL_SURFACE('',#19916,1.E0);
#19918=ORIENTED_EDGE('',*,*,#19757,.F.);
#19920=ORIENTED_EDGE('',*,*,#19919,.T.);
#19921=ORIENTED_EDGE('',*,*,#19816,.T.);
#19922=ORIENTED_EDGE('',*,*,#19906,.F.);
#19923=EDGE_LOOP('',(#19918,#19920,#19921,#19922));
#19924=FACE_OUTER_BOUND('',#19923,.F.);
#19926=CARTESIAN_POINT('',(1.925E1,2.5E-1,-1.15E0));
#19927=DIRECTION('',(0.E0,1.E0,0.E0));
#19928=DIRECTION('',(0.E0,0.E0,-1.E0));
#19929=AXIS2_PLACEMENT_3D('',#19926,#19927,#19928);
#19930=PLANE('',#19929);
#19931=ORIENTED_EDGE('',*,*,#10648,.T.);
#19932=ORIENTED_EDGE('',*,*,#19818,.T.);
#19933=ORIENTED_EDGE('',*,*,#19919,.F.);
#19934=ORIENTED_EDGE('',*,*,#19755,.F.);
#19935=EDGE_LOOP('',(#19931,#19932,#19933,#19934));
#19936=FACE_OUTER_BOUND('',#19935,.F.);
#19942=PLANE_ANGLE_MEASURE_WITH_UNIT(PLANE_ANGLE_MEASURE(1.745329251994E-2),
#19941);
#19943=(CONVERSION_BASED_UNIT('DEGREE',#19942)NAMED_UNIT(*)PLANE_ANGLE_UNIT());
#19945=UNCERTAINTY_MEASURE_WITH_UNIT(LENGTH_MEASURE(1.E-3),#19940,
'distance_accuracy_value',
'Maximum model space distance between geometric entities at asserted connectivities');
#19948=APPLICATION_CONTEXT('automotive_design');
#19949=APPLICATION_PROTOCOL_DEFINITION('international standard',
'automotive_design',2001,#19948);
#19950=PRODUCT_DEFINITION_CONTEXT('part definition',#19948,'design');
#19951=PRODUCT_CONTEXT('',#19948,'mechanical');
#19952=PRODUCT('C-2-2823109-0','C-2-2823109-0','NOT SPECIFIED',(#19951));
#19953=PRODUCT_DEFINITION_FORMATION('1','LAST_VERSION',#19952);
#19961=DERIVED_UNIT_ELEMENT(#19960,2.E0);
#19962=DERIVED_UNIT((#19961));
#19963=MEASURE_REPRESENTATION_ITEM('surface area measure',AREA_MEASURE(
6.122497842986E2),#19962);
#19968=DERIVED_UNIT_ELEMENT(#19967,3.E0);
#19969=DERIVED_UNIT((#19968));
#19970=MEASURE_REPRESENTATION_ITEM('volume measure',VOLUME_MEASURE(
1.255323076885E2),#19969);
#19974=CARTESIAN_POINT('centre point',(-1.872145174823E-2,-2.064788993317E-8,
-4.393812376285E-1));
#19979=DERIVED_UNIT_ELEMENT(#19978,2.E0);
#19980=DERIVED_UNIT((#19979));
#19981=MEASURE_REPRESENTATION_ITEM('surface area measure',AREA_MEASURE(
6.122497842986E2),#19980);
#19986=DERIVED_UNIT_ELEMENT(#19985,3.E0);
#19987=DERIVED_UNIT((#19986));
#19988=MEASURE_REPRESENTATION_ITEM('volume measure',VOLUME_MEASURE(
1.255323076885E2),#19987);
#19992=CARTESIAN_POINT('centre point',(-1.872145174823E-2,-2.064788993317E-8,
-4.393812376285E-1));
#19997=PRODUCT_RELATED_PRODUCT_CATEGORY('part','',(#19952));
#1=COLOUR_RGB('',8.784E-1,9.49E-1,1.E0);
#2=COLOUR_RGB('',1.E0,0.E0,2.E-1);
#655=CIRCLE('',#654,5.298571136907E-2);
#676=CIRCLE('',#675,5.298571136907E-2);
#697=CIRCLE('',#696,5.298571136907E-2);
#718=CIRCLE('',#717,5.298571136907E-2);
#739=CIRCLE('',#738,5.298571136907E-2);
#760=CIRCLE('',#759,5.298571136907E-2);
#781=CIRCLE('',#780,5.298571136907E-2);
#802=CIRCLE('',#801,5.298571136907E-2);
#823=CIRCLE('',#822,5.298571136907E-2);
#844=CIRCLE('',#843,5.298571136907E-2);
#865=CIRCLE('',#864,5.298571136907E-2);
#886=CIRCLE('',#885,5.298571136907E-2);
#907=CIRCLE('',#906,5.298571136907E-2);
#928=CIRCLE('',#927,5.298571136907E-2);
#949=CIRCLE('',#948,5.298571136907E-2);
#970=CIRCLE('',#969,5.298571136907E-2);
#991=CIRCLE('',#990,5.298571136907E-2);
#1012=CIRCLE('',#1011,5.298571136907E-2);
#1033=CIRCLE('',#1032,5.298571136907E-2);
#1070=CIRCLE('',#1069,5.298571136907E-2);
#1095=CIRCLE('',#1094,5.298571136907E-2);
#1120=CIRCLE('',#1119,5.298571136907E-2);
#1145=CIRCLE('',#1144,5.298571136907E-2);
#1170=CIRCLE('',#1169,5.298571136907E-2);
#1195=CIRCLE('',#1194,5.298571136907E-2);
#1220=CIRCLE('',#1219,5.298571136907E-2);
#1245=CIRCLE('',#1244,5.298571136907E-2);
#1270=CIRCLE('',#1269,5.298571136907E-2);
#1295=CIRCLE('',#1294,5.298571136907E-2);
#1320=CIRCLE('',#1319,5.298571136907E-2);
#1345=CIRCLE('',#1344,5.298571136907E-2);
#1370=CIRCLE('',#1369,5.298571136907E-2);
#1395=CIRCLE('',#1394,5.298571136907E-2);
#1420=CIRCLE('',#1419,5.298571136907E-2);
#1445=CIRCLE('',#1444,5.298571136907E-2);
#1470=CIRCLE('',#1469,5.298571136907E-2);
#1495=CIRCLE('',#1494,5.298571136907E-2);
#1520=CIRCLE('',#1519,5.298571136907E-2);
#2309=B_SPLINE_CURVE_WITH_KNOTS('',3,(#2297,#2298,#2299,#2300,#2301,#2302,#2303,
#2304,#2305,#2306,#2307,#2308),.UNSPECIFIED.,.F.,.F.,(4,1,1,1,1,1,1,1,1,4),
(0.E0,1.111111111111E-1,2.222222222222E-1,3.333333333333E-1,4.444444444444E-1,
5.555555555556E-1,6.666666666667E-1,7.777777777778E-1,8.888888888889E-1,1.E0),
.UNSPECIFIED.);
#2334=B_SPLINE_CURVE_WITH_KNOTS('',3,(#2322,#2323,#2324,#2325,#2326,#2327,#2328,
#2329,#2330,#2331,#2332,#2333),.UNSPECIFIED.,.F.,.F.,(4,1,1,1,1,1,1,1,1,4),
(0.E0,1.111111111111E-1,2.222222222222E-1,3.333333333333E-1,4.444444444444E-1,
5.555555555556E-1,6.666666666667E-1,7.777777777778E-1,8.888888888889E-1,1.E0),
.UNSPECIFIED.);
#2367=B_SPLINE_CURVE_WITH_KNOTS('',3,(#2355,#2356,#2357,#2358,#2359,#2360,#2361,
#2362,#2363,#2364,#2365,#2366),.UNSPECIFIED.,.F.,.F.,(4,1,1,1,1,1,1,1,1,4),
(0.E0,1.111111111111E-1,2.222222222222E-1,3.333333333333E-1,4.444444444444E-1,
5.555555555556E-1,6.666666666667E-1,7.777777777778E-1,8.888888888889E-1,1.E0),
.UNSPECIFIED.);
#3284=B_SPLINE_CURVE_WITH_KNOTS('',3,(#3272,#3273,#3274,#3275,#3276,#3277,#3278,
#3279,#3280,#3281,#3282,#3283),.UNSPECIFIED.,.F.,.F.,(4,1,1,1,1,1,1,1,1,4),
(0.E0,1.111111111111E-1,2.222222222222E-1,3.333333333333E-1,4.444444444444E-1,
5.555555555556E-1,6.666666666667E-1,7.777777777778E-1,8.888888888889E-1,1.E0),
.UNSPECIFIED.);
#3325=B_SPLINE_CURVE_WITH_KNOTS('',3,(#3313,#3314,#3315,#3316,#3317,#3318,#3319,
#3320,#3321,#3322,#3323,#3324),.UNSPECIFIED.,.F.,.F.,(4,1,1,1,1,1,1,1,1,4),
(0.E0,1.111111111111E-1,2.222222222222E-1,3.333333333333E-1,4.444444444444E-1,
5.555555555556E-1,6.666666666667E-1,7.777777777778E-1,8.888888888889E-1,1.E0),
.UNSPECIFIED.);
#3358=B_SPLINE_CURVE_WITH_KNOTS('',3,(#3346,#3347,#3348,#3349,#3350,#3351,#3352,
#3353,#3354,#3355,#3356,#3357),.UNSPECIFIED.,.F.,.F.,(4,1,1,1,1,1,1,1,1,4),
(0.E0,1.111111111111E-1,2.222222222222E-1,3.333333333333E-1,4.444444444444E-1,
5.555555555556E-1,6.666666666667E-1,7.777777777778E-1,8.888888888889E-1,1.E0),
.UNSPECIFIED.);
#3391=B_SPLINE_CURVE_WITH_KNOTS('',3,(#3379,#3380,#3381,#3382,#3383,#3384,#3385,
#3386,#3387,#3388,#3389,#3390),.UNSPECIFIED.,.F.,.F.,(4,1,1,1,1,1,1,1,1,4),
(0.E0,1.111111111111E-1,2.222222222222E-1,3.333333333333E-1,4.444444444444E-1,
5.555555555556E-1,6.666666666667E-1,7.777777777778E-1,8.888888888889E-1,1.E0),
.UNSPECIFIED.);
#3424=B_SPLINE_CURVE_WITH_KNOTS('',3,(#3412,#3413,#3414,#3415,#3416,#3417,#3418,
#3419,#3420,#3421,#3422,#3423),.UNSPECIFIED.,.F.,.F.,(4,1,1,1,1,1,1,1,1,4),
(0.E0,1.111111111111E-1,2.222222222222E-1,3.333333333333E-1,4.444444444444E-1,
5.555555555556E-1,6.666666666667E-1,7.777777777778E-1,8.888888888889E-1,1.E0),
.UNSPECIFIED.);
#3457=B_SPLINE_CURVE_WITH_KNOTS('',3,(#3445,#3446,#3447,#3448,#3449,#3450,#3451,
#3452,#3453,#3454,#3455,#3456),.UNSPECIFIED.,.F.,.F.,(4,1,1,1,1,1,1,1,1,4),
(0.E0,1.111111111111E-1,2.222222222222E-1,3.333333333333E-1,4.444444444444E-1,
5.555555555556E-1,6.666666666667E-1,7.777777777778E-1,8.888888888889E-1,1.E0),
.UNSPECIFIED.);
#3490=B_SPLINE_CURVE_WITH_KNOTS('',3,(#3478,#3479,#3480,#3481,#3482,#3483,#3484,
#3485,#3486,#3487,#3488,#3489),.UNSPECIFIED.,.F.,.F.,(4,1,1,1,1,1,1,1,1,4),
(0.E0,1.111111111111E-1,2.222222222222E-1,3.333333333333E-1,4.444444444444E-1,
5.555555555556E-1,6.666666666667E-1,7.777777777778E-1,8.888888888889E-1,1.E0),
.UNSPECIFIED.);
#3523=B_SPLINE_CURVE_WITH_KNOTS('',3,(#3511,#3512,#3513,#3514,#3515,#3516,#3517,
#3518,#3519,#3520,#3521,#3522),.UNSPECIFIED.,.F.,.F.,(4,1,1,1,1,1,1,1,1,4),
(0.E0,1.111111111111E-1,2.222222222222E-1,3.333333333333E-1,4.444444444444E-1,
5.555555555556E-1,6.666666666667E-1,7.777777777778E-1,8.888888888889E-1,1.E0),
.UNSPECIFIED.);
#3556=B_SPLINE_CURVE_WITH_KNOTS('',3,(#3544,#3545,#3546,#3547,#3548,#3549,#3550,
#3551,#3552,#3553,#3554,#3555),.UNSPECIFIED.,.F.,.F.,(4,1,1,1,1,1,1,1,1,4),
(0.E0,1.111111111111E-1,2.222222222222E-1,3.333333333333E-1,4.444444444444E-1,
5.555555555556E-1,6.666666666667E-1,7.777777777778E-1,8.888888888889E-1,1.E0),
.UNSPECIFIED.);
#3589=B_SPLINE_CURVE_WITH_KNOTS('',3,(#3577,#3578,#3579,#3580,#3581,#3582,#3583,
#3584,#3585,#3586,#3587,#3588),.UNSPECIFIED.,.F.,.F.,(4,1,1,1,1,1,1,1,1,4),
(0.E0,1.111111111111E-1,2.222222222222E-1,3.333333333333E-1,4.444444444444E-1,
5.555555555556E-1,6.666666666667E-1,7.777777777778E-1,8.888888888889E-1,1.E0),
.UNSPECIFIED.);
#3622=B_SPLINE_CURVE_WITH_KNOTS('',3,(#3610,#3611,#3612,#3613,#3614,#3615,#3616,
#3617,#3618,#3619,#3620,#3621),.UNSPECIFIED.,.F.,.F.,(4,1,1,1,1,1,1,1,1,4),
(0.E0,1.111111111111E-1,2.222222222222E-1,3.333333333333E-1,4.444444444444E-1,
5.555555555556E-1,6.666666666667E-1,7.777777777778E-1,8.888888888889E-1,1.E0),
.UNSPECIFIED.);
#3655=B_SPLINE_CURVE_WITH_KNOTS('',3,(#3643,#3644,#3645,#3646,#3647,#3648,#3649,
#3650,#3651,#3652,#3653,#3654),.UNSPECIFIED.,.F.,.F.,(4,1,1,1,1,1,1,1,1,4),
(0.E0,1.111111111111E-1,2.222222222222E-1,3.333333333333E-1,4.444444444444E-1,
5.555555555556E-1,6.666666666667E-1,7.777777777778E-1,8.888888888889E-1,1.E0),
.UNSPECIFIED.);
#3688=B_SPLINE_CURVE_WITH_KNOTS('',3,(#3676,#3677,#3678,#3679,#3680,#3681,#3682,
#3683,#3684,#3685,#3686,#3687),.UNSPECIFIED.,.F.,.F.,(4,1,1,1,1,1,1,1,1,4),
(0.E0,1.111111111111E-1,2.222222222222E-1,3.333333333333E-1,4.444444444444E-1,
5.555555555556E-1,6.666666666667E-1,7.777777777778E-1,8.888888888889E-1,1.E0),
.UNSPECIFIED.);
#3721=B_SPLINE_CURVE_WITH_KNOTS('',3,(#3709,#3710,#3711,#3712,#3713,#3714,#3715,
#3716,#3717,#3718,#3719,#3720),.UNSPECIFIED.,.F.,.F.,(4,1,1,1,1,1,1,1,1,4),
(0.E0,1.111111111111E-1,2.222222222222E-1,3.333333333333E-1,4.444444444444E-1,
5.555555555556E-1,6.666666666667E-1,7.777777777778E-1,8.888888888889E-1,1.E0),
.UNSPECIFIED.);
#3754=B_SPLINE_CURVE_WITH_KNOTS('',3,(#3742,#3743,#3744,#3745,#3746,#3747,#3748,
#3749,#3750,#3751,#3752,#3753),.UNSPECIFIED.,.F.,.F.,(4,1,1,1,1,1,1,1,1,4),
(0.E0,1.111111111111E-1,2.222222222222E-1,3.333333333333E-1,4.444444444444E-1,
5.555555555556E-1,6.666666666667E-1,7.777777777778E-1,8.888888888889E-1,1.E0),
.UNSPECIFIED.);
#3787=B_SPLINE_CURVE_WITH_KNOTS('',3,(#3775,#3776,#3777,#3778,#3779,#3780,#3781,
#3782,#3783,#3784,#3785,#3786),.UNSPECIFIED.,.F.,.F.,(4,1,1,1,1,1,1,1,1,4),
(0.E0,1.111111111111E-1,2.222222222222E-1,3.333333333333E-1,4.444444444444E-1,
5.555555555556E-1,6.666666666667E-1,7.777777777778E-1,8.888888888889E-1,1.E0),
.UNSPECIFIED.);
#3820=B_SPLINE_CURVE_WITH_KNOTS('',3,(#3808,#3809,#3810,#3811,#3812,#3813,#3814,
#3815,#3816,#3817,#3818,#3819),.UNSPECIFIED.,.F.,.F.,(4,1,1,1,1,1,1,1,1,4),
(0.E0,1.111111111111E-1,2.222222222222E-1,3.333333333333E-1,4.444444444444E-1,
5.555555555556E-1,6.666666666667E-1,7.777777777778E-1,8.888888888889E-1,1.E0),
.UNSPECIFIED.);
#3853=B_SPLINE_CURVE_WITH_KNOTS('',3,(#3841,#3842,#3843,#3844,#3845,#3846,#3847,
#3848,#3849,#3850,#3851,#3852),.UNSPECIFIED.,.F.,.F.,(4,1,1,1,1,1,1,1,1,4),
(0.E0,1.111111111111E-1,2.222222222222E-1,3.333333333333E-1,4.444444444444E-1,
5.555555555556E-1,6.666666666667E-1,7.777777777778E-1,8.888888888889E-1,1.E0),
.UNSPECIFIED.);
#3886=B_SPLINE_CURVE_WITH_KNOTS('',3,(#3874,#3875,#3876,#3877,#3878,#3879,#3880,
#3881,#3882,#3883,#3884,#3885),.UNSPECIFIED.,.F.,.F.,(4,1,1,1,1,1,1,1,1,4),
(0.E0,1.111111111111E-1,2.222222222222E-1,3.333333333333E-1,4.444444444444E-1,
5.555555555556E-1,6.666666666667E-1,7.777777777778E-1,8.888888888889E-1,1.E0),
.UNSPECIFIED.);
#3919=B_SPLINE_CURVE_WITH_KNOTS('',3,(#3907,#3908,#3909,#3910,#3911,#3912,#3913,
#3914,#3915,#3916,#3917,#3918),.UNSPECIFIED.,.F.,.F.,(4,1,1,1,1,1,1,1,1,4),
(0.E0,1.111111111111E-1,2.222222222222E-1,3.333333333333E-1,4.444444444444E-1,
5.555555555556E-1,6.666666666667E-1,7.777777777778E-1,8.888888888889E-1,1.E0),
.UNSPECIFIED.);
#3952=B_SPLINE_CURVE_WITH_KNOTS('',3,(#3940,#3941,#3942,#3943,#3944,#3945,#3946,
#3947,#3948,#3949,#3950,#3951),.UNSPECIFIED.,.F.,.F.,(4,1,1,1,1,1,1,1,1,4),
(0.E0,1.111111111111E-1,2.222222222222E-1,3.333333333333E-1,4.444444444444E-1,
5.555555555556E-1,6.666666666667E-1,7.777777777778E-1,8.888888888889E-1,1.E0),
.UNSPECIFIED.);
#3985=B_SPLINE_CURVE_WITH_KNOTS('',3,(#3973,#3974,#3975,#3976,#3977,#3978,#3979,
#3980,#3981,#3982,#3983,#3984),.UNSPECIFIED.,.F.,.F.,(4,1,1,1,1,1,1,1,1,4),
(0.E0,1.111111111111E-1,2.222222222222E-1,3.333333333333E-1,4.444444444444E-1,
5.555555555556E-1,6.666666666667E-1,7.777777777778E-1,8.888888888889E-1,1.E0),
.UNSPECIFIED.);
#4018=B_SPLINE_CURVE_WITH_KNOTS('',3,(#4006,#4007,#4008,#4009,#4010,#4011,#4012,
#4013,#4014,#4015,#4016,#4017),.UNSPECIFIED.,.F.,.F.,(4,1,1,1,1,1,1,1,1,4),
(0.E0,1.111111111111E-1,2.222222222222E-1,3.333333333333E-1,4.444444444444E-1,
5.555555555556E-1,6.666666666667E-1,7.777777777778E-1,8.888888888889E-1,1.E0),
.UNSPECIFIED.);
#4051=B_SPLINE_CURVE_WITH_KNOTS('',3,(#4039,#4040,#4041,#4042,#4043,#4044,#4045,
#4046,#4047,#4048,#4049,#4050),.UNSPECIFIED.,.F.,.F.,(4,1,1,1,1,1,1,1,1,4),
(0.E0,1.111111111111E-1,2.222222222222E-1,3.333333333333E-1,4.444444444444E-1,
5.555555555556E-1,6.666666666667E-1,7.777777777778E-1,8.888888888889E-1,1.E0),
.UNSPECIFIED.);
#4084=B_SPLINE_CURVE_WITH_KNOTS('',3,(#4072,#4073,#4074,#4075,#4076,#4077,#4078,
#4079,#4080,#4081,#4082,#4083),.UNSPECIFIED.,.F.,.F.,(4,1,1,1,1,1,1,1,1,4),
(0.E0,1.111111111111E-1,2.222222222222E-1,3.333333333333E-1,4.444444444444E-1,
5.555555555556E-1,6.666666666667E-1,7.777777777778E-1,8.888888888889E-1,1.E0),
.UNSPECIFIED.);
#4117=B_SPLINE_CURVE_WITH_KNOTS('',3,(#4105,#4106,#4107,#4108,#4109,#4110,#4111,
#4112,#4113,#4114,#4115,#4116),.UNSPECIFIED.,.F.,.F.,(4,1,1,1,1,1,1,1,1,4),
(0.E0,1.111111111111E-1,2.222222222222E-1,3.333333333333E-1,4.444444444444E-1,
5.555555555556E-1,6.666666666667E-1,7.777777777778E-1,8.888888888889E-1,1.E0),
.UNSPECIFIED.);
#4150=B_SPLINE_CURVE_WITH_KNOTS('',3,(#4138,#4139,#4140,#4141,#4142,#4143,#4144,
#4145,#4146,#4147,#4148,#4149),.UNSPECIFIED.,.F.,.F.,(4,1,1,1,1,1,1,1,1,4),
(0.E0,1.111111111111E-1,2.222222222222E-1,3.333333333333E-1,4.444444444444E-1,
5.555555555556E-1,6.666666666667E-1,7.777777777778E-1,8.888888888889E-1,1.E0),
.UNSPECIFIED.);
#4179=B_SPLINE_CURVE_WITH_KNOTS('',3,(#4167,#4168,#4169,#4170,#4171,#4172,#4173,
#4174,#4175,#4176,#4177,#4178),.UNSPECIFIED.,.F.,.F.,(4,1,1,1,1,1,1,1,1,4),
(0.E0,1.111111111111E-1,2.222222222222E-1,3.333333333333E-1,4.444444444444E-1,
5.555555555556E-1,6.666666666667E-1,7.777777777778E-1,8.888888888889E-1,1.E0),
.UNSPECIFIED.);
#4212=B_SPLINE_CURVE_WITH_KNOTS('',3,(#4200,#4201,#4202,#4203,#4204,#4205,#4206,
#4207,#4208,#4209,#4210,#4211),.UNSPECIFIED.,.F.,.F.,(4,1,1,1,1,1,1,1,1,4),
(0.E0,1.111111111111E-1,2.222222222222E-1,3.333333333333E-1,4.444444444444E-1,
5.555555555556E-1,6.666666666667E-1,7.777777777778E-1,8.888888888889E-1,1.E0),
.UNSPECIFIED.);
#4245=B_SPLINE_CURVE_WITH_KNOTS('',3,(#4233,#4234,#4235,#4236,#4237,#4238,#4239,
#4240,#4241,#4242,#4243,#4244),.UNSPECIFIED.,.F.,.F.,(4,1,1,1,1,1,1,1,1,4),
(0.E0,1.111111111111E-1,2.222222222222E-1,3.333333333333E-1,4.444444444444E-1,
5.555555555556E-1,6.666666666667E-1,7.777777777778E-1,8.888888888889E-1,1.E0),
.UNSPECIFIED.);
#4278=B_SPLINE_CURVE_WITH_KNOTS('',3,(#4266,#4267,#4268,#4269,#4270,#4271,#4272,
#4273,#4274,#4275,#4276,#4277),.UNSPECIFIED.,.F.,.F.,(4,1,1,1,1,1,1,1,1,4),
(0.E0,1.111111111111E-1,2.222222222222E-1,3.333333333333E-1,4.444444444444E-1,
5.555555555556E-1,6.666666666667E-1,7.777777777778E-1,8.888888888889E-1,1.E0),
.UNSPECIFIED.);
#4311=B_SPLINE_CURVE_WITH_KNOTS('',3,(#4299,#4300,#4301,#4302,#4303,#4304,#4305,
#4306,#4307,#4308,#4309,#4310),.UNSPECIFIED.,.F.,.F.,(4,1,1,1,1,1,1,1,1,4),
(0.E0,1.111111111111E-1,2.222222222222E-1,3.333333333333E-1,4.444444444444E-1,
5.555555555556E-1,6.666666666667E-1,7.777777777778E-1,8.888888888889E-1,1.E0),
.UNSPECIFIED.);
#4344=B_SPLINE_CURVE_WITH_KNOTS('',3,(#4332,#4333,#4334,#4335,#4336,#4337,#4338,
#4339,#4340,#4341,#4342,#4343),.UNSPECIFIED.,.F.,.F.,(4,1,1,1,1,1,1,1,1,4),
(0.E0,1.111111111111E-1,2.222222222222E-1,3.333333333333E-1,4.444444444444E-1,
5.555555555556E-1,6.666666666667E-1,7.777777777778E-1,8.888888888889E-1,1.E0),
.UNSPECIFIED.);
#4377=B_SPLINE_CURVE_WITH_KNOTS('',3,(#4365,#4366,#4367,#4368,#4369,#4370,#4371,
#4372,#4373,#4374,#4375,#4376),.UNSPECIFIED.,.F.,.F.,(4,1,1,1,1,1,1,1,1,4),
(0.E0,1.111111111111E-1,2.222222222222E-1,3.333333333333E-1,4.444444444444E-1,
5.555555555556E-1,6.666666666667E-1,7.777777777778E-1,8.888888888889E-1,1.E0),
.UNSPECIFIED.);
#4410=B_SPLINE_CURVE_WITH_KNOTS('',3,(#4398,#4399,#4400,#4401,#4402,#4403,#4404,
#4405,#4406,#4407,#4408,#4409),.UNSPECIFIED.,.F.,.F.,(4,1,1,1,1,1,1,1,1,4),
(0.E0,1.111111111111E-1,2.222222222222E-1,3.333333333333E-1,4.444444444444E-1,
5.555555555556E-1,6.666666666667E-1,7.777777777778E-1,8.888888888889E-1,1.E0),
.UNSPECIFIED.);
#4919=CIRCLE('',#4918,5.E-1);
#4936=CIRCLE('',#4935,1.E0);
#4961=CIRCLE('',#4960,1.E0);
#4978=CIRCLE('',#4977,5.E-1);
#5035=CIRCLE('',#5034,5.E-1);
#5052=CIRCLE('',#5051,1.E0);
#5077=CIRCLE('',#5076,1.E0);
#5094=CIRCLE('',#5093,5.E-1);
#5151=CIRCLE('',#5150,5.E-1);
#5168=CIRCLE('',#5167,1.E0);
#5193=CIRCLE('',#5192,1.E0);
#5210=CIRCLE('',#5209,5.E-1);
#5267=CIRCLE('',#5266,5.E-1);
#5284=CIRCLE('',#5283,1.E0);
#5309=CIRCLE('',#5308,1.E0);
#5326=CIRCLE('',#5325,5.E-1);
#5383=CIRCLE('',#5382,5.E-1);
#5400=CIRCLE('',#5399,1.E0);
#5425=CIRCLE('',#5424,1.E0);
#5442=CIRCLE('',#5441,5.E-1);
#5499=CIRCLE('',#5498,5.E-1);
#5516=CIRCLE('',#5515,1.E0);
#5541=CIRCLE('',#5540,1.E0);
#5558=CIRCLE('',#5557,5.E-1);
#5615=CIRCLE('',#5614,5.E-1);
#5632=CIRCLE('',#5631,1.E0);
#5657=CIRCLE('',#5656,1.E0);
#5674=CIRCLE('',#5673,5.E-1);
#5731=CIRCLE('',#5730,5.E-1);
#5748=CIRCLE('',#5747,1.E0);
#5773=CIRCLE('',#5772,1.E0);
#5790=CIRCLE('',#5789,5.E-1);
#5847=CIRCLE('',#5846,5.E-1);
#5864=CIRCLE('',#5863,1.E0);
#5889=CIRCLE('',#5888,1.E0);
#5906=CIRCLE('',#5905,5.E-1);
#5963=CIRCLE('',#5962,5.E-1);
#5980=CIRCLE('',#5979,1.E0);
#6005=CIRCLE('',#6004,1.E0);
#6022=CIRCLE('',#6021,5.E-1);
#6079=CIRCLE('',#6078,1.E0);
#6096=CIRCLE('',#6095,5.E-1);
#6121=CIRCLE('',#6120,5.E-1);
#6138=CIRCLE('',#6137,1.E0);
#6195=CIRCLE('',#6194,1.E0);
#6212=CIRCLE('',#6211,5.E-1);
#6237=CIRCLE('',#6236,5.E-1);
#6254=CIRCLE('',#6253,1.E0);
#6311=CIRCLE('',#6310,1.E0);
#6328=CIRCLE('',#6327,5.E-1);
#6353=CIRCLE('',#6352,5.E-1);
#6370=CIRCLE('',#6369,1.E0);
#6427=CIRCLE('',#6426,1.E0);
#6444=CIRCLE('',#6443,5.E-1);
#6469=CIRCLE('',#6468,5.E-1);
#6486=CIRCLE('',#6485,1.E0);
#6543=CIRCLE('',#6542,1.E0);
#6560=CIRCLE('',#6559,5.E-1);
#6585=CIRCLE('',#6584,5.E-1);
#6602=CIRCLE('',#6601,1.E0);
#6659=CIRCLE('',#6658,1.E0);
#6676=CIRCLE('',#6675,5.E-1);
#6701=CIRCLE('',#6700,5.E-1);
#6718=CIRCLE('',#6717,1.E0);
#6775=CIRCLE('',#6774,1.E0);
#6792=CIRCLE('',#6791,5.E-1);
#6817=CIRCLE('',#6816,5.E-1);
#6834=CIRCLE('',#6833,1.E0);
#6891=CIRCLE('',#6890,1.E0);
#6908=CIRCLE('',#6907,5.E-1);
#6933=CIRCLE('',#6932,5.E-1);
#6950=CIRCLE('',#6949,1.E0);
#7007=CIRCLE('',#7006,1.E0);
#7024=CIRCLE('',#7023,5.E-1);
#7049=CIRCLE('',#7048,5.E-1);
#7066=CIRCLE('',#7065,1.E0);
#7123=CIRCLE('',#7122,1.E0);
#7140=CIRCLE('',#7139,5.E-1);
#7165=CIRCLE('',#7164,5.E-1);
#7182=CIRCLE('',#7181,1.E0);
#9316=EDGE_CURVE('',#7254,#7256,#6,.T.);
#9318=EDGE_CURVE('',#7254,#7246,#10,.T.);
#9320=EDGE_CURVE('',#7246,#7265,#14,.T.);
#9322=EDGE_CURVE('',#7262,#7265,#18,.T.);
#9324=EDGE_CURVE('',#7256,#7262,#22,.T.);
#9328=ADVANCED_FACE('',(#9327),#9315,.F.);
#9334=EDGE_CURVE('',#7270,#7272,#26,.T.);
#9336=EDGE_CURVE('',#7270,#7249,#30,.T.);
#9338=EDGE_CURVE('',#7281,#7249,#34,.T.);
#9340=EDGE_CURVE('',#7276,#7281,#38,.T.);
#9342=EDGE_CURVE('',#7272,#7276,#42,.T.);
#9346=ADVANCED_FACE('',(#9345),#9333,.F.);
#9352=EDGE_CURVE('',#7253,#7254,#50,.T.);
#9355=EDGE_CURVE('',#7258,#7256,#46,.T.);
#9357=EDGE_CURVE('',#7253,#7258,#290,.T.);
#9361=ADVANCED_FACE('',(#9360),#9351,.T.);
#9368=EDGE_CURVE('',#7253,#7245,#54,.T.);
#9370=EDGE_CURVE('',#7245,#7246,#1045,.T.);
#9375=ADVANCED_FACE('',(#9374),#9366,.F.);
#9381=EDGE_CURVE('',#7282,#7253,#306,.T.);
#9383=EDGE_CURVE('',#7282,#7250,#58,.T.);
#9385=EDGE_CURVE('',#7250,#7245,#1049,.T.);
#9390=ADVANCED_FACE('',(#9389),#9380,.F.);
#9396=EDGE_CURVE('',#7365,#7366,#62,.T.);
#9398=EDGE_CURVE('',#7226,#7366,#2387,.T.);
#9400=EDGE_CURVE('',#7225,#7226,#66,.T.);
#9402=EDGE_CURVE('',#7225,#7365,#70,.T.);
#9406=EDGE_CURVE('',#7401,#7402,#470,.T.);
#9408=EDGE_CURVE('',#7401,#7405,#474,.T.);
#9410=EDGE_CURVE('',#7405,#7406,#478,.T.);
#9412=EDGE_CURVE('',#7402,#7406,#482,.T.);
#9416=ADVANCED_FACE('',(#9405,#9415),#9395,.T.);
#9422=EDGE_CURVE('',#7469,#7470,#74,.T.);
#9424=EDGE_CURVE('',#7450,#7470,#2407,.T.);
#9426=EDGE_CURVE('',#7449,#7450,#78,.T.);
#9428=EDGE_CURVE('',#7449,#7469,#82,.T.);
#9432=EDGE_CURVE('',#8465,#8466,#326,.T.);
#9434=EDGE_CURVE('',#8465,#8469,#330,.T.);
#9436=EDGE_CURVE('',#8469,#8470,#334,.T.);
#9438=EDGE_CURVE('',#8466,#8470,#338,.T.);
#9442=ADVANCED_FACE('',(#9431,#9441),#9421,.T.);
#9448=EDGE_CURVE('',#7525,#7526,#86,.T.);
#9450=EDGE_CURVE('',#7506,#7526,#2427,.T.);
#9452=EDGE_CURVE('',#7505,#7506,#90,.T.);
#9454=EDGE_CURVE('',#7505,#7525,#94,.T.);
#9458=EDGE_CURVE('',#8913,#8914,#486,.T.);
#9460=EDGE_CURVE('',#8914,#8918,#490,.T.);
#9462=EDGE_CURVE('',#8917,#8918,#494,.T.);
#9464=EDGE_CURVE('',#8913,#8917,#498,.T.);
#9468=ADVANCED_FACE('',(#9457,#9467),#9447,.T.);
#9474=EDGE_CURVE('',#7581,#7582,#98,.T.);
#9476=EDGE_CURVE('',#7562,#7582,#2447,.T.);
#9478=EDGE_CURVE('',#7561,#7562,#102,.T.);
#9480=EDGE_CURVE('',#7561,#7581,#106,.T.);
#9484=EDGE_CURVE('',#8513,#8514,#342,.T.);
#9486=EDGE_CURVE('',#8513,#8517,#346,.T.);
#9488=EDGE_CURVE('',#8517,#8518,#350,.T.);
#9490=EDGE_CURVE('',#8514,#8518,#354,.T.);
#9494=ADVANCED_FACE('',(#9483,#9493),#9473,.T.);
#9500=EDGE_CURVE('',#7637,#7638,#110,.T.);
#9502=EDGE_CURVE('',#7618,#7638,#2467,.T.);
#9504=EDGE_CURVE('',#7617,#7618,#114,.T.);
#9506=EDGE_CURVE('',#7617,#7637,#118,.T.);
#9510=EDGE_CURVE('',#8961,#8962,#502,.T.);
#9512=EDGE_CURVE('',#8962,#8966,#506,.T.);
#9514=EDGE_CURVE('',#8965,#8966,#510,.T.);
#9516=EDGE_CURVE('',#8961,#8965,#514,.T.);
#9520=ADVANCED_FACE('',(#9509,#9519),#9499,.T.);
#9526=EDGE_CURVE('',#7693,#7694,#122,.T.);
#9528=EDGE_CURVE('',#7674,#7694,#2487,.T.);
#9530=EDGE_CURVE('',#7673,#7674,#126,.T.);
#9532=EDGE_CURVE('',#7673,#7693,#130,.T.);
#9536=EDGE_CURVE('',#8561,#8562,#358,.T.);
#9538=EDGE_CURVE('',#8561,#8565,#362,.T.);
#9540=EDGE_CURVE('',#8565,#8566,#366,.T.);
#9542=EDGE_CURVE('',#8562,#8566,#370,.T.);
#9546=ADVANCED_FACE('',(#9535,#9545),#9525,.T.);
#9552=EDGE_CURVE('',#7749,#7750,#134,.T.);
#9554=EDGE_CURVE('',#7730,#7750,#2507,.T.);
#9556=EDGE_CURVE('',#7729,#7730,#138,.T.);
#9558=EDGE_CURVE('',#7729,#7749,#142,.T.);
#9562=EDGE_CURVE('',#9009,#9010,#518,.T.);
#9564=EDGE_CURVE('',#9010,#9014,#522,.T.);
#9566=EDGE_CURVE('',#9013,#9014,#526,.T.);
#9568=EDGE_CURVE('',#9009,#9013,#530,.T.);
#9572=ADVANCED_FACE('',(#9561,#9571),#9551,.T.);
#9578=EDGE_CURVE('',#7805,#7806,#146,.T.);
#9580=EDGE_CURVE('',#7786,#7806,#2527,.T.);
#9582=EDGE_CURVE('',#7785,#7786,#150,.T.);
#9584=EDGE_CURVE('',#7785,#7805,#154,.T.);
#9588=EDGE_CURVE('',#8609,#8610,#374,.T.);
#9590=EDGE_CURVE('',#8609,#8613,#378,.T.);
#9592=EDGE_CURVE('',#8613,#8614,#382,.T.);
#9594=EDGE_CURVE('',#8610,#8614,#386,.T.);
#9598=ADVANCED_FACE('',(#9587,#9597),#9577,.T.);
#9604=EDGE_CURVE('',#7861,#7862,#158,.T.);
#9606=EDGE_CURVE('',#7842,#7862,#2547,.T.);
#9608=EDGE_CURVE('',#7841,#7842,#162,.T.);
#9610=EDGE_CURVE('',#7841,#7861,#166,.T.);
#9614=EDGE_CURVE('',#9057,#9058,#534,.T.);
#9616=EDGE_CURVE('',#9058,#9062,#538,.T.);
#9618=EDGE_CURVE('',#9061,#9062,#542,.T.);
#9620=EDGE_CURVE('',#9057,#9061,#546,.T.);
#9624=ADVANCED_FACE('',(#9613,#9623),#9603,.T.);
#9630=EDGE_CURVE('',#7917,#7918,#170,.T.);
#9632=EDGE_CURVE('',#7898,#7918,#2567,.T.);
#9634=EDGE_CURVE('',#7897,#7898,#174,.T.);
#9636=EDGE_CURVE('',#7897,#7917,#178,.T.);
#9640=EDGE_CURVE('',#8657,#8658,#390,.T.);
#9642=EDGE_CURVE('',#8657,#8661,#394,.T.);
#9644=EDGE_CURVE('',#8661,#8662,#398,.T.);
#9646=EDGE_CURVE('',#8658,#8662,#402,.T.);
#9650=ADVANCED_FACE('',(#9639,#9649),#9629,.T.);
#9656=EDGE_CURVE('',#7973,#7974,#182,.T.);
#9658=EDGE_CURVE('',#7954,#7974,#2587,.T.);
#9660=EDGE_CURVE('',#7953,#7954,#186,.T.);
#9662=EDGE_CURVE('',#7953,#7973,#190,.T.);
#9666=EDGE_CURVE('',#9105,#9106,#550,.T.);
#9668=EDGE_CURVE('',#9106,#9110,#554,.T.);
#9670=EDGE_CURVE('',#9109,#9110,#558,.T.);
#9672=EDGE_CURVE('',#9105,#9109,#562,.T.);
#9676=ADVANCED_FACE('',(#9665,#9675),#9655,.T.);
#9682=EDGE_CURVE('',#8029,#8030,#194,.T.);
#9684=EDGE_CURVE('',#8010,#8030,#2607,.T.);
#9686=EDGE_CURVE('',#8009,#8010,#198,.T.);
#9688=EDGE_CURVE('',#8009,#8029,#202,.T.);
#9692=EDGE_CURVE('',#8705,#8706,#406,.T.);
#9694=EDGE_CURVE('',#8705,#8709,#410,.T.);
#9696=EDGE_CURVE('',#8709,#8710,#414,.T.);
#9698=EDGE_CURVE('',#8706,#8710,#418,.T.);
#9702=ADVANCED_FACE('',(#9691,#9701),#9681,.T.);
#9708=EDGE_CURVE('',#8085,#8086,#206,.T.);
#9710=EDGE_CURVE('',#8066,#8086,#2627,.T.);
#9712=EDGE_CURVE('',#8065,#8066,#210,.T.);
#9714=EDGE_CURVE('',#8065,#8085,#214,.T.);
#9718=EDGE_CURVE('',#9153,#9154,#566,.T.);
#9720=EDGE_CURVE('',#9154,#9158,#570,.T.);
#9722=EDGE_CURVE('',#9157,#9158,#574,.T.);
#9724=EDGE_CURVE('',#9153,#9157,#578,.T.);
#9728=ADVANCED_FACE('',(#9717,#9727),#9707,.T.);
#9734=EDGE_CURVE('',#8141,#8142,#218,.T.);
#9736=EDGE_CURVE('',#8122,#8142,#2647,.T.);
#9738=EDGE_CURVE('',#8121,#8122,#222,.T.);
#9740=EDGE_CURVE('',#8121,#8141,#226,.T.);
#9744=EDGE_CURVE('',#8753,#8754,#422,.T.);
#9746=EDGE_CURVE('',#8753,#8757,#426,.T.);
#9748=EDGE_CURVE('',#8757,#8758,#430,.T.);
#9750=EDGE_CURVE('',#8754,#8758,#434,.T.);
#9754=ADVANCED_FACE('',(#9743,#9753),#9733,.T.);
#9760=EDGE_CURVE('',#8289,#8290,#230,.T.);
#9762=EDGE_CURVE('',#8154,#8290,#2667,.T.);
#9764=EDGE_CURVE('',#8153,#8154,#234,.T.);
#9766=EDGE_CURVE('',#8153,#8289,#238,.T.);
#9770=EDGE_CURVE('',#9201,#9202,#582,.T.);
#9772=EDGE_CURVE('',#9202,#9206,#586,.T.);
#9774=EDGE_CURVE('',#9205,#9206,#590,.T.);
#9776=EDGE_CURVE('',#9201,#9205,#594,.T.);
#9780=ADVANCED_FACE('',(#9769,#9779),#9759,.T.);
#9786=EDGE_CURVE('',#8321,#8322,#242,.T.);
#9788=EDGE_CURVE('',#8286,#8322,#2687,.T.);
#9790=EDGE_CURVE('',#8285,#8286,#246,.T.);
#9792=EDGE_CURVE('',#8285,#8321,#250,.T.);
#9796=EDGE_CURVE('',#8801,#8802,#438,.T.);
#9798=EDGE_CURVE('',#8801,#8805,#442,.T.);
#9800=EDGE_CURVE('',#8805,#8806,#446,.T.);
#9802=EDGE_CURVE('',#8802,#8806,#450,.T.);
#9806=ADVANCED_FACE('',(#9795,#9805),#9785,.T.);
#9812=EDGE_CURVE('',#8353,#8354,#254,.T.);
#9814=EDGE_CURVE('',#8318,#8354,#2707,.T.);
#9816=EDGE_CURVE('',#8317,#8318,#258,.T.);
#9818=EDGE_CURVE('',#8317,#8353,#262,.T.);
#9822=EDGE_CURVE('',#9249,#9250,#598,.T.);
#9824=EDGE_CURVE('',#9250,#9254,#602,.T.);
#9826=EDGE_CURVE('',#9253,#9254,#606,.T.);
#9828=EDGE_CURVE('',#9249,#9253,#610,.T.);
#9832=ADVANCED_FACE('',(#9821,#9831),#9811,.T.);
#9838=EDGE_CURVE('',#8385,#8386,#266,.T.);
#9840=EDGE_CURVE('',#8350,#8386,#2727,.T.);
#9842=EDGE_CURVE('',#8349,#8350,#270,.T.);
#9844=EDGE_CURVE('',#8349,#8385,#274,.T.);
#9848=EDGE_CURVE('',#8849,#8850,#454,.T.);
#9850=EDGE_CURVE('',#8849,#8853,#458,.T.);
#9852=EDGE_CURVE('',#8853,#8854,#462,.T.);
#9854=EDGE_CURVE('',#8850,#8854,#466,.T.);
#9858=ADVANCED_FACE('',(#9847,#9857),#9837,.T.);
#9864=EDGE_CURVE('',#8405,#8406,#278,.T.);
#9866=EDGE_CURVE('',#8382,#8406,#2747,.T.);
#9868=EDGE_CURVE('',#8381,#8382,#282,.T.);
#9870=EDGE_CURVE('',#8381,#8405,#286,.T.);
#9874=EDGE_CURVE('',#9297,#9298,#614,.T.);
#9876=EDGE_CURVE('',#9298,#9302,#618,.T.);
#9878=EDGE_CURVE('',#9301,#9302,#622,.T.);
#9880=EDGE_CURVE('',#9297,#9301,#626,.T.);
#9884=ADVANCED_FACE('',(#9873,#9883),#9863,.T.);
#9891=EDGE_CURVE('',#7258,#7229,#294,.T.);
#9893=EDGE_CURVE('',#7229,#7230,#298,.T.);
#9895=EDGE_CURVE('',#7278,#7230,#2763,.T.);
#9897=EDGE_CURVE('',#7278,#7282,#302,.T.);
#9902=EDGE_CURVE('',#7285,#7286,#310,.T.);
#9904=EDGE_CURVE('',#7286,#7290,#314,.T.);
#9906=EDGE_CURVE('',#7289,#7290,#318,.T.);
#9908=EDGE_CURVE('',#7285,#7289,#322,.T.);
#9912=ADVANCED_FACE('',(#9901,#9911),#9889,.T.);
#9918=EDGE_CURVE('',#7337,#7338,#630,.T.);
#9920=EDGE_CURVE('',#7366,#7338,#3267,.T.);
#9923=EDGE_CURVE('',#7337,#7365,#2292,.T.);
#9927=ADVANCED_FACE('',(#9926),#9917,.F.);
#9933=EDGE_CURVE('',#7333,#7334,#634,.T.);
#9935=EDGE_CURVE('',#7334,#7338,#3284,.T.);
#9938=EDGE_CURVE('',#7337,#7333,#2309,.T.);
#9942=ADVANCED_FACE('',(#9941),#9932,.F.);
#9949=EDGE_CURVE('',#7449,#7333,#638,.T.);
#9952=EDGE_CURVE('',#7334,#7450,#3292,.T.);
#9956=ADVANCED_FACE('',(#9955),#9947,.F.);
#9962=EDGE_CURVE('',#7353,#7361,#1007,.T.);
#9964=EDGE_CURVE('',#7353,#7449,#1916,.T.);
#9967=EDGE_CURVE('',#7361,#7333,#2296,.T.);
#9971=ADVANCED_FACE('',(#9970),#9961,.F.);
#9977=EDGE_CURVE('',#8166,#8269,#1860,.T.);
#9979=EDGE_CURVE('',#8166,#8170,#1876,.T.);
#9981=EDGE_CURVE('',#8274,#8170,#1888,.T.);
#9983=EDGE_CURVE('',#8273,#8274,#642,.T.);
#9985=EDGE_CURVE('',#8266,#8273,#4642,.T.);
#9987=EDGE_CURVE('',#8265,#8266,#646,.T.);
#9989=EDGE_CURVE('',#8265,#8377,#650,.T.);
#9991=EDGE_CURVE('',#8377,#8378,#655,.T.);
#9993=EDGE_CURVE('',#8378,#8258,#659,.T.);
#9995=EDGE_CURVE('',#8257,#8258,#663,.T.);
#9997=EDGE_CURVE('',#8242,#8257,#4630,.T.);
#9999=EDGE_CURVE('',#8241,#8242,#667,.T.);
#10001=EDGE_CURVE('',#8241,#8345,#671,.T.);
#10003=EDGE_CURVE('',#8345,#8346,#676,.T.);
#10005=EDGE_CURVE('',#8346,#8234,#680,.T.);
#10007=EDGE_CURVE('',#8233,#8234,#684,.T.);
#10009=EDGE_CURVE('',#8218,#8233,#4618,.T.);
#10011=EDGE_CURVE('',#8217,#8218,#688,.T.);
#10013=EDGE_CURVE('',#8217,#8313,#692,.T.);
#10015=EDGE_CURVE('',#8313,#8314,#697,.T.);
#10017=EDGE_CURVE('',#8314,#8210,#701,.T.);
#10019=EDGE_CURVE('',#8209,#8210,#705,.T.);
#10021=EDGE_CURVE('',#8194,#8209,#4606,.T.);
#10023=EDGE_CURVE('',#8193,#8194,#709,.T.);
#10025=EDGE_CURVE('',#8193,#8281,#713,.T.);
#10027=EDGE_CURVE('',#8281,#8282,#718,.T.);
#10029=EDGE_CURVE('',#8282,#8186,#722,.T.);
#10031=EDGE_CURVE('',#8185,#8186,#726,.T.);
#10033=EDGE_CURVE('',#8118,#8185,#4594,.T.);
#10035=EDGE_CURVE('',#8117,#8118,#730,.T.);
#10037=EDGE_CURVE('',#8117,#8137,#734,.T.);
#10039=EDGE_CURVE('',#8137,#8138,#739,.T.);
#10041=EDGE_CURVE('',#8138,#8110,#743,.T.);
#10043=EDGE_CURVE('',#8109,#8110,#747,.T.);
#10045=EDGE_CURVE('',#8062,#8109,#4582,.T.);
#10047=EDGE_CURVE('',#8061,#8062,#751,.T.);
#10049=EDGE_CURVE('',#8061,#8081,#755,.T.);
#10051=EDGE_CURVE('',#8081,#8082,#760,.T.);
#10053=EDGE_CURVE('',#8082,#8054,#764,.T.);
#10055=EDGE_CURVE('',#8053,#8054,#768,.T.);
#10057=EDGE_CURVE('',#8006,#8053,#4570,.T.);
#10059=EDGE_CURVE('',#8005,#8006,#772,.T.);
#10061=EDGE_CURVE('',#8005,#8025,#776,.T.);
#10063=EDGE_CURVE('',#8025,#8026,#781,.T.);
#10065=EDGE_CURVE('',#8026,#7998,#785,.T.);
#10067=EDGE_CURVE('',#7997,#7998,#789,.T.);
#10069=EDGE_CURVE('',#7950,#7997,#4558,.T.);
#10071=EDGE_CURVE('',#7949,#7950,#793,.T.);
#10073=EDGE_CURVE('',#7949,#7969,#797,.T.);
#10075=EDGE_CURVE('',#7969,#7970,#802,.T.);
#10077=EDGE_CURVE('',#7970,#7942,#806,.T.);
#10079=EDGE_CURVE('',#7941,#7942,#810,.T.);
#10081=EDGE_CURVE('',#7894,#7941,#4546,.T.);
#10083=EDGE_CURVE('',#7893,#7894,#814,.T.);
#10085=EDGE_CURVE('',#7893,#7913,#818,.T.);
#10087=EDGE_CURVE('',#7913,#7914,#823,.T.);
#10089=EDGE_CURVE('',#7914,#7886,#827,.T.);
#10091=EDGE_CURVE('',#7885,#7886,#831,.T.);
#10093=EDGE_CURVE('',#7838,#7885,#4534,.T.);
#10095=EDGE_CURVE('',#7837,#7838,#835,.T.);
#10097=EDGE_CURVE('',#7837,#7857,#839,.T.);
#10099=EDGE_CURVE('',#7857,#7858,#844,.T.);
#10101=EDGE_CURVE('',#7858,#7830,#848,.T.);
#10103=EDGE_CURVE('',#7829,#7830,#852,.T.);
#10105=EDGE_CURVE('',#7782,#7829,#4522,.T.);
#10107=EDGE_CURVE('',#7781,#7782,#856,.T.);
#10109=EDGE_CURVE('',#7781,#7801,#860,.T.);
#10111=EDGE_CURVE('',#7801,#7802,#865,.T.);
#10113=EDGE_CURVE('',#7802,#7774,#869,.T.);
#10115=EDGE_CURVE('',#7773,#7774,#873,.T.);
#10117=EDGE_CURVE('',#7726,#7773,#4510,.T.);
#10119=EDGE_CURVE('',#7725,#7726,#877,.T.);
#10121=EDGE_CURVE('',#7725,#7745,#881,.T.);
#10123=EDGE_CURVE('',#7745,#7746,#886,.T.);
#10125=EDGE_CURVE('',#7746,#7718,#890,.T.);
#10127=EDGE_CURVE('',#7717,#7718,#894,.T.);
#10129=EDGE_CURVE('',#7670,#7717,#4498,.T.);
#10131=EDGE_CURVE('',#7669,#7670,#898,.T.);
#10133=EDGE_CURVE('',#7669,#7689,#902,.T.);
#10135=EDGE_CURVE('',#7689,#7690,#907,.T.);
#10137=EDGE_CURVE('',#7690,#7662,#911,.T.);
#10139=EDGE_CURVE('',#7661,#7662,#915,.T.);
#10141=EDGE_CURVE('',#7614,#7661,#4486,.T.);
#10143=EDGE_CURVE('',#7613,#7614,#919,.T.);
#10145=EDGE_CURVE('',#7613,#7633,#923,.T.);
#10147=EDGE_CURVE('',#7633,#7634,#928,.T.);
#10149=EDGE_CURVE('',#7634,#7606,#932,.T.);
#10151=EDGE_CURVE('',#7605,#7606,#936,.T.);
#10153=EDGE_CURVE('',#7558,#7605,#4474,.T.);
#10155=EDGE_CURVE('',#7557,#7558,#940,.T.);
#10157=EDGE_CURVE('',#7557,#7577,#944,.T.);
#10159=EDGE_CURVE('',#7577,#7578,#949,.T.);
#10161=EDGE_CURVE('',#7578,#7550,#953,.T.);
#10163=EDGE_CURVE('',#7549,#7550,#957,.T.);
#10165=EDGE_CURVE('',#7502,#7549,#4462,.T.);
#10167=EDGE_CURVE('',#7501,#7502,#961,.T.);
#10169=EDGE_CURVE('',#7501,#7521,#965,.T.);
#10171=EDGE_CURVE('',#7521,#7522,#970,.T.);
#10173=EDGE_CURVE('',#7522,#7494,#974,.T.);
#10175=EDGE_CURVE('',#7493,#7494,#978,.T.);
#10177=EDGE_CURVE('',#7446,#7493,#4450,.T.);
#10179=EDGE_CURVE('',#7445,#7446,#982,.T.);
#10181=EDGE_CURVE('',#7445,#7465,#986,.T.);
#10183=EDGE_CURVE('',#7465,#7466,#991,.T.);
#10185=EDGE_CURVE('',#7466,#7438,#995,.T.);
#10187=EDGE_CURVE('',#7437,#7438,#999,.T.);
#10189=EDGE_CURVE('',#7354,#7437,#4438,.T.);
#10191=EDGE_CURVE('',#7353,#7354,#1003,.T.);
#10194=EDGE_CURVE('',#7361,#7362,#1012,.T.);
#10196=EDGE_CURVE('',#7362,#7346,#1016,.T.);
#10198=EDGE_CURVE('',#7345,#7346,#1020,.T.);
#10200=EDGE_CURVE('',#7329,#7345,#4426,.T.);
#10202=EDGE_CURVE('',#7324,#7329,#1024,.T.);
#10204=EDGE_CURVE('',#7324,#7241,#1028,.T.);
#10206=EDGE_CURVE('',#7241,#7242,#1033,.T.);
#10208=EDGE_CURVE('',#7242,#7308,#1037,.T.);
#10210=EDGE_CURVE('',#7313,#7308,#1041,.T.);
#10212=EDGE_CURVE('',#7246,#7313,#4650,.T.);
#10216=EDGE_CURVE('',#7249,#7250,#1053,.T.);
#10218=EDGE_CURVE('',#7249,#7310,#1057,.T.);
#10220=EDGE_CURVE('',#7302,#7310,#1061,.T.);
#10222=EDGE_CURVE('',#7302,#7222,#1065,.T.);
#10224=EDGE_CURVE('',#7221,#7222,#1070,.T.);
#10226=EDGE_CURVE('',#7221,#7318,#1074,.T.);
#10228=EDGE_CURVE('',#7326,#7318,#1078,.T.);
#10230=EDGE_CURVE('',#7326,#7342,#1082,.T.);
#10232=EDGE_CURVE('',#7341,#7342,#1086,.T.);
#10234=EDGE_CURVE('',#7341,#7357,#1090,.T.);
#10236=EDGE_CURVE('',#7357,#7358,#1095,.T.);
#10238=EDGE_CURVE('',#7358,#7350,#1099,.T.);
#10240=EDGE_CURVE('',#7349,#7350,#1103,.T.);
#10242=EDGE_CURVE('',#7349,#7434,#1107,.T.);
#10244=EDGE_CURVE('',#7433,#7434,#1111,.T.);
#10246=EDGE_CURVE('',#7433,#7461,#1115,.T.);
#10248=EDGE_CURVE('',#7461,#7462,#1120,.T.);
#10250=EDGE_CURVE('',#7462,#7442,#1124,.T.);
#10252=EDGE_CURVE('',#7441,#7442,#1128,.T.);
#10254=EDGE_CURVE('',#7441,#7490,#1132,.T.);
#10256=EDGE_CURVE('',#7489,#7490,#1136,.T.);
#10258=EDGE_CURVE('',#7489,#7517,#1140,.T.);
#10260=EDGE_CURVE('',#7517,#7518,#1145,.T.);
#10262=EDGE_CURVE('',#7518,#7498,#1149,.T.);
#10264=EDGE_CURVE('',#7497,#7498,#1153,.T.);
#10266=EDGE_CURVE('',#7497,#7546,#1157,.T.);
#10268=EDGE_CURVE('',#7545,#7546,#1161,.T.);
#10270=EDGE_CURVE('',#7545,#7573,#1165,.T.);
#10272=EDGE_CURVE('',#7573,#7574,#1170,.T.);
#10274=EDGE_CURVE('',#7574,#7554,#1174,.T.);
#10276=EDGE_CURVE('',#7553,#7554,#1178,.T.);
#10278=EDGE_CURVE('',#7553,#7602,#1182,.T.);
#10280=EDGE_CURVE('',#7601,#7602,#1186,.T.);
#10282=EDGE_CURVE('',#7601,#7629,#1190,.T.);
#10284=EDGE_CURVE('',#7629,#7630,#1195,.T.);
#10286=EDGE_CURVE('',#7630,#7610,#1199,.T.);
#10288=EDGE_CURVE('',#7609,#7610,#1203,.T.);
#10290=EDGE_CURVE('',#7609,#7658,#1207,.T.);
#10292=EDGE_CURVE('',#7657,#7658,#1211,.T.);
#10294=EDGE_CURVE('',#7657,#7685,#1215,.T.);
#10296=EDGE_CURVE('',#7685,#7686,#1220,.T.);
#10298=EDGE_CURVE('',#7686,#7666,#1224,.T.);
#10300=EDGE_CURVE('',#7665,#7666,#1228,.T.);
#10302=EDGE_CURVE('',#7665,#7714,#1232,.T.);
#10304=EDGE_CURVE('',#7713,#7714,#1236,.T.);
#10306=EDGE_CURVE('',#7713,#7741,#1240,.T.);
#10308=EDGE_CURVE('',#7741,#7742,#1245,.T.);
#10310=EDGE_CURVE('',#7742,#7722,#1249,.T.);
#10312=EDGE_CURVE('',#7721,#7722,#1253,.T.);
#10314=EDGE_CURVE('',#7721,#7770,#1257,.T.);
#10316=EDGE_CURVE('',#7769,#7770,#1261,.T.);
#10318=EDGE_CURVE('',#7769,#7797,#1265,.T.);
#10320=EDGE_CURVE('',#7797,#7798,#1270,.T.);
#10322=EDGE_CURVE('',#7798,#7778,#1274,.T.);
#10324=EDGE_CURVE('',#7777,#7778,#1278,.T.);
#10326=EDGE_CURVE('',#7777,#7826,#1282,.T.);
#10328=EDGE_CURVE('',#7825,#7826,#1286,.T.);
#10330=EDGE_CURVE('',#7825,#7853,#1290,.T.);
#10332=EDGE_CURVE('',#7853,#7854,#1295,.T.);
#10334=EDGE_CURVE('',#7854,#7834,#1299,.T.);
#10336=EDGE_CURVE('',#7833,#7834,#1303,.T.);
#10338=EDGE_CURVE('',#7833,#7882,#1307,.T.);
#10340=EDGE_CURVE('',#7881,#7882,#1311,.T.);
#10342=EDGE_CURVE('',#7881,#7909,#1315,.T.);
#10344=EDGE_CURVE('',#7909,#7910,#1320,.T.);
#10346=EDGE_CURVE('',#7910,#7890,#1324,.T.);
#10348=EDGE_CURVE('',#7889,#7890,#1328,.T.);
#10350=EDGE_CURVE('',#7889,#7938,#1332,.T.);
#10352=EDGE_CURVE('',#7937,#7938,#1336,.T.);
#10354=EDGE_CURVE('',#7937,#7965,#1340,.T.);
#10356=EDGE_CURVE('',#7965,#7966,#1345,.T.);
#10358=EDGE_CURVE('',#7966,#7946,#1349,.T.);
#10360=EDGE_CURVE('',#7945,#7946,#1353,.T.);
#10362=EDGE_CURVE('',#7945,#7994,#1357,.T.);
#10364=EDGE_CURVE('',#7993,#7994,#1361,.T.);
#10366=EDGE_CURVE('',#7993,#8021,#1365,.T.);
#10368=EDGE_CURVE('',#8021,#8022,#1370,.T.);
#10370=EDGE_CURVE('',#8022,#8002,#1374,.T.);
#10372=EDGE_CURVE('',#8001,#8002,#1378,.T.);
#10374=EDGE_CURVE('',#8001,#8050,#1382,.T.);
#10376=EDGE_CURVE('',#8049,#8050,#1386,.T.);
#10378=EDGE_CURVE('',#8049,#8077,#1390,.T.);
#10380=EDGE_CURVE('',#8077,#8078,#1395,.T.);
#10382=EDGE_CURVE('',#8078,#8058,#1399,.T.);
#10384=EDGE_CURVE('',#8057,#8058,#1403,.T.);
#10386=EDGE_CURVE('',#8057,#8106,#1407,.T.);
#10388=EDGE_CURVE('',#8105,#8106,#1411,.T.);
#10390=EDGE_CURVE('',#8105,#8133,#1415,.T.);
#10392=EDGE_CURVE('',#8133,#8134,#1420,.T.);
#10394=EDGE_CURVE('',#8134,#8114,#1424,.T.);
#10396=EDGE_CURVE('',#8113,#8114,#1428,.T.);
#10398=EDGE_CURVE('',#8113,#8182,#1432,.T.);
#10400=EDGE_CURVE('',#8181,#8182,#1436,.T.);
#10402=EDGE_CURVE('',#8181,#8277,#1440,.T.);
#10404=EDGE_CURVE('',#8277,#8278,#1445,.T.);
#10406=EDGE_CURVE('',#8278,#8190,#1449,.T.);
#10408=EDGE_CURVE('',#8189,#8190,#1453,.T.);
#10410=EDGE_CURVE('',#8189,#8206,#1457,.T.);
#10412=EDGE_CURVE('',#8205,#8206,#1461,.T.);
#10414=EDGE_CURVE('',#8205,#8309,#1465,.T.);
#10416=EDGE_CURVE('',#8309,#8310,#1470,.T.);
#10418=EDGE_CURVE('',#8310,#8214,#1474,.T.);
#10420=EDGE_CURVE('',#8213,#8214,#1478,.T.);
#10422=EDGE_CURVE('',#8213,#8230,#1482,.T.);
#10424=EDGE_CURVE('',#8229,#8230,#1486,.T.);
#10426=EDGE_CURVE('',#8229,#8341,#1490,.T.);
#10428=EDGE_CURVE('',#8341,#8342,#1495,.T.);
#10430=EDGE_CURVE('',#8342,#8238,#1499,.T.);
#10432=EDGE_CURVE('',#8237,#8238,#1503,.T.);
#10434=EDGE_CURVE('',#8237,#8254,#1507,.T.);
#10436=EDGE_CURVE('',#8253,#8254,#1511,.T.);
#10438=EDGE_CURVE('',#8253,#8373,#1515,.T.);
#10440=EDGE_CURVE('',#8373,#8374,#1520,.T.);
#10442=EDGE_CURVE('',#8374,#8262,#1524,.T.);
#10444=EDGE_CURVE('',#8261,#8262,#1528,.T.);
#10446=EDGE_CURVE('',#8261,#8270,#1532,.T.);
#10448=EDGE_CURVE('',#8269,#8270,#1536,.T.);
#10452=EDGE_CURVE('',#7293,#7294,#1540,.T.);
#10454=EDGE_CURVE('',#7293,#7297,#1544,.T.);
#10456=EDGE_CURVE('',#7297,#7298,#1548,.T.);
#10458=EDGE_CURVE('',#7294,#7298,#1552,.T.);
#10462=EDGE_CURVE('',#8473,#8474,#1556,.T.);
#10464=EDGE_CURVE('',#8474,#8478,#1560,.T.);
#10466=EDGE_CURVE('',#8477,#8478,#1564,.T.);
#10468=EDGE_CURVE('',#8473,#8477,#1568,.T.);
#10472=EDGE_CURVE('',#8521,#8522,#1572,.T.);
#10474=EDGE_CURVE('',#8522,#8526,#1576,.T.);
#10476=EDGE_CURVE('',#8525,#8526,#1580,.T.);
#10478=EDGE_CURVE('',#8521,#8525,#1584,.T.);
#10482=EDGE_CURVE('',#8569,#8570,#1588,.T.);
#10484=EDGE_CURVE('',#8570,#8574,#1592,.T.);
#10486=EDGE_CURVE('',#8573,#8574,#1596,.T.);
#10488=EDGE_CURVE('',#8569,#8573,#1600,.T.);
#10492=EDGE_CURVE('',#8617,#8618,#1604,.T.);
#10494=EDGE_CURVE('',#8618,#8622,#1608,.T.);
#10496=EDGE_CURVE('',#8621,#8622,#1612,.T.);
#10498=EDGE_CURVE('',#8617,#8621,#1616,.T.);
#10502=EDGE_CURVE('',#8665,#8666,#1620,.T.);
#10504=EDGE_CURVE('',#8666,#8670,#1624,.T.);
#10506=EDGE_CURVE('',#8669,#8670,#1628,.T.);
#10508=EDGE_CURVE('',#8665,#8669,#1632,.T.);
#10512=EDGE_CURVE('',#8713,#8714,#1636,.T.);
#10514=EDGE_CURVE('',#8714,#8718,#1640,.T.);
#10516=EDGE_CURVE('',#8717,#8718,#1644,.T.);
#10518=EDGE_CURVE('',#8713,#8717,#1648,.T.);
#10522=EDGE_CURVE('',#8761,#8762,#1652,.T.);
#10524=EDGE_CURVE('',#8762,#8766,#1656,.T.);
#10526=EDGE_CURVE('',#8765,#8766,#1660,.T.);
#10528=EDGE_CURVE('',#8761,#8765,#1664,.T.);
#10532=EDGE_CURVE('',#8809,#8810,#1668,.T.);
#10534=EDGE_CURVE('',#8810,#8814,#1672,.T.);
#10536=EDGE_CURVE('',#8813,#8814,#1676,.T.);
#10538=EDGE_CURVE('',#8809,#8813,#1680,.T.);
#10542=EDGE_CURVE('',#8857,#8858,#1684,.T.);
#10544=EDGE_CURVE('',#8858,#8862,#1688,.T.);
#10546=EDGE_CURVE('',#8861,#8862,#1692,.T.);
#10548=EDGE_CURVE('',#8857,#8861,#1696,.T.);
#10552=EDGE_CURVE('',#7409,#7410,#1700,.T.);
#10554=EDGE_CURVE('',#7410,#7414,#1704,.T.);
#10556=EDGE_CURVE('',#7413,#7414,#1708,.T.);
#10558=EDGE_CURVE('',#7409,#7413,#1712,.T.);
#10562=EDGE_CURVE('',#8921,#8922,#1716,.T.);
#10564=EDGE_CURVE('',#8921,#8925,#1720,.T.);
#10566=EDGE_CURVE('',#8925,#8926,#1724,.T.);
#10568=EDGE_CURVE('',#8922,#8926,#1728,.T.);
#10572=EDGE_CURVE('',#8969,#8970,#1732,.T.);
#10574=EDGE_CURVE('',#8969,#8973,#1736,.T.);
#10576=EDGE_CURVE('',#8973,#8974,#1740,.T.);
#10578=EDGE_CURVE('',#8970,#8974,#1744,.T.);
#10582=EDGE_CURVE('',#9017,#9018,#1748,.T.);
#10584=EDGE_CURVE('',#9017,#9021,#1752,.T.);
#10586=EDGE_CURVE('',#9021,#9022,#1756,.T.);
#10588=EDGE_CURVE('',#9018,#9022,#1760,.T.);
#10592=EDGE_CURVE('',#9065,#9066,#1764,.T.);
#10594=EDGE_CURVE('',#9065,#9069,#1768,.T.);
#10596=EDGE_CURVE('',#9069,#9070,#1772,.T.);
#10598=EDGE_CURVE('',#9066,#9070,#1776,.T.);
#10602=EDGE_CURVE('',#9113,#9114,#1780,.T.);
#10604=EDGE_CURVE('',#9113,#9117,#1784,.T.);
#10606=EDGE_CURVE('',#9117,#9118,#1788,.T.);
#10608=EDGE_CURVE('',#9114,#9118,#1792,.T.);
#10612=EDGE_CURVE('',#9161,#9162,#1796,.T.);
#10614=EDGE_CURVE('',#9161,#9165,#1800,.T.);
#10616=EDGE_CURVE('',#9165,#9166,#1804,.T.);
#10618=EDGE_CURVE('',#9162,#9166,#1808,.T.);
#10622=EDGE_CURVE('',#9209,#9210,#1812,.T.);
#10624=EDGE_CURVE('',#9209,#9213,#1816,.T.);
#10626=EDGE_CURVE('',#9213,#9214,#1820,.T.);
#10628=EDGE_CURVE('',#9210,#9214,#1824,.T.);
#10632=EDGE_CURVE('',#9257,#9258,#1828,.T.);
#10634=EDGE_CURVE('',#9257,#9261,#1832,.T.);
#10636=EDGE_CURVE('',#9261,#9262,#1836,.T.);
#10638=EDGE_CURVE('',#9258,#9262,#1840,.T.);
#10642=EDGE_CURVE('',#9305,#9306,#1844,.T.);
#10644=EDGE_CURVE('',#9305,#9309,#1848,.T.);
#10646=EDGE_CURVE('',#9309,#9310,#1852,.T.);
#10648=EDGE_CURVE('',#9306,#9310,#1856,.T.);
#10652=ADVANCED_FACE('',(#10451,#10461,#10471,#10481,#10491,#10501,#10511,
#10521,#10531,#10541,#10551,#10561,#10571,#10581,#10591,#10601,#10611,#10621,
#10631,#10641,#10651),#9976,.T.);
#10658=EDGE_CURVE('',#8165,#8166,#1864,.T.);
#10661=EDGE_CURVE('',#8406,#8269,#2751,.T.);
#10663=EDGE_CURVE('',#8165,#8406,#1880,.T.);
#10667=ADVANCED_FACE('',(#10666),#10657,.F.);
#10674=EDGE_CURVE('',#8169,#8165,#1868,.T.);
#10676=EDGE_CURVE('',#8169,#8170,#1872,.T.);
#10681=ADVANCED_FACE('',(#10680),#10672,.T.);
#10689=EDGE_CURVE('',#8405,#8169,#1884,.T.);
#10694=ADVANCED_FACE('',(#10693),#10686,.F.);
#10702=EDGE_CURVE('',#8274,#8405,#2252,.T.);
#10707=ADVANCED_FACE('',(#10706),#10699,.F.);
#10713=EDGE_CURVE('',#7346,#7365,#1892,.T.);
#10716=EDGE_CURVE('',#7324,#7225,#1896,.T.);
#10718=EDGE_CURVE('',#7323,#7324,#1900,.T.);
#10720=EDGE_CURVE('',#7323,#7372,#1904,.T.);
#10722=EDGE_CURVE('',#7372,#7346,#1908,.T.);
#10726=ADVANCED_FACE('',(#10725),#10712,.T.);
#10732=EDGE_CURVE('',#7438,#7469,#1912,.T.);
#10736=EDGE_CURVE('',#7456,#7353,#1920,.T.);
#10738=EDGE_CURVE('',#7456,#7476,#1924,.T.);
#10740=EDGE_CURVE('',#7476,#7438,#1928,.T.);
#10744=ADVANCED_FACE('',(#10743),#10731,.T.);
#10750=EDGE_CURVE('',#7494,#7525,#1932,.T.);
#10753=EDGE_CURVE('',#7445,#7505,#1936,.T.);
#10755=EDGE_CURVE('',#7512,#7445,#1940,.T.);
#10757=EDGE_CURVE('',#7512,#7532,#1944,.T.);
#10759=EDGE_CURVE('',#7532,#7494,#1948,.T.);
#10763=ADVANCED_FACE('',(#10762),#10749,.T.);
#10769=EDGE_CURVE('',#7550,#7581,#1952,.T.);
#10772=EDGE_CURVE('',#7501,#7561,#1956,.T.);
#10774=EDGE_CURVE('',#7568,#7501,#1960,.T.);
#10776=EDGE_CURVE('',#7568,#7588,#1964,.T.);
#10778=EDGE_CURVE('',#7588,#7550,#1968,.T.);
#10782=ADVANCED_FACE('',(#10781),#10768,.T.);
#10788=EDGE_CURVE('',#7606,#7637,#1972,.T.);
#10791=EDGE_CURVE('',#7557,#7617,#1976,.T.);
#10793=EDGE_CURVE('',#7624,#7557,#1980,.T.);
#10795=EDGE_CURVE('',#7624,#7644,#1984,.T.);
#10797=EDGE_CURVE('',#7644,#7606,#1988,.T.);
#10801=ADVANCED_FACE('',(#10800),#10787,.T.);
#10807=EDGE_CURVE('',#7662,#7693,#1992,.T.);
#10810=EDGE_CURVE('',#7613,#7673,#1996,.T.);
#10812=EDGE_CURVE('',#7680,#7613,#2000,.T.);
#10814=EDGE_CURVE('',#7680,#7700,#2004,.T.);
#10816=EDGE_CURVE('',#7700,#7662,#2008,.T.);
#10820=ADVANCED_FACE('',(#10819),#10806,.T.);
#10826=EDGE_CURVE('',#7718,#7749,#2012,.T.);
#10829=EDGE_CURVE('',#7669,#7729,#2016,.T.);
#10831=EDGE_CURVE('',#7736,#7669,#2020,.T.);
#10833=EDGE_CURVE('',#7736,#7756,#2024,.T.);
#10835=EDGE_CURVE('',#7756,#7718,#2028,.T.);
#10839=ADVANCED_FACE('',(#10838),#10825,.T.);
#10845=EDGE_CURVE('',#7774,#7805,#2032,.T.);
#10848=EDGE_CURVE('',#7725,#7785,#2036,.T.);
#10850=EDGE_CURVE('',#7792,#7725,#2040,.T.);
#10852=EDGE_CURVE('',#7792,#7812,#2044,.T.);
#10854=EDGE_CURVE('',#7812,#7774,#2048,.T.);
#10858=ADVANCED_FACE('',(#10857),#10844,.T.);
#10864=EDGE_CURVE('',#7830,#7861,#2052,.T.);
#10867=EDGE_CURVE('',#7781,#7841,#2056,.T.);
#10869=EDGE_CURVE('',#7848,#7781,#2060,.T.);
#10871=EDGE_CURVE('',#7848,#7868,#2064,.T.);
#10873=EDGE_CURVE('',#7868,#7830,#2068,.T.);
#10877=ADVANCED_FACE('',(#10876),#10863,.T.);
#10883=EDGE_CURVE('',#7886,#7917,#2072,.T.);
#10886=EDGE_CURVE('',#7837,#7897,#2076,.T.);
#10888=EDGE_CURVE('',#7904,#7837,#2080,.T.);
#10890=EDGE_CURVE('',#7904,#7924,#2084,.T.);
#10892=EDGE_CURVE('',#7924,#7886,#2088,.T.);
#10896=ADVANCED_FACE('',(#10895),#10882,.T.);
#10902=EDGE_CURVE('',#7942,#7973,#2092,.T.);
#10905=EDGE_CURVE('',#7893,#7953,#2096,.T.);
#10907=EDGE_CURVE('',#7960,#7893,#2100,.T.);
#10909=EDGE_CURVE('',#7960,#7980,#2104,.T.);
#10911=EDGE_CURVE('',#7980,#7942,#2108,.T.);
#10915=ADVANCED_FACE('',(#10914),#10901,.T.);
#10921=EDGE_CURVE('',#7998,#8029,#2112,.T.);
#10924=EDGE_CURVE('',#7949,#8009,#2116,.T.);
#10926=EDGE_CURVE('',#8016,#7949,#2120,.T.);
#10928=EDGE_CURVE('',#8016,#8036,#2124,.T.);
#10930=EDGE_CURVE('',#8036,#7998,#2128,.T.);
#10934=ADVANCED_FACE('',(#10933),#10920,.T.);
#10940=EDGE_CURVE('',#8054,#8085,#2132,.T.);
#10943=EDGE_CURVE('',#8005,#8065,#2136,.T.);
#10945=EDGE_CURVE('',#8072,#8005,#2140,.T.);
#10947=EDGE_CURVE('',#8072,#8092,#2144,.T.);
#10949=EDGE_CURVE('',#8092,#8054,#2148,.T.);
#10953=ADVANCED_FACE('',(#10952),#10939,.T.);
#10959=EDGE_CURVE('',#8110,#8141,#2152,.T.);
#10962=EDGE_CURVE('',#8061,#8121,#2156,.T.);
#10964=EDGE_CURVE('',#8128,#8061,#2160,.T.);
#10966=EDGE_CURVE('',#8128,#8148,#2164,.T.);
#10968=EDGE_CURVE('',#8148,#8110,#2168,.T.);
#10972=ADVANCED_FACE('',(#10971),#10958,.T.);
#10978=EDGE_CURVE('',#8186,#8289,#2172,.T.);
#10981=EDGE_CURVE('',#8117,#8153,#2176,.T.);
#10983=EDGE_CURVE('',#8160,#8117,#2180,.T.);
#10985=EDGE_CURVE('',#8160,#8302,#2184,.T.);
#10987=EDGE_CURVE('',#8302,#8186,#2188,.T.);
#10991=ADVANCED_FACE('',(#10990),#10977,.T.);
#10997=EDGE_CURVE('',#8210,#8321,#2192,.T.);
#11000=EDGE_CURVE('',#8193,#8285,#2196,.T.);
#11002=EDGE_CURVE('',#8300,#8193,#2200,.T.);
#11004=EDGE_CURVE('',#8300,#8334,#2204,.T.);
#11006=EDGE_CURVE('',#8334,#8210,#2208,.T.);
#11010=ADVANCED_FACE('',(#11009),#10996,.T.);
#11016=EDGE_CURVE('',#8234,#8353,#2212,.T.);
#11019=EDGE_CURVE('',#8217,#8317,#2216,.T.);
#11021=EDGE_CURVE('',#8332,#8217,#2220,.T.);
#11023=EDGE_CURVE('',#8332,#8366,#2224,.T.);
#11025=EDGE_CURVE('',#8366,#8234,#2228,.T.);
#11029=ADVANCED_FACE('',(#11028),#11015,.T.);
#11035=EDGE_CURVE('',#8258,#8385,#2232,.T.);
#11038=EDGE_CURVE('',#8241,#8349,#2236,.T.);
#11040=EDGE_CURVE('',#8364,#8241,#2240,.T.);
#11042=EDGE_CURVE('',#8364,#8398,#2244,.T.);
#11044=EDGE_CURVE('',#8398,#8258,#2248,.T.);
#11048=ADVANCED_FACE('',(#11047),#11034,.T.);
#11056=EDGE_CURVE('',#8265,#8381,#2256,.T.);
#11058=EDGE_CURVE('',#8396,#8265,#2260,.T.);
#11060=EDGE_CURVE('',#8396,#8412,#2264,.T.);
#11062=EDGE_CURVE('',#8412,#8274,#2268,.T.);
#11066=ADVANCED_FACE('',(#11065),#11053,.T.);
#11072=EDGE_CURVE('',#7258,#7260,#2272,.T.);
#11074=EDGE_CURVE('',#7260,#7307,#2276,.T.);
#11076=EDGE_CURVE('',#7307,#7308,#2280,.T.);
#11078=EDGE_CURVE('',#7308,#7229,#2284,.T.);
#11083=ADVANCED_FACE('',(#11082),#11071,.T.);
#11090=EDGE_CURVE('',#7362,#7337,#2288,.T.);
#11096=ADVANCED_FACE('',(#11095),#11088,.F.);
#11108=ADVANCED_FACE('',(#11107),#11101,.F.);
#11116=EDGE_CURVE('',#7225,#7236,#2313,.T.);
#11118=EDGE_CURVE('',#7241,#7236,#2371,.T.);
#11122=ADVANCED_FACE('',(#11121),#11113,.F.);
#11129=EDGE_CURVE('',#7226,#7234,#2321,.T.);
#11131=EDGE_CURVE('',#7236,#7234,#2342,.T.);
#11136=ADVANCED_FACE('',(#11135),#11127,.F.);
#11143=EDGE_CURVE('',#7221,#7234,#2317,.T.);
#11146=EDGE_CURVE('',#7226,#7318,#2383,.T.);
#11150=ADVANCED_FACE('',(#11149),#11141,.F.);
#11156=EDGE_CURVE('',#7234,#7232,#2334,.T.);
#11160=EDGE_CURVE('',#7222,#7232,#2338,.T.);
#11164=ADVANCED_FACE('',(#11163),#11155,.F.);
#11171=EDGE_CURVE('',#7238,#7232,#2346,.T.);
#11173=EDGE_CURVE('',#7238,#7236,#2367,.T.);
#11178=ADVANCED_FACE('',(#11177),#11169,.F.);
#11185=EDGE_CURVE('',#7238,#7229,#2354,.T.);
#11188=EDGE_CURVE('',#7232,#7230,#2375,.T.);
#11192=ADVANCED_FACE('',(#11191),#11183,.F.);
#11199=EDGE_CURVE('',#7242,#7238,#2350,.T.);
#11205=ADVANCED_FACE('',(#11204),#11197,.F.);
#11217=ADVANCED_FACE('',(#11216),#11210,.F.);
#11224=EDGE_CURVE('',#7230,#7302,#2767,.T.);
#11230=ADVANCED_FACE('',(#11229),#11222,.F.);
#11236=EDGE_CURVE('',#7317,#7368,#2783,.T.);
#11238=EDGE_CURVE('',#7317,#7318,#2379,.T.);
#11242=EDGE_CURVE('',#7366,#7341,#2391,.T.);
#11244=EDGE_CURVE('',#7368,#7341,#2395,.T.);
#11248=ADVANCED_FACE('',(#11247),#11235,.T.);
#11254=EDGE_CURVE('',#7452,#7472,#2795,.T.);
#11256=EDGE_CURVE('',#7452,#7350,#2399,.T.);
#11258=EDGE_CURVE('',#7450,#7350,#2403,.T.);
#11261=EDGE_CURVE('',#7470,#7433,#2411,.T.);
#11263=EDGE_CURVE('',#7472,#7433,#2415,.T.);
#11267=ADVANCED_FACE('',(#11266),#11253,.T.);
#11273=EDGE_CURVE('',#7508,#7528,#2807,.T.);
#11275=EDGE_CURVE('',#7508,#7442,#2419,.T.);
#11277=EDGE_CURVE('',#7506,#7442,#2423,.T.);
#11280=EDGE_CURVE('',#7526,#7489,#2431,.T.);
#11282=EDGE_CURVE('',#7528,#7489,#2435,.T.);
#11286=ADVANCED_FACE('',(#11285),#11272,.T.);
#11292=EDGE_CURVE('',#7564,#7584,#2819,.T.);
#11294=EDGE_CURVE('',#7564,#7498,#2439,.T.);
#11296=EDGE_CURVE('',#7562,#7498,#2443,.T.);
#11299=EDGE_CURVE('',#7582,#7545,#2451,.T.);
#11301=EDGE_CURVE('',#7584,#7545,#2455,.T.);
#11305=ADVANCED_FACE('',(#11304),#11291,.T.);
#11311=EDGE_CURVE('',#7620,#7640,#2831,.T.);
#11313=EDGE_CURVE('',#7620,#7554,#2459,.T.);
#11315=EDGE_CURVE('',#7618,#7554,#2463,.T.);
#11318=EDGE_CURVE('',#7638,#7601,#2471,.T.);
#11320=EDGE_CURVE('',#7640,#7601,#2475,.T.);
#11324=ADVANCED_FACE('',(#11323),#11310,.T.);
#11330=EDGE_CURVE('',#7676,#7696,#2843,.T.);
#11332=EDGE_CURVE('',#7676,#7610,#2479,.T.);
#11334=EDGE_CURVE('',#7674,#7610,#2483,.T.);
#11337=EDGE_CURVE('',#7694,#7657,#2491,.T.);
#11339=EDGE_CURVE('',#7696,#7657,#2495,.T.);
#11343=ADVANCED_FACE('',(#11342),#11329,.T.);
#11349=EDGE_CURVE('',#7732,#7752,#2855,.T.);
#11351=EDGE_CURVE('',#7732,#7666,#2499,.T.);
#11353=EDGE_CURVE('',#7730,#7666,#2503,.T.);
#11356=EDGE_CURVE('',#7750,#7713,#2511,.T.);
#11358=EDGE_CURVE('',#7752,#7713,#2515,.T.);
#11362=ADVANCED_FACE('',(#11361),#11348,.T.);
#11368=EDGE_CURVE('',#7788,#7808,#2867,.T.);
#11370=EDGE_CURVE('',#7788,#7722,#2519,.T.);
#11372=EDGE_CURVE('',#7786,#7722,#2523,.T.);
#11375=EDGE_CURVE('',#7806,#7769,#2531,.T.);
#11377=EDGE_CURVE('',#7808,#7769,#2535,.T.);
#11381=ADVANCED_FACE('',(#11380),#11367,.T.);
#11387=EDGE_CURVE('',#7844,#7864,#2879,.T.);
#11389=EDGE_CURVE('',#7844,#7778,#2539,.T.);
#11391=EDGE_CURVE('',#7842,#7778,#2543,.T.);
#11394=EDGE_CURVE('',#7862,#7825,#2551,.T.);
#11396=EDGE_CURVE('',#7864,#7825,#2555,.T.);
#11400=ADVANCED_FACE('',(#11399),#11386,.T.);
#11406=EDGE_CURVE('',#7900,#7920,#2891,.T.);
#11408=EDGE_CURVE('',#7900,#7834,#2559,.T.);
#11410=EDGE_CURVE('',#7898,#7834,#2563,.T.);
#11413=EDGE_CURVE('',#7918,#7881,#2571,.T.);
#11415=EDGE_CURVE('',#7920,#7881,#2575,.T.);
#11419=ADVANCED_FACE('',(#11418),#11405,.T.);
#11425=EDGE_CURVE('',#7956,#7976,#2903,.T.);
#11427=EDGE_CURVE('',#7956,#7890,#2579,.T.);
#11429=EDGE_CURVE('',#7954,#7890,#2583,.T.);
#11432=EDGE_CURVE('',#7974,#7937,#2591,.T.);
#11434=EDGE_CURVE('',#7976,#7937,#2595,.T.);
#11438=ADVANCED_FACE('',(#11437),#11424,.T.);
#11444=EDGE_CURVE('',#8012,#8032,#2915,.T.);
#11446=EDGE_CURVE('',#8012,#7946,#2599,.T.);
#11448=EDGE_CURVE('',#8010,#7946,#2603,.T.);
#11451=EDGE_CURVE('',#8030,#7993,#2611,.T.);
#11453=EDGE_CURVE('',#8032,#7993,#2615,.T.);
#11457=ADVANCED_FACE('',(#11456),#11443,.T.);
#11463=EDGE_CURVE('',#8068,#8088,#2927,.T.);
#11465=EDGE_CURVE('',#8068,#8002,#2619,.T.);
#11467=EDGE_CURVE('',#8066,#8002,#2623,.T.);
#11470=EDGE_CURVE('',#8086,#8049,#2631,.T.);
#11472=EDGE_CURVE('',#8088,#8049,#2635,.T.);
#11476=ADVANCED_FACE('',(#11475),#11462,.T.);
#11482=EDGE_CURVE('',#8124,#8144,#2939,.T.);
#11484=EDGE_CURVE('',#8124,#8058,#2639,.T.);
#11486=EDGE_CURVE('',#8122,#8058,#2643,.T.);
#11489=EDGE_CURVE('',#8142,#8105,#2651,.T.);
#11491=EDGE_CURVE('',#8144,#8105,#2655,.T.);
#11495=ADVANCED_FACE('',(#11494),#11481,.T.);
#11501=EDGE_CURVE('',#8156,#8292,#2951,.T.);
#11503=EDGE_CURVE('',#8156,#8114,#2659,.T.);
#11505=EDGE_CURVE('',#8154,#8114,#2663,.T.);
#11508=EDGE_CURVE('',#8290,#8181,#2671,.T.);
#11510=EDGE_CURVE('',#8292,#8181,#2675,.T.);
#11514=ADVANCED_FACE('',(#11513),#11500,.T.);
#11520=EDGE_CURVE('',#8294,#8324,#2963,.T.);
#11522=EDGE_CURVE('',#8294,#8190,#2679,.T.);
#11524=EDGE_CURVE('',#8286,#8190,#2683,.T.);
#11527=EDGE_CURVE('',#8322,#8205,#2691,.T.);
#11529=EDGE_CURVE('',#8324,#8205,#2695,.T.);
#11533=ADVANCED_FACE('',(#11532),#11519,.T.);
#11539=EDGE_CURVE('',#8326,#8356,#2975,.T.);
#11541=EDGE_CURVE('',#8326,#8214,#2699,.T.);
#11543=EDGE_CURVE('',#8318,#8214,#2703,.T.);
#11546=EDGE_CURVE('',#8354,#8229,#2711,.T.);
#11548=EDGE_CURVE('',#8356,#8229,#2715,.T.);
#11552=ADVANCED_FACE('',(#11551),#11538,.T.);
#11558=EDGE_CURVE('',#8358,#8388,#2987,.T.);
#11560=EDGE_CURVE('',#8358,#8238,#2719,.T.);
#11562=EDGE_CURVE('',#8350,#8238,#2723,.T.);
#11565=EDGE_CURVE('',#8386,#8253,#2731,.T.);
#11567=EDGE_CURVE('',#8388,#8253,#2735,.T.);
#11571=ADVANCED_FACE('',(#11570),#11557,.T.);
#11577=EDGE_CURVE('',#8390,#8408,#2999,.T.);
#11579=EDGE_CURVE('',#8390,#8262,#2739,.T.);
#11581=EDGE_CURVE('',#8382,#8262,#2743,.T.);
#11585=EDGE_CURVE('',#8408,#8269,#2755,.T.);
#11589=ADVANCED_FACE('',(#11588),#11576,.T.);
#11595=EDGE_CURVE('',#7274,#7278,#2759,.T.);
#11599=EDGE_CURVE('',#7301,#7302,#2771,.T.);
#11601=EDGE_CURVE('',#7274,#7301,#3007,.T.);
#11605=ADVANCED_FACE('',(#11604),#11594,.T.);
#11611=EDGE_CURVE('',#7368,#7370,#2775,.T.);
#11613=EDGE_CURVE('',#7320,#7370,#3023,.T.);
#11615=EDGE_CURVE('',#7317,#7320,#2779,.T.);
#11620=ADVANCED_FACE('',(#11619),#11610,.T.);
#11626=EDGE_CURVE('',#7472,#7474,#2787,.T.);
#11628=EDGE_CURVE('',#7454,#7474,#3035,.T.);
#11630=EDGE_CURVE('',#7452,#7454,#2791,.T.);
#11635=ADVANCED_FACE('',(#11634),#11625,.T.);
#11641=EDGE_CURVE('',#7528,#7530,#2799,.T.);
#11643=EDGE_CURVE('',#7510,#7530,#3047,.T.);
#11645=EDGE_CURVE('',#7508,#7510,#2803,.T.);
#11650=ADVANCED_FACE('',(#11649),#11640,.T.);
#11656=EDGE_CURVE('',#7584,#7586,#2811,.T.);
#11658=EDGE_CURVE('',#7566,#7586,#3059,.T.);
#11660=EDGE_CURVE('',#7564,#7566,#2815,.T.);
#11665=ADVANCED_FACE('',(#11664),#11655,.T.);
#11671=EDGE_CURVE('',#7640,#7642,#2823,.T.);
#11673=EDGE_CURVE('',#7622,#7642,#3071,.T.);
#11675=EDGE_CURVE('',#7620,#7622,#2827,.T.);
#11680=ADVANCED_FACE('',(#11679),#11670,.T.);
#11686=EDGE_CURVE('',#7696,#7698,#2835,.T.);
#11688=EDGE_CURVE('',#7678,#7698,#3083,.T.);
#11690=EDGE_CURVE('',#7676,#7678,#2839,.T.);
#11695=ADVANCED_FACE('',(#11694),#11685,.T.);
#11701=EDGE_CURVE('',#7752,#7754,#2847,.T.);
#11703=EDGE_CURVE('',#7734,#7754,#3095,.T.);
#11705=EDGE_CURVE('',#7732,#7734,#2851,.T.);
#11710=ADVANCED_FACE('',(#11709),#11700,.T.);
#11716=EDGE_CURVE('',#7808,#7810,#2859,.T.);
#11718=EDGE_CURVE('',#7790,#7810,#3107,.T.);
#11720=EDGE_CURVE('',#7788,#7790,#2863,.T.);
#11725=ADVANCED_FACE('',(#11724),#11715,.T.);
#11731=EDGE_CURVE('',#7864,#7866,#2871,.T.);
#11733=EDGE_CURVE('',#7846,#7866,#3119,.T.);
#11735=EDGE_CURVE('',#7844,#7846,#2875,.T.);
#11740=ADVANCED_FACE('',(#11739),#11730,.T.);
#11746=EDGE_CURVE('',#7920,#7922,#2883,.T.);
#11748=EDGE_CURVE('',#7902,#7922,#3131,.T.);
#11750=EDGE_CURVE('',#7900,#7902,#2887,.T.);
#11755=ADVANCED_FACE('',(#11754),#11745,.T.);
#11761=EDGE_CURVE('',#7976,#7978,#2895,.T.);
#11763=EDGE_CURVE('',#7958,#7978,#3143,.T.);
#11765=EDGE_CURVE('',#7956,#7958,#2899,.T.);
#11770=ADVANCED_FACE('',(#11769),#11760,.T.);
#11776=EDGE_CURVE('',#8032,#8034,#2907,.T.);
#11778=EDGE_CURVE('',#8014,#8034,#3155,.T.);
#11780=EDGE_CURVE('',#8012,#8014,#2911,.T.);
#11785=ADVANCED_FACE('',(#11784),#11775,.T.);
#11791=EDGE_CURVE('',#8088,#8090,#2919,.T.);
#11793=EDGE_CURVE('',#8070,#8090,#3167,.T.);
#11795=EDGE_CURVE('',#8068,#8070,#2923,.T.);
#11800=ADVANCED_FACE('',(#11799),#11790,.T.);
#11806=EDGE_CURVE('',#8144,#8146,#2931,.T.);
#11808=EDGE_CURVE('',#8126,#8146,#3179,.T.);
#11810=EDGE_CURVE('',#8124,#8126,#2935,.T.);
#11815=ADVANCED_FACE('',(#11814),#11805,.T.);
#11821=EDGE_CURVE('',#8292,#8296,#2943,.T.);
#11823=EDGE_CURVE('',#8158,#8296,#3191,.T.);
#11825=EDGE_CURVE('',#8156,#8158,#2947,.T.);
#11830=ADVANCED_FACE('',(#11829),#11820,.T.);
#11836=EDGE_CURVE('',#8324,#8328,#2955,.T.);
#11838=EDGE_CURVE('',#8298,#8328,#3203,.T.);
#11840=EDGE_CURVE('',#8294,#8298,#2959,.T.);
#11845=ADVANCED_FACE('',(#11844),#11835,.T.);
#11851=EDGE_CURVE('',#8356,#8360,#2967,.T.);
#11853=EDGE_CURVE('',#8330,#8360,#3215,.T.);
#11855=EDGE_CURVE('',#8326,#8330,#2971,.T.);
#11860=ADVANCED_FACE('',(#11859),#11850,.T.);
#11866=EDGE_CURVE('',#8388,#8392,#2979,.T.);
#11868=EDGE_CURVE('',#8362,#8392,#3227,.T.);
#11870=EDGE_CURVE('',#8358,#8362,#2983,.T.);
#11875=ADVANCED_FACE('',(#11874),#11865,.T.);
#11881=EDGE_CURVE('',#8408,#8410,#2991,.T.);
#11883=EDGE_CURVE('',#8394,#8410,#3239,.T.);
#11885=EDGE_CURVE('',#8390,#8394,#2995,.T.);
#11890=ADVANCED_FACE('',(#11889),#11880,.T.);
#11896=EDGE_CURVE('',#7269,#7274,#3003,.T.);
#11899=EDGE_CURVE('',#7301,#7304,#3011,.T.);
#11901=EDGE_CURVE('',#7269,#7304,#3247,.T.);
#11905=ADVANCED_FACE('',(#11904),#11895,.T.);
#11912=EDGE_CURVE('',#7370,#7342,#3015,.T.);
#11918=ADVANCED_FACE('',(#11917),#11910,.F.);
#11926=EDGE_CURVE('',#7320,#7326,#3019,.T.);
#11931=ADVANCED_FACE('',(#11930),#11923,.T.);
#11937=EDGE_CURVE('',#7474,#7434,#3027,.T.);
#11940=EDGE_CURVE('',#7454,#7349,#3031,.T.);
#11945=ADVANCED_FACE('',(#11944),#11936,.T.);
#11951=EDGE_CURVE('',#7530,#7490,#3039,.T.);
#11954=EDGE_CURVE('',#7510,#7441,#3043,.T.);
#11959=ADVANCED_FACE('',(#11958),#11950,.T.);
#11965=EDGE_CURVE('',#7586,#7546,#3051,.T.);
#11968=EDGE_CURVE('',#7566,#7497,#3055,.T.);
#11973=ADVANCED_FACE('',(#11972),#11964,.T.);
#11979=EDGE_CURVE('',#7642,#7602,#3063,.T.);
#11982=EDGE_CURVE('',#7622,#7553,#3067,.T.);
#11987=ADVANCED_FACE('',(#11986),#11978,.T.);
#11993=EDGE_CURVE('',#7698,#7658,#3075,.T.);
#11996=EDGE_CURVE('',#7678,#7609,#3079,.T.);
#12001=ADVANCED_FACE('',(#12000),#11992,.T.);
#12007=EDGE_CURVE('',#7754,#7714,#3087,.T.);
#12010=EDGE_CURVE('',#7734,#7665,#3091,.T.);
#12015=ADVANCED_FACE('',(#12014),#12006,.T.);
#12021=EDGE_CURVE('',#7810,#7770,#3099,.T.);
#12024=EDGE_CURVE('',#7790,#7721,#3103,.T.);
#12029=ADVANCED_FACE('',(#12028),#12020,.T.);
#12035=EDGE_CURVE('',#7866,#7826,#3111,.T.);
#12038=EDGE_CURVE('',#7846,#7777,#3115,.T.);
#12043=ADVANCED_FACE('',(#12042),#12034,.T.);
#12049=EDGE_CURVE('',#7922,#7882,#3123,.T.);
#12052=EDGE_CURVE('',#7902,#7833,#3127,.T.);
#12057=ADVANCED_FACE('',(#12056),#12048,.T.);
#12063=EDGE_CURVE('',#7978,#7938,#3135,.T.);
#12066=EDGE_CURVE('',#7958,#7889,#3139,.T.);
#12071=ADVANCED_FACE('',(#12070),#12062,.T.);
#12077=EDGE_CURVE('',#8034,#7994,#3147,.T.);
#12080=EDGE_CURVE('',#8014,#7945,#3151,.T.);
#12085=ADVANCED_FACE('',(#12084),#12076,.T.);
#12091=EDGE_CURVE('',#8090,#8050,#3159,.T.);
#12094=EDGE_CURVE('',#8070,#8001,#3163,.T.);
#12099=ADVANCED_FACE('',(#12098),#12090,.T.);
#12105=EDGE_CURVE('',#8146,#8106,#3171,.T.);
#12108=EDGE_CURVE('',#8126,#8057,#3175,.T.);
#12113=ADVANCED_FACE('',(#12112),#12104,.T.);
#12119=EDGE_CURVE('',#8296,#8182,#3183,.T.);
#12122=EDGE_CURVE('',#8158,#8113,#3187,.T.);
#12127=ADVANCED_FACE('',(#12126),#12118,.T.);
#12133=EDGE_CURVE('',#8328,#8206,#3195,.T.);
#12136=EDGE_CURVE('',#8298,#8189,#3199,.T.);
#12141=ADVANCED_FACE('',(#12140),#12132,.T.);
#12147=EDGE_CURVE('',#8360,#8230,#3207,.T.);
#12150=EDGE_CURVE('',#8330,#8213,#3211,.T.);
#12155=ADVANCED_FACE('',(#12154),#12146,.T.);
#12161=EDGE_CURVE('',#8392,#8254,#3219,.T.);
#12164=EDGE_CURVE('',#8362,#8237,#3223,.T.);
#12169=ADVANCED_FACE('',(#12168),#12160,.T.);
#12175=EDGE_CURVE('',#8410,#8270,#3231,.T.);
#12178=EDGE_CURVE('',#8394,#8261,#3235,.T.);
#12183=ADVANCED_FACE('',(#12182),#12174,.T.);
#12189=EDGE_CURVE('',#7269,#7270,#3243,.T.);
#12192=EDGE_CURVE('',#7304,#7310,#3251,.T.);
#12198=ADVANCED_FACE('',(#12197),#12188,.T.);
#12210=ADVANCED_FACE('',(#12209),#12203,.F.);
#12222=ADVANCED_FACE('',(#12221),#12215,.F.);
#12234=ADVANCED_FACE('',(#12233),#12227,.F.);
#12246=ADVANCED_FACE('',(#12245),#12239,.F.);
#12258=ADVANCED_FACE('',(#12257),#12251,.F.);
#12270=ADVANCED_FACE('',(#12269),#12263,.F.);
#12282=ADVANCED_FACE('',(#12281),#12275,.F.);
#12294=ADVANCED_FACE('',(#12293),#12287,.F.);
#12306=ADVANCED_FACE('',(#12305),#12299,.F.);
#12318=ADVANCED_FACE('',(#12317),#12311,.F.);
#12330=ADVANCED_FACE('',(#12329),#12323,.F.);
#12342=ADVANCED_FACE('',(#12341),#12335,.F.);
#12354=ADVANCED_FACE('',(#12353),#12347,.F.);
#12366=ADVANCED_FACE('',(#12365),#12359,.F.);
#12378=ADVANCED_FACE('',(#12377),#12371,.F.);
#12390=ADVANCED_FACE('',(#12389),#12383,.F.);
#12402=ADVANCED_FACE('',(#12401),#12395,.F.);
#12414=ADVANCED_FACE('',(#12413),#12407,.F.);
#12426=ADVANCED_FACE('',(#12425),#12419,.F.);
#12438=ADVANCED_FACE('',(#12437),#12431,.F.);
#12450=ADVANCED_FACE('',(#12449),#12443,.F.);
#12462=ADVANCED_FACE('',(#12461),#12455,.F.);
#12474=ADVANCED_FACE('',(#12473),#12467,.F.);
#12486=ADVANCED_FACE('',(#12485),#12479,.F.);
#12498=ADVANCED_FACE('',(#12497),#12491,.F.);
#12510=ADVANCED_FACE('',(#12509),#12503,.F.);
#12522=ADVANCED_FACE('',(#12521),#12515,.F.);
#12534=ADVANCED_FACE('',(#12533),#12527,.F.);
#12546=ADVANCED_FACE('',(#12545),#12539,.F.);
#12558=ADVANCED_FACE('',(#12557),#12551,.F.);
#12570=ADVANCED_FACE('',(#12569),#12563,.F.);
#12582=ADVANCED_FACE('',(#12581),#12575,.F.);
#12594=ADVANCED_FACE('',(#12593),#12587,.F.);
#12606=ADVANCED_FACE('',(#12605),#12599,.F.);
#12618=ADVANCED_FACE('',(#12617),#12611,.F.);
#12630=ADVANCED_FACE('',(#12629),#12623,.F.);
#12642=ADVANCED_FACE('',(#12641),#12635,.F.);
#12650=EDGE_CURVE('',#7274,#7272,#3255,.T.);
#12655=ADVANCED_FACE('',(#12654),#12647,.T.);
#12662=EDGE_CURVE('',#7278,#7276,#3259,.T.);
#12668=ADVANCED_FACE('',(#12667),#12660,.T.);
#12674=EDGE_CURVE('',#7281,#7282,#3263,.T.);
#12681=ADVANCED_FACE('',(#12680),#12673,.T.);
#12693=ADVANCED_FACE('',(#12692),#12686,.F.);
#12705=ADVANCED_FACE('',(#12704),#12698,.F.);
#12714=EDGE_CURVE('',#7357,#7338,#3271,.T.);
#12718=ADVANCED_FACE('',(#12717),#12710,.F.);
#12726=EDGE_CURVE('',#7358,#7334,#3288,.T.);
#12731=ADVANCED_FACE('',(#12730),#12723,.F.);
#12743=ADVANCED_FACE('',(#12742),#12736,.F.);
#12751=EDGE_CURVE('',#7470,#7430,#3296,.T.);
#12753=EDGE_CURVE('',#7461,#7430,#3345,.T.);
#12757=ADVANCED_FACE('',(#12756),#12748,.F.);
#12763=EDGE_CURVE('',#7429,#7430,#3300,.T.);
#12767=EDGE_CURVE('',#7429,#7469,#3333,.T.);
#12771=ADVANCED_FACE('',(#12770),#12762,.F.);
#12777=EDGE_CURVE('',#7425,#7426,#3304,.T.);
#12779=EDGE_CURVE('',#7426,#7430,#3358,.T.);
#12782=EDGE_CURVE('',#7429,#7425,#3325,.T.);
#12786=ADVANCED_FACE('',(#12785),#12776,.F.);
#12793=EDGE_CURVE('',#7505,#7425,#3308,.T.);
#12796=EDGE_CURVE('',#7426,#7506,#3341,.T.);
#12800=ADVANCED_FACE('',(#12799),#12791,.F.);
#12809=EDGE_CURVE('',#7465,#7425,#3312,.T.);
#12813=ADVANCED_FACE('',(#12812),#12805,.F.);
#12819=EDGE_CURVE('',#7466,#7429,#3329,.T.);
#12826=ADVANCED_FACE('',(#12825),#12818,.F.);
#12838=ADVANCED_FACE('',(#12837),#12831,.F.);
#12845=EDGE_CURVE('',#7462,#7426,#3337,.T.);
#12851=ADVANCED_FACE('',(#12850),#12843,.F.);
#12863=ADVANCED_FACE('',(#12862),#12856,.F.);
#12871=EDGE_CURVE('',#7526,#7486,#3362,.T.);
#12873=EDGE_CURVE('',#7517,#7486,#3411,.T.);
#12877=ADVANCED_FACE('',(#12876),#12868,.F.);
#12883=EDGE_CURVE('',#7485,#7486,#3366,.T.);
#12887=EDGE_CURVE('',#7485,#7525,#3399,.T.);
#12891=ADVANCED_FACE('',(#12890),#12882,.F.);
#12897=EDGE_CURVE('',#7481,#7482,#3370,.T.);
#12899=EDGE_CURVE('',#7482,#7486,#3424,.T.);
#12902=EDGE_CURVE('',#7485,#7481,#3391,.T.);
#12906=ADVANCED_FACE('',(#12905),#12896,.F.);
#12913=EDGE_CURVE('',#7561,#7481,#3374,.T.);
#12916=EDGE_CURVE('',#7482,#7562,#3407,.T.);
#12920=ADVANCED_FACE('',(#12919),#12911,.F.);
#12929=EDGE_CURVE('',#7521,#7481,#3378,.T.);
#12933=ADVANCED_FACE('',(#12932),#12925,.F.);
#12939=EDGE_CURVE('',#7522,#7485,#3395,.T.);
#12946=ADVANCED_FACE('',(#12945),#12938,.F.);
#12958=ADVANCED_FACE('',(#12957),#12951,.F.);
#12965=EDGE_CURVE('',#7518,#7482,#3403,.T.);
#12971=ADVANCED_FACE('',(#12970),#12963,.F.);
#12983=ADVANCED_FACE('',(#12982),#12976,.F.);
#12991=EDGE_CURVE('',#7582,#7542,#3428,.T.);
#12993=EDGE_CURVE('',#7573,#7542,#3477,.T.);
#12997=ADVANCED_FACE('',(#12996),#12988,.F.);
#13003=EDGE_CURVE('',#7541,#7542,#3432,.T.);
#13007=EDGE_CURVE('',#7541,#7581,#3465,.T.);
#13011=ADVANCED_FACE('',(#13010),#13002,.F.);
#13017=EDGE_CURVE('',#7537,#7538,#3436,.T.);
#13019=EDGE_CURVE('',#7538,#7542,#3490,.T.);
#13022=EDGE_CURVE('',#7541,#7537,#3457,.T.);
#13026=ADVANCED_FACE('',(#13025),#13016,.F.);
#13033=EDGE_CURVE('',#7617,#7537,#3440,.T.);
#13036=EDGE_CURVE('',#7538,#7618,#3473,.T.);
#13040=ADVANCED_FACE('',(#13039),#13031,.F.);
#13049=EDGE_CURVE('',#7577,#7537,#3444,.T.);
#13053=ADVANCED_FACE('',(#13052),#13045,.F.);
#13059=EDGE_CURVE('',#7578,#7541,#3461,.T.);
#13066=ADVANCED_FACE('',(#13065),#13058,.F.);
#13078=ADVANCED_FACE('',(#13077),#13071,.F.);
#13085=EDGE_CURVE('',#7574,#7538,#3469,.T.);
#13091=ADVANCED_FACE('',(#13090),#13083,.F.);
#13103=ADVANCED_FACE('',(#13102),#13096,.F.);
#13111=EDGE_CURVE('',#7638,#7598,#3494,.T.);
#13113=EDGE_CURVE('',#7629,#7598,#3543,.T.);
#13117=ADVANCED_FACE('',(#13116),#13108,.F.);
#13123=EDGE_CURVE('',#7597,#7598,#3498,.T.);
#13127=EDGE_CURVE('',#7597,#7637,#3531,.T.);
#13131=ADVANCED_FACE('',(#13130),#13122,.F.);
#13137=EDGE_CURVE('',#7593,#7594,#3502,.T.);
#13139=EDGE_CURVE('',#7594,#7598,#3556,.T.);
#13142=EDGE_CURVE('',#7597,#7593,#3523,.T.);
#13146=ADVANCED_FACE('',(#13145),#13136,.F.);
#13153=EDGE_CURVE('',#7673,#7593,#3506,.T.);
#13156=EDGE_CURVE('',#7594,#7674,#3539,.T.);
#13160=ADVANCED_FACE('',(#13159),#13151,.F.);
#13169=EDGE_CURVE('',#7633,#7593,#3510,.T.);
#13173=ADVANCED_FACE('',(#13172),#13165,.F.);
#13179=EDGE_CURVE('',#7634,#7597,#3527,.T.);
#13186=ADVANCED_FACE('',(#13185),#13178,.F.);
#13198=ADVANCED_FACE('',(#13197),#13191,.F.);
#13205=EDGE_CURVE('',#7630,#7594,#3535,.T.);
#13211=ADVANCED_FACE('',(#13210),#13203,.F.);
#13223=ADVANCED_FACE('',(#13222),#13216,.F.);
#13231=EDGE_CURVE('',#7694,#7654,#3560,.T.);
#13233=EDGE_CURVE('',#7685,#7654,#3609,.T.);
#13237=ADVANCED_FACE('',(#13236),#13228,.F.);
#13243=EDGE_CURVE('',#7653,#7654,#3564,.T.);
#13247=EDGE_CURVE('',#7653,#7693,#3597,.T.);
#13251=ADVANCED_FACE('',(#13250),#13242,.F.);
#13257=EDGE_CURVE('',#7649,#7650,#3568,.T.);
#13259=EDGE_CURVE('',#7650,#7654,#3622,.T.);
#13262=EDGE_CURVE('',#7653,#7649,#3589,.T.);
#13266=ADVANCED_FACE('',(#13265),#13256,.F.);
#13273=EDGE_CURVE('',#7729,#7649,#3572,.T.);
#13276=EDGE_CURVE('',#7650,#7730,#3605,.T.);
#13280=ADVANCED_FACE('',(#13279),#13271,.F.);
#13289=EDGE_CURVE('',#7689,#7649,#3576,.T.);
#13293=ADVANCED_FACE('',(#13292),#13285,.F.);
#13299=EDGE_CURVE('',#7690,#7653,#3593,.T.);
#13306=ADVANCED_FACE('',(#13305),#13298,.F.);
#13318=ADVANCED_FACE('',(#13317),#13311,.F.);
#13325=EDGE_CURVE('',#7686,#7650,#3601,.T.);
#13331=ADVANCED_FACE('',(#13330),#13323,.F.);
#13343=ADVANCED_FACE('',(#13342),#13336,.F.);
#13351=EDGE_CURVE('',#7750,#7710,#3626,.T.);
#13353=EDGE_CURVE('',#7741,#7710,#3675,.T.);
#13357=ADVANCED_FACE('',(#13356),#13348,.F.);
#13363=EDGE_CURVE('',#7709,#7710,#3630,.T.);
#13367=EDGE_CURVE('',#7709,#7749,#3663,.T.);
#13371=ADVANCED_FACE('',(#13370),#13362,.F.);
#13377=EDGE_CURVE('',#7705,#7706,#3634,.T.);
#13379=EDGE_CURVE('',#7706,#7710,#3688,.T.);
#13382=EDGE_CURVE('',#7709,#7705,#3655,.T.);
#13386=ADVANCED_FACE('',(#13385),#13376,.F.);
#13393=EDGE_CURVE('',#7785,#7705,#3638,.T.);
#13396=EDGE_CURVE('',#7706,#7786,#3671,.T.);
#13400=ADVANCED_FACE('',(#13399),#13391,.F.);
#13409=EDGE_CURVE('',#7745,#7705,#3642,.T.);
#13413=ADVANCED_FACE('',(#13412),#13405,.F.);
#13419=EDGE_CURVE('',#7746,#7709,#3659,.T.);
#13426=ADVANCED_FACE('',(#13425),#13418,.F.);
#13438=ADVANCED_FACE('',(#13437),#13431,.F.);
#13445=EDGE_CURVE('',#7742,#7706,#3667,.T.);
#13451=ADVANCED_FACE('',(#13450),#13443,.F.);
#13463=ADVANCED_FACE('',(#13462),#13456,.F.);
#13471=EDGE_CURVE('',#7806,#7766,#3692,.T.);
#13473=EDGE_CURVE('',#7797,#7766,#3741,.T.);
#13477=ADVANCED_FACE('',(#13476),#13468,.F.);
#13483=EDGE_CURVE('',#7765,#7766,#3696,.T.);
#13487=EDGE_CURVE('',#7765,#7805,#3729,.T.);
#13491=ADVANCED_FACE('',(#13490),#13482,.F.);
#13497=EDGE_CURVE('',#7761,#7762,#3700,.T.);
#13499=EDGE_CURVE('',#7762,#7766,#3754,.T.);
#13502=EDGE_CURVE('',#7765,#7761,#3721,.T.);
#13506=ADVANCED_FACE('',(#13505),#13496,.F.);
#13513=EDGE_CURVE('',#7841,#7761,#3704,.T.);
#13516=EDGE_CURVE('',#7762,#7842,#3737,.T.);
#13520=ADVANCED_FACE('',(#13519),#13511,.F.);
#13529=EDGE_CURVE('',#7801,#7761,#3708,.T.);
#13533=ADVANCED_FACE('',(#13532),#13525,.F.);
#13539=EDGE_CURVE('',#7802,#7765,#3725,.T.);
#13546=ADVANCED_FACE('',(#13545),#13538,.F.);
#13558=ADVANCED_FACE('',(#13557),#13551,.F.);
#13565=EDGE_CURVE('',#7798,#7762,#3733,.T.);
#13571=ADVANCED_FACE('',(#13570),#13563,.F.);
#13583=ADVANCED_FACE('',(#13582),#13576,.F.);
#13591=EDGE_CURVE('',#7862,#7822,#3758,.T.);
#13593=EDGE_CURVE('',#7853,#7822,#3807,.T.);
#13597=ADVANCED_FACE('',(#13596),#13588,.F.);
#13603=EDGE_CURVE('',#7821,#7822,#3762,.T.);
#13607=EDGE_CURVE('',#7821,#7861,#3795,.T.);
#13611=ADVANCED_FACE('',(#13610),#13602,.F.);
#13617=EDGE_CURVE('',#7817,#7818,#3766,.T.);
#13619=EDGE_CURVE('',#7818,#7822,#3820,.T.);
#13622=EDGE_CURVE('',#7821,#7817,#3787,.T.);
#13626=ADVANCED_FACE('',(#13625),#13616,.F.);
#13633=EDGE_CURVE('',#7897,#7817,#3770,.T.);
#13636=EDGE_CURVE('',#7818,#7898,#3803,.T.);
#13640=ADVANCED_FACE('',(#13639),#13631,.F.);
#13649=EDGE_CURVE('',#7857,#7817,#3774,.T.);
#13653=ADVANCED_FACE('',(#13652),#13645,.F.);
#13659=EDGE_CURVE('',#7858,#7821,#3791,.T.);
#13666=ADVANCED_FACE('',(#13665),#13658,.F.);
#13678=ADVANCED_FACE('',(#13677),#13671,.F.);
#13685=EDGE_CURVE('',#7854,#7818,#3799,.T.);
#13691=ADVANCED_FACE('',(#13690),#13683,.F.);
#13703=ADVANCED_FACE('',(#13702),#13696,.F.);
#13711=EDGE_CURVE('',#7918,#7878,#3824,.T.);
#13713=EDGE_CURVE('',#7909,#7878,#3873,.T.);
#13717=ADVANCED_FACE('',(#13716),#13708,.F.);
#13723=EDGE_CURVE('',#7877,#7878,#3828,.T.);
#13727=EDGE_CURVE('',#7877,#7917,#3861,.T.);
#13731=ADVANCED_FACE('',(#13730),#13722,.F.);
#13737=EDGE_CURVE('',#7873,#7874,#3832,.T.);
#13739=EDGE_CURVE('',#7874,#7878,#3886,.T.);
#13742=EDGE_CURVE('',#7877,#7873,#3853,.T.);
#13746=ADVANCED_FACE('',(#13745),#13736,.F.);
#13753=EDGE_CURVE('',#7953,#7873,#3836,.T.);
#13756=EDGE_CURVE('',#7874,#7954,#3869,.T.);
#13760=ADVANCED_FACE('',(#13759),#13751,.F.);
#13769=EDGE_CURVE('',#7913,#7873,#3840,.T.);
#13773=ADVANCED_FACE('',(#13772),#13765,.F.);
#13779=EDGE_CURVE('',#7914,#7877,#3857,.T.);
#13786=ADVANCED_FACE('',(#13785),#13778,.F.);
#13798=ADVANCED_FACE('',(#13797),#13791,.F.);
#13805=EDGE_CURVE('',#7910,#7874,#3865,.T.);
#13811=ADVANCED_FACE('',(#13810),#13803,.F.);
#13823=ADVANCED_FACE('',(#13822),#13816,.F.);
#13831=EDGE_CURVE('',#7974,#7934,#3890,.T.);
#13833=EDGE_CURVE('',#7965,#7934,#3939,.T.);
#13837=ADVANCED_FACE('',(#13836),#13828,.F.);
#13843=EDGE_CURVE('',#7933,#7934,#3894,.T.);
#13847=EDGE_CURVE('',#7933,#7973,#3927,.T.);
#13851=ADVANCED_FACE('',(#13850),#13842,.F.);
#13857=EDGE_CURVE('',#7929,#7930,#3898,.T.);
#13859=EDGE_CURVE('',#7930,#7934,#3952,.T.);
#13862=EDGE_CURVE('',#7933,#7929,#3919,.T.);
#13866=ADVANCED_FACE('',(#13865),#13856,.F.);
#13873=EDGE_CURVE('',#8009,#7929,#3902,.T.);
#13876=EDGE_CURVE('',#7930,#8010,#3935,.T.);
#13880=ADVANCED_FACE('',(#13879),#13871,.F.);
#13889=EDGE_CURVE('',#7969,#7929,#3906,.T.);
#13893=ADVANCED_FACE('',(#13892),#13885,.F.);
#13899=EDGE_CURVE('',#7970,#7933,#3923,.T.);
#13906=ADVANCED_FACE('',(#13905),#13898,.F.);
#13918=ADVANCED_FACE('',(#13917),#13911,.F.);
#13925=EDGE_CURVE('',#7966,#7930,#3931,.T.);
#13931=ADVANCED_FACE('',(#13930),#13923,.F.);
#13943=ADVANCED_FACE('',(#13942),#13936,.F.);
#13951=EDGE_CURVE('',#8030,#7990,#3956,.T.);
#13953=EDGE_CURVE('',#8021,#7990,#4005,.T.);
#13957=ADVANCED_FACE('',(#13956),#13948,.F.);
#13963=EDGE_CURVE('',#7989,#7990,#3960,.T.);
#13967=EDGE_CURVE('',#7989,#8029,#3993,.T.);
#13971=ADVANCED_FACE('',(#13970),#13962,.F.);
#13977=EDGE_CURVE('',#7985,#7986,#3964,.T.);
#13979=EDGE_CURVE('',#7986,#7990,#4018,.T.);
#13982=EDGE_CURVE('',#7989,#7985,#3985,.T.);
#13986=ADVANCED_FACE('',(#13985),#13976,.F.);
#13993=EDGE_CURVE('',#8065,#7985,#3968,.T.);
#13996=EDGE_CURVE('',#7986,#8066,#4001,.T.);
#14000=ADVANCED_FACE('',(#13999),#13991,.F.);
#14009=EDGE_CURVE('',#8025,#7985,#3972,.T.);
#14013=ADVANCED_FACE('',(#14012),#14005,.F.);
#14019=EDGE_CURVE('',#8026,#7989,#3989,.T.);
#14026=ADVANCED_FACE('',(#14025),#14018,.F.);
#14038=ADVANCED_FACE('',(#14037),#14031,.F.);
#14045=EDGE_CURVE('',#8022,#7986,#3997,.T.);
#14051=ADVANCED_FACE('',(#14050),#14043,.F.);
#14063=ADVANCED_FACE('',(#14062),#14056,.F.);
#14071=EDGE_CURVE('',#8086,#8046,#4022,.T.);
#14073=EDGE_CURVE('',#8077,#8046,#4071,.T.);
#14077=ADVANCED_FACE('',(#14076),#14068,.F.);
#14083=EDGE_CURVE('',#8045,#8046,#4026,.T.);
#14087=EDGE_CURVE('',#8045,#8085,#4059,.T.);
#14091=ADVANCED_FACE('',(#14090),#14082,.F.);
#14097=EDGE_CURVE('',#8041,#8042,#4030,.T.);
#14099=EDGE_CURVE('',#8042,#8046,#4084,.T.);
#14102=EDGE_CURVE('',#8045,#8041,#4051,.T.);
#14106=ADVANCED_FACE('',(#14105),#14096,.F.);
#14113=EDGE_CURVE('',#8121,#8041,#4034,.T.);
#14116=EDGE_CURVE('',#8042,#8122,#4067,.T.);
#14120=ADVANCED_FACE('',(#14119),#14111,.F.);
#14129=EDGE_CURVE('',#8081,#8041,#4038,.T.);
#14133=ADVANCED_FACE('',(#14132),#14125,.F.);
#14139=EDGE_CURVE('',#8082,#8045,#4055,.T.);
#14146=ADVANCED_FACE('',(#14145),#14138,.F.);
#14158=ADVANCED_FACE('',(#14157),#14151,.F.);
#14165=EDGE_CURVE('',#8078,#8042,#4063,.T.);
#14171=ADVANCED_FACE('',(#14170),#14163,.F.);
#14183=ADVANCED_FACE('',(#14182),#14176,.F.);
#14191=EDGE_CURVE('',#8142,#8102,#4088,.T.);
#14193=EDGE_CURVE('',#8133,#8102,#4137,.T.);
#14197=ADVANCED_FACE('',(#14196),#14188,.F.);
#14203=EDGE_CURVE('',#8101,#8102,#4092,.T.);
#14207=EDGE_CURVE('',#8101,#8141,#4125,.T.);
#14211=ADVANCED_FACE('',(#14210),#14202,.F.);
#14217=EDGE_CURVE('',#8097,#8098,#4096,.T.);
#14219=EDGE_CURVE('',#8098,#8102,#4150,.T.);
#14222=EDGE_CURVE('',#8101,#8097,#4117,.T.);
#14226=ADVANCED_FACE('',(#14225),#14216,.F.);
#14233=EDGE_CURVE('',#8153,#8097,#4100,.T.);
#14236=EDGE_CURVE('',#8098,#8154,#4133,.T.);
#14240=ADVANCED_FACE('',(#14239),#14231,.F.);
#14249=EDGE_CURVE('',#8137,#8097,#4104,.T.);
#14253=ADVANCED_FACE('',(#14252),#14245,.F.);
#14259=EDGE_CURVE('',#8138,#8101,#4121,.T.);
#14266=ADVANCED_FACE('',(#14265),#14258,.F.);
#14278=ADVANCED_FACE('',(#14277),#14271,.F.);
#14285=EDGE_CURVE('',#8134,#8098,#4129,.T.);
#14291=ADVANCED_FACE('',(#14290),#14283,.F.);
#14303=ADVANCED_FACE('',(#14302),#14296,.F.);
#14311=EDGE_CURVE('',#8290,#8178,#4154,.T.);
#14313=EDGE_CURVE('',#8277,#8178,#4216,.T.);
#14317=ADVANCED_FACE('',(#14316),#14308,.F.);
#14323=EDGE_CURVE('',#8177,#8178,#4158,.T.);
#14327=EDGE_CURVE('',#8177,#8289,#4191,.T.);
#14331=ADVANCED_FACE('',(#14330),#14322,.F.);
#14337=EDGE_CURVE('',#8173,#8174,#4162,.T.);
#14339=EDGE_CURVE('',#8174,#8178,#4212,.T.);
#14342=EDGE_CURVE('',#8177,#8173,#4179,.T.);
#14346=ADVANCED_FACE('',(#14345),#14336,.F.);
#14353=EDGE_CURVE('',#8285,#8173,#4166,.T.);
#14356=EDGE_CURVE('',#8174,#8286,#4199,.T.);
#14360=ADVANCED_FACE('',(#14359),#14351,.F.);
#14369=EDGE_CURVE('',#8281,#8173,#4183,.T.);
#14373=ADVANCED_FACE('',(#14372),#14365,.F.);
#14380=EDGE_CURVE('',#8282,#8177,#4187,.T.);
#14386=ADVANCED_FACE('',(#14385),#14378,.F.);
#14398=ADVANCED_FACE('',(#14397),#14391,.F.);
#14405=EDGE_CURVE('',#8278,#8174,#4195,.T.);
#14411=ADVANCED_FACE('',(#14410),#14403,.F.);
#14423=ADVANCED_FACE('',(#14422),#14416,.F.);
#14431=EDGE_CURVE('',#8322,#8202,#4220,.T.);
#14433=EDGE_CURVE('',#8309,#8202,#4282,.T.);
#14437=ADVANCED_FACE('',(#14436),#14428,.F.);
#14443=EDGE_CURVE('',#8201,#8202,#4224,.T.);
#14447=EDGE_CURVE('',#8201,#8321,#4257,.T.);
#14451=ADVANCED_FACE('',(#14450),#14442,.F.);
#14457=EDGE_CURVE('',#8197,#8198,#4228,.T.);
#14459=EDGE_CURVE('',#8198,#8202,#4278,.T.);
#14462=EDGE_CURVE('',#8201,#8197,#4245,.T.);
#14466=ADVANCED_FACE('',(#14465),#14456,.F.);
#14473=EDGE_CURVE('',#8317,#8197,#4232,.T.);
#14476=EDGE_CURVE('',#8198,#8318,#4265,.T.);
#14480=ADVANCED_FACE('',(#14479),#14471,.F.);
#14489=EDGE_CURVE('',#8313,#8197,#4249,.T.);
#14493=ADVANCED_FACE('',(#14492),#14485,.F.);
#14500=EDGE_CURVE('',#8314,#8201,#4253,.T.);
#14506=ADVANCED_FACE('',(#14505),#14498,.F.);
#14518=ADVANCED_FACE('',(#14517),#14511,.F.);
#14525=EDGE_CURVE('',#8310,#8198,#4261,.T.);
#14531=ADVANCED_FACE('',(#14530),#14523,.F.);
#14543=ADVANCED_FACE('',(#14542),#14536,.F.);
#14551=EDGE_CURVE('',#8354,#8226,#4286,.T.);
#14553=EDGE_CURVE('',#8341,#8226,#4348,.T.);
#14557=ADVANCED_FACE('',(#14556),#14548,.F.);
#14563=EDGE_CURVE('',#8225,#8226,#4290,.T.);
#14567=EDGE_CURVE('',#8225,#8353,#4323,.T.);
#14571=ADVANCED_FACE('',(#14570),#14562,.F.);
#14577=EDGE_CURVE('',#8221,#8222,#4294,.T.);
#14579=EDGE_CURVE('',#8222,#8226,#4344,.T.);
#14582=EDGE_CURVE('',#8225,#8221,#4311,.T.);
#14586=ADVANCED_FACE('',(#14585),#14576,.F.);
#14593=EDGE_CURVE('',#8349,#8221,#4298,.T.);
#14596=EDGE_CURVE('',#8222,#8350,#4331,.T.);
#14600=ADVANCED_FACE('',(#14599),#14591,.F.);
#14609=EDGE_CURVE('',#8345,#8221,#4315,.T.);
#14613=ADVANCED_FACE('',(#14612),#14605,.F.);
#14620=EDGE_CURVE('',#8346,#8225,#4319,.T.);
#14626=ADVANCED_FACE('',(#14625),#14618,.F.);
#14638=ADVANCED_FACE('',(#14637),#14631,.F.);
#14645=EDGE_CURVE('',#8342,#8222,#4327,.T.);
#14651=ADVANCED_FACE('',(#14650),#14643,.F.);
#14663=ADVANCED_FACE('',(#14662),#14656,.F.);
#14671=EDGE_CURVE('',#8386,#8250,#4352,.T.);
#14673=EDGE_CURVE('',#8373,#8250,#4414,.T.);
#14677=ADVANCED_FACE('',(#14676),#14668,.F.);
#14683=EDGE_CURVE('',#8249,#8250,#4356,.T.);
#14687=EDGE_CURVE('',#8249,#8385,#4389,.T.);
#14691=ADVANCED_FACE('',(#14690),#14682,.F.);
#14697=EDGE_CURVE('',#8245,#8246,#4360,.T.);
#14699=EDGE_CURVE('',#8246,#8250,#4410,.T.);
#14702=EDGE_CURVE('',#8249,#8245,#4377,.T.);
#14706=ADVANCED_FACE('',(#14705),#14696,.F.);
#14713=EDGE_CURVE('',#8381,#8245,#4364,.T.);
#14716=EDGE_CURVE('',#8246,#8382,#4397,.T.);
#14720=ADVANCED_FACE('',(#14719),#14711,.F.);
#14729=EDGE_CURVE('',#8377,#8245,#4381,.T.);
#14733=ADVANCED_FACE('',(#14732),#14725,.F.);
#14740=EDGE_CURVE('',#8378,#8249,#4385,.T.);
#14746=ADVANCED_FACE('',(#14745),#14738,.F.);
#14758=ADVANCED_FACE('',(#14757),#14751,.F.);
#14765=EDGE_CURVE('',#8374,#8246,#4393,.T.);
#14771=ADVANCED_FACE('',(#14770),#14763,.F.);
#14783=ADVANCED_FACE('',(#14782),#14776,.F.);
#14791=EDGE_CURVE('',#7329,#7330,#4422,.T.);
#14793=EDGE_CURVE('',#7330,#7323,#4662,.T.);
#14797=ADVANCED_FACE('',(#14796),#14788,.F.);
#14803=EDGE_CURVE('',#7345,#7374,#4418,.T.);
#14805=EDGE_CURVE('',#7330,#7374,#4666,.T.);
#14811=ADVANCED_FACE('',(#14810),#14802,.T.);
#14817=EDGE_CURVE('',#7437,#7478,#4430,.T.);
#14819=EDGE_CURVE('',#7458,#7478,#4678,.T.);
#14821=EDGE_CURVE('',#7354,#7458,#4434,.T.);
#14826=ADVANCED_FACE('',(#14825),#14816,.T.);
#14832=EDGE_CURVE('',#7493,#7534,#4442,.T.);
#14834=EDGE_CURVE('',#7514,#7534,#4690,.T.);
#14836=EDGE_CURVE('',#7446,#7514,#4446,.T.);
#14841=ADVANCED_FACE('',(#14840),#14831,.T.);
#14847=EDGE_CURVE('',#7549,#7590,#4454,.T.);
#14849=EDGE_CURVE('',#7570,#7590,#4702,.T.);
#14851=EDGE_CURVE('',#7502,#7570,#4458,.T.);
#14856=ADVANCED_FACE('',(#14855),#14846,.T.);
#14862=EDGE_CURVE('',#7605,#7646,#4466,.T.);
#14864=EDGE_CURVE('',#7626,#7646,#4714,.T.);
#14866=EDGE_CURVE('',#7558,#7626,#4470,.T.);
#14871=ADVANCED_FACE('',(#14870),#14861,.T.);
#14877=EDGE_CURVE('',#7661,#7702,#4478,.T.);
#14879=EDGE_CURVE('',#7682,#7702,#4726,.T.);
#14881=EDGE_CURVE('',#7614,#7682,#4482,.T.);
#14886=ADVANCED_FACE('',(#14885),#14876,.T.);
#14892=EDGE_CURVE('',#7717,#7758,#4490,.T.);
#14894=EDGE_CURVE('',#7738,#7758,#4738,.T.);
#14896=EDGE_CURVE('',#7670,#7738,#4494,.T.);
#14901=ADVANCED_FACE('',(#14900),#14891,.T.);
#14907=EDGE_CURVE('',#7773,#7814,#4502,.T.);
#14909=EDGE_CURVE('',#7794,#7814,#4750,.T.);
#14911=EDGE_CURVE('',#7726,#7794,#4506,.T.);
#14916=ADVANCED_FACE('',(#14915),#14906,.T.);
#14922=EDGE_CURVE('',#7829,#7870,#4514,.T.);
#14924=EDGE_CURVE('',#7850,#7870,#4762,.T.);
#14926=EDGE_CURVE('',#7782,#7850,#4518,.T.);
#14931=ADVANCED_FACE('',(#14930),#14921,.T.);
#14937=EDGE_CURVE('',#7885,#7926,#4526,.T.);
#14939=EDGE_CURVE('',#7906,#7926,#4774,.T.);
#14941=EDGE_CURVE('',#7838,#7906,#4530,.T.);
#14946=ADVANCED_FACE('',(#14945),#14936,.T.);
#14952=EDGE_CURVE('',#7941,#7982,#4538,.T.);
#14954=EDGE_CURVE('',#7962,#7982,#4786,.T.);
#14956=EDGE_CURVE('',#7894,#7962,#4542,.T.);
#14961=ADVANCED_FACE('',(#14960),#14951,.T.);
#14967=EDGE_CURVE('',#7997,#8038,#4550,.T.);
#14969=EDGE_CURVE('',#8018,#8038,#4798,.T.);
#14971=EDGE_CURVE('',#7950,#8018,#4554,.T.);
#14976=ADVANCED_FACE('',(#14975),#14966,.T.);
#14982=EDGE_CURVE('',#8053,#8094,#4562,.T.);
#14984=EDGE_CURVE('',#8074,#8094,#4810,.T.);
#14986=EDGE_CURVE('',#8006,#8074,#4566,.T.);
#14991=ADVANCED_FACE('',(#14990),#14981,.T.);
#14997=EDGE_CURVE('',#8109,#8150,#4574,.T.);
#14999=EDGE_CURVE('',#8130,#8150,#4822,.T.);
#15001=EDGE_CURVE('',#8062,#8130,#4578,.T.);
#15006=ADVANCED_FACE('',(#15005),#14996,.T.);
#15012=EDGE_CURVE('',#8185,#8306,#4586,.T.);
#15014=EDGE_CURVE('',#8162,#8306,#4834,.T.);
#15016=EDGE_CURVE('',#8118,#8162,#4590,.T.);
#15021=ADVANCED_FACE('',(#15020),#15011,.T.);
#15027=EDGE_CURVE('',#8209,#8338,#4598,.T.);
#15029=EDGE_CURVE('',#8304,#8338,#4846,.T.);
#15031=EDGE_CURVE('',#8194,#8304,#4602,.T.);
#15036=ADVANCED_FACE('',(#15035),#15026,.T.);
#15042=EDGE_CURVE('',#8233,#8370,#4610,.T.);
#15044=EDGE_CURVE('',#8336,#8370,#4858,.T.);
#15046=EDGE_CURVE('',#8218,#8336,#4614,.T.);
#15051=ADVANCED_FACE('',(#15050),#15041,.T.);
#15057=EDGE_CURVE('',#8257,#8402,#4622,.T.);
#15059=EDGE_CURVE('',#8368,#8402,#4870,.T.);
#15061=EDGE_CURVE('',#8242,#8368,#4626,.T.);
#15066=ADVANCED_FACE('',(#15065),#15056,.T.);
#15072=EDGE_CURVE('',#8273,#8414,#4634,.T.);
#15074=EDGE_CURVE('',#8400,#8414,#4882,.T.);
#15076=EDGE_CURVE('',#8266,#8400,#4638,.T.);
#15081=ADVANCED_FACE('',(#15080),#15071,.T.);
#15087=EDGE_CURVE('',#7265,#7266,#4646,.T.);
#15091=EDGE_CURVE('',#7313,#7314,#4654,.T.);
#15093=EDGE_CURVE('',#7266,#7314,#4890,.T.);
#15097=ADVANCED_FACE('',(#15096),#15086,.T.);
#15105=EDGE_CURVE('',#7374,#7372,#4658,.T.);
#15110=ADVANCED_FACE('',(#15109),#15102,.F.);
#15122=ADVANCED_FACE('',(#15121),#15115,.T.);
#15128=EDGE_CURVE('',#7478,#7476,#4670,.T.);
#15131=EDGE_CURVE('',#7458,#7456,#4674,.T.);
#15136=ADVANCED_FACE('',(#15135),#15127,.T.);
#15142=EDGE_CURVE('',#7534,#7532,#4682,.T.);
#15145=EDGE_CURVE('',#7514,#7512,#4686,.T.);
#15150=ADVANCED_FACE('',(#15149),#15141,.T.);
#15156=EDGE_CURVE('',#7590,#7588,#4694,.T.);
#15159=EDGE_CURVE('',#7570,#7568,#4698,.T.);
#15164=ADVANCED_FACE('',(#15163),#15155,.T.);
#15170=EDGE_CURVE('',#7646,#7644,#4706,.T.);
#15173=EDGE_CURVE('',#7626,#7624,#4710,.T.);
#15178=ADVANCED_FACE('',(#15177),#15169,.T.);
#15184=EDGE_CURVE('',#7702,#7700,#4718,.T.);
#15187=EDGE_CURVE('',#7682,#7680,#4722,.T.);
#15192=ADVANCED_FACE('',(#15191),#15183,.T.);
#15198=EDGE_CURVE('',#7758,#7756,#4730,.T.);
#15201=EDGE_CURVE('',#7738,#7736,#4734,.T.);
#15206=ADVANCED_FACE('',(#15205),#15197,.T.);
#15212=EDGE_CURVE('',#7814,#7812,#4742,.T.);
#15215=EDGE_CURVE('',#7794,#7792,#4746,.T.);
#15220=ADVANCED_FACE('',(#15219),#15211,.T.);
#15226=EDGE_CURVE('',#7870,#7868,#4754,.T.);
#15229=EDGE_CURVE('',#7850,#7848,#4758,.T.);
#15234=ADVANCED_FACE('',(#15233),#15225,.T.);
#15240=EDGE_CURVE('',#7926,#7924,#4766,.T.);
#15243=EDGE_CURVE('',#7906,#7904,#4770,.T.);
#15248=ADVANCED_FACE('',(#15247),#15239,.T.);
#15254=EDGE_CURVE('',#7982,#7980,#4778,.T.);
#15257=EDGE_CURVE('',#7962,#7960,#4782,.T.);
#15262=ADVANCED_FACE('',(#15261),#15253,.T.);
#15268=EDGE_CURVE('',#8038,#8036,#4790,.T.);
#15271=EDGE_CURVE('',#8018,#8016,#4794,.T.);
#15276=ADVANCED_FACE('',(#15275),#15267,.T.);
#15282=EDGE_CURVE('',#8094,#8092,#4802,.T.);
#15285=EDGE_CURVE('',#8074,#8072,#4806,.T.);
#15290=ADVANCED_FACE('',(#15289),#15281,.T.);
#15296=EDGE_CURVE('',#8150,#8148,#4814,.T.);
#15299=EDGE_CURVE('',#8130,#8128,#4818,.T.);
#15304=ADVANCED_FACE('',(#15303),#15295,.T.);
#15310=EDGE_CURVE('',#8306,#8302,#4826,.T.);
#15313=EDGE_CURVE('',#8162,#8160,#4830,.T.);
#15318=ADVANCED_FACE('',(#15317),#15309,.T.);
#15324=EDGE_CURVE('',#8338,#8334,#4838,.T.);
#15327=EDGE_CURVE('',#8304,#8300,#4842,.T.);
#15332=ADVANCED_FACE('',(#15331),#15323,.T.);
#15338=EDGE_CURVE('',#8370,#8366,#4850,.T.);
#15341=EDGE_CURVE('',#8336,#8332,#4854,.T.);
#15346=ADVANCED_FACE('',(#15345),#15337,.T.);
#15352=EDGE_CURVE('',#8402,#8398,#4862,.T.);
#15355=EDGE_CURVE('',#8368,#8364,#4866,.T.);
#15360=ADVANCED_FACE('',(#15359),#15351,.T.);
#15366=EDGE_CURVE('',#8414,#8412,#4874,.T.);
#15369=EDGE_CURVE('',#8400,#8396,#4878,.T.);
#15374=ADVANCED_FACE('',(#15373),#15365,.T.);
#15380=EDGE_CURVE('',#7260,#7266,#4886,.T.);
#15383=EDGE_CURVE('',#7314,#7307,#4894,.T.);
#15388=ADVANCED_FACE('',(#15387),#15379,.T.);
#15400=ADVANCED_FACE('',(#15399),#15393,.F.);
#15412=ADVANCED_FACE('',(#15411),#15405,.F.);
#15424=ADVANCED_FACE('',(#15423),#15417,.F.);
#15436=ADVANCED_FACE('',(#15435),#15429,.F.);
#15448=ADVANCED_FACE('',(#15447),#15441,.F.);
#15460=ADVANCED_FACE('',(#15459),#15453,.F.);
#15472=ADVANCED_FACE('',(#15471),#15465,.F.);
#15484=ADVANCED_FACE('',(#15483),#15477,.F.);
#15496=ADVANCED_FACE('',(#15495),#15489,.F.);
#15508=ADVANCED_FACE('',(#15507),#15501,.F.);
#15520=ADVANCED_FACE('',(#15519),#15513,.F.);
#15532=ADVANCED_FACE('',(#15531),#15525,.F.);
#15544=ADVANCED_FACE('',(#15543),#15537,.F.);
#15556=ADVANCED_FACE('',(#15555),#15549,.F.);
#15568=ADVANCED_FACE('',(#15567),#15561,.F.);
#15580=ADVANCED_FACE('',(#15579),#15573,.F.);
#15592=ADVANCED_FACE('',(#15591),#15585,.F.);
#15604=ADVANCED_FACE('',(#15603),#15597,.F.);
#15616=ADVANCED_FACE('',(#15615),#15609,.F.);
#15628=ADVANCED_FACE('',(#15627),#15621,.F.);
#15640=ADVANCED_FACE('',(#15639),#15633,.F.);
#15652=ADVANCED_FACE('',(#15651),#15645,.F.);
#15664=ADVANCED_FACE('',(#15663),#15657,.F.);
#15676=ADVANCED_FACE('',(#15675),#15669,.F.);
#15688=ADVANCED_FACE('',(#15687),#15681,.F.);
#15700=ADVANCED_FACE('',(#15699),#15693,.F.);
#15712=ADVANCED_FACE('',(#15711),#15705,.F.);
#15724=ADVANCED_FACE('',(#15723),#15717,.F.);
#15736=ADVANCED_FACE('',(#15735),#15729,.F.);
#15748=ADVANCED_FACE('',(#15747),#15741,.F.);
#15760=ADVANCED_FACE('',(#15759),#15753,.F.);
#15772=ADVANCED_FACE('',(#15771),#15765,.F.);
#15784=ADVANCED_FACE('',(#15783),#15777,.F.);
#15796=ADVANCED_FACE('',(#15795),#15789,.F.);
#15808=ADVANCED_FACE('',(#15807),#15801,.F.);
#15820=ADVANCED_FACE('',(#15819),#15813,.F.);
#15828=EDGE_CURVE('',#7260,#7262,#4898,.T.);
#15833=ADVANCED_FACE('',(#15832),#15825,.T.);
#15845=ADVANCED_FACE('',(#15844),#15838,.T.);
#15857=ADVANCED_FACE('',(#15856),#15850,.F.);
#15864=EDGE_CURVE('',#7285,#7377,#4902,.T.);
#15866=EDGE_CURVE('',#7377,#7378,#4906,.T.);
#15868=EDGE_CURVE('',#7378,#7286,#4910,.T.);
#15872=ADVANCED_FACE('',(#15871),#15862,.F.);
#15879=EDGE_CURVE('',#7294,#7384,#4914,.T.);
#15881=EDGE_CURVE('',#7384,#8416,#4919,.T.);
#15883=EDGE_CURVE('',#8416,#8418,#4923,.T.);
#15885=EDGE_CURVE('',#8418,#8420,#4927,.T.);
#15887=EDGE_CURVE('',#8420,#8422,#4931,.T.);
#15889=EDGE_CURVE('',#8422,#7386,#4936,.T.);
#15891=EDGE_CURVE('',#7386,#7293,#4940,.T.);
#15895=ADVANCED_FACE('',(#15894),#15877,.F.);
#15902=EDGE_CURVE('',#7289,#7381,#4952,.T.);
#15904=EDGE_CURVE('',#7377,#7381,#4990,.T.);
#15909=ADVANCED_FACE('',(#15908),#15900,.T.);
#15916=EDGE_CURVE('',#7382,#7290,#4944,.T.);
#15918=EDGE_CURVE('',#7381,#7382,#4948,.T.);
#15923=ADVANCED_FACE('',(#15922),#15914,.T.);
#15930=EDGE_CURVE('',#7390,#7297,#4956,.T.);
#15932=EDGE_CURVE('',#8430,#7390,#4961,.T.);
#15934=EDGE_CURVE('',#8428,#8430,#4965,.T.);
#15936=EDGE_CURVE('',#8426,#8428,#4969,.T.);
#15938=EDGE_CURVE('',#8424,#8426,#4973,.T.);
#15940=EDGE_CURVE('',#7388,#8424,#4978,.T.);
#15942=EDGE_CURVE('',#7298,#7388,#4982,.T.);
#15946=ADVANCED_FACE('',(#15945),#15928,.T.);
#15954=EDGE_CURVE('',#7378,#7382,#4986,.T.);
#15959=ADVANCED_FACE('',(#15958),#15951,.T.);
#15971=ADVANCED_FACE('',(#15970),#15964,.T.);
#15979=EDGE_CURVE('',#7386,#7390,#4994,.T.);
#15984=ADVANCED_FACE('',(#15983),#15976,.T.);
#15991=EDGE_CURVE('',#8422,#8430,#4998,.T.);
#15997=ADVANCED_FACE('',(#15996),#15989,.T.);
#16004=EDGE_CURVE('',#8420,#8428,#5002,.T.);
#16010=ADVANCED_FACE('',(#16009),#16002,.T.);
#16017=EDGE_CURVE('',#8418,#8426,#5006,.T.);
#16023=ADVANCED_FACE('',(#16022),#16015,.T.);
#16030=EDGE_CURVE('',#8416,#8424,#5010,.T.);
#16036=ADVANCED_FACE('',(#16035),#16028,.T.);
#16043=EDGE_CURVE('',#7384,#7388,#5014,.T.);
#16049=ADVANCED_FACE('',(#16048),#16041,.F.);
#16061=ADVANCED_FACE('',(#16060),#16054,.T.);
#16068=EDGE_CURVE('',#8466,#8433,#5018,.T.);
#16070=EDGE_CURVE('',#8433,#8434,#5022,.T.);
#16072=EDGE_CURVE('',#8434,#8465,#5026,.T.);
#16076=ADVANCED_FACE('',(#16075),#16066,.F.);
#16083=EDGE_CURVE('',#8473,#8437,#5030,.T.);
#16085=EDGE_CURVE('',#8437,#8438,#5035,.T.);
#16087=EDGE_CURVE('',#8438,#8440,#5039,.T.);
#16089=EDGE_CURVE('',#8440,#8442,#5043,.T.);
#16091=EDGE_CURVE('',#8442,#8444,#5047,.T.);
#16093=EDGE_CURVE('',#8444,#8446,#5052,.T.);
#16095=EDGE_CURVE('',#8446,#8474,#5056,.T.);
#16099=ADVANCED_FACE('',(#16098),#16081,.F.);
#16106=EDGE_CURVE('',#8470,#8449,#5068,.T.);
#16108=EDGE_CURVE('',#8433,#8449,#5106,.T.);
#16113=ADVANCED_FACE('',(#16112),#16104,.T.);
#16120=EDGE_CURVE('',#8450,#8469,#5060,.T.);
#16122=EDGE_CURVE('',#8449,#8450,#5064,.T.);
#16127=ADVANCED_FACE('',(#16126),#16118,.T.);
#16134=EDGE_CURVE('',#8462,#8478,#5072,.T.);
#16136=EDGE_CURVE('',#8460,#8462,#5077,.T.);
#16138=EDGE_CURVE('',#8458,#8460,#5081,.T.);
#16140=EDGE_CURVE('',#8456,#8458,#5085,.T.);
#16142=EDGE_CURVE('',#8454,#8456,#5089,.T.);
#16144=EDGE_CURVE('',#8453,#8454,#5094,.T.);
#16146=EDGE_CURVE('',#8477,#8453,#5098,.T.);
#16150=ADVANCED_FACE('',(#16149),#16132,.T.);
#16158=EDGE_CURVE('',#8434,#8450,#5102,.T.);
#16163=ADVANCED_FACE('',(#16162),#16155,.T.);
#16175=ADVANCED_FACE('',(#16174),#16168,.T.);
#16183=EDGE_CURVE('',#8446,#8462,#5110,.T.);
#16188=ADVANCED_FACE('',(#16187),#16180,.T.);
#16195=EDGE_CURVE('',#8444,#8460,#5114,.T.);
#16201=ADVANCED_FACE('',(#16200),#16193,.T.);
#16208=EDGE_CURVE('',#8442,#8458,#5118,.T.);
#16214=ADVANCED_FACE('',(#16213),#16206,.T.);
#16221=EDGE_CURVE('',#8440,#8456,#5122,.T.);
#16227=ADVANCED_FACE('',(#16226),#16219,.T.);
#16234=EDGE_CURVE('',#8438,#8454,#5126,.T.);
#16240=ADVANCED_FACE('',(#16239),#16232,.T.);
#16247=EDGE_CURVE('',#8437,#8453,#5130,.T.);
#16253=ADVANCED_FACE('',(#16252),#16245,.F.);
#16265=ADVANCED_FACE('',(#16264),#16258,.T.);
#16272=EDGE_CURVE('',#8514,#8481,#5134,.T.);
#16274=EDGE_CURVE('',#8481,#8482,#5138,.T.);
#16276=EDGE_CURVE('',#8482,#8513,#5142,.T.);
#16280=ADVANCED_FACE('',(#16279),#16270,.F.);
#16287=EDGE_CURVE('',#8521,#8485,#5146,.T.);
#16289=EDGE_CURVE('',#8485,#8486,#5151,.T.);
#16291=EDGE_CURVE('',#8486,#8488,#5155,.T.);
#16293=EDGE_CURVE('',#8488,#8490,#5159,.T.);
#16295=EDGE_CURVE('',#8490,#8492,#5163,.T.);
#16297=EDGE_CURVE('',#8492,#8494,#5168,.T.);
#16299=EDGE_CURVE('',#8494,#8522,#5172,.T.);
#16303=ADVANCED_FACE('',(#16302),#16285,.F.);
#16310=EDGE_CURVE('',#8518,#8497,#5184,.T.);
#16312=EDGE_CURVE('',#8481,#8497,#5222,.T.);
#16317=ADVANCED_FACE('',(#16316),#16308,.T.);
#16324=EDGE_CURVE('',#8498,#8517,#5176,.T.);
#16326=EDGE_CURVE('',#8497,#8498,#5180,.T.);
#16331=ADVANCED_FACE('',(#16330),#16322,.T.);
#16338=EDGE_CURVE('',#8510,#8526,#5188,.T.);
#16340=EDGE_CURVE('',#8508,#8510,#5193,.T.);
#16342=EDGE_CURVE('',#8506,#8508,#5197,.T.);
#16344=EDGE_CURVE('',#8504,#8506,#5201,.T.);
#16346=EDGE_CURVE('',#8502,#8504,#5205,.T.);
#16348=EDGE_CURVE('',#8501,#8502,#5210,.T.);
#16350=EDGE_CURVE('',#8525,#8501,#5214,.T.);
#16354=ADVANCED_FACE('',(#16353),#16336,.T.);
#16362=EDGE_CURVE('',#8482,#8498,#5218,.T.);
#16367=ADVANCED_FACE('',(#16366),#16359,.T.);
#16379=ADVANCED_FACE('',(#16378),#16372,.T.);
#16387=EDGE_CURVE('',#8494,#8510,#5226,.T.);
#16392=ADVANCED_FACE('',(#16391),#16384,.T.);
#16399=EDGE_CURVE('',#8492,#8508,#5230,.T.);
#16405=ADVANCED_FACE('',(#16404),#16397,.T.);
#16412=EDGE_CURVE('',#8490,#8506,#5234,.T.);
#16418=ADVANCED_FACE('',(#16417),#16410,.T.);
#16425=EDGE_CURVE('',#8488,#8504,#5238,.T.);
#16431=ADVANCED_FACE('',(#16430),#16423,.T.);
#16438=EDGE_CURVE('',#8486,#8502,#5242,.T.);
#16444=ADVANCED_FACE('',(#16443),#16436,.T.);
#16451=EDGE_CURVE('',#8485,#8501,#5246,.T.);
#16457=ADVANCED_FACE('',(#16456),#16449,.F.);
#16469=ADVANCED_FACE('',(#16468),#16462,.T.);
#16476=EDGE_CURVE('',#8562,#8529,#5250,.T.);
#16478=EDGE_CURVE('',#8529,#8530,#5254,.T.);
#16480=EDGE_CURVE('',#8530,#8561,#5258,.T.);
#16484=ADVANCED_FACE('',(#16483),#16474,.F.);
#16491=EDGE_CURVE('',#8569,#8533,#5262,.T.);
#16493=EDGE_CURVE('',#8533,#8534,#5267,.T.);
#16495=EDGE_CURVE('',#8534,#8536,#5271,.T.);
#16497=EDGE_CURVE('',#8536,#8538,#5275,.T.);
#16499=EDGE_CURVE('',#8538,#8540,#5279,.T.);
#16501=EDGE_CURVE('',#8540,#8542,#5284,.T.);
#16503=EDGE_CURVE('',#8542,#8570,#5288,.T.);
#16507=ADVANCED_FACE('',(#16506),#16489,.F.);
#16514=EDGE_CURVE('',#8566,#8545,#5300,.T.);
#16516=EDGE_CURVE('',#8529,#8545,#5338,.T.);
#16521=ADVANCED_FACE('',(#16520),#16512,.T.);
#16528=EDGE_CURVE('',#8546,#8565,#5292,.T.);
#16530=EDGE_CURVE('',#8545,#8546,#5296,.T.);
#16535=ADVANCED_FACE('',(#16534),#16526,.T.);
#16542=EDGE_CURVE('',#8558,#8574,#5304,.T.);
#16544=EDGE_CURVE('',#8556,#8558,#5309,.T.);
#16546=EDGE_CURVE('',#8554,#8556,#5313,.T.);
#16548=EDGE_CURVE('',#8552,#8554,#5317,.T.);
#16550=EDGE_CURVE('',#8550,#8552,#5321,.T.);
#16552=EDGE_CURVE('',#8549,#8550,#5326,.T.);
#16554=EDGE_CURVE('',#8573,#8549,#5330,.T.);
#16558=ADVANCED_FACE('',(#16557),#16540,.T.);
#16566=EDGE_CURVE('',#8530,#8546,#5334,.T.);
#16571=ADVANCED_FACE('',(#16570),#16563,.T.);
#16583=ADVANCED_FACE('',(#16582),#16576,.T.);
#16591=EDGE_CURVE('',#8542,#8558,#5342,.T.);
#16596=ADVANCED_FACE('',(#16595),#16588,.T.);
#16603=EDGE_CURVE('',#8540,#8556,#5346,.T.);
#16609=ADVANCED_FACE('',(#16608),#16601,.T.);
#16616=EDGE_CURVE('',#8538,#8554,#5350,.T.);
#16622=ADVANCED_FACE('',(#16621),#16614,.T.);
#16629=EDGE_CURVE('',#8536,#8552,#5354,.T.);
#16635=ADVANCED_FACE('',(#16634),#16627,.T.);
#16642=EDGE_CURVE('',#8534,#8550,#5358,.T.);
#16648=ADVANCED_FACE('',(#16647),#16640,.T.);
#16655=EDGE_CURVE('',#8533,#8549,#5362,.T.);
#16661=ADVANCED_FACE('',(#16660),#16653,.F.);
#16673=ADVANCED_FACE('',(#16672),#16666,.T.);
#16680=EDGE_CURVE('',#8610,#8577,#5366,.T.);
#16682=EDGE_CURVE('',#8577,#8578,#5370,.T.);
#16684=EDGE_CURVE('',#8578,#8609,#5374,.T.);
#16688=ADVANCED_FACE('',(#16687),#16678,.F.);
#16695=EDGE_CURVE('',#8617,#8581,#5378,.T.);
#16697=EDGE_CURVE('',#8581,#8582,#5383,.T.);
#16699=EDGE_CURVE('',#8582,#8584,#5387,.T.);
#16701=EDGE_CURVE('',#8584,#8586,#5391,.T.);
#16703=EDGE_CURVE('',#8586,#8588,#5395,.T.);
#16705=EDGE_CURVE('',#8588,#8590,#5400,.T.);
#16707=EDGE_CURVE('',#8590,#8618,#5404,.T.);
#16711=ADVANCED_FACE('',(#16710),#16693,.F.);
#16718=EDGE_CURVE('',#8614,#8593,#5416,.T.);
#16720=EDGE_CURVE('',#8577,#8593,#5454,.T.);
#16725=ADVANCED_FACE('',(#16724),#16716,.T.);
#16732=EDGE_CURVE('',#8594,#8613,#5408,.T.);
#16734=EDGE_CURVE('',#8593,#8594,#5412,.T.);
#16739=ADVANCED_FACE('',(#16738),#16730,.T.);
#16746=EDGE_CURVE('',#8606,#8622,#5420,.T.);
#16748=EDGE_CURVE('',#8604,#8606,#5425,.T.);
#16750=EDGE_CURVE('',#8602,#8604,#5429,.T.);
#16752=EDGE_CURVE('',#8600,#8602,#5433,.T.);
#16754=EDGE_CURVE('',#8598,#8600,#5437,.T.);
#16756=EDGE_CURVE('',#8597,#8598,#5442,.T.);
#16758=EDGE_CURVE('',#8621,#8597,#5446,.T.);
#16762=ADVANCED_FACE('',(#16761),#16744,.T.);
#16770=EDGE_CURVE('',#8578,#8594,#5450,.T.);
#16775=ADVANCED_FACE('',(#16774),#16767,.T.);
#16787=ADVANCED_FACE('',(#16786),#16780,.T.);
#16795=EDGE_CURVE('',#8590,#8606,#5458,.T.);
#16800=ADVANCED_FACE('',(#16799),#16792,.T.);
#16807=EDGE_CURVE('',#8588,#8604,#5462,.T.);
#16813=ADVANCED_FACE('',(#16812),#16805,.T.);
#16820=EDGE_CURVE('',#8586,#8602,#5466,.T.);
#16826=ADVANCED_FACE('',(#16825),#16818,.T.);
#16833=EDGE_CURVE('',#8584,#8600,#5470,.T.);
#16839=ADVANCED_FACE('',(#16838),#16831,.T.);
#16846=EDGE_CURVE('',#8582,#8598,#5474,.T.);
#16852=ADVANCED_FACE('',(#16851),#16844,.T.);
#16859=EDGE_CURVE('',#8581,#8597,#5478,.T.);
#16865=ADVANCED_FACE('',(#16864),#16857,.F.);
#16877=ADVANCED_FACE('',(#16876),#16870,.T.);
#16884=EDGE_CURVE('',#8658,#8625,#5482,.T.);
#16886=EDGE_CURVE('',#8625,#8626,#5486,.T.);
#16888=EDGE_CURVE('',#8626,#8657,#5490,.T.);
#16892=ADVANCED_FACE('',(#16891),#16882,.F.);
#16899=EDGE_CURVE('',#8665,#8629,#5494,.T.);
#16901=EDGE_CURVE('',#8629,#8630,#5499,.T.);
#16903=EDGE_CURVE('',#8630,#8632,#5503,.T.);
#16905=EDGE_CURVE('',#8632,#8634,#5507,.T.);
#16907=EDGE_CURVE('',#8634,#8636,#5511,.T.);
#16909=EDGE_CURVE('',#8636,#8638,#5516,.T.);
#16911=EDGE_CURVE('',#8638,#8666,#5520,.T.);
#16915=ADVANCED_FACE('',(#16914),#16897,.F.);
#16922=EDGE_CURVE('',#8662,#8641,#5532,.T.);
#16924=EDGE_CURVE('',#8625,#8641,#5570,.T.);
#16929=ADVANCED_FACE('',(#16928),#16920,.T.);
#16936=EDGE_CURVE('',#8642,#8661,#5524,.T.);
#16938=EDGE_CURVE('',#8641,#8642,#5528,.T.);
#16943=ADVANCED_FACE('',(#16942),#16934,.T.);
#16950=EDGE_CURVE('',#8654,#8670,#5536,.T.);
#16952=EDGE_CURVE('',#8652,#8654,#5541,.T.);
#16954=EDGE_CURVE('',#8650,#8652,#5545,.T.);
#16956=EDGE_CURVE('',#8648,#8650,#5549,.T.);
#16958=EDGE_CURVE('',#8646,#8648,#5553,.T.);
#16960=EDGE_CURVE('',#8645,#8646,#5558,.T.);
#16962=EDGE_CURVE('',#8669,#8645,#5562,.T.);
#16966=ADVANCED_FACE('',(#16965),#16948,.T.);
#16974=EDGE_CURVE('',#8626,#8642,#5566,.T.);
#16979=ADVANCED_FACE('',(#16978),#16971,.T.);
#16991=ADVANCED_FACE('',(#16990),#16984,.T.);
#16999=EDGE_CURVE('',#8638,#8654,#5574,.T.);
#17004=ADVANCED_FACE('',(#17003),#16996,.T.);
#17011=EDGE_CURVE('',#8636,#8652,#5578,.T.);
#17017=ADVANCED_FACE('',(#17016),#17009,.T.);
#17024=EDGE_CURVE('',#8634,#8650,#5582,.T.);
#17030=ADVANCED_FACE('',(#17029),#17022,.T.);
#17037=EDGE_CURVE('',#8632,#8648,#5586,.T.);
#17043=ADVANCED_FACE('',(#17042),#17035,.T.);
#17050=EDGE_CURVE('',#8630,#8646,#5590,.T.);
#17056=ADVANCED_FACE('',(#17055),#17048,.T.);
#17063=EDGE_CURVE('',#8629,#8645,#5594,.T.);
#17069=ADVANCED_FACE('',(#17068),#17061,.F.);
#17081=ADVANCED_FACE('',(#17080),#17074,.T.);
#17088=EDGE_CURVE('',#8706,#8673,#5598,.T.);
#17090=EDGE_CURVE('',#8673,#8674,#5602,.T.);
#17092=EDGE_CURVE('',#8674,#8705,#5606,.T.);
#17096=ADVANCED_FACE('',(#17095),#17086,.F.);
#17103=EDGE_CURVE('',#8713,#8677,#5610,.T.);
#17105=EDGE_CURVE('',#8677,#8678,#5615,.T.);
#17107=EDGE_CURVE('',#8678,#8680,#5619,.T.);
#17109=EDGE_CURVE('',#8680,#8682,#5623,.T.);
#17111=EDGE_CURVE('',#8682,#8684,#5627,.T.);
#17113=EDGE_CURVE('',#8684,#8686,#5632,.T.);
#17115=EDGE_CURVE('',#8686,#8714,#5636,.T.);
#17119=ADVANCED_FACE('',(#17118),#17101,.F.);
#17126=EDGE_CURVE('',#8710,#8689,#5648,.T.);
#17128=EDGE_CURVE('',#8673,#8689,#5686,.T.);
#17133=ADVANCED_FACE('',(#17132),#17124,.T.);
#17140=EDGE_CURVE('',#8690,#8709,#5640,.T.);
#17142=EDGE_CURVE('',#8689,#8690,#5644,.T.);
#17147=ADVANCED_FACE('',(#17146),#17138,.T.);
#17154=EDGE_CURVE('',#8702,#8718,#5652,.T.);
#17156=EDGE_CURVE('',#8700,#8702,#5657,.T.);
#17158=EDGE_CURVE('',#8698,#8700,#5661,.T.);
#17160=EDGE_CURVE('',#8696,#8698,#5665,.T.);
#17162=EDGE_CURVE('',#8694,#8696,#5669,.T.);
#17164=EDGE_CURVE('',#8693,#8694,#5674,.T.);
#17166=EDGE_CURVE('',#8717,#8693,#5678,.T.);
#17170=ADVANCED_FACE('',(#17169),#17152,.T.);
#17178=EDGE_CURVE('',#8674,#8690,#5682,.T.);
#17183=ADVANCED_FACE('',(#17182),#17175,.T.);
#17195=ADVANCED_FACE('',(#17194),#17188,.T.);
#17203=EDGE_CURVE('',#8686,#8702,#5690,.T.);
#17208=ADVANCED_FACE('',(#17207),#17200,.T.);
#17215=EDGE_CURVE('',#8684,#8700,#5694,.T.);
#17221=ADVANCED_FACE('',(#17220),#17213,.T.);
#17228=EDGE_CURVE('',#8682,#8698,#5698,.T.);
#17234=ADVANCED_FACE('',(#17233),#17226,.T.);
#17241=EDGE_CURVE('',#8680,#8696,#5702,.T.);
#17247=ADVANCED_FACE('',(#17246),#17239,.T.);
#17254=EDGE_CURVE('',#8678,#8694,#5706,.T.);
#17260=ADVANCED_FACE('',(#17259),#17252,.T.);
#17267=EDGE_CURVE('',#8677,#8693,#5710,.T.);
#17273=ADVANCED_FACE('',(#17272),#17265,.F.);
#17285=ADVANCED_FACE('',(#17284),#17278,.T.);
#17292=EDGE_CURVE('',#8754,#8721,#5714,.T.);
#17294=EDGE_CURVE('',#8721,#8722,#5718,.T.);
#17296=EDGE_CURVE('',#8722,#8753,#5722,.T.);
#17300=ADVANCED_FACE('',(#17299),#17290,.F.);
#17307=EDGE_CURVE('',#8761,#8725,#5726,.T.);
#17309=EDGE_CURVE('',#8725,#8726,#5731,.T.);
#17311=EDGE_CURVE('',#8726,#8728,#5735,.T.);
#17313=EDGE_CURVE('',#8728,#8730,#5739,.T.);
#17315=EDGE_CURVE('',#8730,#8732,#5743,.T.);
#17317=EDGE_CURVE('',#8732,#8734,#5748,.T.);
#17319=EDGE_CURVE('',#8734,#8762,#5752,.T.);
#17323=ADVANCED_FACE('',(#17322),#17305,.F.);
#17330=EDGE_CURVE('',#8758,#8737,#5764,.T.);
#17332=EDGE_CURVE('',#8721,#8737,#5802,.T.);
#17337=ADVANCED_FACE('',(#17336),#17328,.T.);
#17344=EDGE_CURVE('',#8738,#8757,#5756,.T.);
#17346=EDGE_CURVE('',#8737,#8738,#5760,.T.);
#17351=ADVANCED_FACE('',(#17350),#17342,.T.);
#17358=EDGE_CURVE('',#8750,#8766,#5768,.T.);
#17360=EDGE_CURVE('',#8748,#8750,#5773,.T.);
#17362=EDGE_CURVE('',#8746,#8748,#5777,.T.);
#17364=EDGE_CURVE('',#8744,#8746,#5781,.T.);
#17366=EDGE_CURVE('',#8742,#8744,#5785,.T.);
#17368=EDGE_CURVE('',#8741,#8742,#5790,.T.);
#17370=EDGE_CURVE('',#8765,#8741,#5794,.T.);
#17374=ADVANCED_FACE('',(#17373),#17356,.T.);
#17382=EDGE_CURVE('',#8722,#8738,#5798,.T.);
#17387=ADVANCED_FACE('',(#17386),#17379,.T.);
#17399=ADVANCED_FACE('',(#17398),#17392,.T.);
#17407=EDGE_CURVE('',#8734,#8750,#5806,.T.);
#17412=ADVANCED_FACE('',(#17411),#17404,.T.);
#17419=EDGE_CURVE('',#8732,#8748,#5810,.T.);
#17425=ADVANCED_FACE('',(#17424),#17417,.T.);
#17432=EDGE_CURVE('',#8730,#8746,#5814,.T.);
#17438=ADVANCED_FACE('',(#17437),#17430,.T.);
#17445=EDGE_CURVE('',#8728,#8744,#5818,.T.);
#17451=ADVANCED_FACE('',(#17450),#17443,.T.);
#17458=EDGE_CURVE('',#8726,#8742,#5822,.T.);
#17464=ADVANCED_FACE('',(#17463),#17456,.T.);
#17471=EDGE_CURVE('',#8725,#8741,#5826,.T.);
#17477=ADVANCED_FACE('',(#17476),#17469,.F.);
#17489=ADVANCED_FACE('',(#17488),#17482,.T.);
#17496=EDGE_CURVE('',#8802,#8769,#5830,.T.);
#17498=EDGE_CURVE('',#8769,#8770,#5834,.T.);
#17500=EDGE_CURVE('',#8770,#8801,#5838,.T.);
#17504=ADVANCED_FACE('',(#17503),#17494,.F.);
#17511=EDGE_CURVE('',#8809,#8773,#5842,.T.);
#17513=EDGE_CURVE('',#8773,#8774,#5847,.T.);
#17515=EDGE_CURVE('',#8774,#8776,#5851,.T.);
#17517=EDGE_CURVE('',#8776,#8778,#5855,.T.);
#17519=EDGE_CURVE('',#8778,#8780,#5859,.T.);
#17521=EDGE_CURVE('',#8780,#8782,#5864,.T.);
#17523=EDGE_CURVE('',#8782,#8810,#5868,.T.);
#17527=ADVANCED_FACE('',(#17526),#17509,.F.);
#17534=EDGE_CURVE('',#8806,#8785,#5880,.T.);
#17536=EDGE_CURVE('',#8769,#8785,#5918,.T.);
#17541=ADVANCED_FACE('',(#17540),#17532,.T.);
#17548=EDGE_CURVE('',#8786,#8805,#5872,.T.);
#17550=EDGE_CURVE('',#8785,#8786,#5876,.T.);
#17555=ADVANCED_FACE('',(#17554),#17546,.T.);
#17562=EDGE_CURVE('',#8798,#8814,#5884,.T.);
#17564=EDGE_CURVE('',#8796,#8798,#5889,.T.);
#17566=EDGE_CURVE('',#8794,#8796,#5893,.T.);
#17568=EDGE_CURVE('',#8792,#8794,#5897,.T.);
#17570=EDGE_CURVE('',#8790,#8792,#5901,.T.);
#17572=EDGE_CURVE('',#8789,#8790,#5906,.T.);
#17574=EDGE_CURVE('',#8813,#8789,#5910,.T.);
#17578=ADVANCED_FACE('',(#17577),#17560,.T.);
#17586=EDGE_CURVE('',#8770,#8786,#5914,.T.);
#17591=ADVANCED_FACE('',(#17590),#17583,.T.);
#17603=ADVANCED_FACE('',(#17602),#17596,.T.);
#17611=EDGE_CURVE('',#8782,#8798,#5922,.T.);
#17616=ADVANCED_FACE('',(#17615),#17608,.T.);
#17623=EDGE_CURVE('',#8780,#8796,#5926,.T.);
#17629=ADVANCED_FACE('',(#17628),#17621,.T.);
#17636=EDGE_CURVE('',#8778,#8794,#5930,.T.);
#17642=ADVANCED_FACE('',(#17641),#17634,.T.);
#17649=EDGE_CURVE('',#8776,#8792,#5934,.T.);
#17655=ADVANCED_FACE('',(#17654),#17647,.T.);
#17662=EDGE_CURVE('',#8774,#8790,#5938,.T.);
#17668=ADVANCED_FACE('',(#17667),#17660,.T.);
#17675=EDGE_CURVE('',#8773,#8789,#5942,.T.);
#17681=ADVANCED_FACE('',(#17680),#17673,.F.);
#17693=ADVANCED_FACE('',(#17692),#17686,.T.);
#17700=EDGE_CURVE('',#8850,#8817,#5946,.T.);
#17702=EDGE_CURVE('',#8817,#8818,#5950,.T.);
#17704=EDGE_CURVE('',#8818,#8849,#5954,.T.);
#17708=ADVANCED_FACE('',(#17707),#17698,.F.);
#17715=EDGE_CURVE('',#8857,#8821,#5958,.T.);
#17717=EDGE_CURVE('',#8821,#8822,#5963,.T.);
#17719=EDGE_CURVE('',#8822,#8824,#5967,.T.);
#17721=EDGE_CURVE('',#8824,#8826,#5971,.T.);
#17723=EDGE_CURVE('',#8826,#8828,#5975,.T.);
#17725=EDGE_CURVE('',#8828,#8830,#5980,.T.);
#17727=EDGE_CURVE('',#8830,#8858,#5984,.T.);
#17731=ADVANCED_FACE('',(#17730),#17713,.F.);
#17738=EDGE_CURVE('',#8854,#8833,#5996,.T.);
#17740=EDGE_CURVE('',#8817,#8833,#6034,.T.);
#17745=ADVANCED_FACE('',(#17744),#17736,.T.);
#17752=EDGE_CURVE('',#8834,#8853,#5988,.T.);
#17754=EDGE_CURVE('',#8833,#8834,#5992,.T.);
#17759=ADVANCED_FACE('',(#17758),#17750,.T.);
#17766=EDGE_CURVE('',#8846,#8862,#6000,.T.);
#17768=EDGE_CURVE('',#8844,#8846,#6005,.T.);
#17770=EDGE_CURVE('',#8842,#8844,#6009,.T.);
#17772=EDGE_CURVE('',#8840,#8842,#6013,.T.);
#17774=EDGE_CURVE('',#8838,#8840,#6017,.T.);
#17776=EDGE_CURVE('',#8837,#8838,#6022,.T.);
#17778=EDGE_CURVE('',#8861,#8837,#6026,.T.);
#17782=ADVANCED_FACE('',(#17781),#17764,.T.);
#17790=EDGE_CURVE('',#8818,#8834,#6030,.T.);
#17795=ADVANCED_FACE('',(#17794),#17787,.T.);
#17807=ADVANCED_FACE('',(#17806),#17800,.T.);
#17815=EDGE_CURVE('',#8830,#8846,#6038,.T.);
#17820=ADVANCED_FACE('',(#17819),#17812,.T.);
#17827=EDGE_CURVE('',#8828,#8844,#6042,.T.);
#17833=ADVANCED_FACE('',(#17832),#17825,.T.);
#17840=EDGE_CURVE('',#8826,#8842,#6046,.T.);
#17846=ADVANCED_FACE('',(#17845),#17838,.T.);
#17853=EDGE_CURVE('',#8824,#8840,#6050,.T.);
#17859=ADVANCED_FACE('',(#17858),#17851,.T.);
#17866=EDGE_CURVE('',#8822,#8838,#6054,.T.);
#17872=ADVANCED_FACE('',(#17871),#17864,.T.);
#17879=EDGE_CURVE('',#8821,#8837,#6058,.T.);
#17885=ADVANCED_FACE('',(#17884),#17877,.F.);
#17897=ADVANCED_FACE('',(#17896),#17890,.T.);
#17904=EDGE_CURVE('',#7402,#7393,#6062,.T.);
#17906=EDGE_CURVE('',#7393,#7394,#6066,.T.);
#17908=EDGE_CURVE('',#7394,#7401,#6070,.T.);
#17912=ADVANCED_FACE('',(#17911),#17902,.F.);
#17919=EDGE_CURVE('',#7409,#7416,#6074,.T.);
#17921=EDGE_CURVE('',#7416,#8864,#6079,.T.);
#17923=EDGE_CURVE('',#8864,#8866,#6083,.T.);
#17925=EDGE_CURVE('',#8866,#8868,#6087,.T.);
#17927=EDGE_CURVE('',#8868,#8870,#6091,.T.);
#17929=EDGE_CURVE('',#8870,#7418,#6096,.T.);
#17931=EDGE_CURVE('',#7418,#7410,#6100,.T.);
#17935=ADVANCED_FACE('',(#17934),#17917,.F.);
#17942=EDGE_CURVE('',#7406,#7397,#6112,.T.);
#17944=EDGE_CURVE('',#7393,#7397,#6150,.T.);
#17949=ADVANCED_FACE('',(#17948),#17940,.T.);
#17956=EDGE_CURVE('',#7398,#7405,#6104,.T.);
#17958=EDGE_CURVE('',#7397,#7398,#6108,.T.);
#17963=ADVANCED_FACE('',(#17962),#17954,.T.);
#17970=EDGE_CURVE('',#7422,#7414,#6116,.T.);
#17972=EDGE_CURVE('',#8878,#7422,#6121,.T.);
#17974=EDGE_CURVE('',#8876,#8878,#6125,.T.);
#17976=EDGE_CURVE('',#8874,#8876,#6129,.T.);
#17978=EDGE_CURVE('',#8872,#8874,#6133,.T.);
#17980=EDGE_CURVE('',#7420,#8872,#6138,.T.);
#17982=EDGE_CURVE('',#7413,#7420,#6142,.T.);
#17986=ADVANCED_FACE('',(#17985),#17968,.T.);
#17994=EDGE_CURVE('',#7394,#7398,#6146,.T.);
#17999=ADVANCED_FACE('',(#17998),#17991,.T.);
#18011=ADVANCED_FACE('',(#18010),#18004,.T.);
#18019=EDGE_CURVE('',#7418,#7422,#6154,.T.);
#18024=ADVANCED_FACE('',(#18023),#18016,.T.);
#18031=EDGE_CURVE('',#8870,#8878,#6158,.T.);
#18037=ADVANCED_FACE('',(#18036),#18029,.F.);
#18044=EDGE_CURVE('',#8868,#8876,#6162,.T.);
#18050=ADVANCED_FACE('',(#18049),#18042,.T.);
#18057=EDGE_CURVE('',#8866,#8874,#6166,.T.);
#18063=ADVANCED_FACE('',(#18062),#18055,.T.);
#18070=EDGE_CURVE('',#8864,#8872,#6170,.T.);
#18076=ADVANCED_FACE('',(#18075),#18068,.T.);
#18083=EDGE_CURVE('',#7416,#7420,#6174,.T.);
#18089=ADVANCED_FACE('',(#18088),#18081,.T.);
#18101=ADVANCED_FACE('',(#18100),#18094,.T.);
#18108=EDGE_CURVE('',#8913,#8881,#6178,.T.);
#18110=EDGE_CURVE('',#8881,#8882,#6182,.T.);
#18112=EDGE_CURVE('',#8882,#8914,#6186,.T.);
#18116=ADVANCED_FACE('',(#18115),#18106,.F.);
#18123=EDGE_CURVE('',#8922,#8885,#6190,.T.);
#18125=EDGE_CURVE('',#8885,#8886,#6195,.T.);
#18127=EDGE_CURVE('',#8886,#8888,#6199,.T.);
#18129=EDGE_CURVE('',#8888,#8890,#6203,.T.);
#18131=EDGE_CURVE('',#8890,#8892,#6207,.T.);
#18133=EDGE_CURVE('',#8892,#8894,#6212,.T.);
#18135=EDGE_CURVE('',#8894,#8921,#6216,.T.);
#18139=ADVANCED_FACE('',(#18138),#18121,.F.);
#18146=EDGE_CURVE('',#8917,#8897,#6228,.T.);
#18148=EDGE_CURVE('',#8881,#8897,#6266,.T.);
#18153=ADVANCED_FACE('',(#18152),#18144,.T.);
#18160=EDGE_CURVE('',#8898,#8918,#6220,.T.);
#18162=EDGE_CURVE('',#8897,#8898,#6224,.T.);
#18167=ADVANCED_FACE('',(#18166),#18158,.T.);
#18174=EDGE_CURVE('',#8910,#8925,#6232,.T.);
#18176=EDGE_CURVE('',#8908,#8910,#6237,.T.);
#18178=EDGE_CURVE('',#8906,#8908,#6241,.T.);
#18180=EDGE_CURVE('',#8904,#8906,#6245,.T.);
#18182=EDGE_CURVE('',#8902,#8904,#6249,.T.);
#18184=EDGE_CURVE('',#8901,#8902,#6254,.T.);
#18186=EDGE_CURVE('',#8926,#8901,#6258,.T.);
#18190=ADVANCED_FACE('',(#18189),#18172,.T.);
#18198=EDGE_CURVE('',#8882,#8898,#6262,.T.);
#18203=ADVANCED_FACE('',(#18202),#18195,.T.);
#18215=ADVANCED_FACE('',(#18214),#18208,.T.);
#18223=EDGE_CURVE('',#8894,#8910,#6270,.T.);
#18228=ADVANCED_FACE('',(#18227),#18220,.T.);
#18235=EDGE_CURVE('',#8892,#8908,#6274,.T.);
#18241=ADVANCED_FACE('',(#18240),#18233,.F.);
#18248=EDGE_CURVE('',#8890,#8906,#6278,.T.);
#18254=ADVANCED_FACE('',(#18253),#18246,.T.);
#18261=EDGE_CURVE('',#8888,#8904,#6282,.T.);
#18267=ADVANCED_FACE('',(#18266),#18259,.T.);
#18274=EDGE_CURVE('',#8886,#8902,#6286,.T.);
#18280=ADVANCED_FACE('',(#18279),#18272,.T.);
#18287=EDGE_CURVE('',#8885,#8901,#6290,.T.);
#18293=ADVANCED_FACE('',(#18292),#18285,.T.);
#18305=ADVANCED_FACE('',(#18304),#18298,.T.);
#18312=EDGE_CURVE('',#8961,#8929,#6294,.T.);
#18314=EDGE_CURVE('',#8929,#8930,#6298,.T.);
#18316=EDGE_CURVE('',#8930,#8962,#6302,.T.);
#18320=ADVANCED_FACE('',(#18319),#18310,.F.);
#18327=EDGE_CURVE('',#8970,#8933,#6306,.T.);
#18329=EDGE_CURVE('',#8933,#8934,#6311,.T.);
#18331=EDGE_CURVE('',#8934,#8936,#6315,.T.);
#18333=EDGE_CURVE('',#8936,#8938,#6319,.T.);
#18335=EDGE_CURVE('',#8938,#8940,#6323,.T.);
#18337=EDGE_CURVE('',#8940,#8942,#6328,.T.);
#18339=EDGE_CURVE('',#8942,#8969,#6332,.T.);
#18343=ADVANCED_FACE('',(#18342),#18325,.F.);
#18350=EDGE_CURVE('',#8965,#8945,#6344,.T.);
#18352=EDGE_CURVE('',#8929,#8945,#6382,.T.);
#18357=ADVANCED_FACE('',(#18356),#18348,.T.);
#18364=EDGE_CURVE('',#8946,#8966,#6336,.T.);
#18366=EDGE_CURVE('',#8945,#8946,#6340,.T.);
#18371=ADVANCED_FACE('',(#18370),#18362,.T.);
#18378=EDGE_CURVE('',#8958,#8973,#6348,.T.);
#18380=EDGE_CURVE('',#8956,#8958,#6353,.T.);
#18382=EDGE_CURVE('',#8954,#8956,#6357,.T.);
#18384=EDGE_CURVE('',#8952,#8954,#6361,.T.);
#18386=EDGE_CURVE('',#8950,#8952,#6365,.T.);
#18388=EDGE_CURVE('',#8949,#8950,#6370,.T.);
#18390=EDGE_CURVE('',#8974,#8949,#6374,.T.);
#18394=ADVANCED_FACE('',(#18393),#18376,.T.);
#18402=EDGE_CURVE('',#8930,#8946,#6378,.T.);
#18407=ADVANCED_FACE('',(#18406),#18399,.T.);
#18419=ADVANCED_FACE('',(#18418),#18412,.T.);
#18427=EDGE_CURVE('',#8942,#8958,#6386,.T.);
#18432=ADVANCED_FACE('',(#18431),#18424,.T.);
#18439=EDGE_CURVE('',#8940,#8956,#6390,.T.);
#18445=ADVANCED_FACE('',(#18444),#18437,.F.);
#18452=EDGE_CURVE('',#8938,#8954,#6394,.T.);
#18458=ADVANCED_FACE('',(#18457),#18450,.T.);
#18465=EDGE_CURVE('',#8936,#8952,#6398,.T.);
#18471=ADVANCED_FACE('',(#18470),#18463,.T.);
#18478=EDGE_CURVE('',#8934,#8950,#6402,.T.);
#18484=ADVANCED_FACE('',(#18483),#18476,.T.);
#18491=EDGE_CURVE('',#8933,#8949,#6406,.T.);
#18497=ADVANCED_FACE('',(#18496),#18489,.T.);
#18509=ADVANCED_FACE('',(#18508),#18502,.T.);
#18516=EDGE_CURVE('',#9009,#8977,#6410,.T.);
#18518=EDGE_CURVE('',#8977,#8978,#6414,.T.);
#18520=EDGE_CURVE('',#8978,#9010,#6418,.T.);
#18524=ADVANCED_FACE('',(#18523),#18514,.F.);
#18531=EDGE_CURVE('',#9018,#8981,#6422,.T.);
#18533=EDGE_CURVE('',#8981,#8982,#6427,.T.);
#18535=EDGE_CURVE('',#8982,#8984,#6431,.T.);
#18537=EDGE_CURVE('',#8984,#8986,#6435,.T.);
#18539=EDGE_CURVE('',#8986,#8988,#6439,.T.);
#18541=EDGE_CURVE('',#8988,#8990,#6444,.T.);
#18543=EDGE_CURVE('',#8990,#9017,#6448,.T.);
#18547=ADVANCED_FACE('',(#18546),#18529,.F.);
#18554=EDGE_CURVE('',#9013,#8993,#6460,.T.);
#18556=EDGE_CURVE('',#8977,#8993,#6498,.T.);
#18561=ADVANCED_FACE('',(#18560),#18552,.T.);
#18568=EDGE_CURVE('',#8994,#9014,#6452,.T.);
#18570=EDGE_CURVE('',#8993,#8994,#6456,.T.);
#18575=ADVANCED_FACE('',(#18574),#18566,.T.);
#18582=EDGE_CURVE('',#9006,#9021,#6464,.T.);
#18584=EDGE_CURVE('',#9004,#9006,#6469,.T.);
#18586=EDGE_CURVE('',#9002,#9004,#6473,.T.);
#18588=EDGE_CURVE('',#9000,#9002,#6477,.T.);
#18590=EDGE_CURVE('',#8998,#9000,#6481,.T.);
#18592=EDGE_CURVE('',#8997,#8998,#6486,.T.);
#18594=EDGE_CURVE('',#9022,#8997,#6490,.T.);
#18598=ADVANCED_FACE('',(#18597),#18580,.T.);
#18606=EDGE_CURVE('',#8978,#8994,#6494,.T.);
#18611=ADVANCED_FACE('',(#18610),#18603,.T.);
#18623=ADVANCED_FACE('',(#18622),#18616,.T.);
#18631=EDGE_CURVE('',#8990,#9006,#6502,.T.);
#18636=ADVANCED_FACE('',(#18635),#18628,.T.);
#18643=EDGE_CURVE('',#8988,#9004,#6506,.T.);
#18649=ADVANCED_FACE('',(#18648),#18641,.F.);
#18656=EDGE_CURVE('',#8986,#9002,#6510,.T.);
#18662=ADVANCED_FACE('',(#18661),#18654,.T.);
#18669=EDGE_CURVE('',#8984,#9000,#6514,.T.);
#18675=ADVANCED_FACE('',(#18674),#18667,.T.);
#18682=EDGE_CURVE('',#8982,#8998,#6518,.T.);
#18688=ADVANCED_FACE('',(#18687),#18680,.T.);
#18695=EDGE_CURVE('',#8981,#8997,#6522,.T.);
#18701=ADVANCED_FACE('',(#18700),#18693,.T.);
#18713=ADVANCED_FACE('',(#18712),#18706,.T.);
#18720=EDGE_CURVE('',#9057,#9025,#6526,.T.);
#18722=EDGE_CURVE('',#9025,#9026,#6530,.T.);
#18724=EDGE_CURVE('',#9026,#9058,#6534,.T.);
#18728=ADVANCED_FACE('',(#18727),#18718,.F.);
#18735=EDGE_CURVE('',#9066,#9029,#6538,.T.);
#18737=EDGE_CURVE('',#9029,#9030,#6543,.T.);
#18739=EDGE_CURVE('',#9030,#9032,#6547,.T.);
#18741=EDGE_CURVE('',#9032,#9034,#6551,.T.);
#18743=EDGE_CURVE('',#9034,#9036,#6555,.T.);
#18745=EDGE_CURVE('',#9036,#9038,#6560,.T.);
#18747=EDGE_CURVE('',#9038,#9065,#6564,.T.);
#18751=ADVANCED_FACE('',(#18750),#18733,.F.);
#18758=EDGE_CURVE('',#9061,#9041,#6576,.T.);
#18760=EDGE_CURVE('',#9025,#9041,#6614,.T.);
#18765=ADVANCED_FACE('',(#18764),#18756,.T.);
#18772=EDGE_CURVE('',#9042,#9062,#6568,.T.);
#18774=EDGE_CURVE('',#9041,#9042,#6572,.T.);
#18779=ADVANCED_FACE('',(#18778),#18770,.T.);
#18786=EDGE_CURVE('',#9054,#9069,#6580,.T.);
#18788=EDGE_CURVE('',#9052,#9054,#6585,.T.);
#18790=EDGE_CURVE('',#9050,#9052,#6589,.T.);
#18792=EDGE_CURVE('',#9048,#9050,#6593,.T.);
#18794=EDGE_CURVE('',#9046,#9048,#6597,.T.);
#18796=EDGE_CURVE('',#9045,#9046,#6602,.T.);
#18798=EDGE_CURVE('',#9070,#9045,#6606,.T.);
#18802=ADVANCED_FACE('',(#18801),#18784,.T.);
#18810=EDGE_CURVE('',#9026,#9042,#6610,.T.);
#18815=ADVANCED_FACE('',(#18814),#18807,.T.);
#18827=ADVANCED_FACE('',(#18826),#18820,.T.);
#18835=EDGE_CURVE('',#9038,#9054,#6618,.T.);
#18840=ADVANCED_FACE('',(#18839),#18832,.T.);
#18847=EDGE_CURVE('',#9036,#9052,#6622,.T.);
#18853=ADVANCED_FACE('',(#18852),#18845,.F.);
#18860=EDGE_CURVE('',#9034,#9050,#6626,.T.);
#18866=ADVANCED_FACE('',(#18865),#18858,.T.);
#18873=EDGE_CURVE('',#9032,#9048,#6630,.T.);
#18879=ADVANCED_FACE('',(#18878),#18871,.T.);
#18886=EDGE_CURVE('',#9030,#9046,#6634,.T.);
#18892=ADVANCED_FACE('',(#18891),#18884,.T.);
#18899=EDGE_CURVE('',#9029,#9045,#6638,.T.);
#18905=ADVANCED_FACE('',(#18904),#18897,.T.);
#18917=ADVANCED_FACE('',(#18916),#18910,.T.);
#18924=EDGE_CURVE('',#9105,#9073,#6642,.T.);
#18926=EDGE_CURVE('',#9073,#9074,#6646,.T.);
#18928=EDGE_CURVE('',#9074,#9106,#6650,.T.);
#18932=ADVANCED_FACE('',(#18931),#18922,.F.);
#18939=EDGE_CURVE('',#9114,#9077,#6654,.T.);
#18941=EDGE_CURVE('',#9077,#9078,#6659,.T.);
#18943=EDGE_CURVE('',#9078,#9080,#6663,.T.);
#18945=EDGE_CURVE('',#9080,#9082,#6667,.T.);
#18947=EDGE_CURVE('',#9082,#9084,#6671,.T.);
#18949=EDGE_CURVE('',#9084,#9086,#6676,.T.);
#18951=EDGE_CURVE('',#9086,#9113,#6680,.T.);
#18955=ADVANCED_FACE('',(#18954),#18937,.F.);
#18962=EDGE_CURVE('',#9109,#9089,#6692,.T.);
#18964=EDGE_CURVE('',#9073,#9089,#6730,.T.);
#18969=ADVANCED_FACE('',(#18968),#18960,.T.);
#18976=EDGE_CURVE('',#9090,#9110,#6684,.T.);
#18978=EDGE_CURVE('',#9089,#9090,#6688,.T.);
#18983=ADVANCED_FACE('',(#18982),#18974,.T.);
#18990=EDGE_CURVE('',#9102,#9117,#6696,.T.);
#18992=EDGE_CURVE('',#9100,#9102,#6701,.T.);
#18994=EDGE_CURVE('',#9098,#9100,#6705,.T.);
#18996=EDGE_CURVE('',#9096,#9098,#6709,.T.);
#18998=EDGE_CURVE('',#9094,#9096,#6713,.T.);
#19000=EDGE_CURVE('',#9093,#9094,#6718,.T.);
#19002=EDGE_CURVE('',#9118,#9093,#6722,.T.);
#19006=ADVANCED_FACE('',(#19005),#18988,.T.);
#19014=EDGE_CURVE('',#9074,#9090,#6726,.T.);
#19019=ADVANCED_FACE('',(#19018),#19011,.T.);
#19031=ADVANCED_FACE('',(#19030),#19024,.T.);
#19039=EDGE_CURVE('',#9086,#9102,#6734,.T.);
#19044=ADVANCED_FACE('',(#19043),#19036,.T.);
#19051=EDGE_CURVE('',#9084,#9100,#6738,.T.);
#19057=ADVANCED_FACE('',(#19056),#19049,.F.);
#19064=EDGE_CURVE('',#9082,#9098,#6742,.T.);
#19070=ADVANCED_FACE('',(#19069),#19062,.T.);
#19077=EDGE_CURVE('',#9080,#9096,#6746,.T.);
#19083=ADVANCED_FACE('',(#19082),#19075,.T.);
#19090=EDGE_CURVE('',#9078,#9094,#6750,.T.);
#19096=ADVANCED_FACE('',(#19095),#19088,.T.);
#19103=EDGE_CURVE('',#9077,#9093,#6754,.T.);
#19109=ADVANCED_FACE('',(#19108),#19101,.T.);
#19121=ADVANCED_FACE('',(#19120),#19114,.T.);
#19128=EDGE_CURVE('',#9153,#9121,#6758,.T.);
#19130=EDGE_CURVE('',#9121,#9122,#6762,.T.);
#19132=EDGE_CURVE('',#9122,#9154,#6766,.T.);
#19136=ADVANCED_FACE('',(#19135),#19126,.F.);
#19143=EDGE_CURVE('',#9162,#9125,#6770,.T.);
#19145=EDGE_CURVE('',#9125,#9126,#6775,.T.);
#19147=EDGE_CURVE('',#9126,#9128,#6779,.T.);
#19149=EDGE_CURVE('',#9128,#9130,#6783,.T.);
#19151=EDGE_CURVE('',#9130,#9132,#6787,.T.);
#19153=EDGE_CURVE('',#9132,#9134,#6792,.T.);
#19155=EDGE_CURVE('',#9134,#9161,#6796,.T.);
#19159=ADVANCED_FACE('',(#19158),#19141,.F.);
#19166=EDGE_CURVE('',#9157,#9137,#6808,.T.);
#19168=EDGE_CURVE('',#9121,#9137,#6846,.T.);
#19173=ADVANCED_FACE('',(#19172),#19164,.T.);
#19180=EDGE_CURVE('',#9138,#9158,#6800,.T.);
#19182=EDGE_CURVE('',#9137,#9138,#6804,.T.);
#19187=ADVANCED_FACE('',(#19186),#19178,.T.);
#19194=EDGE_CURVE('',#9150,#9165,#6812,.T.);
#19196=EDGE_CURVE('',#9148,#9150,#6817,.T.);
#19198=EDGE_CURVE('',#9146,#9148,#6821,.T.);
#19200=EDGE_CURVE('',#9144,#9146,#6825,.T.);
#19202=EDGE_CURVE('',#9142,#9144,#6829,.T.);
#19204=EDGE_CURVE('',#9141,#9142,#6834,.T.);
#19206=EDGE_CURVE('',#9166,#9141,#6838,.T.);
#19210=ADVANCED_FACE('',(#19209),#19192,.T.);
#19218=EDGE_CURVE('',#9122,#9138,#6842,.T.);
#19223=ADVANCED_FACE('',(#19222),#19215,.T.);
#19235=ADVANCED_FACE('',(#19234),#19228,.T.);
#19243=EDGE_CURVE('',#9134,#9150,#6850,.T.);
#19248=ADVANCED_FACE('',(#19247),#19240,.T.);
#19255=EDGE_CURVE('',#9132,#9148,#6854,.T.);
#19261=ADVANCED_FACE('',(#19260),#19253,.F.);
#19268=EDGE_CURVE('',#9130,#9146,#6858,.T.);
#19274=ADVANCED_FACE('',(#19273),#19266,.T.);
#19281=EDGE_CURVE('',#9128,#9144,#6862,.T.);
#19287=ADVANCED_FACE('',(#19286),#19279,.T.);
#19294=EDGE_CURVE('',#9126,#9142,#6866,.T.);
#19300=ADVANCED_FACE('',(#19299),#19292,.T.);
#19307=EDGE_CURVE('',#9125,#9141,#6870,.T.);
#19313=ADVANCED_FACE('',(#19312),#19305,.T.);
#19325=ADVANCED_FACE('',(#19324),#19318,.T.);
#19332=EDGE_CURVE('',#9201,#9169,#6874,.T.);
#19334=EDGE_CURVE('',#9169,#9170,#6878,.T.);
#19336=EDGE_CURVE('',#9170,#9202,#6882,.T.);
#19340=ADVANCED_FACE('',(#19339),#19330,.F.);
#19347=EDGE_CURVE('',#9210,#9173,#6886,.T.);
#19349=EDGE_CURVE('',#9173,#9174,#6891,.T.);
#19351=EDGE_CURVE('',#9174,#9176,#6895,.T.);
#19353=EDGE_CURVE('',#9176,#9178,#6899,.T.);
#19355=EDGE_CURVE('',#9178,#9180,#6903,.T.);
#19357=EDGE_CURVE('',#9180,#9182,#6908,.T.);
#19359=EDGE_CURVE('',#9182,#9209,#6912,.T.);
#19363=ADVANCED_FACE('',(#19362),#19345,.F.);
#19370=EDGE_CURVE('',#9205,#9185,#6924,.T.);
#19372=EDGE_CURVE('',#9169,#9185,#6962,.T.);
#19377=ADVANCED_FACE('',(#19376),#19368,.T.);
#19384=EDGE_CURVE('',#9186,#9206,#6916,.T.);
#19386=EDGE_CURVE('',#9185,#9186,#6920,.T.);
#19391=ADVANCED_FACE('',(#19390),#19382,.T.);
#19398=EDGE_CURVE('',#9198,#9213,#6928,.T.);
#19400=EDGE_CURVE('',#9196,#9198,#6933,.T.);
#19402=EDGE_CURVE('',#9194,#9196,#6937,.T.);
#19404=EDGE_CURVE('',#9192,#9194,#6941,.T.);
#19406=EDGE_CURVE('',#9190,#9192,#6945,.T.);
#19408=EDGE_CURVE('',#9189,#9190,#6950,.T.);
#19410=EDGE_CURVE('',#9214,#9189,#6954,.T.);
#19414=ADVANCED_FACE('',(#19413),#19396,.T.);
#19422=EDGE_CURVE('',#9170,#9186,#6958,.T.);
#19427=ADVANCED_FACE('',(#19426),#19419,.T.);
#19439=ADVANCED_FACE('',(#19438),#19432,.T.);
#19447=EDGE_CURVE('',#9182,#9198,#6966,.T.);
#19452=ADVANCED_FACE('',(#19451),#19444,.T.);
#19459=EDGE_CURVE('',#9180,#9196,#6970,.T.);
#19465=ADVANCED_FACE('',(#19464),#19457,.F.);
#19472=EDGE_CURVE('',#9178,#9194,#6974,.T.);
#19478=ADVANCED_FACE('',(#19477),#19470,.T.);
#19485=EDGE_CURVE('',#9176,#9192,#6978,.T.);
#19491=ADVANCED_FACE('',(#19490),#19483,.T.);
#19498=EDGE_CURVE('',#9174,#9190,#6982,.T.);
#19504=ADVANCED_FACE('',(#19503),#19496,.T.);
#19511=EDGE_CURVE('',#9173,#9189,#6986,.T.);
#19517=ADVANCED_FACE('',(#19516),#19509,.T.);
#19529=ADVANCED_FACE('',(#19528),#19522,.T.);
#19536=EDGE_CURVE('',#9249,#9217,#6990,.T.);
#19538=EDGE_CURVE('',#9217,#9218,#6994,.T.);
#19540=EDGE_CURVE('',#9218,#9250,#6998,.T.);
#19544=ADVANCED_FACE('',(#19543),#19534,.F.);
#19551=EDGE_CURVE('',#9258,#9221,#7002,.T.);
#19553=EDGE_CURVE('',#9221,#9222,#7007,.T.);
#19555=EDGE_CURVE('',#9222,#9224,#7011,.T.);
#19557=EDGE_CURVE('',#9224,#9226,#7015,.T.);
#19559=EDGE_CURVE('',#9226,#9228,#7019,.T.);
#19561=EDGE_CURVE('',#9228,#9230,#7024,.T.);
#19563=EDGE_CURVE('',#9230,#9257,#7028,.T.);
#19567=ADVANCED_FACE('',(#19566),#19549,.F.);
#19574=EDGE_CURVE('',#9253,#9233,#7040,.T.);
#19576=EDGE_CURVE('',#9217,#9233,#7078,.T.);
#19581=ADVANCED_FACE('',(#19580),#19572,.T.);
#19588=EDGE_CURVE('',#9234,#9254,#7032,.T.);
#19590=EDGE_CURVE('',#9233,#9234,#7036,.T.);
#19595=ADVANCED_FACE('',(#19594),#19586,.T.);
#19602=EDGE_CURVE('',#9246,#9261,#7044,.T.);
#19604=EDGE_CURVE('',#9244,#9246,#7049,.T.);
#19606=EDGE_CURVE('',#9242,#9244,#7053,.T.);
#19608=EDGE_CURVE('',#9240,#9242,#7057,.T.);
#19610=EDGE_CURVE('',#9238,#9240,#7061,.T.);
#19612=EDGE_CURVE('',#9237,#9238,#7066,.T.);
#19614=EDGE_CURVE('',#9262,#9237,#7070,.T.);
#19618=ADVANCED_FACE('',(#19617),#19600,.T.);
#19626=EDGE_CURVE('',#9218,#9234,#7074,.T.);
#19631=ADVANCED_FACE('',(#19630),#19623,.T.);
#19643=ADVANCED_FACE('',(#19642),#19636,.T.);
#19651=EDGE_CURVE('',#9230,#9246,#7082,.T.);
#19656=ADVANCED_FACE('',(#19655),#19648,.T.);
#19663=EDGE_CURVE('',#9228,#9244,#7086,.T.);
#19669=ADVANCED_FACE('',(#19668),#19661,.F.);
#19676=EDGE_CURVE('',#9226,#9242,#7090,.T.);
#19682=ADVANCED_FACE('',(#19681),#19674,.T.);
#19689=EDGE_CURVE('',#9224,#9240,#7094,.T.);
#19695=ADVANCED_FACE('',(#19694),#19687,.T.);
#19702=EDGE_CURVE('',#9222,#9238,#7098,.T.);
#19708=ADVANCED_FACE('',(#19707),#19700,.T.);
#19715=EDGE_CURVE('',#9221,#9237,#7102,.T.);
#19721=ADVANCED_FACE('',(#19720),#19713,.T.);
#19733=ADVANCED_FACE('',(#19732),#19726,.T.);
#19740=EDGE_CURVE('',#9297,#9265,#7106,.T.);
#19742=EDGE_CURVE('',#9265,#9266,#7110,.T.);
#19744=EDGE_CURVE('',#9266,#9298,#7114,.T.);
#19748=ADVANCED_FACE('',(#19747),#19738,.F.);
#19755=EDGE_CURVE('',#9306,#9269,#7118,.T.);
#19757=EDGE_CURVE('',#9269,#9270,#7123,.T.);
#19759=EDGE_CURVE('',#9270,#9272,#7127,.T.);
#19761=EDGE_CURVE('',#9272,#9274,#7131,.T.);
#19763=EDGE_CURVE('',#9274,#9276,#7135,.T.);
#19765=EDGE_CURVE('',#9276,#9278,#7140,.T.);
#19767=EDGE_CURVE('',#9278,#9305,#7144,.T.);
#19771=ADVANCED_FACE('',(#19770),#19753,.F.);
#19778=EDGE_CURVE('',#9301,#9281,#7156,.T.);
#19780=EDGE_CURVE('',#9265,#9281,#7194,.T.);
#19785=ADVANCED_FACE('',(#19784),#19776,.T.);
#19792=EDGE_CURVE('',#9282,#9302,#7148,.T.);
#19794=EDGE_CURVE('',#9281,#9282,#7152,.T.);
#19799=ADVANCED_FACE('',(#19798),#19790,.T.);
#19806=EDGE_CURVE('',#9294,#9309,#7160,.T.);
#19808=EDGE_CURVE('',#9292,#9294,#7165,.T.);
#19810=EDGE_CURVE('',#9290,#9292,#7169,.T.);
#19812=EDGE_CURVE('',#9288,#9290,#7173,.T.);
#19814=EDGE_CURVE('',#9286,#9288,#7177,.T.);
#19816=EDGE_CURVE('',#9285,#9286,#7182,.T.);
#19818=EDGE_CURVE('',#9310,#9285,#7186,.T.);
#19822=ADVANCED_FACE('',(#19821),#19804,.T.);
#19830=EDGE_CURVE('',#9266,#9282,#7190,.T.);
#19835=ADVANCED_FACE('',(#19834),#19827,.T.);
#19847=ADVANCED_FACE('',(#19846),#19840,.T.);
#19855=EDGE_CURVE('',#9278,#9294,#7198,.T.);
#19860=ADVANCED_FACE('',(#19859),#19852,.T.);
#19867=EDGE_CURVE('',#9276,#9292,#7202,.T.);
#19873=ADVANCED_FACE('',(#19872),#19865,.F.);
#19880=EDGE_CURVE('',#9274,#9290,#7206,.T.);
#19886=ADVANCED_FACE('',(#19885),#19878,.T.);
#19893=EDGE_CURVE('',#9272,#9288,#7210,.T.);
#19899=ADVANCED_FACE('',(#19898),#19891,.T.);
#19906=EDGE_CURVE('',#9270,#9286,#7214,.T.);
#19912=ADVANCED_FACE('',(#19911),#19904,.T.);
#19919=EDGE_CURVE('',#9269,#9285,#7218,.T.);
#19925=ADVANCED_FACE('',(#19924),#19917,.T.);
#19937=ADVANCED_FACE('',(#19936),#19930,.T.);
#19938=CLOSED_SHELL('',(#9328,#9346,#9361,#9375,#9390,#9416,#9442,#9468,#9494,
#9520,#9546,#9572,#9598,#9624,#9650,#9676,#9702,#9728,#9754,#9780,#9806,#9832,
#9858,#9884,#9912,#9927,#9942,#9956,#9971,#10652,#10667,#10681,#10694,#10707,
#10726,#10744,#10763,#10782,#10801,#10820,#10839,#10858,#10877,#10896,#10915,
#10934,#10953,#10972,#10991,#11010,#11029,#11048,#11066,#11083,#11096,#11108,
#11122,#11136,#11150,#11164,#11178,#11192,#11205,#11217,#11230,#11248,#11267,
#11286,#11305,#11324,#11343,#11362,#11381,#11400,#11419,#11438,#11457,#11476,
#11495,#11514,#11533,#11552,#11571,#11589,#11605,#11620,#11635,#11650,#11665,
#11680,#11695,#11710,#11725,#11740,#11755,#11770,#11785,#11800,#11815,#11830,
#11845,#11860,#11875,#11890,#11905,#11918,#11931,#11945,#11959,#11973,#11987,
#12001,#12015,#12029,#12043,#12057,#12071,#12085,#12099,#12113,#12127,#12141,
#12155,#12169,#12183,#12198,#12210,#12222,#12234,#12246,#12258,#12270,#12282,
#12294,#12306,#12318,#12330,#12342,#12354,#12366,#12378,#12390,#12402,#12414,
#12426,#12438,#12450,#12462,#12474,#12486,#12498,#12510,#12522,#12534,#12546,
#12558,#12570,#12582,#12594,#12606,#12618,#12630,#12642,#12655,#12668,#12681,
#12693,#12705,#12718,#12731,#12743,#12757,#12771,#12786,#12800,#12813,#12826,
#12838,#12851,#12863,#12877,#12891,#12906,#12920,#12933,#12946,#12958,#12971,
#12983,#12997,#13011,#13026,#13040,#13053,#13066,#13078,#13091,#13103,#13117,
#13131,#13146,#13160,#13173,#13186,#13198,#13211,#13223,#13237,#13251,#13266,
#13280,#13293,#13306,#13318,#13331,#13343,#13357,#13371,#13386,#13400,#13413,
#13426,#13438,#13451,#13463,#13477,#13491,#13506,#13520,#13533,#13546,#13558,
#13571,#13583,#13597,#13611,#13626,#13640,#13653,#13666,#13678,#13691,#13703,
#13717,#13731,#13746,#13760,#13773,#13786,#13798,#13811,#13823,#13837,#13851,
#13866,#13880,#13893,#13906,#13918,#13931,#13943,#13957,#13971,#13986,#14000,
#14013,#14026,#14038,#14051,#14063,#14077,#14091,#14106,#14120,#14133,#14146,
#14158,#14171,#14183,#14197,#14211,#14226,#14240,#14253,#14266,#14278,#14291,
#14303,#14317,#14331,#14346,#14360,#14373,#14386,#14398,#14411,#14423,#14437,
#14451,#14466,#14480,#14493,#14506,#14518,#14531,#14543,#14557,#14571,#14586,
#14600,#14613,#14626,#14638,#14651,#14663,#14677,#14691,#14706,#14720,#14733,
#14746,#14758,#14771,#14783,#14797,#14811,#14826,#14841,#14856,#14871,#14886,
#14901,#14916,#14931,#14946,#14961,#14976,#14991,#15006,#15021,#15036,#15051,
#15066,#15081,#15097,#15110,#15122,#15136,#15150,#15164,#15178,#15192,#15206,
#15220,#15234,#15248,#15262,#15276,#15290,#15304,#15318,#15332,#15346,#15360,
#15374,#15388,#15400,#15412,#15424,#15436,#15448,#15460,#15472,#15484,#15496,
#15508,#15520,#15532,#15544,#15556,#15568,#15580,#15592,#15604,#15616,#15628,
#15640,#15652,#15664,#15676,#15688,#15700,#15712,#15724,#15736,#15748,#15760,
#15772,#15784,#15796,#15808,#15820,#15833,#15845,#15857,#15872,#15895,#15909,
#15923,#15946,#15959,#15971,#15984,#15997,#16010,#16023,#16036,#16049,#16061,
#16076,#16099,#16113,#16127,#16150,#16163,#16175,#16188,#16201,#16214,#16227,
#16240,#16253,#16265,#16280,#16303,#16317,#16331,#16354,#16367,#16379,#16392,
#16405,#16418,#16431,#16444,#16457,#16469,#16484,#16507,#16521,#16535,#16558,
#16571,#16583,#16596,#16609,#16622,#16635,#16648,#16661,#16673,#16688,#16711,
#16725,#16739,#16762,#16775,#16787,#16800,#16813,#16826,#16839,#16852,#16865,
#16877,#16892,#16915,#16929,#16943,#16966,#16979,#16991,#17004,#17017,#17030,
#17043,#17056,#17069,#17081,#17096,#17119,#17133,#17147,#17170,#17183,#17195,
#17208,#17221,#17234,#17247,#17260,#17273,#17285,#17300,#17323,#17337,#17351,
#17374,#17387,#17399,#17412,#17425,#17438,#17451,#17464,#17477,#17489,#17504,
#17527,#17541,#17555,#17578,#17591,#17603,#17616,#17629,#17642,#17655,#17668,
#17681,#17693,#17708,#17731,#17745,#17759,#17782,#17795,#17807,#17820,#17833,
#17846,#17859,#17872,#17885,#17897,#17912,#17935,#17949,#17963,#17986,#17999,
#18011,#18024,#18037,#18050,#18063,#18076,#18089,#18101,#18116,#18139,#18153,
#18167,#18190,#18203,#18215,#18228,#18241,#18254,#18267,#18280,#18293,#18305,
#18320,#18343,#18357,#18371,#18394,#18407,#18419,#18432,#18445,#18458,#18471,
#18484,#18497,#18509,#18524,#18547,#18561,#18575,#18598,#18611,#18623,#18636,
#18649,#18662,#18675,#18688,#18701,#18713,#18728,#18751,#18765,#18779,#18802,
#18815,#18827,#18840,#18853,#18866,#18879,#18892,#18905,#18917,#18932,#18955,
#18969,#18983,#19006,#19019,#19031,#19044,#19057,#19070,#19083,#19096,#19109,
#19121,#19136,#19159,#19173,#19187,#19210,#19223,#19235,#19248,#19261,#19274,
#19287,#19300,#19313,#19325,#19340,#19363,#19377,#19391,#19414,#19427,#19439,
#19452,#19465,#19478,#19491,#19504,#19517,#19529,#19544,#19567,#19581,#19595,
#19618,#19631,#19643,#19656,#19669,#19682,#19695,#19708,#19721,#19733,#19748,
#19771,#19785,#19799,#19822,#19835,#19847,#19860,#19873,#19886,#19899,#19912,
#19925,#19937));
#19939=MANIFOLD_SOLID_BREP('',#19938);
#19940=(LENGTH_UNIT()NAMED_UNIT(*)SI_UNIT(.MILLI.,.METRE.));
#19941=(NAMED_UNIT(*)PLANE_ANGLE_UNIT()SI_UNIT($,.RADIAN.));
#19944=(NAMED_UNIT(*)SI_UNIT($,.STERADIAN.)SOLID_ANGLE_UNIT());
#19946=(GEOMETRIC_REPRESENTATION_CONTEXT(3)GLOBAL_UNCERTAINTY_ASSIGNED_CONTEXT((
#19945))GLOBAL_UNIT_ASSIGNED_CONTEXT((#19940,#19943,#19944))REPRESENTATION_CONTEXT('ID1','3'));
#19947=ADVANCED_BREP_SHAPE_REPRESENTATION('',(#19939),#19946);
#19954=PRODUCT_DEFINITION('part definition','',#19953,#19950);
#19955=PRODUCT_DEFINITION_SHAPE('','SHAPE FOR C-2-2823109-0.',#19954);
#19956=SHAPE_ASPECT('','solid data associated with C-2-2823109-0',#19955,.F.);
#19957=PROPERTY_DEFINITION('',
'shape for solid data with which properties are associated',#19956);
#19958=SHAPE_REPRESENTATION('',(#19939),#19946);
#19959=SHAPE_DEFINITION_REPRESENTATION(#19957,#19958);
#19960=(LENGTH_UNIT()NAMED_UNIT(*)SI_UNIT(.MILLI.,.METRE.));
#19964=PROPERTY_DEFINITION('geometric validation property',
'area of C-2-2823109-0',#19956);
#19965=REPRESENTATION('surface area',(#19963),#19946);
#19966=PROPERTY_DEFINITION_REPRESENTATION(#19964,#19965);
#19967=(LENGTH_UNIT()NAMED_UNIT(*)SI_UNIT(.MILLI.,.METRE.));
#19971=PROPERTY_DEFINITION('geometric validation property',
'volume of C-2-2823109-0',#19956);
#19972=REPRESENTATION('volume',(#19970),#19946);
#19973=PROPERTY_DEFINITION_REPRESENTATION(#19971,#19972);
#19975=PROPERTY_DEFINITION('geometric validation property',
'centroid of C-2-2823109-0',#19956);
#19976=REPRESENTATION('centroid',(#19974),#19946);
#19977=PROPERTY_DEFINITION_REPRESENTATION(#19975,#19976);
#19978=(LENGTH_UNIT()NAMED_UNIT(*)SI_UNIT(.MILLI.,.METRE.));
#19982=PROPERTY_DEFINITION('geometric validation property',
'area of C-2-2823109-0',#19955);
#19983=REPRESENTATION('surface area',(#19981),#19946);
#19984=PROPERTY_DEFINITION_REPRESENTATION(#19982,#19983);
#19985=(LENGTH_UNIT()NAMED_UNIT(*)SI_UNIT(.MILLI.,.METRE.));
#19989=PROPERTY_DEFINITION('geometric validation property',
'volume of C-2-2823109-0',#19955);
#19990=REPRESENTATION('volume',(#19988),#19946);
#19991=PROPERTY_DEFINITION_REPRESENTATION(#19989,#19990);
#19993=PROPERTY_DEFINITION('geometric validation property',
'centroid of C-2-2823109-0',#19955);
#19994=REPRESENTATION('centroid',(#19992),#19946);
#19995=PROPERTY_DEFINITION_REPRESENTATION(#19993,#19994);
#19996=SHAPE_DEFINITION_REPRESENTATION(#19955,#19947);
ENDSEC;
END-ISO-10303-21;
