ISO-10303-21;
HEADER;
/* Generated by software containing ST-Developer
 * from STEP Tools, Inc. (www.steptools.com) 
 */

FILE_DESCRIPTION(
/* description */ ('TMCP'),
/* implementation_level */ '2;1');

FILE_NAME(
/* name */ 
'C:\\Users\\EPetuhov\\Desktop\\On My PC_2020\\07_TMC\\TMCP\\TMCP.stp',
/* time_stamp */ '2020-05-07T07:38:30+03:00',
/* author */ ('EPetuhov'),
/* organization */ ('Vishay'),
/* preprocessor_version */ 'ST-DEVELOPER v17',
/* originating_system */ 'Autodesk Inventor 2019',
/* authorisation */ '');

FILE_SCHEMA (('AUTOMOTIVE_DESIGN { 1 0 10303 214 3 1 1 }'));
ENDSEC;

DATA;
#10=MECHANICAL_DESIGN_GEOMETRIC_PRESENTATION_REPRESENTATION('',(#30,#31,
#32),#2283);
#11=ITEM_DEFINED_TRANSFORMATION($,$,#1345,#1450);
#12=ITEM_DEFINED_TRANSFORMATION($,$,#1367,#1451);
#13=(
REPRESENTATION_RELATIONSHIP($,$,#2297,#2296)
REPRESENTATION_RELATIONSHIP_WITH_TRANSFORMATION(#11)
SHAPE_REPRESENTATION_RELATIONSHIP()
);
#14=(
REPRESENTATION_RELATIONSHIP($,$,#2298,#2296)
REPRESENTATION_RELATIONSHIP_WITH_TRANSFORMATION(#12)
SHAPE_REPRESENTATION_RELATIONSHIP()
);
#15=CONTEXT_DEPENDENT_SHAPE_REPRESENTATION(#13,#2294);
#16=CONTEXT_DEPENDENT_SHAPE_REPRESENTATION(#14,#2295);
#17=NEXT_ASSEMBLY_USAGE_OCCURRENCE('Base-2:1','Base-2:1','Base-2:1',#2300,
#2301,'Base-2:1');
#18=NEXT_ASSEMBLY_USAGE_OCCURRENCE('Terminal:1','Terminal:1',
'Terminal:1',#2300,#2302,'Terminal:1');
#19=B_SPLINE_CURVE_WITH_KNOTS('',3,(#1899,#1900,#1901,#1902,#1903,#1904,
#1905,#1906,#1907,#1908,#1909,#1910,#1911,#1912,#1913,#1914,#1915,#1916,
#1917,#1918,#1919,#1920),.UNSPECIFIED.,.F.,.F.,(4,2,2,2,2,2,2,2,2,2,4),
(0.0292055358467589,0.0325153811352676,0.0358252264237764,0.0387133329591102,
0.0412608183646242,0.0438083037701383,0.0463557891756524,0.0489032745811665,
0.0517913811165002,0.055101226405009,0.0584110716935177),.UNSPECIFIED.);
#20=B_SPLINE_CURVE_WITH_KNOTS('',3,(#1928,#1929,#1930,#1931,#1932,#1933,
#1934,#1935,#1936,#1937,#1938,#1939,#1940,#1941,#1942,#1943,#1944,#1945,
#1946,#1947,#1948,#1949,#1950,#1951,#1952,#1953,#1954,#1955,#1956,#1957),
 .UNSPECIFIED.,.F.,.F.,(4,2,2,2,2,2,2,2,2,2,2,2,2,2,4),(-0.108291000350137,
-0.10775090570953,-0.104840211942354,-0.101929518175177,-0.0993144799755669,
-0.0966994417759564,-0.0942078945124011,-0.0917163472488458,-0.0892247999852905,
-0.0867332527217351,-0.0841182145221246,-0.081503176322514,-0.0785924825553375,
-0.075681788788161,-0.075141694147554),.UNSPECIFIED.);
#21=B_SPLINE_CURVE_WITH_KNOTS('',3,(#1966,#1967,#1968,#1969,#1970,#1971,
#1972,#1973,#1974,#1975,#1976,#1977,#1978,#1979,#1980,#1981,#1982,#1983,
#1984,#1985,#1986,#1987),.UNSPECIFIED.,.F.,.F.,(4,2,2,2,2,2,2,2,2,2,4),
(0.0292055358467589,0.0325153811352676,0.0358252264237764,0.0387133329591101,
0.0412608183646242,0.0438083037701383,0.0463557891756524,0.0489032745811665,
0.0517913811165002,0.055101226405009,0.0584110716935177),.UNSPECIFIED.);
#22=B_SPLINE_CURVE_WITH_KNOTS('',3,(#1995,#1996,#1997,#1998,#1999,#2000,
#2001,#2002,#2003,#2004,#2005,#2006,#2007,#2008,#2009,#2010,#2011,#2012,
#2013,#2014,#2015,#2016,#2017,#2018,#2019,#2020,#2021,#2022,#2023,#2024),
 .UNSPECIFIED.,.F.,.F.,(4,2,2,2,2,2,2,2,2,2,2,2,2,2,4),(-0.108291000350137,
-0.10775090570953,-0.104840211942354,-0.101929518175177,-0.0993144799755669,
-0.0966994417759564,-0.0942078945124011,-0.0917163472488458,-0.0892247999852905,
-0.0867332527217351,-0.0841182145221246,-0.081503176322514,-0.0785924825553375,
-0.075681788788161,-0.075141694147554),.UNSPECIFIED.);
#23=SHAPE_REPRESENTATION_RELATIONSHIP('SRR','None',#2297,#25);
#24=SHAPE_REPRESENTATION_RELATIONSHIP('SRR','None',#2298,#26);
#25=ADVANCED_BREP_SHAPE_REPRESENTATION('',(#27),#2281);
#26=ADVANCED_BREP_SHAPE_REPRESENTATION('',(#28),#2282);
#27=MANIFOLD_SOLID_BREP('Solid2',#1280);
#28=MANIFOLD_SOLID_BREP('Solid2',#1281);
#29=FACE_BOUND('',#170,.T.);
#30=STYLED_ITEM('',(#1307),#1217);
#31=STYLED_ITEM('',(#1306),#27);
#32=STYLED_ITEM('',(#1305),#28);
#33=PLANE('',#1349);
#34=PLANE('',#1350);
#35=PLANE('',#1351);
#36=PLANE('',#1352);
#37=PLANE('',#1353);
#38=PLANE('',#1354);
#39=PLANE('',#1355);
#40=PLANE('',#1356);
#41=PLANE('',#1357);
#42=PLANE('',#1358);
#43=PLANE('',#1359);
#44=PLANE('',#1360);
#45=PLANE('',#1361);
#46=PLANE('',#1362);
#47=PLANE('',#1363);
#48=PLANE('',#1364);
#49=PLANE('',#1365);
#50=PLANE('',#1366);
#51=PLANE('',#1374);
#52=PLANE('',#1376);
#53=PLANE('',#1377);
#54=PLANE('',#1379);
#55=PLANE('',#1381);
#56=PLANE('',#1382);
#57=PLANE('',#1389);
#58=PLANE('',#1395);
#59=PLANE('',#1396);
#60=PLANE('',#1397);
#61=PLANE('',#1401);
#62=PLANE('',#1405);
#63=PLANE('',#1406);
#64=PLANE('',#1407);
#65=PLANE('',#1408);
#66=PLANE('',#1409);
#67=PLANE('',#1413);
#68=PLANE('',#1417);
#69=PLANE('',#1418);
#70=PLANE('',#1419);
#71=PLANE('',#1422);
#72=PLANE('',#1425);
#73=PLANE('',#1426);
#74=PLANE('',#1429);
#75=PLANE('',#1430);
#76=PLANE('',#1431);
#77=PLANE('',#1432);
#78=PLANE('',#1433);
#79=PLANE('',#1434);
#80=PLANE('',#1435);
#81=PLANE('',#1436);
#82=PLANE('',#1437);
#83=PLANE('',#1438);
#84=PLANE('',#1439);
#85=PLANE('',#1442);
#86=PLANE('',#1443);
#87=PLANE('',#1444);
#88=PLANE('',#1447);
#89=PLANE('',#1448);
#90=PLANE('',#1449);
#91=FACE_OUTER_BOUND('',#160,.T.);
#92=FACE_OUTER_BOUND('',#161,.T.);
#93=FACE_OUTER_BOUND('',#162,.T.);
#94=FACE_OUTER_BOUND('',#163,.T.);
#95=FACE_OUTER_BOUND('',#164,.T.);
#96=FACE_OUTER_BOUND('',#165,.T.);
#97=FACE_OUTER_BOUND('',#166,.T.);
#98=FACE_OUTER_BOUND('',#167,.T.);
#99=FACE_OUTER_BOUND('',#168,.T.);
#100=FACE_OUTER_BOUND('',#169,.T.);
#101=FACE_OUTER_BOUND('',#171,.T.);
#102=FACE_OUTER_BOUND('',#172,.T.);
#103=FACE_OUTER_BOUND('',#173,.T.);
#104=FACE_OUTER_BOUND('',#174,.T.);
#105=FACE_OUTER_BOUND('',#175,.T.);
#106=FACE_OUTER_BOUND('',#176,.T.);
#107=FACE_OUTER_BOUND('',#177,.T.);
#108=FACE_OUTER_BOUND('',#178,.T.);
#109=FACE_OUTER_BOUND('',#179,.T.);
#110=FACE_OUTER_BOUND('',#180,.T.);
#111=FACE_OUTER_BOUND('',#181,.T.);
#112=FACE_OUTER_BOUND('',#182,.T.);
#113=FACE_OUTER_BOUND('',#183,.T.);
#114=FACE_OUTER_BOUND('',#184,.T.);
#115=FACE_OUTER_BOUND('',#185,.T.);
#116=FACE_OUTER_BOUND('',#186,.T.);
#117=FACE_OUTER_BOUND('',#187,.T.);
#118=FACE_OUTER_BOUND('',#188,.T.);
#119=FACE_OUTER_BOUND('',#189,.T.);
#120=FACE_OUTER_BOUND('',#190,.T.);
#121=FACE_OUTER_BOUND('',#191,.T.);
#122=FACE_OUTER_BOUND('',#192,.T.);
#123=FACE_OUTER_BOUND('',#193,.T.);
#124=FACE_OUTER_BOUND('',#194,.T.);
#125=FACE_OUTER_BOUND('',#195,.T.);
#126=FACE_OUTER_BOUND('',#196,.T.);
#127=FACE_OUTER_BOUND('',#197,.T.);
#128=FACE_OUTER_BOUND('',#198,.T.);
#129=FACE_OUTER_BOUND('',#199,.T.);
#130=FACE_OUTER_BOUND('',#200,.T.);
#131=FACE_OUTER_BOUND('',#201,.T.);
#132=FACE_OUTER_BOUND('',#202,.T.);
#133=FACE_OUTER_BOUND('',#203,.T.);
#134=FACE_OUTER_BOUND('',#204,.T.);
#135=FACE_OUTER_BOUND('',#205,.T.);
#136=FACE_OUTER_BOUND('',#206,.T.);
#137=FACE_OUTER_BOUND('',#207,.T.);
#138=FACE_OUTER_BOUND('',#208,.T.);
#139=FACE_OUTER_BOUND('',#209,.T.);
#140=FACE_OUTER_BOUND('',#210,.T.);
#141=FACE_OUTER_BOUND('',#211,.T.);
#142=FACE_OUTER_BOUND('',#212,.T.);
#143=FACE_OUTER_BOUND('',#213,.T.);
#144=FACE_OUTER_BOUND('',#214,.T.);
#145=FACE_OUTER_BOUND('',#215,.T.);
#146=FACE_OUTER_BOUND('',#216,.T.);
#147=FACE_OUTER_BOUND('',#217,.T.);
#148=FACE_OUTER_BOUND('',#218,.T.);
#149=FACE_OUTER_BOUND('',#219,.T.);
#150=FACE_OUTER_BOUND('',#220,.T.);
#151=FACE_OUTER_BOUND('',#221,.T.);
#152=FACE_OUTER_BOUND('',#222,.T.);
#153=FACE_OUTER_BOUND('',#223,.T.);
#154=FACE_OUTER_BOUND('',#224,.T.);
#155=FACE_OUTER_BOUND('',#225,.T.);
#156=FACE_OUTER_BOUND('',#226,.T.);
#157=FACE_OUTER_BOUND('',#227,.T.);
#158=FACE_OUTER_BOUND('',#228,.T.);
#159=FACE_OUTER_BOUND('',#229,.T.);
#160=EDGE_LOOP('',(#840,#841,#842,#843));
#161=EDGE_LOOP('',(#844));
#162=EDGE_LOOP('',(#845,#846,#847,#848));
#163=EDGE_LOOP('',(#849,#850,#851,#852));
#164=EDGE_LOOP('',(#853,#854,#855,#856));
#165=EDGE_LOOP('',(#857,#858,#859,#860));
#166=EDGE_LOOP('',(#861,#862,#863,#864));
#167=EDGE_LOOP('',(#865,#866,#867,#868));
#168=EDGE_LOOP('',(#869,#870,#871,#872));
#169=EDGE_LOOP('',(#873,#874,#875,#876));
#170=EDGE_LOOP('',(#877));
#171=EDGE_LOOP('',(#878,#879,#880,#881));
#172=EDGE_LOOP('',(#882,#883,#884,#885));
#173=EDGE_LOOP('',(#886,#887,#888,#889));
#174=EDGE_LOOP('',(#890,#891,#892,#893,#894,#895,#896));
#175=EDGE_LOOP('',(#897,#898,#899,#900));
#176=EDGE_LOOP('',(#901,#902,#903,#904));
#177=EDGE_LOOP('',(#905,#906,#907,#908,#909,#910,#911));
#178=EDGE_LOOP('',(#912,#913,#914,#915));
#179=EDGE_LOOP('',(#916,#917,#918,#919));
#180=EDGE_LOOP('',(#920,#921,#922,#923,#924,#925,#926,#927));
#181=EDGE_LOOP('',(#928,#929,#930,#931,#932,#933,#934,#935));
#182=EDGE_LOOP('',(#936,#937,#938,#939));
#183=EDGE_LOOP('',(#940,#941,#942,#943,#944,#945));
#184=EDGE_LOOP('',(#946,#947,#948,#949));
#185=EDGE_LOOP('',(#950,#951,#952,#953));
#186=EDGE_LOOP('',(#954,#955,#956,#957,#958,#959));
#187=EDGE_LOOP('',(#960,#961,#962,#963));
#188=EDGE_LOOP('',(#964,#965,#966,#967,#968,#969,#970,#971,#972,#973,#974,
#975));
#189=EDGE_LOOP('',(#976,#977,#978,#979,#980,#981,#982,#983,#984,#985,#986,
#987));
#190=EDGE_LOOP('',(#988,#989,#990,#991,#992,#993,#994,#995,#996,#997));
#191=EDGE_LOOP('',(#998,#999,#1000,#1001));
#192=EDGE_LOOP('',(#1002,#1003,#1004,#1005));
#193=EDGE_LOOP('',(#1006,#1007,#1008,#1009,#1010,#1011,#1012,#1013));
#194=EDGE_LOOP('',(#1014,#1015,#1016,#1017,#1018,#1019,#1020,#1021));
#195=EDGE_LOOP('',(#1022,#1023,#1024,#1025));
#196=EDGE_LOOP('',(#1026,#1027,#1028,#1029));
#197=EDGE_LOOP('',(#1030,#1031,#1032,#1033));
#198=EDGE_LOOP('',(#1034,#1035,#1036,#1037));
#199=EDGE_LOOP('',(#1038,#1039,#1040,#1041,#1042,#1043,#1044,#1045));
#200=EDGE_LOOP('',(#1046,#1047,#1048,#1049,#1050,#1051,#1052,#1053));
#201=EDGE_LOOP('',(#1054,#1055,#1056,#1057));
#202=EDGE_LOOP('',(#1058,#1059,#1060,#1061));
#203=EDGE_LOOP('',(#1062,#1063,#1064,#1065));
#204=EDGE_LOOP('',(#1066,#1067,#1068,#1069));
#205=EDGE_LOOP('',(#1070,#1071,#1072,#1073));
#206=EDGE_LOOP('',(#1074,#1075,#1076,#1077));
#207=EDGE_LOOP('',(#1078,#1079,#1080,#1081));
#208=EDGE_LOOP('',(#1082,#1083,#1084,#1085));
#209=EDGE_LOOP('',(#1086,#1087,#1088,#1089));
#210=EDGE_LOOP('',(#1090,#1091,#1092,#1093));
#211=EDGE_LOOP('',(#1094,#1095,#1096,#1097));
#212=EDGE_LOOP('',(#1098,#1099,#1100,#1101,#1102,#1103));
#213=EDGE_LOOP('',(#1104,#1105,#1106,#1107));
#214=EDGE_LOOP('',(#1108,#1109,#1110,#1111));
#215=EDGE_LOOP('',(#1112,#1113,#1114,#1115,#1116,#1117));
#216=EDGE_LOOP('',(#1118,#1119,#1120,#1121));
#217=EDGE_LOOP('',(#1122,#1123,#1124,#1125,#1126,#1127));
#218=EDGE_LOOP('',(#1128,#1129,#1130,#1131));
#219=EDGE_LOOP('',(#1132,#1133,#1134,#1135));
#220=EDGE_LOOP('',(#1136,#1137,#1138,#1139,#1140,#1141));
#221=EDGE_LOOP('',(#1142,#1143,#1144,#1145));
#222=EDGE_LOOP('',(#1146,#1147,#1148,#1149,#1150,#1151,#1152,#1153,#1154,
#1155,#1156,#1157));
#223=EDGE_LOOP('',(#1158,#1159,#1160,#1161));
#224=EDGE_LOOP('',(#1162,#1163,#1164,#1165));
#225=EDGE_LOOP('',(#1166,#1167,#1168,#1169));
#226=EDGE_LOOP('',(#1170,#1171,#1172,#1173,#1174,#1175,#1176,#1177,#1178,
#1179));
#227=EDGE_LOOP('',(#1180,#1181,#1182,#1183));
#228=EDGE_LOOP('',(#1184,#1185,#1186,#1187,#1188,#1189,#1190,#1191,#1192,
#1193,#1194,#1195));
#229=EDGE_LOOP('',(#1196,#1197,#1198,#1199));
#230=LINE('',#1816,#372);
#231=LINE('',#1822,#373);
#232=LINE('',#1824,#374);
#233=LINE('',#1826,#375);
#234=LINE('',#1827,#376);
#235=LINE('',#1830,#377);
#236=LINE('',#1832,#378);
#237=LINE('',#1833,#379);
#238=LINE('',#1836,#380);
#239=LINE('',#1838,#381);
#240=LINE('',#1839,#382);
#241=LINE('',#1841,#383);
#242=LINE('',#1842,#384);
#243=LINE('',#1847,#385);
#244=LINE('',#1849,#386);
#245=LINE('',#1851,#387);
#246=LINE('',#1852,#388);
#247=LINE('',#1855,#389);
#248=LINE('',#1857,#390);
#249=LINE('',#1858,#391);
#250=LINE('',#1861,#392);
#251=LINE('',#1862,#393);
#252=LINE('',#1865,#394);
#253=LINE('',#1866,#395);
#254=LINE('',#1868,#396);
#255=LINE('',#1872,#397);
#256=LINE('',#1874,#398);
#257=LINE('',#1876,#399);
#258=LINE('',#1877,#400);
#259=LINE('',#1879,#401);
#260=LINE('',#1881,#402);
#261=LINE('',#1882,#403);
#262=LINE('',#1883,#404);
#263=LINE('',#1885,#405);
#264=LINE('',#1888,#406);
#265=LINE('',#1889,#407);
#266=LINE('',#1891,#408);
#267=LINE('',#1892,#409);
#268=LINE('',#1922,#410);
#269=LINE('',#1926,#411);
#270=LINE('',#1959,#412);
#271=LINE('',#1962,#413);
#272=LINE('',#1989,#414);
#273=LINE('',#1993,#415);
#274=LINE('',#2026,#416);
#275=LINE('',#2029,#417);
#276=LINE('',#2034,#418);
#277=LINE('',#2035,#419);
#278=LINE('',#2037,#420);
#279=LINE('',#2039,#421);
#280=LINE('',#2040,#422);
#281=LINE('',#2043,#423);
#282=LINE('',#2047,#424);
#283=LINE('',#2049,#425);
#284=LINE('',#2052,#426);
#285=LINE('',#2054,#427);
#286=LINE('',#2055,#428);
#287=LINE('',#2059,#429);
#288=LINE('',#2062,#430);
#289=LINE('',#2066,#431);
#290=LINE('',#2070,#432);
#291=LINE('',#2074,#433);
#292=LINE('',#2077,#434);
#293=LINE('',#2080,#435);
#294=LINE('',#2082,#436);
#295=LINE('',#2083,#437);
#296=LINE('',#2085,#438);
#297=LINE('',#2087,#439);
#298=LINE('',#2088,#440);
#299=LINE('',#2093,#441);
#300=LINE('',#2097,#442);
#301=LINE('',#2101,#443);
#302=LINE('',#2106,#444);
#303=LINE('',#2107,#445);
#304=LINE('',#2108,#446);
#305=LINE('',#2112,#447);
#306=LINE('',#2114,#448);
#307=LINE('',#2116,#449);
#308=LINE('',#2117,#450);
#309=LINE('',#2122,#451);
#310=LINE('',#2125,#452);
#311=LINE('',#2132,#453);
#312=LINE('',#2136,#454);
#313=LINE('',#2139,#455);
#314=LINE('',#2140,#456);
#315=LINE('',#2143,#457);
#316=LINE('',#2144,#458);
#317=LINE('',#2147,#459);
#318=LINE('',#2149,#460);
#319=LINE('',#2150,#461);
#320=LINE('',#2153,#462);
#321=LINE('',#2155,#463);
#322=LINE('',#2156,#464);
#323=LINE('',#2160,#465);
#324=LINE('',#2162,#466);
#325=LINE('',#2164,#467);
#326=LINE('',#2165,#468);
#327=LINE('',#2169,#469);
#328=LINE('',#2173,#470);
#329=LINE('',#2180,#471);
#330=LINE('',#2183,#472);
#331=LINE('',#2185,#473);
#332=LINE('',#2188,#474);
#333=LINE('',#2191,#475);
#334=LINE('',#2192,#476);
#335=LINE('',#2195,#477);
#336=LINE('',#2197,#478);
#337=LINE('',#2198,#479);
#338=LINE('',#2202,#480);
#339=LINE('',#2204,#481);
#340=LINE('',#2205,#482);
#341=LINE('',#2208,#483);
#342=LINE('',#2209,#484);
#343=LINE('',#2211,#485);
#344=LINE('',#2212,#486);
#345=LINE('',#2215,#487);
#346=LINE('',#2218,#488);
#347=LINE('',#2219,#489);
#348=LINE('',#2222,#490);
#349=LINE('',#2224,#491);
#350=LINE('',#2225,#492);
#351=LINE('',#2228,#493);
#352=LINE('',#2229,#494);
#353=LINE('',#2232,#495);
#354=LINE('',#2233,#496);
#355=LINE('',#2235,#497);
#356=LINE('',#2239,#498);
#357=LINE('',#2241,#499);
#358=LINE('',#2242,#500);
#359=LINE('',#2245,#501);
#360=LINE('',#2246,#502);
#361=LINE('',#2249,#503);
#362=LINE('',#2250,#504);
#363=LINE('',#2252,#505);
#364=LINE('',#2255,#506);
#365=LINE('',#2257,#507);
#366=LINE('',#2258,#508);
#367=LINE('',#2261,#509);
#368=LINE('',#2263,#510);
#369=LINE('',#2267,#511);
#370=LINE('',#2270,#512);
#371=LINE('',#2272,#513);
#372=VECTOR('',#1460,0.45);
#373=VECTOR('',#1467,10.);
#374=VECTOR('',#1468,10.);
#375=VECTOR('',#1469,10.);
#376=VECTOR('',#1470,10.);
#377=VECTOR('',#1473,10.);
#378=VECTOR('',#1474,10.);
#379=VECTOR('',#1475,10.);
#380=VECTOR('',#1478,10.);
#381=VECTOR('',#1479,10.);
#382=VECTOR('',#1480,10.);
#383=VECTOR('',#1483,10.);
#384=VECTOR('',#1484,10.);
#385=VECTOR('',#1489,10.);
#386=VECTOR('',#1490,10.);
#387=VECTOR('',#1491,10.);
#388=VECTOR('',#1492,10.);
#389=VECTOR('',#1495,10.);
#390=VECTOR('',#1496,10.);
#391=VECTOR('',#1497,10.);
#392=VECTOR('',#1500,10.);
#393=VECTOR('',#1501,10.);
#394=VECTOR('',#1504,10.);
#395=VECTOR('',#1505,10.);
#396=VECTOR('',#1508,10.);
#397=VECTOR('',#1511,10.);
#398=VECTOR('',#1512,10.);
#399=VECTOR('',#1513,10.);
#400=VECTOR('',#1514,10.);
#401=VECTOR('',#1517,10.);
#402=VECTOR('',#1518,10.);
#403=VECTOR('',#1519,10.);
#404=VECTOR('',#1520,10.);
#405=VECTOR('',#1523,10.);
#406=VECTOR('',#1526,10.);
#407=VECTOR('',#1527,10.);
#408=VECTOR('',#1530,10.);
#409=VECTOR('',#1531,10.);
#410=VECTOR('',#1540,10.);
#411=VECTOR('',#1543,10.);
#412=VECTOR('',#1544,10.);
#413=VECTOR('',#1547,10.);
#414=VECTOR('',#1550,10.);
#415=VECTOR('',#1553,10.);
#416=VECTOR('',#1554,10.);
#417=VECTOR('',#1557,10.);
#418=VECTOR('',#1562,10.);
#419=VECTOR('',#1563,10.);
#420=VECTOR('',#1566,10.);
#421=VECTOR('',#1567,10.);
#422=VECTOR('',#1568,10.);
#423=VECTOR('',#1571,10.);
#424=VECTOR('',#1576,10.);
#425=VECTOR('',#1577,10.);
#426=VECTOR('',#1582,10.);
#427=VECTOR('',#1583,10.);
#428=VECTOR('',#1584,10.);
#429=VECTOR('',#1589,10.);
#430=VECTOR('',#1592,10.);
#431=VECTOR('',#1595,10.);
#432=VECTOR('',#1598,10.);
#433=VECTOR('',#1601,10.);
#434=VECTOR('',#1604,10.);
#435=VECTOR('',#1607,10.);
#436=VECTOR('',#1608,10.);
#437=VECTOR('',#1609,10.);
#438=VECTOR('',#1610,10.);
#439=VECTOR('',#1611,10.);
#440=VECTOR('',#1612,10.);
#441=VECTOR('',#1617,10.);
#442=VECTOR('',#1620,10.);
#443=VECTOR('',#1623,10.);
#444=VECTOR('',#1628,10.);
#445=VECTOR('',#1629,10.);
#446=VECTOR('',#1630,10.);
#447=VECTOR('',#1633,10.);
#448=VECTOR('',#1634,10.);
#449=VECTOR('',#1635,10.);
#450=VECTOR('',#1636,10.);
#451=VECTOR('',#1641,10.);
#452=VECTOR('',#1644,10.);
#453=VECTOR('',#1651,10.);
#454=VECTOR('',#1654,10.);
#455=VECTOR('',#1657,10.);
#456=VECTOR('',#1658,10.);
#457=VECTOR('',#1661,10.);
#458=VECTOR('',#1662,10.);
#459=VECTOR('',#1665,10.);
#460=VECTOR('',#1666,10.);
#461=VECTOR('',#1667,10.);
#462=VECTOR('',#1670,10.);
#463=VECTOR('',#1671,10.);
#464=VECTOR('',#1672,10.);
#465=VECTOR('',#1675,10.);
#466=VECTOR('',#1676,10.);
#467=VECTOR('',#1677,10.);
#468=VECTOR('',#1678,10.);
#469=VECTOR('',#1683,10.);
#470=VECTOR('',#1686,10.);
#471=VECTOR('',#1693,10.);
#472=VECTOR('',#1696,10.);
#473=VECTOR('',#1697,10.);
#474=VECTOR('',#1700,10.);
#475=VECTOR('',#1703,10.);
#476=VECTOR('',#1704,10.);
#477=VECTOR('',#1707,10.);
#478=VECTOR('',#1708,10.);
#479=VECTOR('',#1709,10.);
#480=VECTOR('',#1714,10.);
#481=VECTOR('',#1717,10.);
#482=VECTOR('',#1718,10.);
#483=VECTOR('',#1723,10.);
#484=VECTOR('',#1724,10.);
#485=VECTOR('',#1727,10.);
#486=VECTOR('',#1728,10.);
#487=VECTOR('',#1733,10.);
#488=VECTOR('',#1738,10.);
#489=VECTOR('',#1739,10.);
#490=VECTOR('',#1742,0.0939999999999999);
#491=VECTOR('',#1743,10.);
#492=VECTOR('',#1744,0.0939999999999999);
#493=VECTOR('',#1747,0.0939999999999999);
#494=VECTOR('',#1748,10.);
#495=VECTOR('',#1751,10.);
#496=VECTOR('',#1752,10.);
#497=VECTOR('',#1755,10.);
#498=VECTOR('',#1760,0.0939999999999999);
#499=VECTOR('',#1761,10.);
#500=VECTOR('',#1762,0.0939999999999999);
#501=VECTOR('',#1765,0.0939999999999999);
#502=VECTOR('',#1766,10.);
#503=VECTOR('',#1769,10.);
#504=VECTOR('',#1770,10.);
#505=VECTOR('',#1773,10.);
#506=VECTOR('',#1778,10.);
#507=VECTOR('',#1781,10.);
#508=VECTOR('',#1782,10.);
#509=VECTOR('',#1785,10.);
#510=VECTOR('',#1788,10.);
#511=VECTOR('',#1795,10.);
#512=VECTOR('',#1800,10.);
#513=VECTOR('',#1803,10.);
#514=CIRCLE('',#1347,0.45);
#515=CIRCLE('',#1348,0.45);
#516=CIRCLE('',#1369,0.1);
#517=CIRCLE('',#1370,0.1);
#518=CIRCLE('',#1372,0.1);
#519=CIRCLE('',#1373,0.1);
#520=CIRCLE('',#1375,0.2);
#521=CIRCLE('',#1378,0.2);
#522=CIRCLE('',#1380,0.2);
#523=CIRCLE('',#1383,0.2);
#524=CIRCLE('',#1385,0.2);
#525=CIRCLE('',#1386,0.2);
#526=CIRCLE('',#1387,0.2);
#527=CIRCLE('',#1388,0.2);
#528=CIRCLE('',#1391,0.1);
#529=CIRCLE('',#1392,0.1);
#530=CIRCLE('',#1393,0.1);
#531=CIRCLE('',#1394,0.1);
#532=CIRCLE('',#1398,0.0499999999999999);
#533=CIRCLE('',#1399,0.1);
#534=CIRCLE('',#1400,0.15);
#535=CIRCLE('',#1402,0.0500000000000001);
#536=CIRCLE('',#1403,0.15);
#537=CIRCLE('',#1404,0.2);
#538=CIRCLE('',#1410,0.0500000000000001);
#539=CIRCLE('',#1411,0.2);
#540=CIRCLE('',#1412,0.15);
#541=CIRCLE('',#1414,0.0499999999999999);
#542=CIRCLE('',#1415,0.15);
#543=CIRCLE('',#1416,0.1);
#544=CIRCLE('',#1420,0.2);
#545=CIRCLE('',#1427,0.0999999999999998);
#546=CIRCLE('',#1441,0.2);
#547=CIRCLE('',#1445,0.1);
#548=VERTEX_POINT('',#1813);
#549=VERTEX_POINT('',#1815);
#550=VERTEX_POINT('',#1820);
#551=VERTEX_POINT('',#1821);
#552=VERTEX_POINT('',#1823);
#553=VERTEX_POINT('',#1825);
#554=VERTEX_POINT('',#1829);
#555=VERTEX_POINT('',#1831);
#556=VERTEX_POINT('',#1835);
#557=VERTEX_POINT('',#1837);
#558=VERTEX_POINT('',#1845);
#559=VERTEX_POINT('',#1846);
#560=VERTEX_POINT('',#1848);
#561=VERTEX_POINT('',#1850);
#562=VERTEX_POINT('',#1854);
#563=VERTEX_POINT('',#1856);
#564=VERTEX_POINT('',#1860);
#565=VERTEX_POINT('',#1864);
#566=VERTEX_POINT('',#1870);
#567=VERTEX_POINT('',#1871);
#568=VERTEX_POINT('',#1873);
#569=VERTEX_POINT('',#1875);
#570=VERTEX_POINT('',#1880);
#571=VERTEX_POINT('',#1887);
#572=VERTEX_POINT('',#1897);
#573=VERTEX_POINT('',#1898);
#574=VERTEX_POINT('',#1921);
#575=VERTEX_POINT('',#1923);
#576=VERTEX_POINT('',#1925);
#577=VERTEX_POINT('',#1927);
#578=VERTEX_POINT('',#1958);
#579=VERTEX_POINT('',#1960);
#580=VERTEX_POINT('',#1964);
#581=VERTEX_POINT('',#1965);
#582=VERTEX_POINT('',#1988);
#583=VERTEX_POINT('',#1990);
#584=VERTEX_POINT('',#1992);
#585=VERTEX_POINT('',#1994);
#586=VERTEX_POINT('',#2025);
#587=VERTEX_POINT('',#2027);
#588=VERTEX_POINT('',#2031);
#589=VERTEX_POINT('',#2033);
#590=VERTEX_POINT('',#2038);
#591=VERTEX_POINT('',#2042);
#592=VERTEX_POINT('',#2046);
#593=VERTEX_POINT('',#2048);
#594=VERTEX_POINT('',#2053);
#595=VERTEX_POINT('',#2057);
#596=VERTEX_POINT('',#2061);
#597=VERTEX_POINT('',#2063);
#598=VERTEX_POINT('',#2065);
#599=VERTEX_POINT('',#2067);
#600=VERTEX_POINT('',#2069);
#601=VERTEX_POINT('',#2071);
#602=VERTEX_POINT('',#2073);
#603=VERTEX_POINT('',#2075);
#604=VERTEX_POINT('',#2079);
#605=VERTEX_POINT('',#2081);
#606=VERTEX_POINT('',#2084);
#607=VERTEX_POINT('',#2086);
#608=VERTEX_POINT('',#2090);
#609=VERTEX_POINT('',#2092);
#610=VERTEX_POINT('',#2094);
#611=VERTEX_POINT('',#2096);
#612=VERTEX_POINT('',#2098);
#613=VERTEX_POINT('',#2100);
#614=VERTEX_POINT('',#2104);
#615=VERTEX_POINT('',#2105);
#616=VERTEX_POINT('',#2110);
#617=VERTEX_POINT('',#2111);
#618=VERTEX_POINT('',#2113);
#619=VERTEX_POINT('',#2115);
#620=VERTEX_POINT('',#2119);
#621=VERTEX_POINT('',#2121);
#622=VERTEX_POINT('',#2124);
#623=VERTEX_POINT('',#2128);
#624=VERTEX_POINT('',#2129);
#625=VERTEX_POINT('',#2131);
#626=VERTEX_POINT('',#2133);
#627=VERTEX_POINT('',#2135);
#628=VERTEX_POINT('',#2137);
#629=VERTEX_POINT('',#2142);
#630=VERTEX_POINT('',#2146);
#631=VERTEX_POINT('',#2148);
#632=VERTEX_POINT('',#2152);
#633=VERTEX_POINT('',#2154);
#634=VERTEX_POINT('',#2158);
#635=VERTEX_POINT('',#2159);
#636=VERTEX_POINT('',#2161);
#637=VERTEX_POINT('',#2163);
#638=VERTEX_POINT('',#2167);
#639=VERTEX_POINT('',#2170);
#640=VERTEX_POINT('',#2172);
#641=VERTEX_POINT('',#2176);
#642=VERTEX_POINT('',#2177);
#643=VERTEX_POINT('',#2179);
#644=VERTEX_POINT('',#2181);
#645=VERTEX_POINT('',#2184);
#646=VERTEX_POINT('',#2186);
#647=VERTEX_POINT('',#2190);
#648=VERTEX_POINT('',#2194);
#649=VERTEX_POINT('',#2196);
#650=VERTEX_POINT('',#2200);
#651=VERTEX_POINT('',#2221);
#652=VERTEX_POINT('',#2223);
#653=VERTEX_POINT('',#2227);
#654=VERTEX_POINT('',#2231);
#655=VERTEX_POINT('',#2238);
#656=VERTEX_POINT('',#2240);
#657=VERTEX_POINT('',#2244);
#658=VERTEX_POINT('',#2248);
#659=VERTEX_POINT('',#2259);
#660=EDGE_CURVE('',#548,#548,#514,.T.);
#661=EDGE_CURVE('',#548,#549,#230,.T.);
#662=EDGE_CURVE('',#549,#549,#515,.T.);
#663=EDGE_CURVE('',#550,#551,#231,.T.);
#664=EDGE_CURVE('',#550,#552,#232,.T.);
#665=EDGE_CURVE('',#552,#553,#233,.T.);
#666=EDGE_CURVE('',#551,#553,#234,.T.);
#667=EDGE_CURVE('',#554,#550,#235,.T.);
#668=EDGE_CURVE('',#554,#555,#236,.T.);
#669=EDGE_CURVE('',#555,#552,#237,.T.);
#670=EDGE_CURVE('',#556,#554,#238,.T.);
#671=EDGE_CURVE('',#556,#557,#239,.T.);
#672=EDGE_CURVE('',#557,#555,#240,.T.);
#673=EDGE_CURVE('',#551,#556,#241,.T.);
#674=EDGE_CURVE('',#553,#557,#242,.T.);
#675=EDGE_CURVE('',#558,#559,#243,.T.);
#676=EDGE_CURVE('',#559,#560,#244,.T.);
#677=EDGE_CURVE('',#560,#561,#245,.T.);
#678=EDGE_CURVE('',#558,#561,#246,.T.);
#679=EDGE_CURVE('',#560,#562,#247,.T.);
#680=EDGE_CURVE('',#562,#563,#248,.T.);
#681=EDGE_CURVE('',#563,#561,#249,.T.);
#682=EDGE_CURVE('',#564,#559,#250,.T.);
#683=EDGE_CURVE('',#562,#564,#251,.T.);
#684=EDGE_CURVE('',#564,#565,#252,.T.);
#685=EDGE_CURVE('',#563,#565,#253,.T.);
#686=EDGE_CURVE('',#558,#565,#254,.T.);
#687=EDGE_CURVE('',#566,#567,#255,.T.);
#688=EDGE_CURVE('',#567,#568,#256,.T.);
#689=EDGE_CURVE('',#568,#569,#257,.T.);
#690=EDGE_CURVE('',#569,#566,#258,.T.);
#691=EDGE_CURVE('',#568,#551,#259,.T.);
#692=EDGE_CURVE('',#556,#570,#260,.T.);
#693=EDGE_CURVE('',#570,#558,#261,.T.);
#694=EDGE_CURVE('',#561,#569,#262,.T.);
#695=EDGE_CURVE('',#550,#567,#263,.T.);
#696=EDGE_CURVE('',#554,#571,#264,.T.);
#697=EDGE_CURVE('',#571,#570,#265,.T.);
#698=EDGE_CURVE('',#566,#563,#266,.T.);
#699=EDGE_CURVE('',#565,#571,#267,.T.);
#700=EDGE_CURVE('',#572,#573,#19,.F.);
#701=EDGE_CURVE('',#572,#574,#268,.T.);
#702=EDGE_CURVE('',#575,#574,#516,.T.);
#703=EDGE_CURVE('',#575,#576,#269,.T.);
#704=EDGE_CURVE('',#576,#577,#20,.T.);
#705=EDGE_CURVE('',#577,#578,#270,.T.);
#706=EDGE_CURVE('',#579,#578,#517,.T.);
#707=EDGE_CURVE('',#573,#579,#271,.F.);
#708=EDGE_CURVE('',#580,#581,#21,.F.);
#709=EDGE_CURVE('',#580,#582,#272,.T.);
#710=EDGE_CURVE('',#583,#582,#518,.T.);
#711=EDGE_CURVE('',#583,#584,#273,.T.);
#712=EDGE_CURVE('',#584,#585,#22,.T.);
#713=EDGE_CURVE('',#585,#586,#274,.T.);
#714=EDGE_CURVE('',#587,#586,#519,.T.);
#715=EDGE_CURVE('',#581,#587,#275,.F.);
#716=EDGE_CURVE('',#588,#577,#520,.T.);
#717=EDGE_CURVE('',#589,#588,#276,.T.);
#718=EDGE_CURVE('',#589,#578,#277,.T.);
#719=EDGE_CURVE('',#579,#574,#278,.T.);
#720=EDGE_CURVE('',#590,#589,#279,.T.);
#721=EDGE_CURVE('',#590,#575,#280,.T.);
#722=EDGE_CURVE('',#591,#590,#281,.T.);
#723=EDGE_CURVE('',#576,#591,#521,.T.);
#724=EDGE_CURVE('',#592,#583,#282,.T.);
#725=EDGE_CURVE('',#593,#592,#283,.T.);
#726=EDGE_CURVE('',#584,#593,#522,.T.);
#727=EDGE_CURVE('',#587,#582,#284,.T.);
#728=EDGE_CURVE('',#594,#586,#285,.T.);
#729=EDGE_CURVE('',#592,#594,#286,.T.);
#730=EDGE_CURVE('',#595,#585,#523,.T.);
#731=EDGE_CURVE('',#594,#595,#287,.T.);
#732=EDGE_CURVE('',#596,#591,#288,.T.);
#733=EDGE_CURVE('',#597,#596,#524,.T.);
#734=EDGE_CURVE('',#597,#598,#289,.T.);
#735=EDGE_CURVE('',#598,#599,#525,.T.);
#736=EDGE_CURVE('',#600,#599,#290,.T.);
#737=EDGE_CURVE('',#600,#601,#526,.T.);
#738=EDGE_CURVE('',#601,#602,#291,.T.);
#739=EDGE_CURVE('',#603,#602,#527,.T.);
#740=EDGE_CURVE('',#588,#603,#292,.T.);
#741=EDGE_CURVE('',#572,#604,#293,.T.);
#742=EDGE_CURVE('',#605,#604,#294,.T.);
#743=EDGE_CURVE('',#605,#581,#295,.T.);
#744=EDGE_CURVE('',#580,#606,#296,.T.);
#745=EDGE_CURVE('',#607,#606,#297,.T.);
#746=EDGE_CURVE('',#607,#573,#298,.T.);
#747=EDGE_CURVE('',#608,#605,#528,.T.);
#748=EDGE_CURVE('',#608,#609,#299,.T.);
#749=EDGE_CURVE('',#609,#610,#529,.T.);
#750=EDGE_CURVE('',#611,#610,#300,.T.);
#751=EDGE_CURVE('',#611,#612,#530,.T.);
#752=EDGE_CURVE('',#612,#613,#301,.T.);
#753=EDGE_CURVE('',#613,#606,#531,.T.);
#754=EDGE_CURVE('',#614,#615,#302,.T.);
#755=EDGE_CURVE('',#602,#614,#303,.T.);
#756=EDGE_CURVE('',#615,#601,#304,.T.);
#757=EDGE_CURVE('',#616,#617,#305,.T.);
#758=EDGE_CURVE('',#618,#616,#306,.T.);
#759=EDGE_CURVE('',#619,#618,#307,.T.);
#760=EDGE_CURVE('',#617,#619,#308,.T.);
#761=EDGE_CURVE('',#620,#616,#532,.T.);
#762=EDGE_CURVE('',#621,#620,#309,.T.);
#763=EDGE_CURVE('',#615,#621,#533,.T.);
#764=EDGE_CURVE('',#622,#600,#310,.T.);
#765=EDGE_CURVE('',#618,#622,#534,.T.);
#766=EDGE_CURVE('',#623,#624,#535,.T.);
#767=EDGE_CURVE('',#625,#623,#311,.T.);
#768=EDGE_CURVE('',#626,#625,#536,.T.);
#769=EDGE_CURVE('',#627,#626,#312,.T.);
#770=EDGE_CURVE('',#628,#627,#537,.T.);
#771=EDGE_CURVE('',#612,#628,#313,.T.);
#772=EDGE_CURVE('',#624,#611,#314,.T.);
#773=EDGE_CURVE('',#629,#628,#315,.T.);
#774=EDGE_CURVE('',#613,#629,#316,.T.);
#775=EDGE_CURVE('',#630,#623,#317,.T.);
#776=EDGE_CURVE('',#631,#630,#318,.T.);
#777=EDGE_CURVE('',#625,#631,#319,.T.);
#778=EDGE_CURVE('',#632,#608,#320,.T.);
#779=EDGE_CURVE('',#633,#632,#321,.T.);
#780=EDGE_CURVE('',#609,#633,#322,.T.);
#781=EDGE_CURVE('',#634,#635,#323,.T.);
#782=EDGE_CURVE('',#636,#634,#324,.T.);
#783=EDGE_CURVE('',#637,#636,#325,.T.);
#784=EDGE_CURVE('',#635,#637,#326,.T.);
#785=EDGE_CURVE('',#638,#634,#538,.T.);
#786=EDGE_CURVE('',#610,#638,#327,.T.);
#787=EDGE_CURVE('',#639,#633,#539,.T.);
#788=EDGE_CURVE('',#640,#639,#328,.T.);
#789=EDGE_CURVE('',#636,#640,#540,.T.);
#790=EDGE_CURVE('',#641,#642,#541,.T.);
#791=EDGE_CURVE('',#643,#641,#329,.T.);
#792=EDGE_CURVE('',#644,#643,#542,.T.);
#793=EDGE_CURVE('',#599,#644,#330,.T.);
#794=EDGE_CURVE('',#645,#598,#331,.T.);
#795=EDGE_CURVE('',#646,#645,#543,.T.);
#796=EDGE_CURVE('',#642,#646,#332,.T.);
#797=EDGE_CURVE('',#645,#647,#333,.T.);
#798=EDGE_CURVE('',#647,#597,#334,.T.);
#799=EDGE_CURVE('',#648,#641,#335,.T.);
#800=EDGE_CURVE('',#649,#648,#336,.T.);
#801=EDGE_CURVE('',#643,#649,#337,.T.);
#802=EDGE_CURVE('',#629,#650,#544,.T.);
#803=EDGE_CURVE('',#606,#650,#338,.T.);
#804=EDGE_CURVE('',#638,#624,#339,.T.);
#805=EDGE_CURVE('',#623,#634,#340,.T.);
#806=EDGE_CURVE('',#641,#616,#341,.T.);
#807=EDGE_CURVE('',#620,#642,#342,.T.);
#808=EDGE_CURVE('',#644,#622,#343,.T.);
#809=EDGE_CURVE('',#618,#643,#344,.T.);
#810=EDGE_CURVE('',#604,#596,#345,.T.);
#811=EDGE_CURVE('',#647,#604,#545,.T.);
#812=EDGE_CURVE('',#636,#625,#346,.T.);
#813=EDGE_CURVE('',#626,#640,#347,.T.);
#814=EDGE_CURVE('',#651,#630,#348,.T.);
#815=EDGE_CURVE('',#651,#652,#349,.T.);
#816=EDGE_CURVE('',#652,#631,#350,.T.);
#817=EDGE_CURVE('',#653,#635,#351,.T.);
#818=EDGE_CURVE('',#653,#651,#352,.T.);
#819=EDGE_CURVE('',#637,#654,#353,.T.);
#820=EDGE_CURVE('',#653,#654,#354,.T.);
#821=EDGE_CURVE('',#654,#652,#355,.T.);
#822=EDGE_CURVE('',#655,#648,#356,.T.);
#823=EDGE_CURVE('',#655,#656,#357,.T.);
#824=EDGE_CURVE('',#656,#649,#358,.T.);
#825=EDGE_CURVE('',#657,#617,#359,.T.);
#826=EDGE_CURVE('',#657,#655,#360,.T.);
#827=EDGE_CURVE('',#619,#658,#361,.T.);
#828=EDGE_CURVE('',#657,#658,#362,.T.);
#829=EDGE_CURVE('',#658,#656,#363,.T.);
#830=EDGE_CURVE('',#646,#621,#364,.T.);
#831=EDGE_CURVE('',#650,#593,#365,.T.);
#832=EDGE_CURVE('',#639,#627,#366,.T.);
#833=EDGE_CURVE('',#659,#632,#546,.T.);
#834=EDGE_CURVE('',#595,#659,#367,.T.);
#835=EDGE_CURVE('',#659,#605,#368,.T.);
#836=EDGE_CURVE('',#614,#607,#547,.T.);
#837=EDGE_CURVE('',#603,#607,#369,.T.);
#838=EDGE_CURVE('',#603,#650,#370,.T.);
#839=EDGE_CURVE('',#659,#596,#371,.T.);
#840=ORIENTED_EDGE('',*,*,#660,.F.);
#841=ORIENTED_EDGE('',*,*,#661,.T.);
#842=ORIENTED_EDGE('',*,*,#662,.F.);
#843=ORIENTED_EDGE('',*,*,#661,.F.);
#844=ORIENTED_EDGE('',*,*,#660,.T.);
#845=ORIENTED_EDGE('',*,*,#663,.F.);
#846=ORIENTED_EDGE('',*,*,#664,.T.);
#847=ORIENTED_EDGE('',*,*,#665,.T.);
#848=ORIENTED_EDGE('',*,*,#666,.F.);
#849=ORIENTED_EDGE('',*,*,#667,.F.);
#850=ORIENTED_EDGE('',*,*,#668,.T.);
#851=ORIENTED_EDGE('',*,*,#669,.T.);
#852=ORIENTED_EDGE('',*,*,#664,.F.);
#853=ORIENTED_EDGE('',*,*,#670,.F.);
#854=ORIENTED_EDGE('',*,*,#671,.T.);
#855=ORIENTED_EDGE('',*,*,#672,.T.);
#856=ORIENTED_EDGE('',*,*,#668,.F.);
#857=ORIENTED_EDGE('',*,*,#673,.F.);
#858=ORIENTED_EDGE('',*,*,#666,.T.);
#859=ORIENTED_EDGE('',*,*,#674,.T.);
#860=ORIENTED_EDGE('',*,*,#671,.F.);
#861=ORIENTED_EDGE('',*,*,#674,.F.);
#862=ORIENTED_EDGE('',*,*,#665,.F.);
#863=ORIENTED_EDGE('',*,*,#669,.F.);
#864=ORIENTED_EDGE('',*,*,#672,.F.);
#865=ORIENTED_EDGE('',*,*,#675,.T.);
#866=ORIENTED_EDGE('',*,*,#676,.T.);
#867=ORIENTED_EDGE('',*,*,#677,.T.);
#868=ORIENTED_EDGE('',*,*,#678,.F.);
#869=ORIENTED_EDGE('',*,*,#677,.F.);
#870=ORIENTED_EDGE('',*,*,#679,.T.);
#871=ORIENTED_EDGE('',*,*,#680,.T.);
#872=ORIENTED_EDGE('',*,*,#681,.T.);
#873=ORIENTED_EDGE('',*,*,#676,.F.);
#874=ORIENTED_EDGE('',*,*,#682,.F.);
#875=ORIENTED_EDGE('',*,*,#683,.F.);
#876=ORIENTED_EDGE('',*,*,#679,.F.);
#877=ORIENTED_EDGE('',*,*,#662,.T.);
#878=ORIENTED_EDGE('',*,*,#680,.F.);
#879=ORIENTED_EDGE('',*,*,#683,.T.);
#880=ORIENTED_EDGE('',*,*,#684,.T.);
#881=ORIENTED_EDGE('',*,*,#685,.F.);
#882=ORIENTED_EDGE('',*,*,#675,.F.);
#883=ORIENTED_EDGE('',*,*,#686,.T.);
#884=ORIENTED_EDGE('',*,*,#684,.F.);
#885=ORIENTED_EDGE('',*,*,#682,.T.);
#886=ORIENTED_EDGE('',*,*,#687,.T.);
#887=ORIENTED_EDGE('',*,*,#688,.T.);
#888=ORIENTED_EDGE('',*,*,#689,.T.);
#889=ORIENTED_EDGE('',*,*,#690,.T.);
#890=ORIENTED_EDGE('',*,*,#689,.F.);
#891=ORIENTED_EDGE('',*,*,#691,.T.);
#892=ORIENTED_EDGE('',*,*,#673,.T.);
#893=ORIENTED_EDGE('',*,*,#692,.T.);
#894=ORIENTED_EDGE('',*,*,#693,.T.);
#895=ORIENTED_EDGE('',*,*,#678,.T.);
#896=ORIENTED_EDGE('',*,*,#694,.T.);
#897=ORIENTED_EDGE('',*,*,#663,.T.);
#898=ORIENTED_EDGE('',*,*,#691,.F.);
#899=ORIENTED_EDGE('',*,*,#688,.F.);
#900=ORIENTED_EDGE('',*,*,#695,.F.);
#901=ORIENTED_EDGE('',*,*,#692,.F.);
#902=ORIENTED_EDGE('',*,*,#670,.T.);
#903=ORIENTED_EDGE('',*,*,#696,.T.);
#904=ORIENTED_EDGE('',*,*,#697,.T.);
#905=ORIENTED_EDGE('',*,*,#687,.F.);
#906=ORIENTED_EDGE('',*,*,#698,.T.);
#907=ORIENTED_EDGE('',*,*,#685,.T.);
#908=ORIENTED_EDGE('',*,*,#699,.T.);
#909=ORIENTED_EDGE('',*,*,#696,.F.);
#910=ORIENTED_EDGE('',*,*,#667,.T.);
#911=ORIENTED_EDGE('',*,*,#695,.T.);
#912=ORIENTED_EDGE('',*,*,#698,.F.);
#913=ORIENTED_EDGE('',*,*,#690,.F.);
#914=ORIENTED_EDGE('',*,*,#694,.F.);
#915=ORIENTED_EDGE('',*,*,#681,.F.);
#916=ORIENTED_EDGE('',*,*,#693,.F.);
#917=ORIENTED_EDGE('',*,*,#697,.F.);
#918=ORIENTED_EDGE('',*,*,#699,.F.);
#919=ORIENTED_EDGE('',*,*,#686,.F.);
#920=ORIENTED_EDGE('',*,*,#700,.F.);
#921=ORIENTED_EDGE('',*,*,#701,.T.);
#922=ORIENTED_EDGE('',*,*,#702,.F.);
#923=ORIENTED_EDGE('',*,*,#703,.T.);
#924=ORIENTED_EDGE('',*,*,#704,.T.);
#925=ORIENTED_EDGE('',*,*,#705,.T.);
#926=ORIENTED_EDGE('',*,*,#706,.F.);
#927=ORIENTED_EDGE('',*,*,#707,.F.);
#928=ORIENTED_EDGE('',*,*,#708,.F.);
#929=ORIENTED_EDGE('',*,*,#709,.T.);
#930=ORIENTED_EDGE('',*,*,#710,.F.);
#931=ORIENTED_EDGE('',*,*,#711,.T.);
#932=ORIENTED_EDGE('',*,*,#712,.T.);
#933=ORIENTED_EDGE('',*,*,#713,.T.);
#934=ORIENTED_EDGE('',*,*,#714,.F.);
#935=ORIENTED_EDGE('',*,*,#715,.F.);
#936=ORIENTED_EDGE('',*,*,#705,.F.);
#937=ORIENTED_EDGE('',*,*,#716,.F.);
#938=ORIENTED_EDGE('',*,*,#717,.F.);
#939=ORIENTED_EDGE('',*,*,#718,.T.);
#940=ORIENTED_EDGE('',*,*,#702,.T.);
#941=ORIENTED_EDGE('',*,*,#719,.F.);
#942=ORIENTED_EDGE('',*,*,#706,.T.);
#943=ORIENTED_EDGE('',*,*,#718,.F.);
#944=ORIENTED_EDGE('',*,*,#720,.F.);
#945=ORIENTED_EDGE('',*,*,#721,.T.);
#946=ORIENTED_EDGE('',*,*,#703,.F.);
#947=ORIENTED_EDGE('',*,*,#721,.F.);
#948=ORIENTED_EDGE('',*,*,#722,.F.);
#949=ORIENTED_EDGE('',*,*,#723,.F.);
#950=ORIENTED_EDGE('',*,*,#711,.F.);
#951=ORIENTED_EDGE('',*,*,#724,.F.);
#952=ORIENTED_EDGE('',*,*,#725,.F.);
#953=ORIENTED_EDGE('',*,*,#726,.F.);
#954=ORIENTED_EDGE('',*,*,#710,.T.);
#955=ORIENTED_EDGE('',*,*,#727,.F.);
#956=ORIENTED_EDGE('',*,*,#714,.T.);
#957=ORIENTED_EDGE('',*,*,#728,.F.);
#958=ORIENTED_EDGE('',*,*,#729,.F.);
#959=ORIENTED_EDGE('',*,*,#724,.T.);
#960=ORIENTED_EDGE('',*,*,#713,.F.);
#961=ORIENTED_EDGE('',*,*,#730,.F.);
#962=ORIENTED_EDGE('',*,*,#731,.F.);
#963=ORIENTED_EDGE('',*,*,#728,.T.);
#964=ORIENTED_EDGE('',*,*,#716,.T.);
#965=ORIENTED_EDGE('',*,*,#704,.F.);
#966=ORIENTED_EDGE('',*,*,#723,.T.);
#967=ORIENTED_EDGE('',*,*,#732,.F.);
#968=ORIENTED_EDGE('',*,*,#733,.F.);
#969=ORIENTED_EDGE('',*,*,#734,.T.);
#970=ORIENTED_EDGE('',*,*,#735,.T.);
#971=ORIENTED_EDGE('',*,*,#736,.F.);
#972=ORIENTED_EDGE('',*,*,#737,.T.);
#973=ORIENTED_EDGE('',*,*,#738,.T.);
#974=ORIENTED_EDGE('',*,*,#739,.F.);
#975=ORIENTED_EDGE('',*,*,#740,.F.);
#976=ORIENTED_EDGE('',*,*,#719,.T.);
#977=ORIENTED_EDGE('',*,*,#701,.F.);
#978=ORIENTED_EDGE('',*,*,#741,.T.);
#979=ORIENTED_EDGE('',*,*,#742,.F.);
#980=ORIENTED_EDGE('',*,*,#743,.T.);
#981=ORIENTED_EDGE('',*,*,#715,.T.);
#982=ORIENTED_EDGE('',*,*,#727,.T.);
#983=ORIENTED_EDGE('',*,*,#709,.F.);
#984=ORIENTED_EDGE('',*,*,#744,.T.);
#985=ORIENTED_EDGE('',*,*,#745,.F.);
#986=ORIENTED_EDGE('',*,*,#746,.T.);
#987=ORIENTED_EDGE('',*,*,#707,.T.);
#988=ORIENTED_EDGE('',*,*,#744,.F.);
#989=ORIENTED_EDGE('',*,*,#708,.T.);
#990=ORIENTED_EDGE('',*,*,#743,.F.);
#991=ORIENTED_EDGE('',*,*,#747,.F.);
#992=ORIENTED_EDGE('',*,*,#748,.T.);
#993=ORIENTED_EDGE('',*,*,#749,.T.);
#994=ORIENTED_EDGE('',*,*,#750,.F.);
#995=ORIENTED_EDGE('',*,*,#751,.T.);
#996=ORIENTED_EDGE('',*,*,#752,.T.);
#997=ORIENTED_EDGE('',*,*,#753,.T.);
#998=ORIENTED_EDGE('',*,*,#754,.F.);
#999=ORIENTED_EDGE('',*,*,#755,.F.);
#1000=ORIENTED_EDGE('',*,*,#738,.F.);
#1001=ORIENTED_EDGE('',*,*,#756,.F.);
#1002=ORIENTED_EDGE('',*,*,#757,.F.);
#1003=ORIENTED_EDGE('',*,*,#758,.F.);
#1004=ORIENTED_EDGE('',*,*,#759,.F.);
#1005=ORIENTED_EDGE('',*,*,#760,.F.);
#1006=ORIENTED_EDGE('',*,*,#761,.F.);
#1007=ORIENTED_EDGE('',*,*,#762,.F.);
#1008=ORIENTED_EDGE('',*,*,#763,.F.);
#1009=ORIENTED_EDGE('',*,*,#756,.T.);
#1010=ORIENTED_EDGE('',*,*,#737,.F.);
#1011=ORIENTED_EDGE('',*,*,#764,.F.);
#1012=ORIENTED_EDGE('',*,*,#765,.F.);
#1013=ORIENTED_EDGE('',*,*,#758,.T.);
#1014=ORIENTED_EDGE('',*,*,#766,.F.);
#1015=ORIENTED_EDGE('',*,*,#767,.F.);
#1016=ORIENTED_EDGE('',*,*,#768,.F.);
#1017=ORIENTED_EDGE('',*,*,#769,.F.);
#1018=ORIENTED_EDGE('',*,*,#770,.F.);
#1019=ORIENTED_EDGE('',*,*,#771,.F.);
#1020=ORIENTED_EDGE('',*,*,#751,.F.);
#1021=ORIENTED_EDGE('',*,*,#772,.F.);
#1022=ORIENTED_EDGE('',*,*,#752,.F.);
#1023=ORIENTED_EDGE('',*,*,#771,.T.);
#1024=ORIENTED_EDGE('',*,*,#773,.F.);
#1025=ORIENTED_EDGE('',*,*,#774,.F.);
#1026=ORIENTED_EDGE('',*,*,#775,.F.);
#1027=ORIENTED_EDGE('',*,*,#776,.F.);
#1028=ORIENTED_EDGE('',*,*,#777,.F.);
#1029=ORIENTED_EDGE('',*,*,#767,.T.);
#1030=ORIENTED_EDGE('',*,*,#748,.F.);
#1031=ORIENTED_EDGE('',*,*,#778,.F.);
#1032=ORIENTED_EDGE('',*,*,#779,.F.);
#1033=ORIENTED_EDGE('',*,*,#780,.F.);
#1034=ORIENTED_EDGE('',*,*,#781,.F.);
#1035=ORIENTED_EDGE('',*,*,#782,.F.);
#1036=ORIENTED_EDGE('',*,*,#783,.F.);
#1037=ORIENTED_EDGE('',*,*,#784,.F.);
#1038=ORIENTED_EDGE('',*,*,#785,.F.);
#1039=ORIENTED_EDGE('',*,*,#786,.F.);
#1040=ORIENTED_EDGE('',*,*,#749,.F.);
#1041=ORIENTED_EDGE('',*,*,#780,.T.);
#1042=ORIENTED_EDGE('',*,*,#787,.F.);
#1043=ORIENTED_EDGE('',*,*,#788,.F.);
#1044=ORIENTED_EDGE('',*,*,#789,.F.);
#1045=ORIENTED_EDGE('',*,*,#782,.T.);
#1046=ORIENTED_EDGE('',*,*,#790,.F.);
#1047=ORIENTED_EDGE('',*,*,#791,.F.);
#1048=ORIENTED_EDGE('',*,*,#792,.F.);
#1049=ORIENTED_EDGE('',*,*,#793,.F.);
#1050=ORIENTED_EDGE('',*,*,#735,.F.);
#1051=ORIENTED_EDGE('',*,*,#794,.F.);
#1052=ORIENTED_EDGE('',*,*,#795,.F.);
#1053=ORIENTED_EDGE('',*,*,#796,.F.);
#1054=ORIENTED_EDGE('',*,*,#797,.F.);
#1055=ORIENTED_EDGE('',*,*,#794,.T.);
#1056=ORIENTED_EDGE('',*,*,#734,.F.);
#1057=ORIENTED_EDGE('',*,*,#798,.F.);
#1058=ORIENTED_EDGE('',*,*,#799,.F.);
#1059=ORIENTED_EDGE('',*,*,#800,.F.);
#1060=ORIENTED_EDGE('',*,*,#801,.F.);
#1061=ORIENTED_EDGE('',*,*,#791,.T.);
#1062=ORIENTED_EDGE('',*,*,#774,.T.);
#1063=ORIENTED_EDGE('',*,*,#802,.T.);
#1064=ORIENTED_EDGE('',*,*,#803,.F.);
#1065=ORIENTED_EDGE('',*,*,#753,.F.);
#1066=ORIENTED_EDGE('',*,*,#766,.T.);
#1067=ORIENTED_EDGE('',*,*,#804,.F.);
#1068=ORIENTED_EDGE('',*,*,#785,.T.);
#1069=ORIENTED_EDGE('',*,*,#805,.F.);
#1070=ORIENTED_EDGE('',*,*,#772,.T.);
#1071=ORIENTED_EDGE('',*,*,#750,.T.);
#1072=ORIENTED_EDGE('',*,*,#786,.T.);
#1073=ORIENTED_EDGE('',*,*,#804,.T.);
#1074=ORIENTED_EDGE('',*,*,#761,.T.);
#1075=ORIENTED_EDGE('',*,*,#806,.F.);
#1076=ORIENTED_EDGE('',*,*,#790,.T.);
#1077=ORIENTED_EDGE('',*,*,#807,.F.);
#1078=ORIENTED_EDGE('',*,*,#765,.T.);
#1079=ORIENTED_EDGE('',*,*,#808,.F.);
#1080=ORIENTED_EDGE('',*,*,#792,.T.);
#1081=ORIENTED_EDGE('',*,*,#809,.F.);
#1082=ORIENTED_EDGE('',*,*,#764,.T.);
#1083=ORIENTED_EDGE('',*,*,#736,.T.);
#1084=ORIENTED_EDGE('',*,*,#793,.T.);
#1085=ORIENTED_EDGE('',*,*,#808,.T.);
#1086=ORIENTED_EDGE('',*,*,#798,.T.);
#1087=ORIENTED_EDGE('',*,*,#733,.T.);
#1088=ORIENTED_EDGE('',*,*,#810,.F.);
#1089=ORIENTED_EDGE('',*,*,#811,.F.);
#1090=ORIENTED_EDGE('',*,*,#768,.T.);
#1091=ORIENTED_EDGE('',*,*,#812,.F.);
#1092=ORIENTED_EDGE('',*,*,#789,.T.);
#1093=ORIENTED_EDGE('',*,*,#813,.F.);
#1094=ORIENTED_EDGE('',*,*,#776,.T.);
#1095=ORIENTED_EDGE('',*,*,#814,.F.);
#1096=ORIENTED_EDGE('',*,*,#815,.T.);
#1097=ORIENTED_EDGE('',*,*,#816,.T.);
#1098=ORIENTED_EDGE('',*,*,#775,.T.);
#1099=ORIENTED_EDGE('',*,*,#805,.T.);
#1100=ORIENTED_EDGE('',*,*,#781,.T.);
#1101=ORIENTED_EDGE('',*,*,#817,.F.);
#1102=ORIENTED_EDGE('',*,*,#818,.T.);
#1103=ORIENTED_EDGE('',*,*,#814,.T.);
#1104=ORIENTED_EDGE('',*,*,#784,.T.);
#1105=ORIENTED_EDGE('',*,*,#819,.T.);
#1106=ORIENTED_EDGE('',*,*,#820,.F.);
#1107=ORIENTED_EDGE('',*,*,#817,.T.);
#1108=ORIENTED_EDGE('',*,*,#821,.T.);
#1109=ORIENTED_EDGE('',*,*,#815,.F.);
#1110=ORIENTED_EDGE('',*,*,#818,.F.);
#1111=ORIENTED_EDGE('',*,*,#820,.T.);
#1112=ORIENTED_EDGE('',*,*,#783,.T.);
#1113=ORIENTED_EDGE('',*,*,#812,.T.);
#1114=ORIENTED_EDGE('',*,*,#777,.T.);
#1115=ORIENTED_EDGE('',*,*,#816,.F.);
#1116=ORIENTED_EDGE('',*,*,#821,.F.);
#1117=ORIENTED_EDGE('',*,*,#819,.F.);
#1118=ORIENTED_EDGE('',*,*,#800,.T.);
#1119=ORIENTED_EDGE('',*,*,#822,.F.);
#1120=ORIENTED_EDGE('',*,*,#823,.T.);
#1121=ORIENTED_EDGE('',*,*,#824,.T.);
#1122=ORIENTED_EDGE('',*,*,#799,.T.);
#1123=ORIENTED_EDGE('',*,*,#806,.T.);
#1124=ORIENTED_EDGE('',*,*,#757,.T.);
#1125=ORIENTED_EDGE('',*,*,#825,.F.);
#1126=ORIENTED_EDGE('',*,*,#826,.T.);
#1127=ORIENTED_EDGE('',*,*,#822,.T.);
#1128=ORIENTED_EDGE('',*,*,#760,.T.);
#1129=ORIENTED_EDGE('',*,*,#827,.T.);
#1130=ORIENTED_EDGE('',*,*,#828,.F.);
#1131=ORIENTED_EDGE('',*,*,#825,.T.);
#1132=ORIENTED_EDGE('',*,*,#829,.T.);
#1133=ORIENTED_EDGE('',*,*,#823,.F.);
#1134=ORIENTED_EDGE('',*,*,#826,.F.);
#1135=ORIENTED_EDGE('',*,*,#828,.T.);
#1136=ORIENTED_EDGE('',*,*,#759,.T.);
#1137=ORIENTED_EDGE('',*,*,#809,.T.);
#1138=ORIENTED_EDGE('',*,*,#801,.T.);
#1139=ORIENTED_EDGE('',*,*,#824,.F.);
#1140=ORIENTED_EDGE('',*,*,#829,.F.);
#1141=ORIENTED_EDGE('',*,*,#827,.F.);
#1142=ORIENTED_EDGE('',*,*,#762,.T.);
#1143=ORIENTED_EDGE('',*,*,#807,.T.);
#1144=ORIENTED_EDGE('',*,*,#796,.T.);
#1145=ORIENTED_EDGE('',*,*,#830,.T.);
#1146=ORIENTED_EDGE('',*,*,#726,.T.);
#1147=ORIENTED_EDGE('',*,*,#831,.F.);
#1148=ORIENTED_EDGE('',*,*,#802,.F.);
#1149=ORIENTED_EDGE('',*,*,#773,.T.);
#1150=ORIENTED_EDGE('',*,*,#770,.T.);
#1151=ORIENTED_EDGE('',*,*,#832,.F.);
#1152=ORIENTED_EDGE('',*,*,#787,.T.);
#1153=ORIENTED_EDGE('',*,*,#779,.T.);
#1154=ORIENTED_EDGE('',*,*,#833,.F.);
#1155=ORIENTED_EDGE('',*,*,#834,.F.);
#1156=ORIENTED_EDGE('',*,*,#730,.T.);
#1157=ORIENTED_EDGE('',*,*,#712,.F.);
#1158=ORIENTED_EDGE('',*,*,#778,.T.);
#1159=ORIENTED_EDGE('',*,*,#747,.T.);
#1160=ORIENTED_EDGE('',*,*,#835,.F.);
#1161=ORIENTED_EDGE('',*,*,#833,.T.);
#1162=ORIENTED_EDGE('',*,*,#769,.T.);
#1163=ORIENTED_EDGE('',*,*,#813,.T.);
#1164=ORIENTED_EDGE('',*,*,#788,.T.);
#1165=ORIENTED_EDGE('',*,*,#832,.T.);
#1166=ORIENTED_EDGE('',*,*,#755,.T.);
#1167=ORIENTED_EDGE('',*,*,#836,.T.);
#1168=ORIENTED_EDGE('',*,*,#837,.F.);
#1169=ORIENTED_EDGE('',*,*,#739,.T.);
#1170=ORIENTED_EDGE('',*,*,#746,.F.);
#1171=ORIENTED_EDGE('',*,*,#836,.F.);
#1172=ORIENTED_EDGE('',*,*,#754,.T.);
#1173=ORIENTED_EDGE('',*,*,#763,.T.);
#1174=ORIENTED_EDGE('',*,*,#830,.F.);
#1175=ORIENTED_EDGE('',*,*,#795,.T.);
#1176=ORIENTED_EDGE('',*,*,#797,.T.);
#1177=ORIENTED_EDGE('',*,*,#811,.T.);
#1178=ORIENTED_EDGE('',*,*,#741,.F.);
#1179=ORIENTED_EDGE('',*,*,#700,.T.);
#1180=ORIENTED_EDGE('',*,*,#803,.T.);
#1181=ORIENTED_EDGE('',*,*,#838,.F.);
#1182=ORIENTED_EDGE('',*,*,#837,.T.);
#1183=ORIENTED_EDGE('',*,*,#745,.T.);
#1184=ORIENTED_EDGE('',*,*,#717,.T.);
#1185=ORIENTED_EDGE('',*,*,#740,.T.);
#1186=ORIENTED_EDGE('',*,*,#838,.T.);
#1187=ORIENTED_EDGE('',*,*,#831,.T.);
#1188=ORIENTED_EDGE('',*,*,#725,.T.);
#1189=ORIENTED_EDGE('',*,*,#729,.T.);
#1190=ORIENTED_EDGE('',*,*,#731,.T.);
#1191=ORIENTED_EDGE('',*,*,#834,.T.);
#1192=ORIENTED_EDGE('',*,*,#839,.T.);
#1193=ORIENTED_EDGE('',*,*,#732,.T.);
#1194=ORIENTED_EDGE('',*,*,#722,.T.);
#1195=ORIENTED_EDGE('',*,*,#720,.T.);
#1196=ORIENTED_EDGE('',*,*,#835,.T.);
#1197=ORIENTED_EDGE('',*,*,#742,.T.);
#1198=ORIENTED_EDGE('',*,*,#810,.T.);
#1199=ORIENTED_EDGE('',*,*,#839,.F.);
#1200=CYLINDRICAL_SURFACE('',#1346,0.45);
#1201=CYLINDRICAL_SURFACE('',#1368,0.1);
#1202=CYLINDRICAL_SURFACE('',#1371,0.1);
#1203=CYLINDRICAL_SURFACE('',#1384,0.2);
#1204=CYLINDRICAL_SURFACE('',#1390,0.1);
#1205=CYLINDRICAL_SURFACE('',#1421,0.0500000000000001);
#1206=CYLINDRICAL_SURFACE('',#1423,0.0499999999999999);
#1207=CYLINDRICAL_SURFACE('',#1424,0.15);
#1208=CYLINDRICAL_SURFACE('',#1428,0.15);
#1209=CYLINDRICAL_SURFACE('',#1440,0.2);
#1210=CYLINDRICAL_SURFACE('',#1446,0.1);
#1211=ADVANCED_FACE('',(#91),#1200,.T.);
#1212=ADVANCED_FACE('',(#92),#33,.F.);
#1213=ADVANCED_FACE('',(#93),#34,.F.);
#1214=ADVANCED_FACE('',(#94),#35,.F.);
#1215=ADVANCED_FACE('',(#95),#36,.F.);
#1216=ADVANCED_FACE('',(#96),#37,.F.);
#1217=ADVANCED_FACE('',(#97),#38,.F.);
#1218=ADVANCED_FACE('',(#98),#39,.T.);
#1219=ADVANCED_FACE('',(#99),#40,.T.);
#1220=ADVANCED_FACE('',(#100,#29),#41,.F.);
#1221=ADVANCED_FACE('',(#101),#42,.T.);
#1222=ADVANCED_FACE('',(#102),#43,.T.);
#1223=ADVANCED_FACE('',(#103),#44,.T.);
#1224=ADVANCED_FACE('',(#104),#45,.T.);
#1225=ADVANCED_FACE('',(#105),#46,.T.);
#1226=ADVANCED_FACE('',(#106),#47,.T.);
#1227=ADVANCED_FACE('',(#107),#48,.T.);
#1228=ADVANCED_FACE('',(#108),#49,.F.);
#1229=ADVANCED_FACE('',(#109),#50,.F.);
#1230=ADVANCED_FACE('',(#110),#1201,.F.);
#1231=ADVANCED_FACE('',(#111),#1202,.F.);
#1232=ADVANCED_FACE('',(#112),#51,.F.);
#1233=ADVANCED_FACE('',(#113),#52,.F.);
#1234=ADVANCED_FACE('',(#114),#53,.F.);
#1235=ADVANCED_FACE('',(#115),#54,.F.);
#1236=ADVANCED_FACE('',(#116),#55,.F.);
#1237=ADVANCED_FACE('',(#117),#56,.F.);
#1238=ADVANCED_FACE('',(#118),#1203,.T.);
#1239=ADVANCED_FACE('',(#119),#57,.T.);
#1240=ADVANCED_FACE('',(#120),#1204,.F.);
#1241=ADVANCED_FACE('',(#121),#58,.F.);
#1242=ADVANCED_FACE('',(#122),#59,.F.);
#1243=ADVANCED_FACE('',(#123),#60,.F.);
#1244=ADVANCED_FACE('',(#124),#61,.F.);
#1245=ADVANCED_FACE('',(#125),#62,.F.);
#1246=ADVANCED_FACE('',(#126),#63,.F.);
#1247=ADVANCED_FACE('',(#127),#64,.F.);
#1248=ADVANCED_FACE('',(#128),#65,.F.);
#1249=ADVANCED_FACE('',(#129),#66,.F.);
#1250=ADVANCED_FACE('',(#130),#67,.F.);
#1251=ADVANCED_FACE('',(#131),#68,.F.);
#1252=ADVANCED_FACE('',(#132),#69,.F.);
#1253=ADVANCED_FACE('',(#133),#70,.T.);
#1254=ADVANCED_FACE('',(#134),#1205,.F.);
#1255=ADVANCED_FACE('',(#135),#71,.T.);
#1256=ADVANCED_FACE('',(#136),#1206,.F.);
#1257=ADVANCED_FACE('',(#137),#1207,.T.);
#1258=ADVANCED_FACE('',(#138),#72,.F.);
#1259=ADVANCED_FACE('',(#139),#73,.T.);
#1260=ADVANCED_FACE('',(#140),#1208,.T.);
#1261=ADVANCED_FACE('',(#141),#74,.T.);
#1262=ADVANCED_FACE('',(#142),#75,.F.);
#1263=ADVANCED_FACE('',(#143),#76,.T.);
#1264=ADVANCED_FACE('',(#144),#77,.T.);
#1265=ADVANCED_FACE('',(#145),#78,.T.);
#1266=ADVANCED_FACE('',(#146),#79,.T.);
#1267=ADVANCED_FACE('',(#147),#80,.T.);
#1268=ADVANCED_FACE('',(#148),#81,.T.);
#1269=ADVANCED_FACE('',(#149),#82,.T.);
#1270=ADVANCED_FACE('',(#150),#83,.F.);
#1271=ADVANCED_FACE('',(#151),#84,.T.);
#1272=ADVANCED_FACE('',(#152),#1209,.T.);
#1273=ADVANCED_FACE('',(#153),#85,.T.);
#1274=ADVANCED_FACE('',(#154),#86,.F.);
#1275=ADVANCED_FACE('',(#155),#87,.T.);
#1276=ADVANCED_FACE('',(#156),#1210,.F.);
#1277=ADVANCED_FACE('',(#157),#88,.T.);
#1278=ADVANCED_FACE('',(#158),#89,.F.);
#1279=ADVANCED_FACE('',(#159),#90,.T.);
#1280=CLOSED_SHELL('',(#1211,#1212,#1213,#1214,#1215,#1216,#1217,#1218,
#1219,#1220,#1221,#1222,#1223,#1224,#1225,#1226,#1227,#1228,#1229));
#1281=CLOSED_SHELL('',(#1230,#1231,#1232,#1233,#1234,#1235,#1236,#1237,
#1238,#1239,#1240,#1241,#1242,#1243,#1244,#1245,#1246,#1247,#1248,#1249,
#1250,#1251,#1252,#1253,#1254,#1255,#1256,#1257,#1258,#1259,#1260,#1261,
#1262,#1263,#1264,#1265,#1266,#1267,#1268,#1269,#1270,#1271,#1272,#1273,
#1274,#1275,#1276,#1277,#1278,#1279));
#1282=DERIVED_UNIT_ELEMENT(#1286,1.);
#1283=DERIVED_UNIT_ELEMENT(#2285,3.);
#1284=DERIVED_UNIT_ELEMENT(#1286,1.);
#1285=DERIVED_UNIT_ELEMENT(#2285,3.);
#1286=(
MASS_UNIT()
NAMED_UNIT(*)
SI_UNIT($,.GRAM.)
);
#1287=DERIVED_UNIT((#1282,#1283));
#1288=DERIVED_UNIT((#1284,#1285));
#1289=MEASURE_REPRESENTATION_ITEM('density measure',
POSITIVE_RATIO_MEASURE(1.),#1287);
#1290=MEASURE_REPRESENTATION_ITEM('density measure',
POSITIVE_RATIO_MEASURE(1.),#1288);
#1291=PROPERTY_DEFINITION_REPRESENTATION(#1301,#1295);
#1292=PROPERTY_DEFINITION_REPRESENTATION(#1302,#1296);
#1293=PROPERTY_DEFINITION_REPRESENTATION(#1303,#1297);
#1294=PROPERTY_DEFINITION_REPRESENTATION(#1304,#1298);
#1295=REPRESENTATION('material name',(#1299),#2281);
#1296=REPRESENTATION('density',(#1289),#2281);
#1297=REPRESENTATION('material name',(#1300),#2282);
#1298=REPRESENTATION('density',(#1290),#2282);
#1299=DESCRIPTIVE_REPRESENTATION_ITEM('Generic','Generic');
#1300=DESCRIPTIVE_REPRESENTATION_ITEM('Generic','Generic');
#1301=PROPERTY_DEFINITION('material property','material name',#2301);
#1302=PROPERTY_DEFINITION('material property','density of part',#2301);
#1303=PROPERTY_DEFINITION('material property','material name',#2302);
#1304=PROPERTY_DEFINITION('material property','density of part',#2302);
#1305=PRESENTATION_STYLE_ASSIGNMENT((#1308));
#1306=PRESENTATION_STYLE_ASSIGNMENT((#1309));
#1307=PRESENTATION_STYLE_ASSIGNMENT((#1310));
#1308=SURFACE_STYLE_USAGE(.BOTH.,#1311);
#1309=SURFACE_STYLE_USAGE(.BOTH.,#1312);
#1310=SURFACE_STYLE_USAGE(.BOTH.,#1313);
#1311=SURFACE_SIDE_STYLE('',(#1314));
#1312=SURFACE_SIDE_STYLE('',(#1315));
#1313=SURFACE_SIDE_STYLE('',(#1316));
#1314=SURFACE_STYLE_FILL_AREA(#1317);
#1315=SURFACE_STYLE_FILL_AREA(#1318);
#1316=SURFACE_STYLE_FILL_AREA(#1319);
#1317=FILL_AREA_STYLE('',(#1320));
#1318=FILL_AREA_STYLE('',(#1321));
#1319=FILL_AREA_STYLE('',(#1322));
#1320=FILL_AREA_STYLE_COLOUR('',#1323);
#1321=FILL_AREA_STYLE_COLOUR('',#1324);
#1322=FILL_AREA_STYLE_COLOUR('',#1325);
#1323=COLOUR_RGB('',0.749019607843137,0.749019607843137,0.749019607843137);
#1324=COLOUR_RGB('',0.,0.,0.);
#1325=COLOUR_RGB('',0.858823529411765,0.823529411764706,0.705882352941177);
#1326=DATE_TIME_ROLE('creation_date');
#1327=DATE_TIME_ROLE('creation_date');
#1328=DATE_TIME_ROLE('creation_date');
#1329=APPLIED_DATE_AND_TIME_ASSIGNMENT(#1332,#1326,(#2300));
#1330=APPLIED_DATE_AND_TIME_ASSIGNMENT(#1333,#1327,(#2301));
#1331=APPLIED_DATE_AND_TIME_ASSIGNMENT(#1334,#1328,(#2302));
#1332=DATE_AND_TIME(#1335,#1338);
#1333=DATE_AND_TIME(#1336,#1339);
#1334=DATE_AND_TIME(#1337,#1340);
#1335=CALENDAR_DATE(2020,6,5);
#1336=CALENDAR_DATE(2017,28,3);
#1337=CALENDAR_DATE(2017,28,3);
#1338=LOCAL_TIME(21,0,0.,#1341);
#1339=LOCAL_TIME(8,44,54.,#1342);
#1340=LOCAL_TIME(9,38,3.,#1343);
#1341=COORDINATED_UNIVERSAL_TIME_OFFSET(0,0,.BEHIND.);
#1342=COORDINATED_UNIVERSAL_TIME_OFFSET(0,0,.BEHIND.);
#1343=COORDINATED_UNIVERSAL_TIME_OFFSET(0,0,.BEHIND.);
#1344=AXIS2_PLACEMENT_3D('placement',#1810,#1452,#1453);
#1345=AXIS2_PLACEMENT_3D('placement',#1811,#1454,#1455);
#1346=AXIS2_PLACEMENT_3D('',#1812,#1456,#1457);
#1347=AXIS2_PLACEMENT_3D('',#1814,#1458,#1459);
#1348=AXIS2_PLACEMENT_3D('',#1817,#1461,#1462);
#1349=AXIS2_PLACEMENT_3D('',#1818,#1463,#1464);
#1350=AXIS2_PLACEMENT_3D('',#1819,#1465,#1466);
#1351=AXIS2_PLACEMENT_3D('',#1828,#1471,#1472);
#1352=AXIS2_PLACEMENT_3D('',#1834,#1476,#1477);
#1353=AXIS2_PLACEMENT_3D('',#1840,#1481,#1482);
#1354=AXIS2_PLACEMENT_3D('',#1843,#1485,#1486);
#1355=AXIS2_PLACEMENT_3D('',#1844,#1487,#1488);
#1356=AXIS2_PLACEMENT_3D('',#1853,#1493,#1494);
#1357=AXIS2_PLACEMENT_3D('',#1859,#1498,#1499);
#1358=AXIS2_PLACEMENT_3D('',#1863,#1502,#1503);
#1359=AXIS2_PLACEMENT_3D('',#1867,#1506,#1507);
#1360=AXIS2_PLACEMENT_3D('',#1869,#1509,#1510);
#1361=AXIS2_PLACEMENT_3D('',#1878,#1515,#1516);
#1362=AXIS2_PLACEMENT_3D('',#1884,#1521,#1522);
#1363=AXIS2_PLACEMENT_3D('',#1886,#1524,#1525);
#1364=AXIS2_PLACEMENT_3D('',#1890,#1528,#1529);
#1365=AXIS2_PLACEMENT_3D('',#1893,#1532,#1533);
#1366=AXIS2_PLACEMENT_3D('',#1894,#1534,#1535);
#1367=AXIS2_PLACEMENT_3D('placement',#1895,#1536,#1537);
#1368=AXIS2_PLACEMENT_3D('',#1896,#1538,#1539);
#1369=AXIS2_PLACEMENT_3D('',#1924,#1541,#1542);
#1370=AXIS2_PLACEMENT_3D('',#1961,#1545,#1546);
#1371=AXIS2_PLACEMENT_3D('',#1963,#1548,#1549);
#1372=AXIS2_PLACEMENT_3D('',#1991,#1551,#1552);
#1373=AXIS2_PLACEMENT_3D('',#2028,#1555,#1556);
#1374=AXIS2_PLACEMENT_3D('',#2030,#1558,#1559);
#1375=AXIS2_PLACEMENT_3D('',#2032,#1560,#1561);
#1376=AXIS2_PLACEMENT_3D('',#2036,#1564,#1565);
#1377=AXIS2_PLACEMENT_3D('',#2041,#1569,#1570);
#1378=AXIS2_PLACEMENT_3D('',#2044,#1572,#1573);
#1379=AXIS2_PLACEMENT_3D('',#2045,#1574,#1575);
#1380=AXIS2_PLACEMENT_3D('',#2050,#1578,#1579);
#1381=AXIS2_PLACEMENT_3D('',#2051,#1580,#1581);
#1382=AXIS2_PLACEMENT_3D('',#2056,#1585,#1586);
#1383=AXIS2_PLACEMENT_3D('',#2058,#1587,#1588);
#1384=AXIS2_PLACEMENT_3D('',#2060,#1590,#1591);
#1385=AXIS2_PLACEMENT_3D('',#2064,#1593,#1594);
#1386=AXIS2_PLACEMENT_3D('',#2068,#1596,#1597);
#1387=AXIS2_PLACEMENT_3D('',#2072,#1599,#1600);
#1388=AXIS2_PLACEMENT_3D('',#2076,#1602,#1603);
#1389=AXIS2_PLACEMENT_3D('',#2078,#1605,#1606);
#1390=AXIS2_PLACEMENT_3D('',#2089,#1613,#1614);
#1391=AXIS2_PLACEMENT_3D('',#2091,#1615,#1616);
#1392=AXIS2_PLACEMENT_3D('',#2095,#1618,#1619);
#1393=AXIS2_PLACEMENT_3D('',#2099,#1621,#1622);
#1394=AXIS2_PLACEMENT_3D('',#2102,#1624,#1625);
#1395=AXIS2_PLACEMENT_3D('',#2103,#1626,#1627);
#1396=AXIS2_PLACEMENT_3D('',#2109,#1631,#1632);
#1397=AXIS2_PLACEMENT_3D('',#2118,#1637,#1638);
#1398=AXIS2_PLACEMENT_3D('',#2120,#1639,#1640);
#1399=AXIS2_PLACEMENT_3D('',#2123,#1642,#1643);
#1400=AXIS2_PLACEMENT_3D('',#2126,#1645,#1646);
#1401=AXIS2_PLACEMENT_3D('',#2127,#1647,#1648);
#1402=AXIS2_PLACEMENT_3D('',#2130,#1649,#1650);
#1403=AXIS2_PLACEMENT_3D('',#2134,#1652,#1653);
#1404=AXIS2_PLACEMENT_3D('',#2138,#1655,#1656);
#1405=AXIS2_PLACEMENT_3D('',#2141,#1659,#1660);
#1406=AXIS2_PLACEMENT_3D('',#2145,#1663,#1664);
#1407=AXIS2_PLACEMENT_3D('',#2151,#1668,#1669);
#1408=AXIS2_PLACEMENT_3D('',#2157,#1673,#1674);
#1409=AXIS2_PLACEMENT_3D('',#2166,#1679,#1680);
#1410=AXIS2_PLACEMENT_3D('',#2168,#1681,#1682);
#1411=AXIS2_PLACEMENT_3D('',#2171,#1684,#1685);
#1412=AXIS2_PLACEMENT_3D('',#2174,#1687,#1688);
#1413=AXIS2_PLACEMENT_3D('',#2175,#1689,#1690);
#1414=AXIS2_PLACEMENT_3D('',#2178,#1691,#1692);
#1415=AXIS2_PLACEMENT_3D('',#2182,#1694,#1695);
#1416=AXIS2_PLACEMENT_3D('',#2187,#1698,#1699);
#1417=AXIS2_PLACEMENT_3D('',#2189,#1701,#1702);
#1418=AXIS2_PLACEMENT_3D('',#2193,#1705,#1706);
#1419=AXIS2_PLACEMENT_3D('',#2199,#1710,#1711);
#1420=AXIS2_PLACEMENT_3D('',#2201,#1712,#1713);
#1421=AXIS2_PLACEMENT_3D('',#2203,#1715,#1716);
#1422=AXIS2_PLACEMENT_3D('',#2206,#1719,#1720);
#1423=AXIS2_PLACEMENT_3D('',#2207,#1721,#1722);
#1424=AXIS2_PLACEMENT_3D('',#2210,#1725,#1726);
#1425=AXIS2_PLACEMENT_3D('',#2213,#1729,#1730);
#1426=AXIS2_PLACEMENT_3D('',#2214,#1731,#1732);
#1427=AXIS2_PLACEMENT_3D('',#2216,#1734,#1735);
#1428=AXIS2_PLACEMENT_3D('',#2217,#1736,#1737);
#1429=AXIS2_PLACEMENT_3D('',#2220,#1740,#1741);
#1430=AXIS2_PLACEMENT_3D('',#2226,#1745,#1746);
#1431=AXIS2_PLACEMENT_3D('',#2230,#1749,#1750);
#1432=AXIS2_PLACEMENT_3D('',#2234,#1753,#1754);
#1433=AXIS2_PLACEMENT_3D('',#2236,#1756,#1757);
#1434=AXIS2_PLACEMENT_3D('',#2237,#1758,#1759);
#1435=AXIS2_PLACEMENT_3D('',#2243,#1763,#1764);
#1436=AXIS2_PLACEMENT_3D('',#2247,#1767,#1768);
#1437=AXIS2_PLACEMENT_3D('',#2251,#1771,#1772);
#1438=AXIS2_PLACEMENT_3D('',#2253,#1774,#1775);
#1439=AXIS2_PLACEMENT_3D('',#2254,#1776,#1777);
#1440=AXIS2_PLACEMENT_3D('',#2256,#1779,#1780);
#1441=AXIS2_PLACEMENT_3D('',#2260,#1783,#1784);
#1442=AXIS2_PLACEMENT_3D('',#2262,#1786,#1787);
#1443=AXIS2_PLACEMENT_3D('',#2264,#1789,#1790);
#1444=AXIS2_PLACEMENT_3D('',#2265,#1791,#1792);
#1445=AXIS2_PLACEMENT_3D('',#2266,#1793,#1794);
#1446=AXIS2_PLACEMENT_3D('',#2268,#1796,#1797);
#1447=AXIS2_PLACEMENT_3D('',#2269,#1798,#1799);
#1448=AXIS2_PLACEMENT_3D('',#2271,#1801,#1802);
#1449=AXIS2_PLACEMENT_3D('',#2273,#1804,#1805);
#1450=AXIS2_PLACEMENT_3D('',#2274,#1806,#1807);
#1451=AXIS2_PLACEMENT_3D('',#2275,#1808,#1809);
#1452=DIRECTION('axis',(0.,0.,1.));
#1453=DIRECTION('refdir',(1.,0.,0.));
#1454=DIRECTION('axis',(0.,0.,1.));
#1455=DIRECTION('refdir',(1.,0.,0.));
#1456=DIRECTION('center_axis',(0.,0.,-1.));
#1457=DIRECTION('ref_axis',(1.,0.,0.));
#1458=DIRECTION('center_axis',(0.,0.,-1.));
#1459=DIRECTION('ref_axis',(1.,0.,0.));
#1460=DIRECTION('',(0.,0.,1.));
#1461=DIRECTION('center_axis',(0.,0.,1.));
#1462=DIRECTION('ref_axis',(1.,0.,0.));
#1463=DIRECTION('center_axis',(0.,0.,1.));
#1464=DIRECTION('ref_axis',(1.,0.,0.));
#1465=DIRECTION('center_axis',(-1.,-3.10152483890154E-16,0.));
#1466=DIRECTION('ref_axis',(-3.10152483890154E-16,1.,0.));
#1467=DIRECTION('',(-3.10152483890154E-16,1.,0.));
#1468=DIRECTION('',(0.,0.,-1.));
#1469=DIRECTION('',(-3.10152483890154E-16,1.,0.));
#1470=DIRECTION('',(0.,0.,-1.));
#1471=DIRECTION('center_axis',(0.,-1.,0.));
#1472=DIRECTION('ref_axis',(-1.,0.,0.));
#1473=DIRECTION('',(-1.,-1.32169407693471E-16,0.));
#1474=DIRECTION('',(0.,0.,-1.));
#1475=DIRECTION('',(-1.,0.,0.));
#1476=DIRECTION('center_axis',(1.,0.,0.));
#1477=DIRECTION('ref_axis',(0.,-1.,0.));
#1478=DIRECTION('',(0.,-1.,0.));
#1479=DIRECTION('',(0.,0.,-1.));
#1480=DIRECTION('',(0.,-1.,0.));
#1481=DIRECTION('center_axis',(0.,1.,0.));
#1482=DIRECTION('ref_axis',(1.,0.,0.));
#1483=DIRECTION('',(1.,6.60847038467355E-17,0.));
#1484=DIRECTION('',(1.,0.,0.));
#1485=DIRECTION('center_axis',(0.,0.,-1.));
#1486=DIRECTION('ref_axis',(-1.,0.,0.));
#1487=DIRECTION('center_axis',(-6.59941370568593E-17,0.998629534754574,
-0.0523359562429438));
#1488=DIRECTION('ref_axis',(3.85185988877447E-34,0.0523359562429438,0.998629534754574));
#1489=DIRECTION('',(-0.0522644276887139,-0.0522644276887139,-0.997264688634237));
#1490=DIRECTION('',(-1.,-6.60847038467355E-17,0.));
#1491=DIRECTION('',(-0.0522644276887138,0.0522644276887139,0.997264688634237));
#1492=DIRECTION('',(-1.,-6.60847038467355E-17,0.));
#1493=DIRECTION('center_axis',(-0.998629534754574,2.41464258989255E-16,
-0.0523359562429438));
#1494=DIRECTION('ref_axis',(-0.0523359562429438,0.,0.998629534754574));
#1495=DIRECTION('',(-2.4179563149872E-16,-1.,0.));
#1496=DIRECTION('',(-0.0522644276887139,-0.0522644276887141,0.997264688634237));
#1497=DIRECTION('',(2.4179563149872E-16,1.,0.));
#1498=DIRECTION('center_axis',(0.,0.,1.));
#1499=DIRECTION('ref_axis',(1.,0.,0.));
#1500=DIRECTION('',(2.58011433909215E-16,1.,0.));
#1501=DIRECTION('',(1.,1.32169407693471E-16,0.));
#1502=DIRECTION('center_axis',(1.31988274113719E-16,-0.998629534754574,
-0.052335956242944));
#1503=DIRECTION('ref_axis',(7.70371977754894E-34,0.052335956242944,-0.998629534754574));
#1504=DIRECTION('',(0.0522644276887138,-0.0522644276887141,0.997264688634237));
#1505=DIRECTION('',(1.,1.32169407693471E-16,0.));
#1506=DIRECTION('center_axis',(0.998629534754574,-2.5765783820612E-16,-0.0523359562429438));
#1507=DIRECTION('ref_axis',(-0.0523359562429438,0.,-0.998629534754574));
#1508=DIRECTION('',(-2.58011433909215E-16,-1.,0.));
#1509=DIRECTION('center_axis',(-0.998629534754574,-2.96973616755867E-16,
0.0523359562429438));
#1510=DIRECTION('ref_axis',(0.0523359562429438,3.08148791101958E-33,0.998629534754574));
#1511=DIRECTION('',(0.0522644276887138,0.0522644276887141,0.997264688634237));
#1512=DIRECTION('',(-2.9738116731031E-16,1.,0.));
#1513=DIRECTION('',(-0.0522644276887139,0.0522644276887139,-0.997264688634237));
#1514=DIRECTION('',(2.9738116731031E-16,-1.,0.));
#1515=DIRECTION('center_axis',(-6.59941370568593E-17,0.998629534754574,
0.0523359562429438));
#1516=DIRECTION('ref_axis',(-3.85185988877447E-34,-0.0523359562429438,0.998629534754574));
#1517=DIRECTION('',(1.,6.60847038467355E-17,0.));
#1518=DIRECTION('',(0.0522644276887139,0.0522644276887139,-0.997264688634237));
#1519=DIRECTION('',(-1.,-6.60847038467355E-17,0.));
#1520=DIRECTION('',(-1.,-6.60847038467355E-17,0.));
#1521=DIRECTION('center_axis',(0.,0.,1.));
#1522=DIRECTION('ref_axis',(1.,0.,0.));
#1523=DIRECTION('',(-1.,-1.32169407693471E-16,0.));
#1524=DIRECTION('center_axis',(0.998629534754574,0.,0.0523359562429438));
#1525=DIRECTION('ref_axis',(0.0523359562429438,0.,-0.998629534754574));
#1526=DIRECTION('',(0.0522644276887139,-0.0522644276887141,-0.997264688634237));
#1527=DIRECTION('',(0.,1.,0.));
#1528=DIRECTION('center_axis',(1.31988274113719E-16,-0.998629534754574,
0.052335956242944));
#1529=DIRECTION('ref_axis',(-7.70371977754894E-34,-0.052335956242944,-0.998629534754574));
#1530=DIRECTION('',(1.,1.32169407693471E-16,0.));
#1531=DIRECTION('',(1.,1.32169407693471E-16,0.));
#1532=DIRECTION('center_axis',(0.,0.,1.));
#1533=DIRECTION('ref_axis',(1.,0.,0.));
#1534=DIRECTION('center_axis',(0.,0.,1.));
#1535=DIRECTION('ref_axis',(1.,0.,0.));
#1536=DIRECTION('axis',(0.,0.,1.));
#1537=DIRECTION('refdir',(1.,0.,0.));
#1538=DIRECTION('center_axis',(-1.,2.05295426317019E-16,0.));
#1539=DIRECTION('ref_axis',(1.45165788095347E-16,0.707106781186548,0.707106781186548));
#1540=DIRECTION('',(1.,-1.3686361754468E-16,0.));
#1541=DIRECTION('center_axis',(-1.,0.,0.));
#1542=DIRECTION('ref_axis',(0.,-0.707106781186548,0.707106781186548));
#1543=DIRECTION('',(-1.,1.3686361754468E-16,0.));
#1544=DIRECTION('',(1.,-2.05295426317019E-16,0.));
#1545=DIRECTION('center_axis',(-1.,0.,0.));
#1546=DIRECTION('ref_axis',(0.,0.707106781186548,0.707106781186548));
#1547=DIRECTION('',(-1.,2.05295426317019E-16,0.));
#1548=DIRECTION('center_axis',(1.,0.,0.));
#1549=DIRECTION('ref_axis',(0.,-0.707106781186548,0.707106781186548));
#1550=DIRECTION('',(-1.,1.11939572177118E-16,0.));
#1551=DIRECTION('center_axis',(1.,0.,0.));
#1552=DIRECTION('ref_axis',(0.,0.707106781186548,0.707106781186548));
#1553=DIRECTION('',(1.,-1.11939572177118E-16,0.));
#1554=DIRECTION('',(-1.,0.,0.));
#1555=DIRECTION('center_axis',(1.,0.,0.));
#1556=DIRECTION('ref_axis',(0.,-0.707106781186548,0.707106781186548));
#1557=DIRECTION('',(1.,0.,0.));
#1558=DIRECTION('center_axis',(2.05295426317019E-16,1.,0.));
#1559=DIRECTION('ref_axis',(-1.,2.05295426317019E-16,0.));
#1560=DIRECTION('center_axis',(2.05295426317019E-16,1.,0.));
#1561=DIRECTION('ref_axis',(0.,0.,-1.));
#1562=DIRECTION('',(-1.,2.05295426317019E-16,0.));
#1563=DIRECTION('',(0.,0.,1.));
#1564=DIRECTION('center_axis',(1.,0.,0.));
#1565=DIRECTION('ref_axis',(0.,1.,0.));
#1566=DIRECTION('',(0.,-1.,0.));
#1567=DIRECTION('',(0.,1.,0.));
#1568=DIRECTION('',(0.,0.,1.));
#1569=DIRECTION('center_axis',(-1.3686361754468E-16,-1.,0.));
#1570=DIRECTION('ref_axis',(1.,-1.3686361754468E-16,0.));
#1571=DIRECTION('',(1.,-1.3686361754468E-16,0.));
#1572=DIRECTION('center_axis',(-1.3686361754468E-16,-1.,0.));
#1573=DIRECTION('ref_axis',(0.,0.,-1.));
#1574=DIRECTION('center_axis',(1.11939572177118E-16,1.,0.));
#1575=DIRECTION('ref_axis',(-1.,1.11939572177118E-16,0.));
#1576=DIRECTION('',(0.,0.,1.));
#1577=DIRECTION('',(-1.,1.11939572177118E-16,0.));
#1578=DIRECTION('center_axis',(1.11939572177118E-16,1.,0.));
#1579=DIRECTION('ref_axis',(0.,0.,-1.));
#1580=DIRECTION('center_axis',(-1.,0.,0.));
#1581=DIRECTION('ref_axis',(0.,-1.,0.));
#1582=DIRECTION('',(0.,1.,0.));
#1583=DIRECTION('',(0.,0.,1.));
#1584=DIRECTION('',(0.,-1.,0.));
#1585=DIRECTION('center_axis',(0.,-1.,0.));
#1586=DIRECTION('ref_axis',(1.,0.,0.));
#1587=DIRECTION('center_axis',(0.,-1.,0.));
#1588=DIRECTION('ref_axis',(0.,0.,-1.));
#1589=DIRECTION('',(1.,0.,0.));
#1590=DIRECTION('center_axis',(-1.38777878078145E-16,1.,0.));
#1591=DIRECTION('ref_axis',(0.,0.,-1.));
#1592=DIRECTION('',(0.,1.,0.));
#1593=DIRECTION('center_axis',(1.38777878078145E-16,-1.,0.));
#1594=DIRECTION('ref_axis',(-1.,-1.38777878078145E-16,0.));
#1595=DIRECTION('',(-1.38777878078145E-16,1.,0.));
#1596=DIRECTION('center_axis',(-5.55111512312578E-16,1.,9.49532850008353E-16));
#1597=DIRECTION('ref_axis',(-5.27096616358609E-31,9.49532850008353E-16,
-1.));
#1598=DIRECTION('',(6.77580024377265E-16,-1.,5.11544555022936E-31));
#1599=DIRECTION('center_axis',(5.55111512312578E-16,-1.,-9.73879846162414E-16));
#1600=DIRECTION('ref_axis',(-5.40611914213958E-31,9.73879846162414E-16,
-1.));
#1601=DIRECTION('',(-1.38777878078145E-16,1.,0.));
#1602=DIRECTION('center_axis',(-1.38777878078145E-16,1.,0.));
#1603=DIRECTION('ref_axis',(-6.93889390390721E-16,-9.62964972193618E-32,
-1.));
#1604=DIRECTION('',(0.,1.,0.));
#1605=DIRECTION('center_axis',(0.,0.,1.));
#1606=DIRECTION('ref_axis',(1.,0.,0.));
#1607=DIRECTION('',(0.,-1.,0.));
#1608=DIRECTION('',(-1.,-1.46081976924363E-16,0.));
#1609=DIRECTION('',(0.,1.,0.));
#1610=DIRECTION('',(0.,1.,0.));
#1611=DIRECTION('',(1.,0.,0.));
#1612=DIRECTION('',(0.,-1.,0.));
#1613=DIRECTION('center_axis',(0.,-1.,0.));
#1614=DIRECTION('ref_axis',(0.,0.,-1.));
#1615=DIRECTION('center_axis',(0.,1.,0.));
#1616=DIRECTION('ref_axis',(1.,0.,-1.04083408558608E-15));
#1617=DIRECTION('',(0.,1.,0.));
#1618=DIRECTION('center_axis',(9.39409149359761E-16,-1.,-9.49532850008353E-16));
#1619=DIRECTION('ref_axis',(-8.91999846915496E-31,9.49532850008353E-16,
-1.));
#1620=DIRECTION('',(-7.41334818793507E-19,-1.,7.03831253471293E-34));
#1621=DIRECTION('center_axis',(-1.32370678640694E-15,1.,9.73879846162413E-16));
#1622=DIRECTION('ref_axis',(-1.28913136151013E-30,9.73879846162413E-16,
-1.));
#1623=DIRECTION('',(0.,1.,0.));
#1624=DIRECTION('center_axis',(0.,1.,0.));
#1625=DIRECTION('ref_axis',(1.,0.,-1.04083408558608E-15));
#1626=DIRECTION('center_axis',(1.,5.55111512312577E-16,9.73879846162415E-16));
#1627=DIRECTION('ref_axis',(5.55111512312578E-16,-1.,-9.54791801177635E-16));
#1628=DIRECTION('',(1.38777878078145E-16,-1.,0.));
#1629=DIRECTION('',(-9.73879846162415E-16,-1.3515297855349E-31,1.));
#1630=DIRECTION('',(9.73879846162414E-16,9.73879846162414E-16,-1.));
#1631=DIRECTION('center_axis',(1.,5.55111512312577E-16,9.73879846162415E-16));
#1632=DIRECTION('ref_axis',(5.55111512312578E-16,-1.,-9.54791801177635E-16));
#1633=DIRECTION('',(-6.72390680645712E-16,1.,9.68035006380561E-16));
#1634=DIRECTION('',(9.73879846162414E-16,9.73879846162414E-16,-1.));
#1635=DIRECTION('',(6.72390680645712E-16,-1.,-9.56173649279865E-16));
#1636=DIRECTION('',(-9.62094380771879E-16,-4.37832343979445E-16,1.));
#1637=DIRECTION('center_axis',(5.55111512312578E-16,-1.,-9.73879846162414E-16));
#1638=DIRECTION('ref_axis',(-1.,-5.55111512312577E-16,-9.99200722162641E-16));
#1639=DIRECTION('center_axis',(-5.55111512312578E-16,1.,9.73879846162414E-16));
#1640=DIRECTION('ref_axis',(-1.,-5.55111512312577E-16,-9.00862040814511E-16));
#1641=DIRECTION('',(-9.00862040814511E-16,-9.73879846162414E-16,1.));
#1642=DIRECTION('center_axis',(-5.55111512312578E-16,1.,9.73879846162414E-16));
#1643=DIRECTION('ref_axis',(-5.40611914213958E-31,9.73879846162414E-16,
-1.));
#1644=DIRECTION('',(8.96846301641146E-16,9.73879846162414E-16,-1.));
#1645=DIRECTION('center_axis',(5.55111512312578E-16,-1.,-9.73879846162414E-16));
#1646=DIRECTION('ref_axis',(-1.,-5.55111512312577E-16,-9.00862040814511E-16));
#1647=DIRECTION('center_axis',(1.32370678640694E-15,-1.,-9.73879846162413E-16));
#1648=DIRECTION('ref_axis',(-1.,-1.32370678640694E-15,-9.99200722162641E-16));
#1649=DIRECTION('center_axis',(-1.32370678640694E-15,1.,9.73879846162413E-16));
#1650=DIRECTION('ref_axis',(1.,1.32370678640694E-15,-9.50622868116231E-16));
#1651=DIRECTION('',(9.73879846162414E-16,9.73879846162414E-16,-1.));
#1652=DIRECTION('center_axis',(1.32370678640694E-15,-1.,-9.73879846162413E-16));
#1653=DIRECTION('ref_axis',(1.,1.32370678640694E-15,-9.50622868116232E-16));
#1654=DIRECTION('',(9.50622868116233E-16,-9.73879846162412E-16,1.));
#1655=DIRECTION('center_axis',(1.32370678640694E-15,-1.,-9.73879846162413E-16));
#1656=DIRECTION('ref_axis',(-1.28913136151013E-30,9.73879846162413E-16,
-1.));
#1657=DIRECTION('',(9.73879846162414E-16,9.73879846162414E-16,-1.));
#1658=DIRECTION('',(-9.50622868116233E-16,9.73879846162412E-16,-1.));
#1659=DIRECTION('center_axis',(-1.,-5.55111512312577E-16,-9.73879846162415E-16));
#1660=DIRECTION('ref_axis',(-5.55111512312578E-16,1.,9.54791801177635E-16));
#1661=DIRECTION('',(0.,-1.,0.));
#1662=DIRECTION('',(9.73879846162415E-16,0.,-1.));
#1663=DIRECTION('center_axis',(-1.,-5.55111512312577E-16,-9.73879846162415E-16));
#1664=DIRECTION('ref_axis',(-5.55111512312578E-16,1.,9.54791801177635E-16));
#1665=DIRECTION('',(-7.41334818793506E-19,-1.,7.41334818793313E-19));
#1666=DIRECTION('',(-1.0118552080736E-15,-7.41334818793506E-19,-1.));
#1667=DIRECTION('',(7.41334818793506E-19,1.,-7.41334818793377E-19));
#1668=DIRECTION('center_axis',(-1.,-5.55111512312577E-16,-9.73879846162415E-16));
#1669=DIRECTION('ref_axis',(-5.55111512312578E-16,1.,9.54791801177635E-16));
#1670=DIRECTION('',(-9.73879846162415E-16,0.,1.));
#1671=DIRECTION('',(0.,-1.,0.));
#1672=DIRECTION('',(9.73879846162414E-16,9.49532850008354E-16,-1.));
#1673=DIRECTION('center_axis',(-1.,-5.55111512312577E-16,-9.73879846162415E-16));
#1674=DIRECTION('ref_axis',(-5.55111512312578E-16,1.,9.54791801177635E-16));
#1675=DIRECTION('',(-7.41334818793506E-19,-1.,7.41334818793313E-19));
#1676=DIRECTION('',(9.73879846162414E-16,9.49532850008354E-16,-1.));
#1677=DIRECTION('',(7.41334818793506E-19,1.,-7.41334818793377E-19));
#1678=DIRECTION('',(1.0118552080736E-15,7.41334818793392E-19,1.));
#1679=DIRECTION('center_axis',(-9.39409149359761E-16,1.,9.49532850008353E-16));
#1680=DIRECTION('ref_axis',(1.,9.3940914935976E-16,9.99200722162641E-16));
#1681=DIRECTION('center_axis',(9.39409149359761E-16,-1.,-9.49532850008353E-16));
#1682=DIRECTION('ref_axis',(1.,9.39409149359762E-16,-9.50622868116232E-16));
#1683=DIRECTION('',(9.50622868116233E-16,-9.49532850008352E-16,1.));
#1684=DIRECTION('center_axis',(-9.39409149359761E-16,1.,9.49532850008353E-16));
#1685=DIRECTION('ref_axis',(-8.91999846915496E-31,9.49532850008353E-16,
-1.));
#1686=DIRECTION('',(-9.50622868116233E-16,9.49532850008352E-16,-1.));
#1687=DIRECTION('center_axis',(-9.39409149359761E-16,1.,9.49532850008353E-16));
#1688=DIRECTION('ref_axis',(1.,9.39409149359762E-16,-9.50622868116232E-16));
#1689=DIRECTION('center_axis',(-5.55111512312578E-16,1.,9.49532850008353E-16));
#1690=DIRECTION('ref_axis',(1.,5.55111512312577E-16,9.99200722162641E-16));
#1691=DIRECTION('center_axis',(5.55111512312578E-16,-1.,-9.49532850008353E-16));
#1692=DIRECTION('ref_axis',(-1.,-5.55111512312577E-16,-9.00862040814511E-16));
#1693=DIRECTION('',(9.73879846162414E-16,9.49532850008354E-16,-1.));
#1694=DIRECTION('center_axis',(-5.55111512312578E-16,1.,9.49532850008353E-16));
#1695=DIRECTION('ref_axis',(-1.,-5.55111512312577E-16,-9.00862040814511E-16));
#1696=DIRECTION('',(-8.96846301641146E-16,-9.49532850008354E-16,1.));
#1697=DIRECTION('',(9.73879846162414E-16,9.49532850008354E-16,-1.));
#1698=DIRECTION('center_axis',(5.55111512312578E-16,-1.,-9.49532850008353E-16));
#1699=DIRECTION('ref_axis',(-5.27096616358609E-31,9.49532850008353E-16,
-1.));
#1700=DIRECTION('',(9.00862040814511E-16,9.49532850008354E-16,-1.));
#1701=DIRECTION('center_axis',(1.,5.55111512312577E-16,9.73879846162415E-16));
#1702=DIRECTION('ref_axis',(5.55111512312578E-16,-1.,-9.54791801177635E-16));
#1703=DIRECTION('',(1.38777878078145E-16,-1.,0.));
#1704=DIRECTION('',(9.73879846162415E-16,1.3515297855349E-31,-1.));
#1705=DIRECTION('center_axis',(1.,5.55111512312577E-16,9.73879846162415E-16));
#1706=DIRECTION('ref_axis',(5.55111512312578E-16,-1.,-9.54791801177635E-16));
#1707=DIRECTION('',(-6.72390680645712E-16,1.,9.68035006380561E-16));
#1708=DIRECTION('',(9.62094380771879E-16,4.37832343979445E-16,-1.));
#1709=DIRECTION('',(6.72390680645712E-16,-1.,-9.56173649279865E-16));
#1710=DIRECTION('center_axis',(0.,1.,0.));
#1711=DIRECTION('ref_axis',(0.,0.,1.));
#1712=DIRECTION('center_axis',(0.,1.,0.));
#1713=DIRECTION('ref_axis',(1.,0.,-8.67361737988404E-16));
#1714=DIRECTION('',(0.,0.,-1.));
#1715=DIRECTION('center_axis',(-7.41334818793507E-19,-1.,7.04729831675911E-34));
#1716=DIRECTION('ref_axis',(1.,-7.41334818793507E-19,-9.50622868116233E-16));
#1717=DIRECTION('',(7.41334818793507E-19,1.,-1.02880873097609E-33));
#1718=DIRECTION('',(-7.41334818793506E-19,-1.,7.41334818793313E-19));
#1719=DIRECTION('center_axis',(-1.,7.41334818793507E-19,9.50622868116233E-16));
#1720=DIRECTION('ref_axis',(9.50622868116233E-16,3.0905752356367E-36,1.));
#1721=DIRECTION('center_axis',(-6.72390680645711E-16,1.,4.16333634234433E-16));
#1722=DIRECTION('ref_axis',(-1.,-6.72390680645711E-16,-9.00862040814511E-16));
#1723=DIRECTION('',(-6.72390680645712E-16,1.,9.68035006380561E-16));
#1724=DIRECTION('',(6.72390680645711E-16,-1.,-2.77555756156289E-16));
#1725=DIRECTION('center_axis',(-6.72390680645711E-16,1.,4.16333634234433E-16));
#1726=DIRECTION('ref_axis',(-1.,-6.72390680645711E-16,-9.00862040814511E-16));
#1727=DIRECTION('',(-6.77580024377266E-16,1.,2.77555756156289E-16));
#1728=DIRECTION('',(6.72390680645712E-16,-1.,-9.56173649279865E-16));
#1729=DIRECTION('center_axis',(1.,6.77580024377265E-16,8.96846301641147E-16));
#1730=DIRECTION('ref_axis',(8.96846301641147E-16,-1.38777878078144E-16,
-1.));
#1731=DIRECTION('center_axis',(1.38777878078145E-16,-1.,0.));
#1732=DIRECTION('ref_axis',(0.,0.,-1.));
#1733=DIRECTION('',(0.,0.,-1.));
#1734=DIRECTION('center_axis',(1.38777878078145E-16,-1.,0.));
#1735=DIRECTION('ref_axis',(-1.,-1.38777878078145E-16,0.));
#1736=DIRECTION('center_axis',(-7.41334818793507E-19,-1.,7.04729831675911E-34));
#1737=DIRECTION('ref_axis',(1.,-7.41334818793507E-19,-9.50622868116233E-16));
#1738=DIRECTION('',(7.41334818793506E-19,1.,-7.41334818793377E-19));
#1739=DIRECTION('',(7.41334818793507E-19,-1.,-1.02880873097609E-33));
#1740=DIRECTION('center_axis',(7.41334818793506E-19,1.,-7.41334818793507E-19));
#1741=DIRECTION('ref_axis',(-1.,7.41334818793506E-19,6.66133814775094E-17));
#1742=DIRECTION('',(1.,-7.41334818793507E-19,-9.27330565975001E-16));
#1743=DIRECTION('',(6.12323399573676E-17,7.41334818793507E-19,1.));
#1744=DIRECTION('',(1.,-7.41334818793507E-19,-9.27330565975001E-16));
#1745=DIRECTION('center_axis',(9.58394077235458E-16,7.41334818793312E-19,
1.));
#1746=DIRECTION('ref_axis',(1.,-7.41334818793507E-19,-9.58394077235458E-16));
#1747=DIRECTION('',(1.,-7.41334818793507E-19,-9.27330565975001E-16));
#1748=DIRECTION('',(7.41334818793506E-19,1.,-7.41334818793507E-19));
#1749=DIRECTION('center_axis',(-1.20625765515116E-16,-1.,7.41334818793514E-19));
#1750=DIRECTION('ref_axis',(1.,-1.20625765515116E-16,-6.66133814775094E-17));
#1751=DIRECTION('',(-1.,1.20625765515116E-16,1.0118552080736E-15));
#1752=DIRECTION('',(6.12323399573676E-17,7.41334818793507E-19,1.));
#1753=DIRECTION('center_axis',(-1.,7.41334818793506E-19,6.12323399573676E-17));
#1754=DIRECTION('ref_axis',(6.12323399573676E-17,3.98915344025466E-36,1.));
#1755=DIRECTION('',(7.41334818793506E-19,1.,-7.41334818793507E-19));
#1756=DIRECTION('center_axis',(9.58394077235458E-16,7.41334818793376E-19,
1.));
#1757=DIRECTION('ref_axis',(1.,-7.41334818793506E-19,-9.58394077235458E-16));
#1758=DIRECTION('center_axis',(6.72390680645712E-16,-1.,-4.37832343979444E-16));
#1759=DIRECTION('ref_axis',(-1.,-6.72390680645712E-16,-6.66133814775094E-17));
#1760=DIRECTION('',(-1.,-6.72390680645712E-16,5.75498364272134E-16));
#1761=DIRECTION('',(-6.12323399573674E-17,-4.37832343979444E-16,1.));
#1762=DIRECTION('',(-1.,-6.72390680645712E-16,5.75498364272134E-16));
#1763=DIRECTION('center_axis',(9.90015576003737E-16,9.68035006380561E-16,
-1.));
#1764=DIRECTION('ref_axis',(-1.,-1.08872431488014E-15,-9.90015576003738E-16));
#1765=DIRECTION('',(-1.,-6.7239068064571E-16,-2.37722244590116E-15));
#1766=DIRECTION('',(5.33612802567566E-16,-1.,-1.13172173437017E-15));
#1767=DIRECTION('center_axis',(-6.72390680645711E-16,1.,4.37832343979444E-16));
#1768=DIRECTION('ref_axis',(1.,6.72390680645711E-16,6.66133814775094E-17));
#1769=DIRECTION('',(1.,6.72390680645711E-16,9.6209438077188E-16));
#1770=DIRECTION('',(-6.12323399573674E-17,-4.37832343979444E-16,1.));
#1771=DIRECTION('center_axis',(1.,5.33612802567566E-16,6.12323399573677E-17));
#1772=DIRECTION('ref_axis',(6.12323399573678E-17,-2.55351295663786E-16,
-1.));
#1773=DIRECTION('',(5.33612802567566E-16,-1.,-1.13172173437017E-15));
#1774=DIRECTION('center_axis',(9.99604871416126E-16,9.56173649279865E-16,
-1.));
#1775=DIRECTION('ref_axis',(-1.,-1.08872431488014E-15,-9.99604871416127E-16));
#1776=DIRECTION('center_axis',(1.,6.72390680645711E-16,9.00862040814511E-16));
#1777=DIRECTION('ref_axis',(9.00862040814511E-16,-1.38777878078144E-16,
-1.));
#1778=DIRECTION('',(-6.72390680645711E-16,1.,-5.06617736248637E-31));
#1779=DIRECTION('center_axis',(0.,-1.,0.));
#1780=DIRECTION('ref_axis',(0.,0.,-1.));
#1781=DIRECTION('',(0.,-1.,0.));
#1782=DIRECTION('',(-7.41334818793507E-19,1.,7.03831253471293E-34));
#1783=DIRECTION('center_axis',(0.,-1.,0.));
#1784=DIRECTION('ref_axis',(0.,0.,-1.));
#1785=DIRECTION('',(0.,-1.,0.));
#1786=DIRECTION('center_axis',(0.,-1.,0.));
#1787=DIRECTION('ref_axis',(0.,0.,-1.));
#1788=DIRECTION('',(0.,0.,1.));
#1789=DIRECTION('center_axis',(-1.,-7.41334818793507E-19,9.50622868116233E-16));
#1790=DIRECTION('ref_axis',(9.50622868116233E-16,-3.0905752356367E-36,1.));
#1791=DIRECTION('center_axis',(-1.38777878078145E-16,1.,0.));
#1792=DIRECTION('ref_axis',(0.,0.,1.));
#1793=DIRECTION('center_axis',(1.38777878078145E-16,-1.,0.));
#1794=DIRECTION('ref_axis',(-1.,-1.38777878078145E-16,-1.7347234759768E-15));
#1795=DIRECTION('',(0.,0.,1.));
#1796=DIRECTION('center_axis',(-1.38777878078145E-16,1.,0.));
#1797=DIRECTION('ref_axis',(0.,0.,-1.));
#1798=DIRECTION('center_axis',(0.,1.,0.));
#1799=DIRECTION('ref_axis',(0.,0.,1.));
#1800=DIRECTION('',(1.,0.,0.));
#1801=DIRECTION('center_axis',(0.,0.,1.));
#1802=DIRECTION('ref_axis',(1.,0.,0.));
#1803=DIRECTION('',(-1.,-1.46081976924363E-16,0.));
#1804=DIRECTION('center_axis',(1.46081976924363E-16,-1.,0.));
#1805=DIRECTION('ref_axis',(0.,0.,-1.));
#1806=DIRECTION('',(0.,0.,1.));
#1807=DIRECTION('',(1.,0.,0.));
#1808=DIRECTION('',(-6.4184712643951E-15,9.24448797070388E-16,-1.));
#1809=DIRECTION('',(1.,2.43922392880374E-16,-6.4184712643951E-15));
#1810=CARTESIAN_POINT('',(0.,0.,0.));
#1811=CARTESIAN_POINT('',(0.,0.,0.));
#1812=CARTESIAN_POINT('Origin',(0.,0.,0.));
#1813=CARTESIAN_POINT('',(-0.45,5.51091059616309E-17,-0.1));
#1814=CARTESIAN_POINT('Origin',(0.,0.,-0.1));
#1815=CARTESIAN_POINT('',(-0.45,5.51091059616309E-17,0.));
#1816=CARTESIAN_POINT('',(-0.45,5.51091059616309E-17,0.));
#1817=CARTESIAN_POINT('Origin',(0.,0.,0.));
#1818=CARTESIAN_POINT('Origin',(3.67169343111879E-17,0.,-0.1));
#1819=CARTESIAN_POINT('Origin',(0.521175721394327,-0.671175721394327,1.1));
#1820=CARTESIAN_POINT('',(0.521175721394327,-0.671175721394327,1.1));
#1821=CARTESIAN_POINT('',(0.521175721394327,0.671175721394327,1.1));
#1822=CARTESIAN_POINT('',(0.521175721394327,-0.335587860697164,1.1));
#1823=CARTESIAN_POINT('',(0.521175721394327,-0.671175721394327,1.095));
#1824=CARTESIAN_POINT('',(0.521175721394327,-0.671175721394327,1.1));
#1825=CARTESIAN_POINT('',(0.521175721394327,0.671175721394327,1.095));
#1826=CARTESIAN_POINT('',(0.521175721394327,0.671175721394327,1.095));
#1827=CARTESIAN_POINT('',(0.521175721394327,0.671175721394327,1.1));
#1828=CARTESIAN_POINT('Origin',(1.02117572139433,-0.671175721394327,1.1));
#1829=CARTESIAN_POINT('',(1.02117572139433,-0.671175721394327,1.1));
#1830=CARTESIAN_POINT('',(-0.525,-0.671175721394327,1.1));
#1831=CARTESIAN_POINT('',(1.02117572139433,-0.671175721394327,1.095));
#1832=CARTESIAN_POINT('',(1.02117572139433,-0.671175721394327,1.1));
#1833=CARTESIAN_POINT('',(0.521175721394327,-0.671175721394327,1.095));
#1834=CARTESIAN_POINT('Origin',(1.02117572139433,0.671175721394327,1.1));
#1835=CARTESIAN_POINT('',(1.02117572139433,0.671175721394327,1.1));
#1836=CARTESIAN_POINT('',(1.02117572139433,-0.35,1.1));
#1837=CARTESIAN_POINT('',(1.02117572139433,0.671175721394327,1.095));
#1838=CARTESIAN_POINT('',(1.02117572139433,0.671175721394327,1.1));
#1839=CARTESIAN_POINT('',(1.02117572139433,-0.671175721394327,1.095));
#1840=CARTESIAN_POINT('Origin',(0.521175721394327,0.671175721394327,1.1));
#1841=CARTESIAN_POINT('',(0.525,0.671175721394327,1.1));
#1842=CARTESIAN_POINT('',(1.02117572139433,0.671175721394327,1.095));
#1843=CARTESIAN_POINT('Origin',(0.771175721394327,1.38777878078145E-16,
1.095));
#1844=CARTESIAN_POINT('Origin',(0.525,0.685587860697163,0.275));
#1845=CARTESIAN_POINT('',(0.95,0.7,0.55));
#1846=CARTESIAN_POINT('',(0.921175721394327,0.671175721394327,0.));
#1847=CARTESIAN_POINT('',(0.934802350580197,0.684802350580197,0.260011574088577));
#1848=CARTESIAN_POINT('',(-0.921175721394327,0.671175721394327,0.));
#1849=CARTESIAN_POINT('',(0.525,0.671175721394327,0.));
#1850=CARTESIAN_POINT('',(-0.95,0.7,0.55));
#1851=CARTESIAN_POINT('',(-0.931899032921801,0.681899032921801,0.204612973000811));
#1852=CARTESIAN_POINT('',(0.525,0.7,0.55));
#1853=CARTESIAN_POINT('Origin',(-0.935587860697164,-0.554708556135796,0.275));
#1854=CARTESIAN_POINT('',(-0.921175721394328,-0.671175721394327,0.));
#1855=CARTESIAN_POINT('',(-0.921175721394328,-0.554708556135796,0.));
#1856=CARTESIAN_POINT('',(-0.95,-0.7,0.55));
#1857=CARTESIAN_POINT('',(-0.934848332856127,-0.684848332856127,0.260888968180792));
#1858=CARTESIAN_POINT('',(-0.950000000000001,-1.10941711227159,0.55));
#1859=CARTESIAN_POINT('Origin',(-1.85863229568944E-16,9.41707029815981E-18,
0.));
#1860=CARTESIAN_POINT('',(0.921175721394327,-0.671175721394327,0.));
#1861=CARTESIAN_POINT('',(0.921175721394327,0.521041273826976,0.));
#1862=CARTESIAN_POINT('',(-0.525,-0.671175721394327,0.));
#1863=CARTESIAN_POINT('Origin',(-0.525,-0.685587860697164,0.275));
#1864=CARTESIAN_POINT('',(0.95,-0.7,0.55));
#1865=CARTESIAN_POINT('',(0.93194501519773,-0.68194501519773,0.205490367093026));
#1866=CARTESIAN_POINT('',(-0.525,-0.7,0.55));
#1867=CARTESIAN_POINT('Origin',(0.935587860697163,0.521041273826976,0.275));
#1868=CARTESIAN_POINT('',(0.95,-1.10941711227159,0.55));
#1869=CARTESIAN_POINT('Origin',(-1.03558786069716,0.35,0.825));
#1870=CARTESIAN_POINT('',(-1.05,-0.7,0.55));
#1871=CARTESIAN_POINT('',(-1.02117572139433,-0.671175721394327,1.1));
#1872=CARTESIAN_POINT('',(-1.03347611677902,-0.683476116779025,0.865294474351487));
#1873=CARTESIAN_POINT('',(-1.02117572139433,0.671175721394327,1.1));
#1874=CARTESIAN_POINT('',(-1.02117572139433,0.35,1.1));
#1875=CARTESIAN_POINT('',(-1.05,0.7,0.55));
#1876=CARTESIAN_POINT('',(-1.03299809195874,0.68299809195874,0.874415731287473));
#1877=CARTESIAN_POINT('',(-1.05,0.369238447033611,0.55));
#1878=CARTESIAN_POINT('Origin',(0.525,0.685587860697163,0.825));
#1879=CARTESIAN_POINT('',(0.525,0.671175721394327,1.1));
#1880=CARTESIAN_POINT('',(1.05,0.7,0.55));
#1881=CARTESIAN_POINT('',(1.03347611677902,0.683476116779025,0.865294474351487));
#1882=CARTESIAN_POINT('',(1.16891218271093,0.7,0.55));
#1883=CARTESIAN_POINT('',(-0.0956657265006436,0.7,0.55));
#1884=CARTESIAN_POINT('Origin',(-1.38777878078145E-16,0.,1.1));
#1885=CARTESIAN_POINT('',(-0.525,-0.671175721394327,1.1));
#1886=CARTESIAN_POINT('Origin',(1.03558786069716,-0.35,0.825));
#1887=CARTESIAN_POINT('',(1.05,-0.7,0.55));
#1888=CARTESIAN_POINT('',(1.03299809195874,-0.68299809195874,0.874415731287473));
#1889=CARTESIAN_POINT('',(1.05,-0.36683364115441,0.55));
#1890=CARTESIAN_POINT('Origin',(-0.525,-0.685587860697164,0.825));
#1891=CARTESIAN_POINT('',(-1.14566572650064,-0.7,0.55));
#1892=CARTESIAN_POINT('',(0.118912182710934,-0.7,0.55));
#1893=CARTESIAN_POINT('Origin',(-1.24133145300129,0.038476894067223,0.55));
#1894=CARTESIAN_POINT('Origin',(1.28782436542187,-0.0336672823088199,0.55));
#1895=CARTESIAN_POINT('',(0.,0.,0.));
#1896=CARTESIAN_POINT('Origin',(-0.929817816293963,-0.000193881592875033,
0.05));
#1897=CARTESIAN_POINT('',(-0.85,-0.0867964219713188,0.1));
#1898=CARTESIAN_POINT('',(-0.85,0.0864086587855687,0.1));
#1899=CARTESIAN_POINT('Ctrl Pts',(-0.85,0.0864086587855688,0.1));
#1900=CARTESIAN_POINT('Ctrl Pts',(-0.861032817628363,0.0864086587855688,
0.1));
#1901=CARTESIAN_POINT('Ctrl Pts',(-0.87279154296643,0.0853821219608261,
0.101975686289655));
#1902=CARTESIAN_POINT('Ctrl Pts',(-0.894184104894757,0.080235234154068,
0.109572023870392));
#1903=CARTESIAN_POINT('Ctrl Pts',(-0.903809262297779,0.0760746027780992,
0.11518976913095));
#1904=CARTESIAN_POINT('Ctrl Pts',(-0.917713769406316,0.0652344646465676,
0.125959404775715));
#1905=CARTESIAN_POINT('Ctrl Pts',(-0.923684210588283,0.0575204779615887,
0.132148652813049));
#1906=CARTESIAN_POINT('Ctrl Pts',(-0.93055594676839,0.0430015846624536,
0.14053113976764));
#1907=CARTESIAN_POINT('Ctrl Pts',(-0.932957484072178,0.0348222990592783,
0.144101004016307));
#1908=CARTESIAN_POINT('Ctrl Pts',(-0.935973942289915,0.0174694668130272,
0.1488364676223));
#1909=CARTESIAN_POINT('Ctrl Pts',(-0.936602540378444,0.00829773642550522,
0.15));
#1910=CARTESIAN_POINT('Ctrl Pts',(-0.936602540378444,-0.00868549961125529,
0.15));
#1911=CARTESIAN_POINT('Ctrl Pts',(-0.935973942289915,-0.0178572299987773,
0.1488364676223));
#1912=CARTESIAN_POINT('Ctrl Pts',(-0.932957484072178,-0.0352100622450284,
0.144101004016307));
#1913=CARTESIAN_POINT('Ctrl Pts',(-0.93055594676839,-0.0433893478482037,
0.14053113976764));
#1914=CARTESIAN_POINT('Ctrl Pts',(-0.923684210588283,-0.0579082411473388,
0.132148652813049));
#1915=CARTESIAN_POINT('Ctrl Pts',(-0.917713769406316,-0.0656222278323177,
0.125959404775715));
#1916=CARTESIAN_POINT('Ctrl Pts',(-0.903809262297779,-0.0764623659638493,
0.11518976913095));
#1917=CARTESIAN_POINT('Ctrl Pts',(-0.894184104894757,-0.0806229973398181,
0.109572023870392));
#1918=CARTESIAN_POINT('Ctrl Pts',(-0.87279154296643,-0.0857698851465762,
0.101975686289655));
#1919=CARTESIAN_POINT('Ctrl Pts',(-0.861032817628363,-0.0867964219713189,
0.1));
#1920=CARTESIAN_POINT('Ctrl Pts',(-0.85,-0.0867964219713189,0.1));
#1921=CARTESIAN_POINT('',(-0.739695323505421,-0.0867964219713189,0.1));
#1922=CARTESIAN_POINT('',(-1.31006280187105,-0.0867964219713188,0.1));
#1923=CARTESIAN_POINT('',(-0.739695323505421,-0.100193881592875,0.05));
#1924=CARTESIAN_POINT('Origin',(-0.739695323505421,-0.000193881592875037,
0.05));
#1925=CARTESIAN_POINT('',(-0.982287565553229,-0.100193881592875,0.05));
#1926=CARTESIAN_POINT('',(-1.31006280187105,-0.100193881592875,0.05));
#1927=CARTESIAN_POINT('',(-0.982287565553229,0.099806118407125,0.05));
#1928=CARTESIAN_POINT('Ctrl Pts',(-0.982287565553232,-0.100193881592875,
0.0500000000000019));
#1929=CARTESIAN_POINT('Ctrl Pts',(-0.98364652859814,-0.100193881592875,
0.0511984927525864));
#1930=CARTESIAN_POINT('Ctrl Pts',(-0.984984834889415,-0.100172332161345,
0.052411607869323));
#1931=CARTESIAN_POINT('Ctrl Pts',(-0.993399974059764,-0.0998870299506385,
0.0602483474270391));
#1932=CARTESIAN_POINT('Ctrl Pts',(-1.00061160960937,-0.0989222206092446,
0.0680122813105624));
#1933=CARTESIAN_POINT('Ctrl Pts',(-1.01334319048826,-0.0945484664169627,
0.084132134295599));
#1934=CARTESIAN_POINT('Ctrl Pts',(-1.01886607467349,-0.0911354280547133,
0.0924846210092105));
#1935=CARTESIAN_POINT('Ctrl Pts',(-1.02710334954228,-0.082898153185927,
0.106751999597859));
#1936=CARTESIAN_POINT('Ctrl Pts',(-1.03063704172715,-0.0776576885512474,
0.113880941423436));
#1937=CARTESIAN_POINT('Ctrl Pts',(-1.03620420241201,-0.0650277373099468,
0.126658667175808));
#1938=CARTESIAN_POINT('Ctrl Pts',(-1.03824920235362,-0.0576395968868659,
0.132303754649149));
#1939=CARTESIAN_POINT('Ctrl Pts',(-1.04105486236701,-0.0430997781229075,
0.140698322926489));
#1940=CARTESIAN_POINT('Ctrl Pts',(-1.04208405551021,-0.0348082821743775,
0.144245032991821));
#1941=CARTESIAN_POINT('Ctrl Pts',(-1.04337842000514,-0.0175077367761423,
0.148895993933608));
#1942=CARTESIAN_POINT('Ctrl Pts',(-1.04364916731037,-0.00849903913805938,
0.15));
#1943=CARTESIAN_POINT('Ctrl Pts',(-1.04364916731037,0.00811127595230933,
0.15));
#1944=CARTESIAN_POINT('Ctrl Pts',(-1.04337842000514,0.0171199735903923,
0.148895993933608));
#1945=CARTESIAN_POINT('Ctrl Pts',(-1.04208405551021,0.0344205189886275,
0.144245032991821));
#1946=CARTESIAN_POINT('Ctrl Pts',(-1.04105486236701,0.0427120149371574,
0.140698322926489));
#1947=CARTESIAN_POINT('Ctrl Pts',(-1.03824920235362,0.0572518337011159,
0.132303754649149));
#1948=CARTESIAN_POINT('Ctrl Pts',(-1.03620420241201,0.0646399741241967,
0.126658667175808));
#1949=CARTESIAN_POINT('Ctrl Pts',(-1.03063704172715,0.0772699253654974,
0.113880941423436));
#1950=CARTESIAN_POINT('Ctrl Pts',(-1.02710334954228,0.082510390000177,0.106751999597859));
#1951=CARTESIAN_POINT('Ctrl Pts',(-1.01886607467349,0.0907476648689633,
0.0924846210092105));
#1952=CARTESIAN_POINT('Ctrl Pts',(-1.01334319048826,0.0941607032312127,
0.084132134295599));
#1953=CARTESIAN_POINT('Ctrl Pts',(-1.00061160960937,0.0985344574234946,
0.0680122813105624));
#1954=CARTESIAN_POINT('Ctrl Pts',(-0.993399974059764,0.0994992667648884,
0.0602483474270391));
#1955=CARTESIAN_POINT('Ctrl Pts',(-0.984984834889415,0.099784568975595,
0.052411607869323));
#1956=CARTESIAN_POINT('Ctrl Pts',(-0.98364652859814,0.099806118407125,0.0511984927525864));
#1957=CARTESIAN_POINT('Ctrl Pts',(-0.982287565553232,0.099806118407125,
0.0500000000000018));
#1958=CARTESIAN_POINT('',(-0.739695323505421,0.0998061184071249,0.05));
#1959=CARTESIAN_POINT('',(-0.929817816293963,0.099806118407125,0.05));
#1960=CARTESIAN_POINT('',(-0.739695323505421,0.0864086587855688,0.1));
#1961=CARTESIAN_POINT('Origin',(-0.739695323505421,-0.000193881592875072,
0.05));
#1962=CARTESIAN_POINT('',(-0.929817816293963,0.0864086587855688,0.1));
#1963=CARTESIAN_POINT('Origin',(0.957296457829807,-0.000193881592875263,
0.05));
#1964=CARTESIAN_POINT('',(0.85,0.0864086587855683,0.1));
#1965=CARTESIAN_POINT('',(0.85,-0.0867964219713191,0.1));
#1966=CARTESIAN_POINT('Ctrl Pts',(0.85,-0.0867964219713191,0.1));
#1967=CARTESIAN_POINT('Ctrl Pts',(0.861032817628363,-0.0867964219713191,
0.1));
#1968=CARTESIAN_POINT('Ctrl Pts',(0.87279154296643,-0.0857698851465764,
0.101975686289655));
#1969=CARTESIAN_POINT('Ctrl Pts',(0.894184104894757,-0.0806229973398183,
0.109572023870392));
#1970=CARTESIAN_POINT('Ctrl Pts',(0.903809262297779,-0.0764623659638495,
0.11518976913095));
#1971=CARTESIAN_POINT('Ctrl Pts',(0.917713769406316,-0.0656222278323179,
0.125959404775715));
#1972=CARTESIAN_POINT('Ctrl Pts',(0.923684210588283,-0.057908241147339,
0.132148652813049));
#1973=CARTESIAN_POINT('Ctrl Pts',(0.93055594676839,-0.0433893478482039,
0.14053113976764));
#1974=CARTESIAN_POINT('Ctrl Pts',(0.932957484072178,-0.0352100622450287,
0.144101004016307));
#1975=CARTESIAN_POINT('Ctrl Pts',(0.935973942289915,-0.0178572299987775,
0.1488364676223));
#1976=CARTESIAN_POINT('Ctrl Pts',(0.936602540378444,-0.00868549961125554,
0.15));
#1977=CARTESIAN_POINT('Ctrl Pts',(0.936602540378444,0.00829773642550502,
0.15));
#1978=CARTESIAN_POINT('Ctrl Pts',(0.935973942289915,0.017469466813027,0.1488364676223));
#1979=CARTESIAN_POINT('Ctrl Pts',(0.932957484072178,0.0348222990592781,
0.144101004016307));
#1980=CARTESIAN_POINT('Ctrl Pts',(0.93055594676839,0.0430015846624534,0.14053113976764));
#1981=CARTESIAN_POINT('Ctrl Pts',(0.923684210588283,0.0575204779615885,
0.132148652813049));
#1982=CARTESIAN_POINT('Ctrl Pts',(0.917713769406316,0.0652344646465673,
0.125959404775715));
#1983=CARTESIAN_POINT('Ctrl Pts',(0.903809262297779,0.076074602778099,0.11518976913095));
#1984=CARTESIAN_POINT('Ctrl Pts',(0.894184104894757,0.0802352341540678,
0.109572023870392));
#1985=CARTESIAN_POINT('Ctrl Pts',(0.87279154296643,0.0853821219608259,0.101975686289655));
#1986=CARTESIAN_POINT('Ctrl Pts',(0.861032817628363,0.0864086587855686,
0.1));
#1987=CARTESIAN_POINT('Ctrl Pts',(0.85,0.0864086587855686,0.1));
#1988=CARTESIAN_POINT('',(0.724842003756316,0.0864086587855684,0.1));
#1989=CARTESIAN_POINT('',(1.42220536597679,0.0864086587855683,0.1));
#1990=CARTESIAN_POINT('',(0.724842003756316,0.0998061184071245,0.05));
#1991=CARTESIAN_POINT('Origin',(0.724842003756316,-0.000193881592875506,
0.05));
#1992=CARTESIAN_POINT('',(0.982287565553229,0.0998061184071244,0.05));
#1993=CARTESIAN_POINT('',(1.42220536597679,0.0998061184071244,0.05));
#1994=CARTESIAN_POINT('',(0.982287565553229,-0.100193881592875,0.05));
#1995=CARTESIAN_POINT('Ctrl Pts',(0.982287565553232,0.0998061184071247,
0.0500000000000019));
#1996=CARTESIAN_POINT('Ctrl Pts',(0.98364652859814,0.0998061184071247,0.0511984927525864));
#1997=CARTESIAN_POINT('Ctrl Pts',(0.984984834889415,0.0997845689755947,
0.052411607869323));
#1998=CARTESIAN_POINT('Ctrl Pts',(0.993399974059764,0.0994992667648882,
0.0602483474270391));
#1999=CARTESIAN_POINT('Ctrl Pts',(1.00061160960937,0.0985344574234943,0.0680122813105624));
#2000=CARTESIAN_POINT('Ctrl Pts',(1.01334319048826,0.0941607032312125,0.084132134295599));
#2001=CARTESIAN_POINT('Ctrl Pts',(1.01886607467349,0.090747664868963,0.0924846210092105));
#2002=CARTESIAN_POINT('Ctrl Pts',(1.02710334954228,0.0825103900001767,0.106751999597859));
#2003=CARTESIAN_POINT('Ctrl Pts',(1.03063704172715,0.0772699253654971,0.113880941423436));
#2004=CARTESIAN_POINT('Ctrl Pts',(1.03620420241201,0.0646399741241965,0.126658667175808));
#2005=CARTESIAN_POINT('Ctrl Pts',(1.03824920235362,0.0572518337011157,0.132303754649149));
#2006=CARTESIAN_POINT('Ctrl Pts',(1.04105486236701,0.0427120149371572,0.140698322926489));
#2007=CARTESIAN_POINT('Ctrl Pts',(1.04208405551021,0.0344205189886273,0.144245032991821));
#2008=CARTESIAN_POINT('Ctrl Pts',(1.04337842000514,0.017119973590392,0.148895993933608));
#2009=CARTESIAN_POINT('Ctrl Pts',(1.04364916731037,0.00811127595230911,
0.15));
#2010=CARTESIAN_POINT('Ctrl Pts',(1.04364916731037,-0.0084990391380596,
0.15));
#2011=CARTESIAN_POINT('Ctrl Pts',(1.04337842000514,-0.0175077367761425,
0.148895993933608));
#2012=CARTESIAN_POINT('Ctrl Pts',(1.04208405551021,-0.0348082821743777,
0.144245032991821));
#2013=CARTESIAN_POINT('Ctrl Pts',(1.04105486236701,-0.0430997781229077,
0.140698322926489));
#2014=CARTESIAN_POINT('Ctrl Pts',(1.03824920235362,-0.0576395968868662,
0.132303754649149));
#2015=CARTESIAN_POINT('Ctrl Pts',(1.03620420241201,-0.065027737309947,0.126658667175808));
#2016=CARTESIAN_POINT('Ctrl Pts',(1.03063704172715,-0.0776576885512477,
0.113880941423436));
#2017=CARTESIAN_POINT('Ctrl Pts',(1.02710334954228,-0.0828981531859272,
0.106751999597859));
#2018=CARTESIAN_POINT('Ctrl Pts',(1.01886607467349,-0.0911354280547136,
0.0924846210092105));
#2019=CARTESIAN_POINT('Ctrl Pts',(1.01334319048826,-0.094548466416963,0.084132134295599));
#2020=CARTESIAN_POINT('Ctrl Pts',(1.00061160960937,-0.0989222206092449,
0.0680122813105624));
#2021=CARTESIAN_POINT('Ctrl Pts',(0.993399974059764,-0.0998870299506387,
0.0602483474270391));
#2022=CARTESIAN_POINT('Ctrl Pts',(0.984984834889415,-0.100172332161345,
0.052411607869323));
#2023=CARTESIAN_POINT('Ctrl Pts',(0.98364652859814,-0.100193881592875,0.0511984927525864));
#2024=CARTESIAN_POINT('Ctrl Pts',(0.982287565553232,-0.100193881592875,
0.0500000000000018));
#2025=CARTESIAN_POINT('',(0.724842003756316,-0.100193881592875,0.05));
#2026=CARTESIAN_POINT('',(0.957296457829807,-0.100193881592875,0.05));
#2027=CARTESIAN_POINT('',(0.724842003756316,-0.0867964219713191,0.1));
#2028=CARTESIAN_POINT('Origin',(0.724842003756316,-0.000193881592875263,
0.05));
#2029=CARTESIAN_POINT('',(0.957296457829807,-0.0867964219713191,0.1));
#2030=CARTESIAN_POINT('Origin',(-0.739695323505421,0.0998061184071249,0.));
#2031=CARTESIAN_POINT('',(-0.85,0.099806118407125,0.));
#2032=CARTESIAN_POINT('Origin',(-0.85,0.0998061184071249,0.2));
#2033=CARTESIAN_POINT('',(-0.739695323505421,0.0998061184071249,0.));
#2034=CARTESIAN_POINT('',(-0.36984766175271,0.0998061184071249,0.));
#2035=CARTESIAN_POINT('',(-0.739695323505421,0.0998061184071249,0.));
#2036=CARTESIAN_POINT('Origin',(-0.739695323505421,-0.100193881592875,0.));
#2037=CARTESIAN_POINT('',(-0.739695323505421,-0.0500969407964376,0.1));
#2038=CARTESIAN_POINT('',(-0.739695323505421,-0.100193881592875,0.));
#2039=CARTESIAN_POINT('',(-0.739695323505421,-0.0500969407964376,0.));
#2040=CARTESIAN_POINT('',(-0.739695323505421,-0.100193881592875,0.));
#2041=CARTESIAN_POINT('Origin',(-1.50018529465959,-0.100193881592875,0.));
#2042=CARTESIAN_POINT('',(-0.85,-0.100193881592875,0.));
#2043=CARTESIAN_POINT('',(-0.750092647329794,-0.100193881592875,0.));
#2044=CARTESIAN_POINT('Origin',(-0.85,-0.100193881592875,0.2));
#2045=CARTESIAN_POINT('Origin',(1.65465982005028,0.0998061184071244,0.));
#2046=CARTESIAN_POINT('',(0.724842003756316,0.0998061184071245,0.));
#2047=CARTESIAN_POINT('',(0.724842003756316,0.0998061184071245,0.));
#2048=CARTESIAN_POINT('',(0.85,0.0998061184071245,0.));
#2049=CARTESIAN_POINT('',(0.827329910025139,0.0998061184071245,0.));
#2050=CARTESIAN_POINT('Origin',(0.85,0.0998061184071244,0.2));
#2051=CARTESIAN_POINT('Origin',(0.724842003756316,0.0998061184071245,0.));
#2052=CARTESIAN_POINT('',(0.724842003756316,0.0499030592035622,0.1));
#2053=CARTESIAN_POINT('',(0.724842003756316,-0.100193881592875,0.));
#2054=CARTESIAN_POINT('',(0.724842003756316,-0.100193881592875,0.));
#2055=CARTESIAN_POINT('',(0.724842003756316,0.0499030592035622,0.));
#2056=CARTESIAN_POINT('Origin',(0.724842003756316,-0.100193881592875,0.));
#2057=CARTESIAN_POINT('',(0.85,-0.100193881592875,0.));
#2058=CARTESIAN_POINT('Origin',(0.85,-0.100193881592875,0.2));
#2059=CARTESIAN_POINT('',(0.362421001878158,-0.100193881592875,0.));
#2060=CARTESIAN_POINT('Origin',(-0.85,0.,0.2));
#2061=CARTESIAN_POINT('',(-0.85,-0.5,1.73472347597681E-17));
#2062=CARTESIAN_POINT('',(-0.85,-0.25,0.));
#2063=CARTESIAN_POINT('',(-0.899999999999999,-0.5,0.00635083268962937));
#2064=CARTESIAN_POINT('Origin',(-0.85,-0.5,0.2));
#2065=CARTESIAN_POINT('',(-0.899999999999999,-0.300193881592875,0.00635083268962906));
#2066=CARTESIAN_POINT('',(-0.899999999999999,-3.46944695195351E-18,0.00635083268962909));
#2067=CARTESIAN_POINT('',(-1.05,-0.300193881592875,0.2));
#2068=CARTESIAN_POINT('Origin',(-0.85,-0.300193881592876,0.2));
#2069=CARTESIAN_POINT('',(-1.05,0.3,0.2));
#2070=CARTESIAN_POINT('',(-1.05,4.90430835598171E-18,0.2));
#2071=CARTESIAN_POINT('',(-0.899999999999999,0.300000000000001,0.00635083268962909));
#2072=CARTESIAN_POINT('Origin',(-0.85,0.3,0.2));
#2073=CARTESIAN_POINT('',(-0.899999999999999,0.5,0.00635083268962878));
#2074=CARTESIAN_POINT('',(-0.899999999999999,-3.46944695195347E-18,0.00635083268962909));
#2075=CARTESIAN_POINT('',(-0.85,0.5,1.73472347597681E-17));
#2076=CARTESIAN_POINT('Origin',(-0.85,0.5,0.2));
#2077=CARTESIAN_POINT('',(-0.85,-0.25,0.));
#2078=CARTESIAN_POINT('Origin',(-3.46944695195361E-17,-7.37393427405815E-17,
0.1));
#2079=CARTESIAN_POINT('',(-0.85,-0.5,0.1));
#2080=CARTESIAN_POINT('',(-0.85,-0.25,0.1));
#2081=CARTESIAN_POINT('',(0.85,-0.5,0.1));
#2082=CARTESIAN_POINT('',(0.95,-0.5,0.1));
#2083=CARTESIAN_POINT('',(0.85,0.25,0.1));
#2084=CARTESIAN_POINT('',(0.85,0.5,0.1));
#2085=CARTESIAN_POINT('',(0.85,0.25,0.1));
#2086=CARTESIAN_POINT('',(-0.85,0.5,0.1));
#2087=CARTESIAN_POINT('',(-0.95,0.5,0.1));
#2088=CARTESIAN_POINT('',(-0.85,-0.25,0.1));
#2089=CARTESIAN_POINT('Origin',(0.85,0.,0.2));
#2090=CARTESIAN_POINT('',(0.900000000000002,-0.5,0.113397459621557));
#2091=CARTESIAN_POINT('Origin',(0.85,-0.5,0.2));
#2092=CARTESIAN_POINT('',(0.900000000000002,-0.300193881592874,0.113397459621557));
#2093=CARTESIAN_POINT('',(0.900000000000002,0.,0.113397459621557));
#2094=CARTESIAN_POINT('',(0.95,-0.300193881592874,0.2));
#2095=CARTESIAN_POINT('Origin',(0.85,-0.300193881592875,0.2));
#2096=CARTESIAN_POINT('',(0.95,0.300000000000002,0.2));
#2097=CARTESIAN_POINT('',(0.95,-8.65730801387058E-18,0.2));
#2098=CARTESIAN_POINT('',(0.900000000000001,0.300000000000002,0.113397459621557));
#2099=CARTESIAN_POINT('Origin',(0.85,0.300000000000001,0.2));
#2100=CARTESIAN_POINT('',(0.900000000000001,0.5,0.113397459621557));
#2101=CARTESIAN_POINT('',(0.900000000000002,0.,0.113397459621557));
#2102=CARTESIAN_POINT('Origin',(0.85,0.5,0.2));
#2103=CARTESIAN_POINT('Origin',(-0.9,0.711964250149527,0.950000000000001));
#2104=CARTESIAN_POINT('',(-0.899999999999999,0.5,0.113397459621556));
#2105=CARTESIAN_POINT('',(-0.899999999999999,0.3,0.113397459621556));
#2106=CARTESIAN_POINT('',(-0.899999999999999,-3.46944695195349E-18,0.113397459621556));
#2107=CARTESIAN_POINT('',(-0.9,0.5,0.575000000000001));
#2108=CARTESIAN_POINT('',(-0.9,0.3,0.950000000000001));
#2109=CARTESIAN_POINT('Origin',(-0.9,0.711964250149527,0.950000000000001));
#2110=CARTESIAN_POINT('',(-0.9,0.3,0.850000000000001));
#2111=CARTESIAN_POINT('',(-0.900000000000001,0.5,0.850000000000001));
#2112=CARTESIAN_POINT('',(-0.9,2.0428751698534E-16,0.85));
#2113=CARTESIAN_POINT('',(-0.9,0.3,0.950000000000001));
#2114=CARTESIAN_POINT('',(-0.9,0.3,0.950000000000001));
#2115=CARTESIAN_POINT('',(-0.900000000000001,0.5,0.950000000000001));
#2116=CARTESIAN_POINT('',(-0.9,1.38663076156101E-16,0.95));
#2117=CARTESIAN_POINT('',(-0.900000000000001,0.5,0.872000000000001));
#2118=CARTESIAN_POINT('Origin',(-0.9,0.3,0.950000000000001));
#2119=CARTESIAN_POINT('',(-0.950000000000001,0.3,0.800000000000001));
#2120=CARTESIAN_POINT('Origin',(-0.9,0.3,0.800000000000001));
#2121=CARTESIAN_POINT('',(-0.95,0.3,0.2));
#2122=CARTESIAN_POINT('',(-0.95,0.3,0.680951332235384));
#2123=CARTESIAN_POINT('Origin',(-0.85,0.3,0.2));
#2124=CARTESIAN_POINT('',(-1.05,0.3,0.800000000000001));
#2125=CARTESIAN_POINT('',(-1.05,0.3,0.680951332235385));
#2126=CARTESIAN_POINT('Origin',(-0.9,0.3,0.800000000000001));
#2127=CARTESIAN_POINT('Origin',(1.26112082068594,0.300000000000001,0.950000000000003));
#2128=CARTESIAN_POINT('',(0.9,0.300000000000001,0.85));
#2129=CARTESIAN_POINT('',(0.950000000000001,0.300000000000001,0.8));
#2130=CARTESIAN_POINT('Origin',(0.900000000000001,0.300000000000001,0.8));
#2131=CARTESIAN_POINT('',(0.9,0.300000000000001,0.950000000000003));
#2132=CARTESIAN_POINT('',(0.9,0.300000000000001,0.950000000000003));
#2133=CARTESIAN_POINT('',(1.05,0.300000000000001,0.8));
#2134=CARTESIAN_POINT('Origin',(0.900000000000001,0.300000000000001,0.8));
#2135=CARTESIAN_POINT('',(1.05,0.300000000000002,0.2));
#2136=CARTESIAN_POINT('',(1.05,0.300000000000001,0.680951332235386));
#2137=CARTESIAN_POINT('',(0.900000000000001,0.300000000000002,0.00635083268962958));
#2138=CARTESIAN_POINT('Origin',(0.85,0.300000000000001,0.2));
#2139=CARTESIAN_POINT('',(0.9,0.300000000000001,0.950000000000003));
#2140=CARTESIAN_POINT('',(0.95,0.300000000000001,0.680951332235386));
#2141=CARTESIAN_POINT('Origin',(0.900000000000001,0.300000000000001,0.950000000000003));
#2142=CARTESIAN_POINT('',(0.900000000000001,0.5,0.00635083268962968));
#2143=CARTESIAN_POINT('',(0.900000000000002,0.,0.00635083268962968));
#2144=CARTESIAN_POINT('',(0.900000000000001,0.5,0.575000000000001));
#2145=CARTESIAN_POINT('Origin',(0.900000000000001,0.300000000000001,0.950000000000003));
#2146=CARTESIAN_POINT('',(0.900000000000001,0.5,0.85));
#2147=CARTESIAN_POINT('',(0.900000000000001,-2.25476985136045E-16,0.85));
#2148=CARTESIAN_POINT('',(0.900000000000001,0.5,0.95));
#2149=CARTESIAN_POINT('',(0.900000000000001,0.5,0.872));
#2150=CARTESIAN_POINT('',(0.900000000000001,-2.21066042964224E-16,0.95));
#2151=CARTESIAN_POINT('Origin',(0.900000000000001,-0.727903748287179,0.950000000000002));
#2152=CARTESIAN_POINT('',(0.900000000000002,-0.5,0.00635083268962975));
#2153=CARTESIAN_POINT('',(0.900000000000001,-0.5,0.575000000000001));
#2154=CARTESIAN_POINT('',(0.900000000000002,-0.300193881592874,0.00635083268962978));
#2155=CARTESIAN_POINT('',(0.900000000000002,0.,0.00635083268962968));
#2156=CARTESIAN_POINT('',(0.900000000000001,-0.300193881592875,0.950000000000002));
#2157=CARTESIAN_POINT('Origin',(0.900000000000001,-0.727903748287179,0.950000000000002));
#2158=CARTESIAN_POINT('',(0.900000000000001,-0.300193881592875,0.85));
#2159=CARTESIAN_POINT('',(0.900000000000001,-0.5,0.85));
#2160=CARTESIAN_POINT('',(0.900000000000001,-2.25476985136045E-16,0.85));
#2161=CARTESIAN_POINT('',(0.900000000000001,-0.300193881592875,0.950000000000002));
#2162=CARTESIAN_POINT('',(0.900000000000001,-0.300193881592875,0.950000000000002));
#2163=CARTESIAN_POINT('',(0.900000000000001,-0.5,0.95));
#2164=CARTESIAN_POINT('',(0.900000000000001,-2.21066042964224E-16,0.95));
#2165=CARTESIAN_POINT('',(0.900000000000001,-0.5,0.872));
#2166=CARTESIAN_POINT('Origin',(0.900000000000001,-0.300193881592875,0.950000000000002));
#2167=CARTESIAN_POINT('',(0.950000000000001,-0.300193881592874,0.8));
#2168=CARTESIAN_POINT('Origin',(0.900000000000001,-0.300193881592875,0.8));
#2169=CARTESIAN_POINT('',(0.95,-0.300193881592874,0.680951332235385));
#2170=CARTESIAN_POINT('',(1.05,-0.300193881592874,0.2));
#2171=CARTESIAN_POINT('Origin',(0.85,-0.300193881592875,0.2));
#2172=CARTESIAN_POINT('',(1.05,-0.300193881592874,0.8));
#2173=CARTESIAN_POINT('',(1.05,-0.300193881592874,0.680951332235385));
#2174=CARTESIAN_POINT('Origin',(0.900000000000001,-0.300193881592875,0.8));
#2175=CARTESIAN_POINT('Origin',(-1.70628273696169,-0.300193881592876,0.949999999999999));
#2176=CARTESIAN_POINT('',(-0.9,-0.300193881592875,0.85));
#2177=CARTESIAN_POINT('',(-0.95,-0.300193881592875,0.8));
#2178=CARTESIAN_POINT('Origin',(-0.9,-0.300193881592875,0.8));
#2179=CARTESIAN_POINT('',(-0.9,-0.300193881592876,0.95));
#2180=CARTESIAN_POINT('',(-0.9,-0.300193881592876,0.95));
#2181=CARTESIAN_POINT('',(-1.05,-0.300193881592875,0.8));
#2182=CARTESIAN_POINT('Origin',(-0.9,-0.300193881592875,0.8));
#2183=CARTESIAN_POINT('',(-1.05,-0.300193881592875,0.680951332235384));
#2184=CARTESIAN_POINT('',(-0.899999999999999,-0.300193881592875,0.113397459621556));
#2185=CARTESIAN_POINT('',(-0.9,-0.300193881592876,0.95));
#2186=CARTESIAN_POINT('',(-0.95,-0.300193881592875,0.2));
#2187=CARTESIAN_POINT('Origin',(-0.85,-0.300193881592876,0.2));
#2188=CARTESIAN_POINT('',(-0.95,-0.300193881592875,0.680951332235384));
#2189=CARTESIAN_POINT('Origin',(-0.9,-0.300193881592876,0.95));
#2190=CARTESIAN_POINT('',(-0.899999999999999,-0.5,0.113397459621556));
#2191=CARTESIAN_POINT('',(-0.899999999999999,-3.46944695195353E-18,0.113397459621556));
#2192=CARTESIAN_POINT('',(-0.899999999999999,-0.5,0.575));
#2193=CARTESIAN_POINT('Origin',(-0.9,-0.300193881592876,0.95));
#2194=CARTESIAN_POINT('',(-0.9,-0.5,0.85));
#2195=CARTESIAN_POINT('',(-0.9,2.0428751698534E-16,0.85));
#2196=CARTESIAN_POINT('',(-0.9,-0.5,0.95));
#2197=CARTESIAN_POINT('',(-0.9,-0.5,0.872));
#2198=CARTESIAN_POINT('',(-0.9,1.38663076156101E-16,0.95));
#2199=CARTESIAN_POINT('Origin',(1.05,0.5,0.2));
#2200=CARTESIAN_POINT('',(0.85,0.5,0.));
#2201=CARTESIAN_POINT('Origin',(0.85,0.5,0.2));
#2202=CARTESIAN_POINT('',(0.85,0.5,0.05));
#2203=CARTESIAN_POINT('Origin',(0.900000000000001,-3.46875009722395E-16,
0.8));
#2204=CARTESIAN_POINT('',(0.950000000000001,0.25,0.8));
#2205=CARTESIAN_POINT('',(0.900000000000001,-2.25476985136045E-16,0.85));
#2206=CARTESIAN_POINT('Origin',(0.95,-1.73472347597681E-17,0.411902664470768));
#2207=CARTESIAN_POINT('Origin',(-0.9,2.71371541097914E-16,0.800000000000001));
#2208=CARTESIAN_POINT('',(-0.9,2.0428751698534E-16,0.85));
#2209=CARTESIAN_POINT('',(-0.95,-0.25,0.8));
#2210=CARTESIAN_POINT('Origin',(-0.9,2.71371541097914E-16,0.800000000000001));
#2211=CARTESIAN_POINT('',(-1.05,-0.25,0.8));
#2212=CARTESIAN_POINT('',(-0.9,1.38663076156101E-16,0.95));
#2213=CARTESIAN_POINT('Origin',(-1.05,6.77371125203431E-17,0.411902664470768));
#2214=CARTESIAN_POINT('Origin',(-1.05,-0.5,0.2));
#2215=CARTESIAN_POINT('',(-0.85,-0.5,0.05));
#2216=CARTESIAN_POINT('Origin',(-0.85,-0.5,0.2));
#2217=CARTESIAN_POINT('Origin',(0.900000000000001,-3.46875009722395E-16,
0.8));
#2218=CARTESIAN_POINT('',(0.900000000000001,-2.21066042964224E-16,0.95));
#2219=CARTESIAN_POINT('',(1.05,0.25,0.8));
#2220=CARTESIAN_POINT('Origin',(0.900000000000001,0.5,0.85));
#2221=CARTESIAN_POINT('',(0.55,0.5,0.850000000000001));
#2222=CARTESIAN_POINT('',(1.19530970943744,0.5,0.85));
#2223=CARTESIAN_POINT('',(0.55,0.5,0.950000000000001));
#2224=CARTESIAN_POINT('',(0.55,0.5,0.850000000000001));
#2225=CARTESIAN_POINT('',(1.19530970943744,0.5,0.95));
#2226=CARTESIAN_POINT('Origin',(0.798827427359361,-1.03971339066863E-16,
0.850000000000001));
#2227=CARTESIAN_POINT('',(0.55,-0.5,0.850000000000001));
#2228=CARTESIAN_POINT('',(1.19530970943744,-0.5,0.85));
#2229=CARTESIAN_POINT('',(0.55,-0.5,0.850000000000001));
#2230=CARTESIAN_POINT('Origin',(0.900000000000001,-0.5,0.85));
#2231=CARTESIAN_POINT('',(0.55,-0.5,0.950000000000001));
#2232=CARTESIAN_POINT('',(0.9,-0.5,0.95));
#2233=CARTESIAN_POINT('',(0.55,-0.5,0.850000000000001));
#2234=CARTESIAN_POINT('Origin',(0.55,-0.5,0.850000000000001));
#2235=CARTESIAN_POINT('',(0.55,-0.5,0.950000000000001));
#2236=CARTESIAN_POINT('Origin',(0.798827427359361,-9.52235882051E-17,0.95));
#2237=CARTESIAN_POINT('Origin',(-0.9,-0.5,0.85));
#2238=CARTESIAN_POINT('',(-0.55,-0.5,0.85));
#2239=CARTESIAN_POINT('',(-1.19530970943744,-0.5,0.85));
#2240=CARTESIAN_POINT('',(-0.55,-0.5,0.95));
#2241=CARTESIAN_POINT('',(-0.55,-0.5,0.85));
#2242=CARTESIAN_POINT('',(-1.19530970943744,-0.5,0.95));
#2243=CARTESIAN_POINT('Origin',(-0.79882742735936,2.01772809190577E-16,
0.850000000000001));
#2244=CARTESIAN_POINT('',(-0.55,0.5,0.850000000000001));
#2245=CARTESIAN_POINT('',(-1.19530970943744,0.5,0.85));
#2246=CARTESIAN_POINT('',(-0.55,0.5,0.850000000000001));
#2247=CARTESIAN_POINT('Origin',(-0.9,0.5,0.850000000000001));
#2248=CARTESIAN_POINT('',(-0.55,0.5,0.950000000000001));
#2249=CARTESIAN_POINT('',(-0.9,0.5,0.950000000000001));
#2250=CARTESIAN_POINT('',(-0.55,0.5,0.850000000000001));
#2251=CARTESIAN_POINT('Origin',(-0.55,0.5,0.850000000000001));
#2252=CARTESIAN_POINT('',(-0.55,0.5,0.950000000000001));
#2253=CARTESIAN_POINT('Origin',(-0.79882742735936,1.66663192172516E-16,
0.95));
#2254=CARTESIAN_POINT('Origin',(-0.95,8.16149003281575E-17,0.411902664470768));
#2255=CARTESIAN_POINT('',(-0.95,4.5608037916658E-17,0.2));
#2256=CARTESIAN_POINT('Origin',(0.85,0.,0.2));
#2257=CARTESIAN_POINT('',(0.85,0.25,0.));
#2258=CARTESIAN_POINT('',(1.05,-8.65286000495782E-18,0.2));
#2259=CARTESIAN_POINT('',(0.85,-0.5,0.));
#2260=CARTESIAN_POINT('Origin',(0.85,-0.5,0.2));
#2261=CARTESIAN_POINT('',(0.85,0.25,0.));
#2262=CARTESIAN_POINT('Origin',(0.95,-0.5,0.2));
#2263=CARTESIAN_POINT('',(0.85,-0.5,0.05));
#2264=CARTESIAN_POINT('Origin',(1.05,-1.73472347597681E-17,0.411902664470768));
#2265=CARTESIAN_POINT('Origin',(-0.95,0.5,0.2));
#2266=CARTESIAN_POINT('Origin',(-0.85,0.5,0.2));
#2267=CARTESIAN_POINT('',(-0.85,0.5,0.05));
#2268=CARTESIAN_POINT('Origin',(-0.85,0.,0.2));
#2269=CARTESIAN_POINT('Origin',(-0.95,0.5,0.));
#2270=CARTESIAN_POINT('',(-0.95,0.5,0.));
#2271=CARTESIAN_POINT('Origin',(-3.46944695195361E-17,-9.33161593973731E-17,
0.));
#2272=CARTESIAN_POINT('',(0.95,-0.5,0.));
#2273=CARTESIAN_POINT('Origin',(0.95,-0.5,0.));
#2274=CARTESIAN_POINT('',(0.,0.,0.));
#2275=CARTESIAN_POINT('',(2.66380416838012E-14,1.58405608037487E-14,0.850000000000004));
#2276=UNCERTAINTY_MEASURE_WITH_UNIT(LENGTH_MEASURE(0.01),#2284,
'DISTANCE_ACCURACY_VALUE',
'Maximum model space distance between geometric entities at asserted c
onnectivities');
#2277=UNCERTAINTY_MEASURE_WITH_UNIT(LENGTH_MEASURE(0.01),#2284,
'DISTANCE_ACCURACY_VALUE',
'Maximum model space distance between geometric entities at asserted c
onnectivities');
#2278=UNCERTAINTY_MEASURE_WITH_UNIT(LENGTH_MEASURE(0.01),#2284,
'DISTANCE_ACCURACY_VALUE',
'Maximum model space distance between geometric entities at asserted c
onnectivities');
#2279=UNCERTAINTY_MEASURE_WITH_UNIT(LENGTH_MEASURE(0.01),#2284,
'DISTANCE_ACCURACY_VALUE',
'Maximum model space distance between geometric entities at asserted c
onnectivities');
#2280=(
GEOMETRIC_REPRESENTATION_CONTEXT(3)
GLOBAL_UNCERTAINTY_ASSIGNED_CONTEXT((#2276))
GLOBAL_UNIT_ASSIGNED_CONTEXT((#2284,#2287,#2286))
REPRESENTATION_CONTEXT('','3D')
);
#2281=(
GEOMETRIC_REPRESENTATION_CONTEXT(3)
GLOBAL_UNCERTAINTY_ASSIGNED_CONTEXT((#2277))
GLOBAL_UNIT_ASSIGNED_CONTEXT((#2284,#2287,#2286))
REPRESENTATION_CONTEXT('','3D')
);
#2282=(
GEOMETRIC_REPRESENTATION_CONTEXT(3)
GLOBAL_UNCERTAINTY_ASSIGNED_CONTEXT((#2278))
GLOBAL_UNIT_ASSIGNED_CONTEXT((#2284,#2287,#2286))
REPRESENTATION_CONTEXT('','3D')
);
#2283=(
GEOMETRIC_REPRESENTATION_CONTEXT(3)
GLOBAL_UNCERTAINTY_ASSIGNED_CONTEXT((#2279))
GLOBAL_UNIT_ASSIGNED_CONTEXT((#2284,#2287,#2286))
REPRESENTATION_CONTEXT('','3D')
);
#2284=(
LENGTH_UNIT()
NAMED_UNIT(*)
SI_UNIT(.MILLI.,.METRE.)
);
#2285=(
LENGTH_UNIT()
NAMED_UNIT(*)
SI_UNIT(.CENTI.,.METRE.)
);
#2286=(
NAMED_UNIT(*)
SI_UNIT($,.STERADIAN.)
SOLID_ANGLE_UNIT()
);
#2287=(
NAMED_UNIT(*)
PLANE_ANGLE_UNIT()
SI_UNIT($,.RADIAN.)
);
#2288=SHAPE_DEFINITION_REPRESENTATION(#2291,#2296);
#2289=SHAPE_DEFINITION_REPRESENTATION(#2292,#2297);
#2290=SHAPE_DEFINITION_REPRESENTATION(#2293,#2298);
#2291=PRODUCT_DEFINITION_SHAPE('',$,#2300);
#2292=PRODUCT_DEFINITION_SHAPE('',$,#2301);
#2293=PRODUCT_DEFINITION_SHAPE('',$,#2302);
#2294=PRODUCT_DEFINITION_SHAPE($,$,#17);
#2295=PRODUCT_DEFINITION_SHAPE($,$,#18);
#2296=SHAPE_REPRESENTATION('',(#1344,#1450,#1451),#2280);
#2297=SHAPE_REPRESENTATION('',(#1345),#2281);
#2298=SHAPE_REPRESENTATION('',(#1367),#2282);
#2299=PRODUCT_DEFINITION_CONTEXT('part definition',#2310,'design');
#2300=PRODUCT_DEFINITION('TMCP','TMCP',#2303,#2299);
#2301=PRODUCT_DEFINITION('Base-2','Base-2',#2304,#2299);
#2302=PRODUCT_DEFINITION('Terminal','Terminal',#2305,#2299);
#2303=PRODUCT_DEFINITION_FORMATION('',$,#2312);
#2304=PRODUCT_DEFINITION_FORMATION('',$,#2313);
#2305=PRODUCT_DEFINITION_FORMATION('',$,#2314);
#2306=PRODUCT_RELATED_PRODUCT_CATEGORY('TMCP','TMCP',(#2312));
#2307=PRODUCT_RELATED_PRODUCT_CATEGORY('Base-2','Base-2',(#2313));
#2308=PRODUCT_RELATED_PRODUCT_CATEGORY('Terminal','Terminal',(#2314));
#2309=APPLICATION_PROTOCOL_DEFINITION('international standard',
'automotive_design',2009,#2310);
#2310=APPLICATION_CONTEXT(
'Core Data for Automotive Mechanical Design Process');
#2311=PRODUCT_CONTEXT('part definition',#2310,'mechanical');
#2312=PRODUCT('TMCP','TMCP','TMCP',(#2311));
#2313=PRODUCT('Base-2','Base-2',$,(#2311));
#2314=PRODUCT('Terminal','Terminal',$,(#2311));
ENDSEC;
END-ISO-10303-21;
